单词,音标,释义,词根
province,/'prɒvɪns/,n. 省；领域；职权,-vinc- = -vict-
province-wide,/ˈprɒvɪnsˌwaɪd/,adj. 全省的 adv. 全省地,-vinc- = -vict-
provincial,/prə'vɪnʃ(ə)l/,adj. 省的；地方性的 n. 乡下人；外地人,-vinc- = -vict-
provincially,/prəu'vinʃəli/,adv. 以地方；偏狭地,-vinc- = -vict-
provinciality,"/prəʊ,vɪnʃɪ'ælətɪ/",n. 乡下习气；粗鄙，偏狭；地方特色,-vinc- = -vict-
provincialism,/prə'vɪnʃ(ə)lɪz(ə)m/,n. 方言；地方风格；乡下习气,-vinc- = -vict-
victor,/'vɪktə/,n. 胜利者,-vinc- = -vict-
victory,/'vɪkt(ə)rɪ/,n. 胜利；成功；克服,-vinc- = -vict-
victorious,/vɪk'tɔːrɪəs/,adj. 胜利的；凯旋的,-vinc- = -vict-
victoriously,/vɪk'tɔriəsli/,adv. 获胜地；凯旋归来地,-vinc- = -vict-
Victorian,/vik'tɔ:riən/,adj. 维多利亚女王时代的 n. 维多利亚时代,-vinc- = -vict-
Victorian-era,/vik'tɔ:riən-'ɪərə/,n. 维多利亚时代,-vinc- = -vict-
Victorian-style,/vik'tɔ:riən-staɪl/,n. 维多利亚风格,-vinc- = -vict-
late-Victorian,/[leɪt-vik'tɔ:riən/,adj. 维多利亚晚期,-vinc- = -vict-
neo-Victorian,/'ni:əu-vik'tɔ:riən/,adj. 新维多利亚的,-vinc- = -vict-
victim,/'vɪktɪm/,n. 受害者,-vinc- = -vict-
victimless,/'vɪktɪmlɪs/,adj. 不侵害他人的，无受害人的（犯罪行为等）,-vinc- = -vict-
victimize,/'vɪktɪmaɪz/,vt. 使受害；使牺牲；欺骗,-vinc- = -vict-
victimized,/'vɪktɪmaɪz/,vt. 使受害；使牺牲；欺骗,-vinc- = -vict-
victimization,"/,vɪktɪmɪ'zeʃən/",n. 牺牲；欺骗,-vinc- = -vict-
victimizer,/'vɪktɪmaɪzə/,n. 施害者,-vinc- = -vict-
convince,/kən'vɪns/,vt. 说服；使确信,-vinc- = -vict-
convinced,/kən'vɪnst/,adj. 确信的，信服的,-vinc- = -vict-
unconvinced,"/,ʌnkən'vɪnst/",adj. 不信服的；怀疑的,-vinc- = -vict-
convincing,/kən'vɪnsɪŋ/,adj. 令人信服的；有说服力的,-vinc- = -vict-
unconvincing,/ʌnkən'vɪnsɪŋ/,adj. 不足以令人相信的,-vinc- = -vict-
convincingly,/kən'vɪnsɪŋli/,adv. 令人信服地；有说服力地,-vinc- = -vict-
unconvincingly,/ʌnkən'vɪnsɪŋli/,adv. 缺乏说服力地；无法令人信服地,-vinc- = -vict-
convict,/kən'vɪkt/,n. 囚犯 vt. 证明…有罪；宣告…有罪,-vinc- = -vict-
ex-convict,"/,eks'kɔnvikt/",n. 从前曾被判刑的人；[法] 前科犯,-vinc- = -vict-
post-conviction,/pəust-kən'vɪkʃ(ə)n/,n. 定罪后救济,-vinc- = -vict-
evict,/ɪ'vɪkt/,vt. 驱逐；逐出,-vinc- = -vict-
eviction,/ɪ'vɪkʃ(ə)n/,n. 逐出；赶出；收回,-vinc- = -vict-
evicted,/ɪ'vɪktid/,adj. 被驱逐的,-vinc- = -vict-
evince,/ɪ'vɪns/,vt. 表明，表示；引起,-vinc- = -vict-
vincible,/'vɪnsɪb(ə)l/,adj. 可征服的，易克服的,-vinc- = -vict-
invincible,/ɪn'vɪnsɪb(ə)l/,adj. 无敌的；不能征服的,-vinc- = -vict-
invincibility,"/ɪn,vɪnsə'bɪləti/",n. 无敌；不可战胜,-vinc- = -vict-
vincristine,/vɪn'krɪstiːn/,n. [药] 长春新碱（一种抗肿瘤药）,-vinc- = -vict-
form,/fɔːm/,vi. 形成 n. 表格,-form-
formation,/fɔː'meɪʃ(ə)n/,n. 阵型，编队，队形,-form-
star-formation,/stɑː-fɔː'meɪʃ(ə)n/,n. 星形队形,-form-
formative,/'fɔːmətɪv/,adj. 形成的；造型的,-form-
formal,/'fɔːm(ə)l/,adj. 正式的,-form-
formally,/'fɔːməlɪ/,adv. 正式地；形式上,-form-
informal,/ɪn'fɔːm(ə)l/,adj. 非正式的,-form-
informally,/in'fɔ:məli/,adv. 非正式地；不拘礼节地,-form-
formalize,/'fɔːm(ə)laɪz/,vt. 使形式化；使正式,-form-
formality,/fɔ'mæləti/,n. 礼节；拘谨；仪式,-form-
life-form,/laɪf-fɔːm/,n. 生物,-form-
formalism,/'fɔːm(ə)lɪz(ə)m/,n. 形式主义；形式体系,-form-
formalized,/'fɔːm(ə)laɪzd/,adj. 形式化的；正式的,-form-
waveform,/'wevfɔrm/,n. [物][电子] 波形,-form-
malformation,/mælfɔː'meɪʃ(ə)n/,n. 畸形；变形,-form-
informality,"/,ɪnfɔː'mælɪtɪ/",n. 非正式；不拘礼节,-form-
formless,/'fɔːmlɪs/,adj. 没有形状的；无定形的；形体不明的,-form-
free-form,/'fri:fɔ:m/,adj. 自由形态的,-form-
unformed,/ʌn'fɔːmd/,adj. 未成形的；未充分发展的,-form-
landform,/'læn(d)fɔːm/,n. [地理] 地形,-form-
form-fitting,/fɔːm- 'fɪtɪŋ/,adj. 适体的，合身的,-form-
star-forming,/stɑː-'fɔːmɪŋ/,n. 产星,-form-
malformed,"/,mæl'fɔrmd/",adj. 畸形的，难看的,-form-
forme,/fɔ:m/,n. [印刷] 印版,-form-
nonformal,/nɒn-'fɔːm(ə)l/,adj. 非正式的,-form-
formed,/fɔ:md/,adj. 成形的，成形,-form-
well-formed,/'wel'fɔ:md/,adj. 身材苗条的；结构良好的；符合语法规则的,-form-
formalization,"/,fɔməlɪ'zeʃən/",n. 形式化；礼仪化,-form-
formalistic,"/,fɔrml'ɪstɪk/",adj. 形式主义的，呆板的,-form-
forming,/'fɔːmɪŋ/,n. 形成,-form-
semiformal,"/,semɪ'fɔːməl/",adj. 半正式的,-form-
habit-forming,"/'hæbit,fɔ:miŋ/",adj. （尤指药物毒品等）易上瘾的；易成习惯的,-form-
formalist,/fɔ:'mælist/,n. 拘泥形式的人；形式主义者 adj. 形式主义的；死板的,-form-
formlessness,/'fɔːmlɪsnis/,n. 无形assume formlessness 无招胜有招,-form-
long-form,/lɒŋ-fɔːm/,n. 详细格式 [计] 长格式,-form-
newly-formed,/'njuːlɪ-fɔ:md/,adj. 成形的，成形,-form-
anti-reform,/ˈæntɪ-rɪ'fɔːm/,adj. 反传统形式的,-form-
multiform,/'mʌltɪfɔːm/,adj. 多样的；多种形式的,-form-
informal-sector,/ɪn'fɔːm(ə)l-'sektə/,n. 非正式部门,-form-
smog-forming,/smɒg-'fɔːmɪŋ/,adj. 形成烟雾的,-form-
cuneiform,/'kjuːnɪfɔːm/,adj. 楔形的；楔形文字的；楔状骨的 n. 楔形文字；楔状骨,-form-
cruciform,/'kruːsɪfɔːm/,adj. 十字形的；十字架状的 n. 十字形,-form-
spongiform,/'spʌndʒɪfɔrm/,adj. 海绵状组织的,-form-
half-formed,/hɑːf-fɔ:md/,adj. 半成型的,-form-
short-form,/ʃɔːt-fɔːm/,n. 简易格式,-form-
piriform,"/'pirə,fɔ:m/",adj. 梨形的,-form-
inform,/ɪn'fɔːm/,vt. 通知；告诉；报告,-form-
informed,/ɪn'fɔːmd/,adj. 消息灵通的；见多识广的,-form-
uninformed,/ʌnɪn'fɔːmd/,adj. 无知的；未被通知的,-form-
informant,/ɪn'fɔːmənt/,n. 告密者；提供消息者,-form-
informer,/ɪn'fɔːmə/,n. 告密者；通知者,-form-
information,/ɪnfə'meɪʃ(ə)n/,n. 信息,-form-
informative,/ɪn'fɔːmətɪv/,adj. 情报的,-form-
informational,"/,ɪnfɚ'meʃənəl/",adj. 情报的；报告的,-form-
bioinformatician,/baɪ'ɒɪnfə'mətiʃ(ə)n/,n. 生物信息学（研究）者,-form-
disinformation,"/,dɪsɪnfə'meɪʃ(ə)n/",n. 故意的假情报；虚假信息,-form-
well-informed,/'welin'fɔ:md/,adj. 消息灵通的；见多识广的；熟悉的；博学的,-form-
misinform,/mɪsɪn'fɔːm/,vt. 误传；提供错误消息,-form-
misinformed,/mɪsɪn'fɔːm/,vt. 误传；提供错误消息,-form-
misinformation,"/,mɪsɪnfə'meʃən/",n. 误报；错误的消息,-form-
informing,/ɪn'fɔrm/,adj. 增长见闻的；提供情报的；鼓舞的,-form-
information-based,/ɪnfə'meɪʃ(ə)n-beɪst/,adj. 信息化的；以信息为基础的,-form-
information-gathering,/ɪnfə'meɪʃ(ə)n-'gæð (ə)rɪŋ/,n. 信息收（搜）集；情报收集,-form-
uninformative,/ʌnɪn'fɔːmətɪv/,adj. 不提供信息的；不增长见闻的,-form-
informatics,"/,ɪnfə'mætɪks/",n. [图情][计] 信息学；情报学（复数用作单数）,-form-
information-rich,/ɪnfə'meɪʃ(ə)n-rɪtʃ/,adj. 信息丰富的,-form-
information-age,/ɪnfə'meɪʃ(ə)n-eɪdʒ/,n. 信息时代,-form-
bioinformatics,"/,baɪəʊ,ɪnfə'mætɪks/",n. 生物信息学；生物资讯,-form-
better-informed,/'betə-ɪn'fɔːmd/,adj. 消息灵通的，更明智的,-form-
information-sharing,/ɪnfə'meɪʃ(ə)n-'ʃɛrɪŋ/,n. 信息共享；资讯分享,-form-
informed-consent,/ɪn'fɔːmd-kən'sent/,n. 知情同意，知会同意；知后同意,-form-
best-informed,/best-ɪn'fɔːmd/,adj. 消息灵通的,-form-
informativeness,/ɪn'fɔːmətɪvnis/,n. 信息量；忠实度,-form-
information-processing,/ɪnfə'meɪʃ(ə)n-prəˈsesɪŋ/,n. 信息处理；信息加工；情报整理,-form-
information-technology,/ɪnfə'meɪʃ(ə)n-tek'nɒlədʒɪ/,n. [计][通信] 信息技术,-form-
ill-informed,/ɪl-ɪn'fɔːmd/,adj. 所知不多的；消息不灵通的,-form-
perform,/pə'fɔːm/,vt. 执行；完成；演奏 vi. 执行，机器运转；表演,-form-
performance,/pə'fɔːm(ə)ns/,n. 表演,-form-
performative,/pə'fɔːmətɪv/,adj. 表述行为的 n. 述行成分，述行语,-form-
performer,/pə'fɔːmə(r)/,n. 表演者,-form-
performing,/pə'fɔːmɪŋ/,adj. 表演的；履行的,-form-
preformed,/'pri:'fɔ:md/,adj. 预成型的，预制成的,-form-
outperform,/aʊtpə'fɔːm/,vt. 胜过；做得比……好,-form-
high-performance,"/,haɪ'pɚ'fɔrməns/",adj. 高性能的；高效能的,-form-
high-performing,/haɪ-pə'fɔːmɪŋ/,n. 高绩效；高性能,-form-
performance-enhancing,/pə'fɔːm(ə)ns-ɪn'hɑːnsɪŋ/,adj. 增强性能的,-form-
performance-based,/pə'fɔːm(ə)ns-beɪst/,adj. 绩效为基础的,-form-
best-performing,/[best-pə'fɔːmɪŋ/,n. 表现最好的,-form-
performance-oriented,/pə'fɔːm(ə)ns-'orɪɛntɪd/,以绩效为导向；绩效导向；绩效型,-form-
performance-related,/pə'fɔːm(ə)ns- rɪ'leɪtɪd/,adj. 性能相关的；绩效相关的,-form-
pay-for-performance,/peɪ-fɔ:(r)-pə'fɔːm(ə)ns/,n. 绩效薪酬,-form-
performativity,/pə'fɔːmətɪviti/,n. 表演性,-form-
underperforming,"/,ʌndɚpɚ'fɔrming/",vt. （股票等）运作差于（一般市场价格）,-form-
underperformance,"/,ʌndəpə'fɔ:m(ə)ns/",n. 新股弱势；新股偏弱现象,-form-
non-performing,/nʌn-pə'fɔːmɪŋ/,adj. 不履约,-form-
worst-performing,/wə:st-pə'fɔːmɪŋ/,adj. 表现最差的,-form-
pre-performance,/priː-pə'fɔːm(ə)ns/,n. 性能；绩效；表演；执行；表现,-form-
nonperformance,"/,nɒnpə'fɔːməns/",n. 不履行，不实行,-form-
post-performance,/pəust-pə'fɔːm(ə)ns/,n. 岗位绩效,-form-
poor-performing,/pʊə-pə'fɔːmɪŋ/,adj. 劣质的,-form-
low-performing,/ləʊ-pə'fɔːmɪŋ/,adj. 薄弱的；低效率的,-form-
top-performing,/tɒp-pə'fɔːmɪŋ/,adj. 表现最好的；顶级表演的,-form-
formula,/'fɔːmjʊlə/,n. 法则；原则；数学公式,-form-
formulate,/'fɔːmjʊleɪt/,vt. 规划；用公式表示,-form-
formulation,/fɔːmjʊ'leɪʃn/,n. 构想，规划；公式化,-form-
formulated,/'fɔːmjʊleɪtid/,adj. 按配方制造的,-form-
formulaic,"/,fɔːmjʊ'leɪɪk/",adj. 公式化的；刻板的；套话堆砌的,-form-
reformulate,"/,ri'fɔrmjulet/",vt. 再用形式表示,-form-
reformulated,/riːˈfɔːmjʊˌleɪtid/,adj. 再阐述,-form-
reformulation,"/,ri:fɔ:mju'leiʃən/",n. 再形成,-form-
formulary,/'fɔːmjʊlərɪ/,n. 公式集；处方一览表；套话 adj. 规定的；公式的；药方的,-form-
formula-fed,/'fɔːmjʊlə-fed/,n. 配制饲料；配合饲料,-form-
format,/'fɔːmæt/,n. （节目、计划等的）构成，安排 vt. 使格式化,-form-
reformat,"/,ri'fɔrmæt/",vt. 重定格式,-form-
formatting,/fɔː'meɪtɪŋ/,n. 格式化,-form-
large-format,/lɑːdʒ-'fɔːmæt/,n. 大篇幅,-form-
platform,/'plætfɔːm/,n. 平台,-form-
cross-platform,/krɒs-'plætfɔːm/,n. 跨平台,-form-
transform,/træns'fɔːm/,v. 转化，转变，使改变外观（或性质） ；使改变,-form-
transformation,/trænsfə'meɪʃ(ə)n/,n. 转型，彻底改观，变革,-form-
transformative,/trænz'fɔmətɪv/,adj. 变化的，变形的,-form-
transformer,/træns'fɔːmə/,n. [电] 变压器；促使变化的人,-form-
transformational,"/,trænzfə'meʃənəl/",adj. 转换的；改变的；转换生成的,-form-
log-transformed,/lɒg-træns'fɔːmd/,adj. 对数变换的,-form-
untransformed,/ʌn’træns'fɔːm/,adj. 未改变的,-form-
former,/'fɔːmə/,adj. 从前的，前者的；前任的 n. 模型，样板；起形成作用的人,-form-
formerly,/'fɔːməlɪ/,adv. 以前；原来,-form-
uniform,/'juːnɪfɔːm/,adj. 统一的；一致的 n. 制服 vt. 使穿制服；使成一样,-form-
uniformed,/'juːnɪfɔːmd/,adj. 穿着制服的,-form-
uniformity,/juːnɪ'fɔːmɪtɪ/,n. 均匀性；一致；同样,-form-
uniformly,/'ju:nɪfɔ:mlɪ/,adv. 一致地,-form-
uniformitarian,"/'juːnɪ,fɔːmɪ'teərɪən/",adj. 均变论的；均变说的 n. 均变论者,-form-
nonuniform,/nɔn'ju:nifɔ:m/,adj. 不均匀的；不一致的，不统一的,-form-
reform,/rɪ'fɔːm/,n. 改革，改良；改正 vt. 改革，革新；重新组成,-form-
reformer,/rɪ'fɔːmə/,n. 改革家；改革运动者,-form-
reformed,/rɪ'fɔːmd/,adj. 改革过的；新教的,-form-
reformist,/rɪ'fɔrmɪst/,n. 改革者；改革主义者 adj. 改良主义的；改良运动的,-form-
reforming,"/,rɪ'fɔrm/",n. 重整；改进；变换,-form-
reformation,/refə'meɪʃ(ə)n/,n. 革新；改善,-form-
reform-minded,/rɪ'fɔːm-'maɪndɪd/,adj. 决心改革的,-form-
counter-reformation,/['kauntə-refə'meɪʃ(ə)n/,n. 反宗教改革,-form-
pro-reform,/ˌprəʊrɪˈfɔːm/,adj. 支持改革的；尤指政治上,-form-
unreformed,/ʌn'rɪ'fɔːmd/,adj. 未经宗教改革的,-form-
reformism,/rɪ'fɔːmɪzəm/,n. 改良主义；改革主义,-form-
reformatory,/rɪ'fɔːmət(ə)rɪ/,adj. 改革的；感化的；革新的 n. 少年管教所；妓女教养所,-form-
welfare-reform,/'welfeə-rɪ'fɔːm/,n. 福利改革,-form-
health-reform,/'helθɪ-rɪ'fɔːm/,n. 卫生改革；医疗改革,-form-
conform,/kən'fɔːm/,vt. 使遵守；使一致,-form-
conformity,/kən'fɔːmɪtɪ/,n. 一致，适合；符合,-form-
conformation,/kɒnfɔː'meɪʃ(ə)n/,n. 构造；一致，符合；构象,-form-
conformist,/kən'fɔːmɪst/,n. 英国国教徒；遵奉者,-form-
nonconformity,/nɒnkən'fɔːmɪtɪ/,n. 不一致；不信奉国教；不墨守成规,-form-
nonconformist,/nɒnkən'fɔːmɪst/,n. 不顺从一般公认信念习惯的人；不属于圣公会的英国基督教徒,-form-
conformance,/kən'fɔːm(ə)ns/,n. 一致性；顺应,-form-
conformism,/kən'fɔːmɪzəm/,n. 因循守旧；盲从因袭的态度,-form-
non-conforming,/nɑnkən'fɔrmɪŋ/,adj. 非相容的,-form-
conformal,/kən'fɔːm(ə)l/,adj. [数] 保角的；共形的；正形的,-form-
deform,/dɪ'fɔːm/,vt. 使变形；使成畸形 vi. 变形；变畸形 adj. 畸形的；丑陋的,-form-
deformed,/dɪ'fɔːmd/,adj. 畸形的；丑陋的,-form-
deformity,/dɪ'fɔːmɪtɪ/,n. 畸形；畸形的人或物,-form-
deformation,"/,diːfɔː'meɪʃ(ə)n/",n. 变形,-form-
deformable,"/,di'fɔ:məbl/",adj. 可变形的,-form-
formidable,/'fɔːmɪdəb(ə)l/,adj. 强大的；可怕的,-form-
formidably,/'fɔ:midəbli/,adv. 强大地；难对付地；可怕地,-form-
formaldehyde,/fɔː'mældɪhaɪd/,n. 蚁醛，[有化] 甲醛；福尔马林,-form-
coliform,/'kɒlɪfɔːm/,adj. 像大肠菌的；筛状的 n. 大肠菌（等于 coliform bacillus）,-form-
total-coliform,/'təʊt(ə)l-'kɒlɪfɔːm/,n. 总大肠菌类,-form-
chloroform,/'klɔːrəfɔːm/,n. 氯仿；三氯甲烷 vt. 用氯仿麻醉,-form-
formalin,/'fɔrməlɪn/,n. [药] 福尔马林,-form-
fecal-coliform,/'fiːkəl-'kɒlɪfɔːm/,n. 粪便大肠菌,-form-
formica-topped,/fɔr'maɪkə-tɒpt/,adj. 福米加塑料贴面的,-form-
cribriform,/'krɪbrɪfɔːm/,adj. 有小孔的；[植][解剖] 筛状的,-form-
formic,/'fɔːmɪk/,adj. 甲酸的；蚁的；蚁酸的,-form-
cross-informant,/krɔs-ɪn'fɔːmənt/,pref. 横跨；相反；十字形,-form-
formant,/'fɔːm(ə)nt/,n. [电子] 共振峰，话音素,-form-
comprehend,/kɒmprɪ'hend/,vt. 理解；包含；由…组成,-prehend- = -prehens-
comprehension,/kɒmprɪ'henʃ(ə)n/,n. 理解；领悟,-prehend- = -prehens-
incomprehension,"/,ɪnkɒmprɪ'henʃ(ə)n/",n. 不了解；缺乏理解,-prehend- = -prehens-
comprehensive,/kɒmprɪ'hensɪv/,adj. 综合的；广泛的,-prehend- = -prehens-
comprehensible,/kɒmprɪ'hensɪb(ə)l/,adj. 可理解的,-prehend- = -prehens-
comprehensibility,"/,kɑmprɪ,hɛnsə'bɪləti/",n. 可了解性；能理解,-prehend- = -prehens-
incomprehensible,"/,ɪnkɒmprɪ'hensɪb(ə)l/",adj. 费解的；不可思议的；无限的,-prehend- = -prehens-
incomprehensibly,"/,ɪnkɑmprɪ'hɛnsəbli/",adv. 不能理解地；不可思议地,-prehend- = -prehens-
incomprehensibility,"/in,kɔm-prihensə'biləti/",n. 不可理解；不可知性；不可思议,-prehend- = -prehens-
comprehensively,"/,kɑmprɪ'hɛnsɪvli/",adv. 包括地；包括一切地,-prehend- = -prehens-
uncomprehending,"/,ʌnkɒmprɪ'hendɪŋ/",adj. 不了解的,-prehend- = -prehens-
uncomprehendingly,"/,ʌnkɒmprɪ'hendɪŋli/",adv. 琢磨不透地；不解地,-prehend- = -prehens-
comprehensiveness,"/,kɑmprɪ'hɛnsɪvnɪs/",n. 综合；详尽,-prehend- = -prehens-
apprehend,/æprɪ'hend/,vt. 理解；逮捕；忧虑,-prehend- = -prehens-
apprehension,/æprɪ'henʃ(ə)n/,n. 理解；恐惧；逮捕,-prehend- = -prehens-
apprehensible,/æprɪ'hensɪb(ə)l/,adj. 可理解的，可了解的,-prehend- = -prehens-
apprehensive,/æprɪ'hensɪv/,adj. 忧虑的；不安的；敏悟的,-prehend- = -prehens-
apprehensively,/ˌæprɪ'hensɪvlɪ/,adv. 担心地,-prehend- = -prehens-
misapprehend,"/,mɪsæprɪ'hend/",vt. 误会，误解,-prehend- = -prehens-
misapprehension,"/'mis,æpri'henʃən/",n. 误解；误会,-prehend- = -prehens-
misapprehensive,"/,mɪsæprɪ'hɛnsɪv/",adj. 误会的；误解的,-prehend- = -prehens-
misapprehensively,"/'mis,æpri'hensivli/",adv. 易产生误解地,-prehend- = -prehens-
prehensile,/prɪ'hensaɪl/,adj. 适于抓握的；善于领会的,-prehend- = -prehens-
prehension,/prɪ'henʃ(ə)n/,n. 理解；抓住,-prehend- = -prehens-
reprehend,"/,reprɪ'hend/",vt. 申斥；指责 n. 责备,-prehend- = -prehens-
reprehension,"/,reprɪ'henʃən/",n. 非难；指责,-prehend- = -prehens-
reprehensive,"/,repri'hensiv/",adj. 谴责的；非难的,-prehend- = -prehens-
reprehensible,"/,reprɪ'hensɪb(ə)l/",adj. 应斥责的；应该谴责的,-prehend- = -prehens-
reprehensibly,"/,rɛprɪ'hɛnsəbli/",adv. 应受责难地；应受斥责地,-prehend- = -prehens-
reprehensibility,"/,reprihensə'biləti/",n. 应受谴责性,-prehend- = -prehens-
structure,/'strʌktʃə/,n. 建筑物；结构；体系 vt. 组织；构成；建造；计划；组织，安排,-struct-
structured,/'strʌktʃəd/,adj. 有结构的；有组织的,-struct-
structural,/'strʌktʃ(ə)r(ə)l/,adj. 结构的；建筑的,-struct-
structurally,/'strʌktʃərəli/,adv. 在结构上,-struct-
structuralist,/'strʌktrərəlɪst/,n. 结构学派理论；构造主义者 adj. 结构语言学的；结构心理学的,-struct-
substructure,/'sʌbstrʌktʃə/,n. 基础；信念；底部构造,-struct-
superstructure,/'suːpəstrʌktʃə/,n. 上层建筑；上部构造,-struct-
structuring,/'strʌktʃɚ/,n. 结构化,-struct-
structuralism,/'strʌktʃ(ə)r(ə)lɪz(ə)m/,n. 结构主义；构造主义,-struct-
unstructured,/ʌn'strʌktʃəd/,adj. 无社会组织的；松散的；非正式组成的,-struct-
semi-structured,/'sem(a)i-'strʌktʃəd/,adj. 半结构化的,-struct-
poststructural,/pəʊst-'strʌktʃ(ə)r(ə)l/,n. 解构,-struct-
post-structuralist,/pəust'strʌktʃərəlizəm/,n. 后结构主义,-struct-
well-structured,/wel-'strʌktʃəd/,adj. 结构良好的,-struct-
non-structural,/nɔn-'strʌktʃ(ə)r(ə)l/,adj. 不用于结构上的,-struct-
fine-structure,/faɪn-'strʌktʃə/,adj. 精细结构的,-struct-
microstructure,"/'maɪkrə(ʊ),strʌktʃə/",n. 微观结构；[生物] 显微结构,-struct-
microstructural,/'maikrəu'strʌktʃərəl/,adj. 显微结构的,-struct-
macro-structure,/'mækrəu-'strʌktʃə/,n. 宏观结构,-struct-
nanostructure,/'nænə(ʊ)strʌktjʊə/,n. 纳米结构,-struct-
nanostructured,/'nænə(ʊ)strʌktjʊəd/,adj. 纳米结构的,-struct-
social-structural,/'səʊʃ(ə)l-'strʌktʃ(ə)r(ə)l/,adj. 结构的；建筑的,-struct-
instruct,/ɪn'strʌkt/,vt. 指导；通知；命令,-struct-
instructor,/ɪn'strʌktə/,n. 指导书；教员；指导者,-struct-
instruction,/ɪn'strʌkʃ(ə)n/,n.（常作复数）指示；说明,-struct-
instructive,/ɪn'strʌktɪv/,adj. 有益的；教育性的,-struct-
instructional,/ɪn'strʌkʃənəl/,adj. 教学的；指导的，教育的,-struct-
instructionally,/ɪn'strʌkʃənəli/,adv. 教学性地，指导性地,-struct-
self-instruction,/[self-ɪn'strʌkʃ(ə)n/,n. 自学；自我指导,-struct-
self-instructional,/'selfin'strʌkʃənəl/,adj. 自学的；适于自学的；用于自学的,-struct-
infrastructure,/'ɪnfrəstrʌktʃə/,n. 基础设施；公共建设；下部构造,-struct-
infrastructural,"/,ɪnfrə'strʌktʃərəl/",adj. 基础结构的；构造基底的,-struct-
construct,/kən'strʌkt/,vt. 建造，构造；创立 n. 构想，概念,-struct-
construction,/kən'strʌkʃ(ə)n/,n. 建造；建设；建筑；造句；解释,-struct-
constructionist,/kən'strʌkʃ(ə)nɪst/,n. 宪法解释者；构成派造型艺术家,-struct-
constructor,/kənˈstrʌktə(r)/,n. 构造函数；构造器；建造者,-struct-
constructive,/kən'strʌktɪv/,adj. 建设性的，有益的；推定的；构造上的,-struct-
constructivist,/kən'strʌktɪvɪst/,n. 构成主义者,-struct-
constructively,/kən'strʌktɪvli/,adv. 建设性地,-struct-
constructivism,/kən'strʌktɪvɪz(ə)m/,n. 构成主义；构成派,-struct-
construction-paper,/kən'strʌkʃ(ə)n-'peɪpə/,n. 图画用纸；建筑用纸；[纸] 工作用纸,-struct-
constructed-response,/kən'strʌkt-rɪ'spɒns/,n. 构答反应,-struct-
well-constructed,/wel-kənˈstrʌkt/,adj. 结构合理的；构建完好的,-struct-
reconstruction,/riːkən'strʌkʃn/,n. 再建，重建,-struct-
reconstructionist,"/,ri:kən'strʌkʃənist/",n. （美国内战后）重建主义,-struct-
reconstructed,"/,rɪkən'strʌkt/",adj. 重建的；改造的,-struct-
reconstructive,"/,rikən'strʌktɪv/",adj. 重建的；改造的,-struct-
unreconstructed,"/,ʌnriːkən'strʌktɪd/",adj. 旧思想的；脑筋转不过来的,-struct-
deconstruct,/'dikən'strʌkt/,vt. 解构；拆析,-struct-
deconstruction,"/,dikən'strʌkʃən/",n. 解构；拆析,-struct-
deconstructive,/dɪ'kən'strʌktɪv/,n. 解构主义,-struct-
deconstructed,/ˌdiːkənˈstrʌktɪd/,adj. 没有形式结构的,-struct-
deconstructionism,"/,dikən'strʌkʃənɪzm/",n. 解构主义,-struct-
restructure,/riː'strʌktʃə/,vt. 调整；重建；更改结构,-struct-
restructuring,/riː'strʌktʃərɪŋ/,n. 调整；改组；重建,-struct-
destruct,/dɪ'strʌkt/,vi. 自毁 n. 自毁,-struct-
destructor,/dɪ'strʌktə/,n. 破坏者；垃圾焚毁炉；爆炸装置,-struct-
destruction,/dɪ'strʌkʃ(ə)n/,n. 破坏，毁灭；摧毁,-struct-
destructive,/dɪ'strʌktɪv/,adj. 破坏的；毁灭性的,-struct-
destructively,/dɪ'strʌktɪvli/,adv. 破坏地；狼狈地,-struct-
destructiveness,/dɪs'trʌktɪvnɪs/,n. 破坏性；毁灭性；破坏能力,-struct-
destructible,/dɪ'strʌktɪb(ə)l/,adj. 可破坏的；易损坏的,-struct-
indestructible,/ɪndɪ'strʌktɪb(ə)l/,adj. 不可毁灭的，不能破坏的,-struct-
non-destructive,/nɔn-dɪ'strʌktɪv/,adj. 无损的；非破坏性,-struct-
self-destruct,/'selfdis'trʌkt/,vi. 自毁 adj 自毁的；自杀的,-struct-
self-destructive,"/,selfdi'strʌktiv/",adj. 自毁的；表现自杀欲望的,-struct-
self-destructing,/'selfdis'trʌktɪŋ/,adj. 自毁的；自杀的,-struct-
self-destructiveness,/'selfdɪs'trʌktɪvnɪs/,n. 破坏性；毁灭性；破坏能力,-struct-
obstruct,/əb'strʌkt/,vt. 妨碍；阻塞；遮断,-struct-
obstructed,/əb'strʌktid/,adj. 阻塞的；梗阻的，不通的,-struct-
obstruction,/əb'strʌkʃ(ə)n/,n. 障碍；阻碍；妨碍,-struct-
obstructionism,/əb'strʌkʃənɪzəm/,n. 蓄意阻挠,-struct-
obstructive,/əb'strʌktɪv/,adj. 阻碍的；妨碍的 n. 妨碍物；障碍物,-struct-
obstructionist,/əb'strʌkʃənɪst/,n. 妨碍者；蓄意阻挠者 adj. 阻挠议事的；蓄意阻挠的,-struct-
unobstructed,/ʌnəb'strʌktɪd/,adj. 没有障碍的；畅通无阻的,-struct-
method,/'meθəd/,n. 方法；条理,-od-
methodical,/mɪ'θɒdɪk(ə)l/,adj. 有系统的；有方法的,-od-
methodology,/meθə'dɒlədʒɪ/,n. 方法学，方法论,-od-
methodological,"/,meθədə'lɒdʒɪkəl/",adj. 方法的，方法论的,-od-
methodologically,"/,meθədə'lɒdʒɪkəli/",adv. 方法学；在方法论上,-od-
methodist,/'meθədɪst/,n. 卫理公会派教徒 adj. 卫理公会教派的,-od-
period,/'pɪərɪəd/,n. 一段时间n. 周期，期间；时期,-od-
periodic,"/,pɪərɪ'ɒdɪk/",adj. 周期的；定期的,-od-
periodical,/pɪərɪ'ɒdɪk(ə)l/,adj. [数] 周期的；定期的 n. 期刊；杂志,-od-
periodically,"/,pɪərɪ'ɒdɪkəlɪ/",adv. 定期地；周期性地,-od-
periodicity,"/,pɪərɪə'dɪsɪtɪ/",n. [数] 周期性；频率；定期性,-od-
odograph,/'əʊdəɡrɑːf/,n. 里程表；[测]记步器,-od-
odometer,/əʊ'dɒmɪtə/,n.（汽车的）里程表,-od-
exodus,/'eksədəs/,n. 大批的离去,-od-
periodontal,"/,perɪə'dɒntəl/",adj. 齿根膜的，牙周的,-od-
periodontist,/piəriə'dɔntist/,n. 牙周病医师；牙周病学家,-od-
periodontitis,"/,periədɔn'taitis/",n. [口腔] 牙周炎,-od-
periodize,/'pɪərɪədaɪz/,vt. 把(绘画、音乐、文学等)划分时期(或时代),-od-
periodization,"/,piəriədai'zeiʃən/",n. [数] 周期化； （历史等的）时期（或时代）划分,-od-
long-period,/'pɪərɪəd/,adj. 长期的,-od-
short-period,/'pɪərɪəd/,adj. 短寿命的；短周期的,-od-
embarrass,/ɪm'bærəs/,vt. 使局促不安；使困窘,-bar- = -bal- = -ban-
embarrassment,/ɪm'bærəsmənt/,n. 尴尬,-bar- = -bal- = -ban-
embarrassed,/ɪm'bærəst/,adj. 尴尬的；难堪的；困窘的,-bar- = -bal- = -ban-
unembarrassed,/ʌnɪm'bærəst/,adj. 不尴尬的,-bar- = -bal- = -ban-
embarrassing,/ɪm'bærəsɪŋ/,adj. 令人尴尬的；令人难堪的,-bar- = -bal- = -ban-
embarrassingly,/ɪm'bærəsɪŋlɪ/,adv. 使人尴尬地；令人难堪地,-bar- = -bal- = -ban-
bar,/bɑː/,v. 摒除；阻挡 n. 条，棒；酒吧；障碍；法庭 vt. 禁止；阻拦,-bar- = -bal- = -ban-
barrier,/'bærɪə/,n. 关卡；障碍,-bar- = -bal- = -ban-
barrier-free,/'bærɪə-friː/,n. 无障碍,-bar- = -bal- = -ban-
balance,/'bæl(ə)ns/,n. 天平 v. 使平衡,-bar- = -bal- = -ban-
balancing,/'bælənsɪŋ/,n. 平衡；结算；调零装置,-bar- = -bal- = -ban-
unbalanced,/ʌn'bælənst/,adj. 不平衡的；错乱的；不稳定的；收支不平衡的，未决算的,-bar- = -bal- = -ban-
well-balanced,/'wel'bælənst/,adj. 匀称的；神智健全的；通情达理的；明智的,-bar- = -bal- = -ban-
off-balance,/'ɔfbæləns/,adj. 不平衡的 adv. 不平衡地,-bar- = -bal- = -ban-
unbalance,/ʌn'bæl(ə)ns/,vt. 使失去平衡；使精神紊乱 n. [力] 失衡；精神错乱,-bar- = -bal- = -ban-
counterbalance,"/'kaʊntə,bæl(ə)ns/",n. 平衡力；自动抵销 vt. 使平衡；抵消,-bar- = -bal- = -ban-
balancer,/'bælənsə/,n. 平衡器；秤称的人；走钢丝者,-bar- = -bal- = -ban-
imbalanced,"/,ɪm'bælənst/",adj. 不平衡的；比例失调的,-bar- = -bal- = -ban-
overbalance,/əʊvə'bæl(ə)ns/,n. 超额；超量；不平衡 vt. 使失去均衡；使过重 vi. 失去平衡,-bar- = -bal- = -ban-
abandon,/ə'bænd(ə)n/,v. 放弃，抛弃,-bar- = -bal- = -ban-
abandoned,/ə'bænd(ə)nd/,adj. 被遗弃的,-bar- = -bal- = -ban-
abandonment,/ə'bændənm(ə)nt/,n. 抛弃；放纵,-bar- = -bal- = -ban-
ban,/bæn/,vt. 禁止,-bar- = -bal- = -ban-
banner,/'bænə/,n. 横幅图片的广告模式；旗帜，横幅，标语,-bar- = -bal- = -ban-
banquet,/'bæŋkwɪt/,n. 宴会,-bar- = -bal- = -ban-
broadband,/'brɔːdbænd/,n. 宽（频）带,-bar- = -bal- = -ban-
barracks,/'bærəks/,n. 兵营，营房；简陋的房子,-bar- = -bal- = -ban-
unbar,/ʌn'bɑː/,vt. 打开；拔去,-bar- = -bal- = -ban-
barred,/bɑːd/,adj. 被禁止的；有条纹的,-bar- = -bal- = -ban-
no-holds-barred,/'nəu'həuldz'bɑ:d/,adj. 无拘无束；没有任何限制的,-bar- = -bal- = -ban-
barricade,"/,bærɪ'keɪd/",n. 街垒；路障,-bar- = -bal- = -ban-
barrel,/'bær(ə)l/,vt. 把……装入桶内 n. 桶；枪管，炮管 vi. 快速移动,-bar- = -bal- = -ban-
barreled,/'bærəld/,adj. 桶装的；有管的,-bar- = -bal- = -ban-
embargo,/em'bɑːgəʊ/,vt. 禁止出入港口；禁止或限制贸易 n. 禁令；禁止；封港令,-bar- = -bal- = -ban-
bartender,/ˈbɑ:tendə(r)/,n.  酒吧间销售酒精饮料的人，酒吧间男招待,-bar- = -bal- = -ban-
barren,/ˈbærən/,adj. 贫瘠的；不结果实的；不孕的；无价值的；n. 荒原，不毛之地,-bar- = -bal- = -ban-
barrage,/ˈbærɑ:ʒ/,n. 拦河坝； 阻塞； 弹幕； 齐射式攻击；vt 以密集火力攻击 （或阻击） ,-bar- = -bal- = -ban-
sidebar,/ˈsaɪdbɑ:(r)/,n. 工具栏；补充报道； （马鞍等的）横挡；花絮,-bar- = -bal- = -ban-
barring,/'bɑːrɪŋ/,prep. 除非；不包括；除…以外,-bar- = -bal- = -ban-
sandbar,/'sændbɑr/,n. 沙洲；沙堤,-bar- = -bal- = -ban-
barbell,/'bɑːbel/,n. 杠铃,-bar- = -bal- = -ban-
crowbar,/'krəʊbɑː/,n. 撬棍；铁橇；起货钩,-bar- = -bal- = -ban-
barroom,/'bɑːruːm/,n. 酒吧间,-bar- = -bal- = -ban-
toolbar,/'tuːlbɑː(r)/,n. 工具栏,-bar- = -bal- = -ban-
barrette,/bæ'ret/,n. 条状发夹,-bar- = -bal- = -ban-
barstool,"/'bɑː,stuːl/",n. 酒吧高脚凳,-bar- = -bal- = -ban-
crossbar,/'krɒsbɑː/,n. 闩，横木；球门的横木,-bar- = -bal- = -ban-
barmaid,/'bɑːmeɪd/,n. 酒吧女侍,-bar- = -bal- = -ban-
barrister,/'bærɪstə/,n. 律师； （加拿大） 出庭律师； （英） （有资格出席高等法庭并辩护的） 专门律师,-bar- = -bal- = -ban-
pork-barrel,/pɔːk-'bær(ə)l/,n. 放猪肉的桶； （为讨好或报答支持者的）政治拨款,-bar- = -bal- = -ban-
barman,/'bɑːmən/,n. 酒吧店主；酒吧间招待员,-bar- = -bal- = -ban-
minibar,/'minibɑ:/,n. 小型条信号发生器,-bar- = -bal- = -ban-
barrel-chested,/'bærəl-tʃestid/,adj. 胸部发达的；胸围宽大的,-bar- = -bal- = -ban-
double-barreled,/'dʌbl'bærəld/,adj.（枪）双管的； （望远镜）双筒的,-bar- = -bal- = -ban-
barrenness,/'bærənnis/,n. 不孕症；不育症；荒芜,-bar- = -bal- = -ban-
taskbar,/'tɑ:skbɑ:/,n. 任务栏，任务条；工作列,-bar- = -bal- = -ban-
barkeep,"/'bɑː,kiːp/",n. （美）酒吧间老板；酒吧间招待 vi. （英）开酒吧；在酒吧当侍者,-bar- = -bal- = -ban-
disbarment,/dis'ba:mənt/,n. [法] 取消律师资格,-bar- = -bal- = -ban-
bar-code,/'bɑ:kəud/,n. 条形码 vt 给…印（或标）上条形码,-bar- = -bal- = -ban-
T-bar,/'ti:bɑ:/,n. 丁字铁；丁字架,-bar- = -bal- = -ban-
four-bar,/fɔː-bɑː/,n. 四连杆组,-bar- = -bal- = -ban-
barre,/bɑː/,n. 扶手杠（装在舞蹈演员练功房内墙上） ； （箱包的）横档,-bar- = -bal- = -ban-
barista,/bə'rɪstə/,n. 咖啡师；咖啡吧员,-bar- = -bal- = -ban-
bar-coded,/'bɑ:kəud/,n. 条形码 vt. 给…印（或标）上条形码,-bar- = -bal- = -ban-
balk,/bɔːlk/,n. 障碍；错误 vt. 阻止；推诿；错过 vi. 犹豫；突然止步不前,-bar- = -bal- = -ban-
balky,/'bɔːlkɪ/,adj. 停蹄不前的；倔强的；不愿干的,-bar- = -bal- = -ban-
balsa,/'bɔːlsə/,n. 一种轻质木材,-bar- = -bal- = -ban-
balkanization,"/,bɔ:lkənai'zeiʃən/",n. 巴尔干化；分割成小国；割据,-bar- = -bal- = -ban-
baluster,/'bæləstə/,n. 栏杆；栏杆的支柱,-bar- = -bal- = -ban-
balkanized,/'bɔ:lkənaiz/,vt. 使分裂成若干对立的小国；使割据 vi. 分割成小国；割据,-bar- = -bal- = -ban-
bank,/bæŋk/,n. 银行；岸；浅滩；储库 vt. 将…存入银行；倾斜转弯 vi. 堆积；倾斜转弯,-bar- = -bal- = -ban-
banker,/'bæŋkə/,n. 银行家；银行业者；掘土工,-bar- = -bal- = -ban-
banking,/'bæŋkɪŋ/,n. 银行业；银行业务；银行家的职业；筑堤,-bar- = -bal- = -ban-
embankment,/ɪm'bæŋkm(ə)nt/,n. 路堤；堤防,-bar- = -bal- = -ban-
riverbank,/'rɪvəbæŋk/,n. 河堤,-bar- = -bal- = -ban-
snowbank,/'snəʊbæŋk/,n. 雪堆；雪堤,-bar- = -bal- = -ban-
bankroll,/'bæŋkrəʊl/,vt. 提供资金；提供财务上的资助 n. 资金；钞票,-bar- = -bal- = -ban-
banknote,/'bæŋknot/,n. 纸币,-bar- = -bal- = -ban-
databank,/'deɪtəbæŋk/,n. 数据库,-bar- = -bal- = -ban-
banked,/bæŋkt/,adj. 有坡面的；堆积的,-bar- = -bal- = -ban-
bankable,/'bæŋkəb(ə)l/,adj. 银行能接受的,-bar- = -bal- = -ban-
interbank,/'ɪntəbæŋk/,n. 同业银行；国际银行 adj. 管排间的；管束间的,-bar- = -bal- = -ban-
mountebank,/'maʊntɪbæŋk/,n. 江湖郎中，骗子 vi. 行骗；走江湖卖假药,-bar- = -bal- = -ban-
nonbank,/'nɔn'bæŋk/,adj. 非银行的；不由银行办理的，与银行无关的,-bar- = -bal- = -ban-
bankbook,"/'bæŋk,bʊk/",n. 银行存折,-bar- = -bal- = -ban-
non-bank,/'nɔn'bæŋk/,adj. 非银行的；不由银行办理的，与银行无关的,-bar- = -bal- = -ban-
banish,/'bænɪʃ/,vt. 放逐；驱逐,-bar- = -bal- = -ban-
banishment,/'bænɪʃmənt/,n. 流放，充军；放逐,-bar- = -bal- = -ban-
banned,/bænd/,adj. 被禁的,-bar- = -bal- = -ban-
banal,/bə'nɑːl/,adj. 陈腐的；平庸的；老一套的,-bar- = -bal- = -ban-
banister,/'bænɪstə/,n. 栏杆的支柱；楼梯的扶栏,-bar- = -bal- = -ban-
contraband,/'kɒntrəbænd/,n. 走私；走私货；战时禁运品 adj. 禁运的；非法买卖的,-bar- = -bal- = -ban-
banality,/bə'nælɪtɪ/,n. 平凡；陈腐；陈词滥调,-bar- = -bal- = -ban-
banning,/'bæniŋ/,n. 禁止；禁令 adj. 禁止的,-bar- = -bal- = -ban-
bannister,/'bænɪstə/,n. 栏杆,-bar- = -bal- = -ban-
banco,/'bæŋko/,n. 银行；牛轭湖；审判官席,-bar- = -bal- = -ban-
via,/ˈvaɪə/,prep. 途经；经由；取道,-vi- = -via-
obviate,/ˈɒbvieɪt/,vt. 避免，消除（贫困、不方便等）,-vi- = -via-
obvious,/'ɔbviəs/,adj. 明显的，显而易见的，显著的,-vi- = -via-
non-obvious,/nɒn-'ɔbviəs/,adj. 不明显的，显著的,-vi- = -via-
obviousness,/'ɑbvɪəs/,n. 显而易见；明显；显著性,-vi- = -via-
obviously,/'ɔbviəsli/,adv. 明显地，显著地,-vi- = -via-
previous,/'priːvɪəs/,adj. 以前的；从前的；先前的,-vi- = -via-
previously,/'priviəsli/,adv. 以前；预先；仓促地,-vi- = -via-
trivia,/ˈtrɪviə/,n. 琐事，不足道的细枝末节； （中世纪大学的）三学科；薄物细故,-vi- = -via-
trivial,/'triviəl/,adj. 平凡的，平常的，不重要的，轻微的，琐细的,-vi- = -via-
nontrivial,/'nɒn'trɪvɪəl/,adj. 非平凡的,-vi- = -via-
trivially,/'trɪvɪəlɪ/,adv. 琐细地；很一般的；无能地；平凡地,-vi- = -via-
triviality,"/,trivi'æləti/",n. 琐事，琐碎，平凡,-vi- = -via-
trivialize,/ˈtrɪviəlaɪz/,vt. <贬>使显得琐碎[不重要、不难等]，轻视,-vi- = -via-
trivialization,/ˌtrɪvɪəlaɪ'zeɪʃn/,n. 平凡化；浅薄化,-vi- = -via-
deviant,/ˈdi:viənt/,n. 不正常的人，异常的人 adj. 不正常的，异常的；离经叛道的,-vi- = -via-
deviate,/'di:vieit/,v. 背离(正道)，偏离,-vi- = -via-
deviation,"/,di:vi'eiʃən/",n. 背离，偏离，偏向，偏差,-vi- = -via-
deviationist,"/,di:vi'eiʃənist/",n. 叛离正道者，(政党的)异端分子,-vi- = -via-
devious,/'di:viəs/,adj. 远离大道的，偏远的，偏僻的，离开正道的,-vi- = -via-
deviously,/'di:vɪəslɪ/,adv. 弯曲地，绕道地,-vi- = -via-
deviance,/'di:vɪəns/,n. 偏常，异常，异常行为,-vi- = -via-
deviancy,/ˈdi:viənsi/,n. 偏常；不正常；偏常性；变异性,-vi- = -via-
deviated,/ˈdi:vieitid/,v. 偏离，越轨 (deviate 的过去式和过去分词 ),-vi- = -via-
viatic,/vai'ætik/,adj. 道路的，旅行的,-vi- = -via-
viameter,/vai'æmitə/,n. 路程计，车程表,-vi- = -via-
viaduct,/'vaiədʌkt/,n. 高架桥，跨线桥，旱桥，栈桥,-vi- = -via-
voyage,/'vɒɪɪdʒ/,n. 航行；航程；旅行记 vi. 航行；航海 vt. 飞过；渡过,-vi- = -via-
voyager,/'vɒɪɪdʒə/,n. 航海者，航行者,-vi- = -via-
voyageur,"/,vwɑ:jɑ:'ʒə:/",n. 加拿大的船夫或樵夫；旅客,-vi- = -via-
convoy,/'kɒnvɒɪ/,n. 护送；护卫；护航队 vt. 护航；护送,-vi- = -via-
envoy,/'envɒɪ/,n. 使者；全权公使,-vi- = -via-
covey,/'kʌvɪ/,n. 一队；一群,-vi- = -via-
convey,/kən'veɪ/,vt. 传达；运输；让与,-vi- = -via-
conveyor,/kən'veɪə/,n. 输送机，[机] 传送机；传送带；运送者，传播者,-vi- = -via-
conveyer,/kən'veɚ/,n. [机] 输送机；运输器,-vi- = -via-
conveyance,/kən'veɪəns/,n. 运输；运输工具；财产让与,-vi- = -via-
way,/weɪ/,n. 方法；道路；方向；行业；习惯 adv. 大大地；远远地 adj. 途中的,-vi- = -via-
away,/ə'weɪ/,adv. 离去，离开；在远处,-vi- = -via-
always,/ˈɔ:lweɪz/,adv. 永远，一直；总是；常常,-vi- = -via-
anyway,/'enɪweɪ/,adv. 无论如何，不管怎样；总之,-vi- = -via-
highway,/'haɪweɪ/,n. 公路，大路；捷径,-vi- = -via-
hallway,/'hɔːlweɪ/,n. 走廊；门厅；玄关,-vi- = -via-
doorway,/'dɔːweɪ/,n. 门口；途径,-vi- = -via-
halfway,/hɑːf'weɪ/,adv. 到一半；在中途 adj. 中途的；不彻底的,-vi- = -via-
driveway,/'draɪvweɪ/,n. （从建筑物，住房，车库等通往大路的）私人车道,-vi- = -via-
subway,/'sʌbweɪ/,n. 地铁；地道 vi. 乘地铁,-vi- = -via-
runway,/'rʌnweɪ/,n. 跑道；河床；滑道,-vi- = -via-
runaway,/'rʌnəweɪ/,adj. 逃亡的；逃走的 n. 逃跑；逃走的人,-vi- = -via-
freeway,/'friːweɪ/,n. 高速公路,-vi- = -via-
pathway,/'pɑːθweɪ/,n. 路，道；途径，路径,-vi- = -via-
underway,/'ʌndə'weɪ/,adj. 进行中的；起步的；航行中的 n. [公路] 水底通道,-vi- = -via-
sideways,/'saɪdweɪz/,adv. 向侧面地；向一旁 adj. 向侧面的；一旁的,-vi- = -via-
railway,/'reɪlweɪ/,n.（英）铁路；轨道；铁道部门 vi. 乘火车旅行,-vi- = -via-
fairway,/'feəweɪ/,n. 航路；水上飞机升降用的水面跑道； （高尔夫球场上的）平坦球道,-vi- = -via-
waterway,/'wɔːtəweɪ/,n. 航道；水路；排水沟,-vi- = -via-
walkway,/'wɔːkweɪ/,n. 通道，[建] 走道,-vi- = -via-
gateway,/'geɪtweɪ/,n. 门；网关；方法；通道；途径,-vi- = -via-
stairway,/'steəweɪ/,n. 阶梯，楼梯,-vi- = -via-
getaway,/'getəweɪ/,n. 逃走；逃跑；短假；适合旅行的地方,-vi- = -via-
roadway,/'rəʊdweɪ/,n. 道路；路面；车行道；铁路的路基,-vi- = -via-
one-way,/'wʌn'weɪ/,adj. 单程的；单行道的；单方面的,-vi- = -via-
two-way,"/,tu:'weɪ/",adj. 双向的；相互的；两路的,-vi- = -via-
scrip,/skrɪp/,n. 便条；纸条；纸片；临时凭证,-script- = -scrib- = -scrip-
scripting,/skriptɪŋ/,v. 为电影（或戏剧等）写剧本( script 的现在分词 ),-script- = -scrib- = -scrip-
scribe,/skraɪb/,n. （印刷术发明之前的）抄写员，抄书吏；作家；划线器,-script- = -scrib- = -scrip-
scribal,/'skraɪbl/,adj. 抄写的；抄写员的,-script- = -scrib- = -scrip-
scriptorium,/skrɪp'tɔːrɪəm/,n. 花床，圆环面；花托，花床，圆环面 ( torus 的名词复数),-script- = -scrib- = -scrip-
script,/skrɪpt/,n.（一种语言的）书写字母；脚本；手迹,-script- = -scrib- = -scrip-
scripted,/ˈskrɪptɪd/,v. 为电影（或戏剧等）写剧本( script 的过去式和过去分词),-script- = -scrib- = -scrip-
subscript,/'sʌbskrɪpt/,adj. 下标的，写在下方的，脚注的 n. 下标，脚注，下角数码,-script- = -scrib- = -scrip-
unscripted,/ʌnˈskrɪptɪd/,adj. 不用稿子的，不用剧本的,-script- = -scrib- = -scrip-
scribble,/ˈskrɪbl/,vt. & vi. 潦草地书写；乱写，胡写；滥写（文学作品等） ； [印，纺]粗梳,-script- = -scrib- = -scrip-
scribbled,/ˈskrɪbəld/,v. 潦草的书写 ( scribble 的过去式和过去分词); 乱画; 草草地写,-script- = -scrib- = -scrip-
scribbling,/'skrɪblɪŋ/,n. 乱涂[写]胡[乱]写的文章[作品],-script- = -scrib- = -scrip-
scribbler,/ˈskrɪblə(r)/,n. 潦草写字的人，三流作家，小文人,-script- = -scrib- = -scrip-
scripture,/'skrɪptʃə/,n. 手稿,-script- = -scrib- = -scrip-
scriptural,/'skrɪptʃərəl/,adj. 圣经的；手稿的；依据圣经的,-script- = -scrib- = -scrip-
scripturally,/'skrɪptʃərəli/,adv. 根据圣经地,-script- = -scrib- = -scrip-
scriptwriter,/'skrɪptraɪtə/,n.（电影的）编剧,-script- = -scrib- = -scrip-
rescript,/'riːskrɪpt/,n. 法令；布告；抄件,-script- = -scrib- = -scrip-
describe,/dɪ'skraɪb/,vt. 描述，形容；描绘,-script- = -scrib- = -scrip-
nondescript,/ˈnɒndɪskrɪpt/,adj. 无明显特征的，难以形容的 n. 难以形容或归类的人或物,-script- = -scrib- = -scrip-
misdescribe,"/,mɪsdɪ'skraɪb/",adj. 错误的描述,-script- = -scrib- = -scrip-
descriptor,/dɪˈskrɪptə(r)/,n. 描述符,-script- = -scrib- = -scrip-
described,/dɪsk'raɪbd/,adj. 被看到的，被发现的,-script- = -scrib- = -scrip-
describer,/dis'kraibə/,n. 描写者；制图者,-script- = -scrib- = -scrip-
description,/dɪ'skrɪpʃ(ə)n/,n. 描述，描写；类型；说明书；记述,-script- = -scrib- = -scrip-
descriptive,/dɪ'skrɪptɪv/,adj. 描写的，叙述的；描写性的,-script- = -scrib- = -scrip-
descriptively,/dɪ'skrɪptɪvli/,adv. 叙述地,-script- = -scrib- = -scrip-
describable,/dɪ'skraɪbəbl/,adj. 可记述的；可描写的,-script- = -scrib- = -scrip-
indescribable,/ɪndɪ'skraɪbəb(ə)l/,adj. 难以形容的；莫名其妙的,-script- = -scrib- = -scrip-
indescribably,"/,ɪndɪ'skraɪbəbli/",adv. 难以形容地，无法描述地,-script- = -scrib- = -scrip-
redescription,/dɪˈskrɪpʃn/,n. 描述; 形容; 种类; 类型,-script- = -scrib- = -scrip-
subscription-based,/səbˈskrɪpʃn-beɪst/,adj. 基于订阅的,-script- = -scrib- = -scrip-
self-described,/'selfdɪskr'aɪbd/,adj. 自我描述的,-script- = -scrib- = -scrip-
self-description,/'selfdɪskr'ɪpʃn/,n. 自描述,-script- = -scrib- = -scrip-
prescribe,/prɪˈskraɪb/,vt. 指定，规定; 指定，规定 vi. 建立规定，法律或指示; 开处方，给医,-script- = -scrib- = -scrip-
prescribed,/prɪ'skraɪbd/,adj. 规定的，法定的,-script- = -scrib- = -scrip-
prescribing,/priˈskraibɪŋ/,v. 开药方( prescribe 的现在分词 ); 指示; 规定; 指定遵守,-script- = -scrib- = -scrip-
prescription,/prɪ'skrɪpʃ(ə)n/,n. 处方,-script- = -scrib- = -scrip-
prescription-only,/prɪ'skrɪpʃ(ə)n-ˈəʊnli/,n. 处方,-script- = -scrib- = -scrip-
prescription-drug,/prɪ'skrɪpʃ(ə)n-drʌg/,n. 处方药,-script- = -scrib- = -scrip-
prescriptive,/prɪˈskrɪptɪv/,adj. 规定的; 指定的; 约定俗成的; 惯例的,-script- = -scrib- = -scrip-
manuscript,/'mænjʊskrɪpt/,n. [图情] 手稿；原稿；手稿 adj. 手写的,-script- = -scrib- = -scrip-
subscribe,/səb'skraɪb/,vt. 签署；赞成；捐助,-script- = -scrib- = -scrip-
subscriber,/səb'skraɪbə(r)/,n. 订户；签署者；捐献者,-script- = -scrib- = -scrip-
subscription,/səb'skrɪpʃ(ə)n/,n. 捐献；订阅；订金；签署,-script- = -scrib- = -scrip-
transcribe,/træn'skraɪb/,vt. 转录；抄写,-script- = -scrib- = -scrip-
transcribed,/trænˈskraɪbd/,v. 转录 transcribe 的过去式和过去分词,-script- = -scrib- = -scrip-
transcriber,/træns'kraibə/,n. [计] 信息转换器；[计] 转录器；誊写员,-script- = -scrib- = -scrip-
transcript,/'trænskrɪpt/,n. 成绩单；抄本，副本,-script- = -scrib- = -scrip-
transcription,/trænˈskrɪpʃn/,n. 抄本; 抄写; 录音; 翻译,-script- = -scrib- = -scrip-
transcriptional,/trænˈskrɪpʃnəl/,n. 转录 adj. 转录的,-script- = -scrib- = -scrip-
transcriptase,/træn'skrɪpteɪz/,n. [生化] 转录酶,-script- = -scrib- = -scrip-
inscribe,/ɪn'skraɪb/,v. 题写，刻写；题献；铭记,-script- = -scrib- = -scrip-
inscribed,/ɪn'skraɪbd/,v. 写，刻( inscribe 的过去式和过去分词); 内接,-script- = -scrib- = -scrip-
inscription,/ɪn'skrɪpʃ(ə)n/,n. 题词；铭文；刻印,-script- = -scrib- = -scrip-
reinscription,/rɪn'skrɪpʃ(ə)n/,n. 重刻铭文；重题题词,-script- = -scrib- = -scrip-
circumscribe,/'sɜːkəmskraɪb/,vt. 外切，外接,-script- = -scrib- = -scrip-
circumscribed,/'sɜ:kəmskraɪbd/,adj. [医]局限的：受限制或限于有限空间的,-script- = -scrib- = -scrip-
well-circumscribed,/'wels'ɜ:kəmskraɪbd/,adj. [医]边界清楚的,-script- = -scrib- = -scrip-
circumscription,"/,sɜːkəm'skrɪpʃən/",n. 界限；划界；定义,-script- = -scrib- = -scrip-
conscription,/kən'skrɪpʃ(ə)n/,n. 征兵；征兵制度；征用,-script- = -scrib- = -scrip-
conscript,/kənˈskrɪpt/,n. 被征入伍者 adj. 被征入伍的 vt. 征兵,-script- = -scrib- = -scrip-
conscribe,/kən'skraɪb/,vt. 征召入伍,-script- = -scrib- = -scrip-
ascribe,/ə'skraɪb/,vt. 归因于；归咎于,-script- = -scrib- = -scrip-
ascribed,/ə'skraɪbd/,adj. 归于,-script- = -scrib- = -scrip-
ascription,/ə'skrɪpʃ(ə)n/,n. 归属；归因；赞美上帝的话,-script- = -scrib- = -scrip-
ascriptive,/ə'skrɪptɪv/,adj. 涉及原因归属问题的；归属性的；可归因于……的,-script- = -scrib- = -scrip-
proscribe,/prəˈskraɪb/,vt. 正式宣布（某事物）有危险或被禁止,-script- = -scrib- = -scrip-
proscribed,/prəus'kraib/,adj. 被禁止使用或提及,-script- = -scrib- = -scrip-
proscription,/prə(ʊ)'skrɪpʃ(ə)n/,n. 禁止；放逐；剥夺人权,-script- = -scrib- = -scrip-
postscript,/'pəʊs(t)skrɪpt/,n. 附言；又及,-script- = -scrib- = -scrip-
typescript,/'taɪpskrɪpt/,n. 打字文件,-script- = -scrib- = -scrip-
superscript,/'suːpəskrɪpt/,adj. 标在上方的 n. 上标,-script- = -scrib- = -scrip-
technic,/'teknɪk/,n. 技术；手法；工艺学 adj. 工艺的；专门的,-techn(o)-
technique,/tek'niːk/,n. 技巧，技术；手法,-techn(o)-
technics,/'teknɪks/,n. 工艺；工艺学；学术语,-techn(o)-
technology,/tek'nɒlədʒɪ/,n. 技术；工艺；术语,-techn(o)-
technological,/teknə'lɒdʒɪk(ə)l/,adj. 技术的；工艺的,-techn(o)-
technologically,"/,tɛknə'lɑdʒɪkli/",adv. 科技地；技术上地,-techn(o)-
technologist,/tek'nɒlədʒɪst/,n. 技术专家；工艺学家,-techn(o)-
technical,/'teknɪk(ə)l/,adj. 工艺的，科技的；技术上的,-techn(o)-
technically,/'teknɪklɪ/,adv. 技术上；专门地；学术上；工艺上,-techn(o)-
technicality,"/,teknɪ'kælɪtɪ/",n. 学术性；专门性,-techn(o)-
technicalization,"/,teknɪkəlaɪ'zaɪʃən/",n. 技术化,-techn(o)-
technician,/tek'nɪʃ(ə)n/,n. 技师，技术员,-techn(o)-
technolatry,/tek'nɔlətri/,n. 技术崇拜,-techn(o)-
electrotechnics,"/ɪ,lektrəʊ'teknɪks/",n. [电] 电工学；电工技术,-techn(o)-
biotechnology,"/,baɪə(ʊ)tek'nɒlədʒɪ/",n. [生物] 生物技术；[生物] 生物工艺学,-techn(o)-
polytechnic,"/,pɒlɪ'teknɪk/",adj. 各种工艺的；综合技术的 n. 工艺学校；理工专科学校,-techn(o)-
pyrotechnic,"/,paɪrə(ʊ)'teknɪk/",adj. 烟火的；令人眼花缭乱的；出色的,-techn(o)-
pyrotechnics,/paɪrə(ʊ)'teknɪks/,n. 烟火制造术；烟火使用；各种烟火,-techn(o)-
zymotechnics,"/,zaɪmo'tɛknɪks/",n. [轻] 发酵法；酿造法,-techn(o)-
nanotechnology,"/,nænə(ʊ)tek'nɒlədʒɪ/",n. 纳米技术,-techn(o)-
high-technology,/'haitek'nɔlədʒi/,n. 高科技,-techn(o)-
technocrat,/'tɛknəkræt/,n. 技术统治论者；专家政治论者；技术统治,-techn(o)-
technocratic,"/,teknəu'krætik/",adj. 技术专家治国论的；技术专家政治论的,-techn(o)-
techno,/'teknəʊ/,n. 高科技舞曲,-techn(o)-
technicolor,"/'tɛknɪ,kʌlɚ/",n. （美）[印刷][摄] 彩色印片法；鲜艳的色彩；彩色电影,-techn(o)-
non-technical,/nɒnˈtɛknɪkə/,adj. 非技术性的,-techn(o)-
technology-based,/tek'nɒlədʒɪ-beɪst/,adj. 以科技为本的,-techn(o)-
technology-driven,/tek'nɒlədʒɪ'drɪvn/,n. 技术驱动型,-techn(o)-
technology-related,/tek'nɒlədʒɪ' rɪ'leɪtɪd/,adj. 技术相关的,-techn(o)-
technologic,"/,tɛknə'lɑdʒɪk/",adj. 技术的；工艺的,-techn(o)-
biotechnological,"/'baiəu,teknə'lɔdʒikəl/",adj. 生物技术的,-techn(o)-
technophile,/'tɛknofaɪl/,n. 技术爱好者；爱好技术的,-techn(o)-
technetium,/tek'niːʃɪəm/,n. [化学] 锝（放射性元素，位于元素周期表第 43 位）,-techn(o)-
technophobe,/'tɛknofob/,n. 技术恐惧者,-techn(o)-
technocracy,/tek'nɒkrəsɪ/,n. 专家管理；专家政治论，技术统治论,-techn(o)-
technology-oriented,/tek'nɒlədʒɪ-'ɔːrɪentɪd/,adj. 技术至上；技术导向型；技术导向,-techn(o)-
vocational-technical,/və(ʊ)'keɪʃ(ə)n(ə)l-'teknɪk(ə)l/,adj. 职业技能的；职业技术的,-techn(o)-
press,/pres/,vt. 压； 按； 逼迫； 紧抱 vi. 压； 逼； 重压 n. 压； 按 [印刷] 印刷机,-press-
presser,/'presə/,n. 压榨机；压制工,-press-
pressed,/prɛst/,adj. 加压的；紧迫的,-press-
pressman,/'presmən/,n. 记者；新闻从业员；印刷工人,-press-
cold-pressed,/kəʊld-prɛst/,adj. 冷压的,-press-
hot-pressed,/hɒt-prɛst/,adj. 热压,-press-
hard-pressed,/'hɑ:dprest/,adj. 被紧紧催逼的；被紧迫追赶的,-press-
pressure,/'preʃə/,n. 压力；压迫，[物] 压强 vt. 迫使；密封；使……增压,-press-
high-pressure,"/,haɪ'preʃə/",adj. 高压的；高气压的；强行的 vt. 对…施加压力；强制,-press-
low-pressure,/'ləu'preʃə/,adj. 低压的；悠然自得的,-press-
blood-pressure,/blʌd-'preʃə/,n. [生理] 血压,-press-
pressure-treated,/'preʃə-tri:tid/,adj. 经加压处理的,-press-
overpressure,"/'əuvə,preʃə/",n. 超压；过度的重压 vt. 压力上升,-press-
acupressure,/'ækjuprɛʃɚ/,n. 针压法,-press-
pressured,/'preʃəd/,adj. 紧迫的；感受压力的,-press-
pressurize,/'preʃəraɪz/,vt. 密封；增压；使……加压，使……压入,-press-
pressurized,/'prɛʃəraɪzd/,adj. 加压的；受压的,-press-
pressurization,/ˌpreʃərɪˈzeɪʃn;/,n. 增压；气密；压力输送,-press-
pressure-sensitive,/'preʃə-'sensɪtɪv/,adj. 压敏，对压力敏感的,-press-
bench-press,/bentʃ-pres/,n. 举重练习凳；台式压床,-press-
pressing,/'presɪŋ/,n. 压；冲压件 adj. 紧迫的；迫切的；恳切的,-press-
letterpress,/'letəpres/,n. 凸版印刷；正文 adj. 凸版印刷的 adv. 凸版印刷地,-press-
pressroom,/'presrʊm/,n. 记者室；印刷间,-press-
time-pressed,/taɪm-prɛst/,adj. 时间紧迫,-press-
pressure-cooker,/'preʃə-'kʊkə/,n. 加压蒸煮器；压力锅；高压锅,-press-
pressure-packed,/'preʃə-pækt/,adj. 充满压力的,-press-
impress,/ɪm'pres/,vt. 盖印；强征；传送；给予某人深刻印象 vi. 给人印象,-press-
impressed,/ɪm'prest/,adj. 钦佩的，印象深刻的,-press-
impressive,/ɪm'presɪv/,adj. 给人印象深刻的,-press-
impression,/ɪm'preʃ(ə)n/,n. 印象,-press-
impressional,/ɪm'prɛʃənl/,adj. 印象的；易受影响的,-press-
impressionism,/ɪm'preʃənɪzəm/,n. 印象派，印象主义,-press-
post-impressionist,/'postɪm'prɛʃənɪst/,adj. 后期印象派的 n. 后期印象派的画家,-press-
impressionistic,"/ɪm,preʃə'nɪstɪk/",adj. 印象派的；印象主义的；给人深刻印象的,-press-
impressionable,/ɪm'preʃ(ə)nəb(ə)l/,adj. 敏感的；易受影响的,-press-
unimpressed,/ʌnɪm'prest/,adj. 无印记的（没有印象的） ；未受感动的,-press-
impressionist,/ɪm'preʃənɪst/,n. 印象主义者；印象派作家,-press-
impressively,/im'presivli/,adv. 令人难忘地；感人地,-press-
unimpressive,/'ʌnɪm'prɛsɪv/,adj. 无印象的；给人印象不深的；不惹人注意的,-press-
misimpression,"/,misim'preʃən/",n. 错误的印象,-press-
impressive-looking,/ɪm'presɪv-'lʊkɪŋ/,adj. 令人印象深刻的；富丽堂皇的；相貌端正的,-press-
impressment,/ɪm'presmənt/,n. 强行征用；征召；强制征兵,-press-
express,/ɪk'spres/,vt. 表达；快递 adj. 明确的；迅速的；专门的,-press-
expressive,/ɪk'spresɪv/,adj. 表现的；有表现力的；表达…的,-press-
expression,/ɪkˈspreʃn/,n. 表现；表达,-press-
expressionism,/ɪk'spreʃ(ə)nɪz(ə)m/,n. 表现主义,-press-
expressionist,/ɪk'sprɛʃənɪst/,n. 表现派作家；表现主义艺术家 adj. 表现主义的,-press-
self-expression,/'selfiks'preʃən/,n. 自我表现,-press-
self-expressive,/'selfɪk'spresɪv/,adj. 自我表现的；自我表达的,-press-
inexpressive,/ɪnɪk'spresɪv/,adj. 无表情的；无意义的,-press-
expressivity,"/,ekspre'sɪvətɪ/",n. 表达性；善于表达；基因的表现度,-press-
expressively,/ɪk'sprɛsɪvli/,adv. 表现地；意味深长地；表示地,-press-
expressible,/ɪk'sprɛsəbl/,adj. 可表现的；可榨出的,-press-
expressly,/ɪk'spreslɪ/,adv. 清楚地，明显地；特别地，专门地,-press-
expressed,/ɪk'spresɪd/,v. 表达(express 的过去式和过去分词),-press-
expressionless,/ɪk'spreʃ(ə)nlɪs/,adj. 无表情的；呆板的,-press-
expressionlessly,/ɪk'spreʃ(ə)nlɪs/,adv. 无表情地；呆板地,-press-
expressway,/ɪk'spresweɪ/,n. （美）高速公路,-press-
expressiveness,/ɪk'sprɛsɪvnɪs/,n. 善于表现；表情丰富,-press-
inexpressible,/ɪnɪk'spresɪb(ə)l/,adj. 不可言传的；难以形容的；不能用语言表达的,-press-
inexpressibly,/ɪnɪk'sprɛsəbli/,adv. 到不能用语言表达的程度,-press-
unexpressed,/ʌnɪk'sprest/,adj. 未表达的；不明说的,-press-
expressionistic,"/ɪk,sprɛʃən'ɪstɪk/",adj. 表现主义的；表现派的,-press-
overexpression,/'əʊvəɪkˈspreʃn/,n. 超表达,-press-
depress,/dɪ'pres/,v. 使沮丧，使意志消沉，使心灰意冷,-press-
depressive,/dɪ'presɪv/,adj. 抑郁的；压抑的,-press-
depressing,/dɪ'presɪŋ/,adj 令人沮丧的；令人抑郁的,-press-
depressingly,/dɪ'prɛsɪŋli/,adv. 郁闷地；抑压地,-press-
depressed,/dɪ'prest/,adj. 沮丧的；萧条的；压低的,-press-
depressor,/dɪ'presə/,n. 抑压者；抑压物,-press-
depressurize,/diː'preʃəraɪz/,vt. 使减压,-press-
manic-depressive,"/,mænikdi'presiv/",n. 躁狂抑郁病患者 adj. 躁郁病的,-press-
depressant,/dɪ'pres(ə)nt/,n. 镇静剂，[医][矿业] 抑制剂 adj. 有镇静作用的,-press-
antidepressant,"/,æntɪdɪ'pres(ə)nt/",n. 抗抑郁剂 adj. 抗抑郁的,-press-
depression-era,/dɪ'preʃ(ə)n-'ɪərə/,n. 经济大萧条时期,-press-
compress,/kəm'pres/,vt. 压缩，压紧,-press-
compression,/kəm'preʃ(ə)n/,n. 压缩，浓缩,-press-
compressive,/kəm'presɪv/,adj. 压缩的；有压缩力的,-press-
compressor,/kəm'presə/,n. 压缩机；压缩物,-press-
compressible,/kəm'prɛsəbl/,adj. 可压缩的；可压榨的,-press-
incompressible,/ɪnkəm'presɪb(ə)l/,adj. 不能压缩的,-press-
compressibility,"/kəm,prɛsə'bɪləti/",n. 压缩性；压缩系数；压缩率,-press-
compressed,/kəm'prest/,adj. 被压缩的；扁平的,-press-
compressed-air,/kəm'prest'εə/,adj. 空气压缩的；风动的,-press-
uncompressed,/ʌnkəm'prest/,adj. 未压缩的,-press-
decompress,"/,diːkəm'pres/",vt. 使减压，使解除压力 vi. 减压,-press-
decompression,/diːkəm'preʃ(ə)n/,n. [特医] 解压；降压,-press-
oppress,/ə'pres/,vt. 压迫，压抑；使……烦恼,-press-
oppressed,/ə'prest/,adj. 受压制的，受压迫的,-press-
oppression,/ə'preʃ(ə)n/,n. 压抑；镇压；压迫手段,-press-
oppressive,/ə'presɪv/,adj. 压迫的；沉重的,-press-
oppressiveness,/ə'presɪvnɪs/,n. 压迫,-press-
oppressively,/ə'prɛsɪvli/,adv. 压迫地；沉重地,-press-
oppressor,/ə'presə(r)/,n. 压制者，压迫者,-press-
repress,/rɪ'pres/,vt. 抑制；镇压,-press-
repressed,/rɪ'prest/,adj. 被压抑的；被抑制的,-press-
long-repressed,/lɒŋ-rɪ'prest/,adj. 长期被压抑的,-press-
repression,/rɪ'preʃən/,n. 抑制，[心理] 压抑,-press-
repressive,/rɪ'presɪv/,adj. 镇压的；压抑的；抑制的,-press-
irrepressible,/ɪrɪ'presɪb(ə)l/,adj. 抑制不住的；压服不了的,-press-
irrepressibly,/ɪrɪ'prɛsəbli/,adv. 镇压不住地；无法抑制地,-press-
suppress,/sə'pres/,vt. 抑制；镇压；废止,-press-
suppression,/sə'preʃ(ə)n/,n. 抑制；镇压；[植] 压抑,-press-
suppressor,/sə'prɛsɚ/,n. 抑制器；消除器,-press-
suppressive,/sə'presiv/,adj. 抑制的；镇压的,-press-
suppressible,/sə'prɛsəbl/,adj. 可隐藏的；可以压制的,-press-
suppressed,/sə'prest/,adj. 抑制的，发育不全的,-press-
long-suppressed,/lɒŋ-sə'prest/,adj. 长期抑制的,-press-
suppressant,/sə'pres(ə)nt/,adj. 制止的；抑制性的；遏抑的 n. 抑制药,-press-
espresso,/e'spresəʊ/,n. （用汽加压煮出的）浓咖啡,-press-
vasopressin,"/,veɪzəʊ'presɪn/",n. 加压素；[生化] 抗利尿激素；[生化] 后叶加压素,-press-
immunosuppressive,"/,ɪmjʊnəʊsə'presɪv/",adj. 免抑制疫力的；抑制免疫力的,-press-
immunosuppression,"/,ɪmjʊnəʊsə'preʃ(ə)n/",n. [免疫] 免疫抑制,-press-
immunosuppressant,"/,ɪmjʊnəʊsə'presənt/",n. [免疫][药] 免疫抑制剂（素）,-press-
correct,/kə'rekt/,v. 改正，纠正 adj. 正确的,-rect-
correctly,/kə'rek(t)lɪ/,adv. 正确地；得体地,-rect-
correctness,/kə'rɛktnɪs/,n. 正确性,-rect-
correction,/kə'rekʃ(ə)n/,n. 改正，纠正，矫正，校正,-rect-
corrected,/kə'rektɪd/,adj. 修正的；校正的；折算的,-rect-
correctional,/kə'rɛkʃənl/,adj. 矫正的；修正的,-rect-
corrective,/kə'rektiv/,adj. 改正的，纠正的，矫正的,-rect-
correcting,/kə'rektiŋ/,n. 校正；[印刷] 改版 adj. 修正的,-rect-
corrector,/kə'rektə/,n. 改正者，矫正者，校正者,-rect-
correctitude,/kə'rekti/,n.  ( 行为的)端正,-rect-
uncorrected,"/,ʌnkə'rɛktɪd/",adj. 未修正的；未加管教的；未调整的,-rect-
correctable,/kə'rektəbl/,adj. 可校正的,-rect-
incorrect,"/,inkə'rekt/",adj. 不正确的,-rect-
incorrectly,/ˌɪnkə'rektlɪ/,adv. 不正确地,-rect-
direct,/daɪˈrekt/,vt. 指挥，指示，指挥，命令 adj. 直接的,-rect-
directed,/daɪ'rɛktɪd/,adj. 定向的；经指导的；被控制的,-rect-
directness,/daɪ'rɛktnɪs/,n. 直接；率直；笔直,-rect-
direction,/di'rekʃən/,n. 指示，指引，说明，指导，方向，方位,-rect-
directive,/dɪ'rektɪv/,n. 指示；指令 adj. 指导的；管理的,-rect-
directing,/daɪˈrektɪŋ/,adj. 指导的；指向的 n. 指导；导演,-rect-
directory,/dɪ'rekt(ə)rɪ/,n. 名录；指南,-rect-
directional,/di'rekʃənəl/,adj. 方向的，定向的,-rect-
director,/di'rektə/,n. 指导者，处长，局长，主任，指挥，导演,-rect-
directorate,/dɪ'rekt(ə)rət/,n. 董事会；理事会；指挥部,-rect-
directorial,"/dɪ,rek'tɔːrɪəl/",adj. 管理的；指挥的，指挥者的,-rect-
co-director,/kəu-dɪ'rektə/,n. 主任,-rect-
directress,/di'rektris/,n. 女指导者，女指挥，女导演,-rect-
directly,/di'rektli/,adv. 直接地,-rect-
indirect,"/,indi'rekt/",adj. 间接的，迂回的,-rect-
directionless,/də'rekʃnləs/,adj. 没有方向的；没有目标的,-rect-
self-directed,"/,selfdi'rektid/",adj. 自主的；自我指导的,-rect-
misdirect,/mɪsdaɪ'rekt/,vt. 误导；写错地址,-rect-
indirection,"/,indi'rekʃən/",n. 间接，迂回，兜圈子,-rect-
indirectly,"/,indi'rektli/",adv. 间接地,-rect-
directorship,/də'rɛktɚʃɪp/,n. 管理者的职位,-rect-
direct-mail,/dəˈrekt-meɪl/,n. 直接邮件；直接邮寄广告,-rect-
undirected,/ʌndɪ'rektɪd/,adj. 未受指导的；无收件人姓名的,-rect-
multidirectional,"/,mʌltɪdɪ'rekʃ(ə)n(ə)l/",adj. 多方向的,-rect-
rectify,/'rektɪfaɪ/,v. 改正，纠正，整顿,-rect-
rectifier,/'rektifaiə/,n. 纠正者，整顿者，矫正器,-rect-
rectification,"/,rektifi'keiʃən/",n. 纠正，整顿,-rect-
rectitude,/'rektitju:d/,n. 正直，得寸，笔直,-rect-
rectilineal,"/,rekti'liniəl/",adj. 直线的，直线运动的,-rect-
rectangle,"/'rek,tæŋɡl/",n. 矩形，长方形,-rect-
rectal,/'rekt(ə)l/,adj. 直肠的,-rect-
rector,/'rektə/,n. 校长；院长；教区牧师,-rect-
rectory,/'rekt(ə)rɪ/,n. 教区长的管区,-rect-
erect,/i'rekt/,v. 直立，垂直的，使竖直，使竖立（雕像等）,-rect-
erectile,/i'rektail/,adj. 可竖直的,-rect-
erection,/i'rekʃən/,n. 直立，竖直,-rect-
erective,/i'rektiv/,adj. 直立的，竖起的,-rect-
erector,/i'rektə/,n. 树立者，建立者,-rect-
rectum,/'rektəm/,n. 直肠,-rect-
resurrect,/rezə'rekt/,vt. 使复活；复兴；挖出 vi. 复活,-rect-
resurrection,/rezə'rekʃ(ə)n/,n. 复活；恢复；复兴,-rect-
redirect,/ˌri:dəˈrekt/,vt. 使改方向；重新寄送 adj. 再直接的 n. 再直接询问,-rect-
redirection,"/,ridə'rɛkʃən/",n. 重寄；改道；转移呼叫,-rect-
insurrection,"/,ɪnsə'rekʃ(ə)n/",n. 暴动；叛乱,-rect-
insurrectionist,"/,insə'rekʃənist/",n. 起义者；造反者；暴动者,-rect-
insurrectionary,"/,insə'rekʃənəri/",n. 暴动者，起义者 adj. 暴动的；起义的，造反的,-rect-
colorectal,"/,kəʊləʊ'rekt(ə)l/",adj. 结肠直肠的,-rect-
bidirectional,/baɪdɪ'rekʃ(ə)n(ə)l/,adj. 双向的；双向作用的,-rect-
director-general,/di'rektə'dʒenərəl/,n. 总干事；理事长；署长,-rect-
unidirectional,"/,juːnɪdɪ'rekʃ(ə)n(ə)l/",adj. 单向的；单向性的,-rect-
misdirection,"/,mɪsdaɪ'rɛkʃən/",n. 指示错误，指导错误；写错信封地址,-rect-
misdirected,/mɪsdaɪ'rekt/,vt. 误导；写错地址,-rect-
rectus,/'rektəs/,n. [解剖] 直肌,-rect-
writer-director,/'raɪtə-dɪ'rektə/,n. 编剧加导演,-rect-
self-direction,"/,selfdi'rekʃən/",n. 自动引导,-rect-
goal-directed,/'ɡəuldi'rektid/,adj. 有用意的，有目的的；有意图的,-rect-
self-correcting,"/,selfkə'rektiŋ/",adj. 自动修正的，自动调整的,-rect-
directionality,/daɪrɛkʃə'næləti/,n. 定向性，方向性；方向感知,-rect-
teacher-directed,/'tiːtʃə-daɪ'rɛktɪd/,adj. 以教师为主导的,-rect-
incorrectness,"/,ɪnkə'rɛktnɪs/",n. 错误；不合适；不真实,-rect-
recto,/'rektəʊ/,n. （书中的）右页；纸张的正面,-rect-
non-directive,/nɔn-dɪ'rektɪv/,adj. 不定向的,-rect-
state-directed,/steɪt-daɪ'rɛktɪd/,adj. 主导的,-rect-
other-directed,/'ʌðədi'rektid/,adj. 受人支配的；缺少自主性的,-rect-
self-correction,/self-kə'rekʃ(ə)n/,n. 自我修正；[计] 自校正,-rect-
omnidirectional,"/,ɒmnɪdɪ'rekʃ(ə)n(ə)l/",adj. 全方向的,-rect-
direct-marketing,/dəˈrekt-'mɑːkɪtɪŋ/,n. 直复营销,-rect-
direct-drive,/dəˈrekt- draɪv/,n. 直接激励,-rect-
direct-injection,/dəˈrekt-ɪn'dʒekʃ(ə)n/,n. 直接注射,-rect-
producer-director,/prə'djuːsə-dɪ'rektə/,n. 编导,-rect-
direct-view,/dəˈrekt-vjuː/,n. 直观,-rect-
direct-action,/dəˈrekt-'ækʃ(ə)n/,n. 直接传动,-rect-
endarterectomy,"/,endɑːtə'rektəmɪ/",n. 动脉内膜切除术,-rect-
student-directed,/'stjuːd(ə)nt-daɪ'rɛktɪd/,adj. 学生导向的,-rect-
consumer-directed,/kən'sjuːmə-daɪ'rɛktɪd/,adj. 消费者主导的,-rect-
direct-to-video,/dəˈrekt-tu-'vɪdɪəʊ/,n. 录像带首映,-rect-
nephrectomy,/nɪ'frektəmɪ/,n. [泌尿] 肾切除术,-rect-
direct-response,/dəˈrekt-rɪ'spɒns/,n. 直接回应,-rect-
direct-sales,/dəˈrekt-seɪlz/,adj. 直接销售,-rect-
anorectal,"/,ænə'rektəl/",adj. [解剖] 肛门直肠的,-rect-
flu,/fluː/,n. (=influenza) 流行性感冒,-flu- = -flux-
fluent,/'flu(:)ənt/,adj. 流动的，流畅的，(语言)流利的,-flu- = -flux-
fluence,/'fluəns/,n. （神秘的）影响；[物] 积分通量,-flu- = -flux-
fluently,/ˈfluːəntlɪ/,adv. 流利地；通畅地,-flu- = -flux-
fluency,/'fluːənsɪ/,n. 流利；流畅,-flu- = -flux-
influent,/'ɪnflʊənt/,adj. 流入的 n. 支流,-flu- = -flux-
influencing,/'ɪnflʊənsɪŋ/,adj. 影响的,-flu- = -flux-
influenza,"/,influ'enzə/",n. 流行性感冒,-flu- = -flux-
influence,/'influəns/,n. 影响，感动，势力 v. 感化，影响，对…有作用，左右,-flu- = -flux-
influenced,/'influənst/,adj. 受影响的,-flu- = -flux-
uninfluenced,/ʌn'ɪnflʊənst/,adj. 未受影响的；自主行动的；公正的,-flu- = -flux-
influential,"/,ɪnflʊ'enʃ(ə)l/",adj. 有影响的，施以影响的,-flu- = -flux-
uninfluential,"/,ᴧninflu'enʃəl/",adj. 不产生影响的，没有影响的,-flu- = -flux-
confluent,/'kɔnfluənt/,adj. 合流的，汇合的,-flu- = -flux-
confluence,/'kɔnfluəns/,n. 合流，汇合，合流点，汇合处，汇流而成的河,-flu- = -flux-
fluid,/'flu(:)id/,adj. 流动的，液体的 n. 流体，液,-flu- = -flux-
fluidity,/flu:'idəti/,n. 流动性，流度,-flu- = -flux-
fluid-filled,/'fluːɪd-fɪld/,adj. 充以流体的,-flu- = -flux-
fluidly,/'fluːɪdli/,adv. 流动地；不定地；液体地；流畅地,-flu- = -flux-
fluidize,/'fluːɪdaɪz/,vt. 使流体化；使液化,-flu- = -flux-
fluidized,/'flu:idaizd/,adj. 流态化的；沸腾的,-flu- = -flux-
superfluity,"/,suːpə'fluːɪtɪ/",n. 奢侈品；额外；过剩,-flu- = -flux-
superfluid,"/,sʊpɚ'flʊɪd/",n. 超流体 adj. 超流体性的,-flu- = -flux-
superfluidity,/suːpəfluː'ɪdɪtɪ/,n. [低温] 超流动性；超流态,-flu- = -flux-
superfluous,/suː'pɜːflʊəs/,adj. 多余的；不必要的；奢侈的,-flu- = -flux-
refluent,/'refluənt/,adj. 倒流的，退潮的,-flu- = -flux-
refluence,/'refluəns/,n. 倒流，逆流，回流，退潮,-flu- = -flux-
defluent,/'defluənt/,adj. 向下流的,-flu- = -flux-
circumfluent,/sə'kʌmfluənt/,adj. 周流的，环流的,-flu- = -flux-
effluent,/'efluənt/,adj. 流出的，发出的,-flu- = -flux-
interfluent,/in'tə:fluənt/,adj. 交流的，流在中间的,-flu- = -flux-
flux,/flʌks/,n. 流，流出，流动，变动,-flu- = -flux-
fluxion,/'flʌkʃən/,n. 流动，流出物，变动,-flu- = -flux-
fluxional,/'flʌkʃənəl/,adj. 流动的，变动的,-flu- = -flux-
afflux,"/,æflʌks/",n. 流向，流入,-flu- = -flux-
efflux,/'eflʌks/,n. 流出；消逝；流出物；结束,-flu- = -flux-
reflux,/'ri:flʌks/,n. 回流；倒流；逆流,-flu- = -flux-
influx,/'inflʌks/,n. 流入,-flu- = -flux-
flush,/flʌʃ/,n. 激动，洋溢；面红；萌芽；旺盛；奔流 vt. 使齐平；发红，使发亮；用水冲洗；使激动,-flu- = -flux-
flush-mounted,/flʌ-'maʊntɪd/,adj. 找平安装；嵌装,-flu- = -flux-
flushed,/flʌʃt/,adj. 激动的；心情愉快的,-flu- = -flux-
flushing,/'flʌʃiŋ/,n. 脸红 adj. 使人脸红的,-flu- = -flux-
affluent,/'æflʊənt/,adj. 富裕的；丰富的；流畅的 n. 支流；富人,-flu- = -flux-
affluence,/'æflʊəns/,n. 富裕；丰富；流入；汇聚,-flu- = -flux-
flue,/fluː/,n. 烟道；暖气管；蓬松的东西；钩爪；渔网（等于 flew）,-flu- = -flux-
flu-like,/fluː-laɪk/,adj. 类似感冒的,-flu- = -flux-
flume,/fluːm/,n. 水道；笕槽；引水槽 vt. 用引水槽输送；用引水槽引,-flu- = -flux-
mellifluous,/me'lɪflʊəs/,adj. 流畅的；如蜜般的,-flu- = -flux-
fluvial,/'fluːvɪəl/,adj. 河流的；生在河中的；河流冲刷形成的,-flu- = -flux-
influence-peddling,/'ɪnflʊəns-'pedlɪŋ/,n. 招权纳贿；以权谋私,-flu- = -flux-
microfluidic,/'maikrəuflʊ'ɪdɪk/,n. 微流体,-flu- = -flux-
flue-cured,/'flu:kjuəd/,adj. 熏制的；烤干的；烤烟的,-flu- = -flux-
fluoroscopy,/flʊ(ː)ə'rɒskəpɪ/,n. [特医] 荧光镜检查；X 线透视检查,-flu- = -flux-
system,/'sɪstəm/,n. 制度；体系；系统,-st- = -sist- = -stat- = -stin- = -stem-
subsystem,/'sʌbsɪstəm/,n. 子系统；次要系统,-st- = -sist- = -stat- = -stin- = -stem-
systemic,/sɪ'stemɪk/,adj. 系统的；全身的；体系的,-st- = -sist- = -stat- = -stin- = -stem-
systemically,/sɪ'stemɪkli/,全身地；系统地；影响全身地,-st- = -sist- = -stat- = -stin- = -stem-
systematic,/sɪstə'mætɪk/,adj. 系统的；体系的；有系统的；[图情] 分类的；一贯的，惯常的,-st- = -sist- = -stat- = -stin- = -stem-
systematics,/sɪstə'mætɪks/,n. 系统学；分类学,-st- = -sist- = -stat- = -stin- = -stem-
systematize,"/'sɪstəmə,taɪz/",vt. 使系统化；使组织化；将…分类,-st- = -sist- = -stat- = -stin- = -stem-
systematized,"/'sɪstəmə,taɪzd/",adj. 系统化的,-st- = -sist- = -stat- = -stin- = -stem-
systematization,"/,sɪstɪmətɪ'zeʃən/",n. 系统化；组织化；分类,-st- = -sist- = -stat- = -stin- = -stem-
systematically,"/,sɪstə'mætɪklɪ/",adv. 有系统地；有组织地,-st- = -sist- = -stat- = -stin- = -stem-
operating-system,/'ɒpəreɪtɪŋ-'sɪstəm/,n. [计] 操作系统,-st- = -sist- = -stat- = -stin- = -stem-
system-wide,/'sɪstəm-waɪd/,adj. 全系统的；系统范围的；系统级的；整个系统的,-st- = -sist- = -stat- = -stin- = -stem-
world-system,/wɜːld-'sɪstəm/,n. 世界体系,-st- = -sist- = -stat- = -stin- = -stem-
ecosystem-based,/'iːkəʊsɪstəm-beɪst/,adj. 基于生态系统的,-st- = -sist- = -stat- = -stin- = -stem-
system-level,/'sɪstəm-'lev(ə)l/,n. 系统级,-st- = -sist- = -stat- = -stin- = -stem-
assist,/ə'sɪst/,v. 帮助，协助，辅助，援助,-st- = -sist- = -stat- = -stin- = -stem-
assistant,/ə'sɪst(ə)nt/,n. 助手，助理，助教 adj. 辅助的；助理的；有帮助的,-st- = -sist- = -stat- = -stin- = -stem-
assistance,/ə'sistəns/,n. 帮助，援助，辅助,-st- = -sist- = -stat- = -stin- = -stem-
assisted,/ə'sistid/,adj. 辅助的,-st- = -sist- = -stat- = -stin- = -stem-
unassisted,/ʌnə'sɪstɪd/,adj. 无助的,-st- = -sist- = -stat- = -stin- = -stem-
assisting,/ə'sɪstɪŋ/,v. 协助（assist 的现在分词）,-st- = -sist- = -stat- = -stin- = -stem-
assistive,/əˈsɪstɪv/,adj. 辅助的,-st- = -sist- = -stat- = -stin- = -stem-
assistantship,/ə'sɪstəntʃɪp/,n. 助教奖学金；助理职务,-st- = -sist- = -stat- = -stin- = -stem-
assisted-suicide,/ə'sɪstɪd-'s(j)uːɪsaɪd/,adj. 辅助的协助自杀；帮助自杀,-st- = -sist- = -stat- = -stin- = -stem-
assisted-living,/ə'sɪstɪd-'lɪvɪŋ/,n. 赡养院；生活协助,-st- = -sist- = -stat- = -stin- = -stem-
computer-assisted,/kəm'pjuːtə-ə'sɪstɪd/,adj. 计算机辅助的,-st- = -sist- = -stat- = -stin- = -stem-
resist,/rɪ'zɪst/,v. 抵抗，反抗 n. 反抗；抵抗；对抗,-st- = -sist- = -stat- = -stin- = -stem-
resistor,/rɪ'zɪstə/,n. [电] 电阻器,-st- = -sist- = -stat- = -stin- = -stem-
resister,/rɪ'zɪstɚ/,n. 抵抗者；反抗者；电阻器,-st- = -sist- = -stat- = -stin- = -stem-
resistance,/ri'zistəns/,n. 抵抗，反抗， （尤指对疾病或药物的）抵抗力,-st- = -sist- = -stat- = -stin- = -stem-
resistant,/rɪ'zɪstənt/,adj. 不受影响的，不受伤害的，抵抗的 n. 抵抗者,-st- = -sist- = -stat- = -stin- = -stem-
resistible,/ri'zistəbl/,adj. 可抵抗的，抵抗得住的,-st- = -sist- = -stat- = -stin- = -stem-
resistive,/ri'zistiv/,adj. 有抵抗力的,-st- = -sist- = -stat- = -stin- = -stem-
resistively,/ri'zistivli/,adv. 有抵抗力地；抵抗地,-st- = -sist- = -stat- = -stin- = -stem-
resistivity,"/,rɪzɪ'stɪvɪtɪ/",n. [电] 电阻率；抵抗力；电阻系数,-st- = -sist- = -stat- = -stin- = -stem-
irresistible,/ɪrɪ'zɪstɪb(ə)l/,adj. 不可抵抗的；不能压制的；极为诱人的,-st- = -sist- = -stat- = -stin- = -stem-
irresistibly,/ɪrə'zɪstəbli/,adv. 无法抵抗地；不能压制地；极为诱惑人地,-st- = -sist- = -stat- = -stin- = -stem-
drought-resistant,/draʊt-rɪ'zɪstənt/,adj. 抗旱的,-st- = -sist- = -stat- = -stin- = -stem-
resisting,/rɪ'zɪst/,adj. 稳定的；坚固的,-st- = -sist- = -stat- = -stin- = -stem-
water-resistant,"/'wɔtərɪ,zɪstənt/",adj. 抗水的,-st- = -sist- = -stat- = -stin- = -stem-
drug-resistant,/drʌg-rɪ'zɪstənt/,adj. 耐药的；抗药性的,-st- = -sist- = -stat- = -stin- = -stem-
corrosion-resistant,/kə'rəʊʒ(ə)n-rɪ'zɪstənt/,adj. 抗腐蚀的,-st- = -sist- = -stat- = -stin- = -stem-
disease-resistant,/dɪ'ziːz-rɪ'zɪstənt/,adj. 抗病,-st- = -sist- = -stat- = -stin- = -stem-
fire-resistant,/'faiə'ri:sistənt/,adj. 耐火的（等于 fire-retardnat） ；防火的,-st- = -sist- = -stat- = -stin- = -stem-
heat-resistant,"/'hi:tri,zistənt/",adj. 抗热的,-st- = -sist- = -stat- = -stin- = -stem-
weather-resistant,"/'weðəri,zistənt/",adj. 抗风化的；耐风雨的,-st- = -sist- = -stat- = -stin- = -stem-
rot-resistant,/rɒt-rɪ'zɪstənt/,adj. 抗腐烂的,-st- = -sist- = -stat- = -stin- = -stem-
pest-resistant,/pest-rɪ'zɪstənt/,adj. 抗虫害的,-st- = -sist- = -stat- = -stin- = -stem-
stain-resistant,/steɪn-rɪ'zɪstənt/,adj. 耐沾污的；防污渍的,-st- = -sist- = -stat- = -stin- = -stem-
herbicide-resistant,/'hɜːbɪsaɪd-rɪ'zɪstənt/,adj. 抗除草剂的,-st- = -sist- = -stat- = -stin- = -stem-
multidrug-resistant,/'mʌltɪ-drʌg -rɪ'zɪstənt/,adj. 多药耐药的,-st- = -sist- = -stat- = -stin- = -stem-
penicillin-resistant,/penɪ'sɪlɪn-rɪ'zɪstənt/,adj. 青霉素耐药的,-st- = -sist- = -stat- = -stin- = -stem-
wind-resistant,/wɪnd-rɪ'zɪstənt/,adj. 抗风的,-st- = -sist- = -stat- = -stin- = -stem-
recession-resistant,/rɪ'seʃ(ə)n-rɪ'zɪstənt/,adj. 抗衰退的,-st- = -sist- = -stat- = -stin- = -stem-
abrasion-resistant,/ə'breɪʒ(ə)n-rɪ'zɪstənt/,adj. 耐磨的,-st- = -sist- = -stat- = -stin- = -stem-
earthquake-resistant,/'ɜːθkweɪk-rɪ'zɪstənt/,adj. 抗震的；耐震的,-st- = -sist- = -stat- = -stin- = -stem-
tamper-resistant,/'tæmpə-rɪ'zɪstənt/,adj. 防包装拆封的； （包装等）难以破坏的,-st- = -sist- = -stat- = -stin- = -stem-
consist,/kən'sist/,v. 由…组成,-st- = -sist- = -stat- = -stin- = -stem-
consistent,/kən'sɪst(ə)nt/,adj. 一致的；吻合的；始终如一的，坚持的,-st- = -sist- = -stat- = -stin- = -stem-
consistence,/kən'sistəns/,n. 浓度；[流] 稠度；坚固性（等于 consistency）,-st- = -sist- = -stat- = -stin- = -stem-
consistently,/kən'sɪstəntli/,adv. 一贯地；一致地；坚实地,-st- = -sist- = -stat- = -stin- = -stem-
self-consistent,"/,selfkən'sistənt/",adj. 有条理的；首尾一致的,-st- = -sist- = -stat- = -stin- = -stem-
inconsistent,/ɪnkən'sɪst(ə)nt/,adj. 不一致的；前后矛盾的,-st- = -sist- = -stat- = -stin- = -stem-
inconsistency,/ɪnkən'sɪst(ə)nsɪ/,n. 不一致；易变,-st- = -sist- = -stat- = -stin- = -stem-
inconsistently,"/,inkən'sistəntli/",adv. 不一致地,-st- = -sist- = -stat- = -stin- = -stem-
state,/steɪt/,n. 国家；州；情形；状态；状况 vt. 规定；声明；陈述,-st- = -sist- = -stat- = -stin- = -stem-
statistic,/stə'tɪstɪk/,adj. 统计的，统计学的 n. 统计数值,-st- = -sist- = -stat- = -stin- = -stem-
statistics,/stə'tɪstɪks/,n. （复）统计数字,-st- = -sist- = -stat- = -stin- = -stem-
statistician,/stætɪ'stɪʃn/,n. 统计学家，统计员,-st- = -sist- = -stat- = -stin- = -stem-
statistical,/stə'tɪstɪk(ə)l/,adj. 统计的；统计学的,-st- = -sist- = -stat- = -stin- = -stem-
statistically,/stə'tɪstɪkli/,adv. 统计地；统计学上,-st- = -sist- = -stat- = -stin- = -stem-
statewide,/'stet'waɪd/,adj. 遍及全州的；遍及全州地,-st- = -sist- = -stat- = -stin- = -stem-
interstate,/ɪntə'steɪt/,adj. 州际的；州与州之间的 n. （美）州际公路,-st- = -sist- = -stat- = -stin- = -stem-
statement,/'steɪtm(ə)nt/,n. 声明；陈述，叙述；报表，清单,-st- = -sist- = -stat- = -stin- = -stem-
state-of-the-art,"/,steɪt ɒv ðɪ'ɑ:t/",adj. 最先进的；已经发展的；达到最高水准的,-st- = -sist- = -stat- = -stin- = -stem-
statesman,/'steɪtsmən/,n. 政治家,-st- = -sist- = -stat- = -stin- = -stem-
stateswoman,"/'steɪts,wʊmən/",n. 在某一领域受尊敬的女性领导人物,-st- = -sist- = -stat- = -stin- = -stem-
apostate,/əˈpɒsteɪt/,adj. 变节的；脱党的；背教的 n. 脱党者；变节者；叛教者,-st- = -sist- = -stat- = -stin- = -stem-
prostate,/'prɒsteɪt/,adj. 前列腺的 n. [解剖] 前列腺,-st- = -sist- = -stat- = -stin- = -stem-
estate,/ɪ'steɪt/,n. 房地产；财产；身份,-st- = -sist- = -stat- = -stin- = -stem-
nation-state,"/,neiʃən'steit/",n. 单一民族国家,-st- = -sist- = -stat- = -stin- = -stem-
overstate,/əʊvə'steɪt/,vt. 夸张；夸大的叙述,-st- = -sist- = -stat- = -stin- = -stem-
stated,/'steɪtɪd/,adj. 规定的；阐明的；定期的,-st- = -sist- = -stat- = -stin- = -stem-
upstate,/'ʌpsteɪt/,adj. 北部的；偏僻的 n. 州的北部,-st- = -sist- = -stat- = -stin- = -stem-
reinstate,/riːɪn'steɪt/,vt. 使恢复；使复原,-st- = -sist- = -stat- = -stin- = -stem-
stately,/'steɪtlɪ/,adj. 庄严的；堂皇的，宏伟的,-st- = -sist- = -stat- = -stin- = -stem-
workstation,/ˈwɜrksteɪʃn/,n. 工作站,-st- = -sist- = -stat- = -stin- = -stem-
state-owned,/steɪt əʊnd/,adj. 国有的；国营的；州立的,-st- = -sist- = -stat- = -stin- = -stem-
understate,/ʌndə'steɪt/,vt. 少说， 少报；保守地说； 有意轻描淡写 vi. 保守地说；有意轻描淡写,-st- = -sist- = -stat- = -stin- = -stem-
understated,"/,ʌndə'stəɪtɪd/",adj. 低调的；朴素的；轻描淡写的；不夸张的,-st- = -sist- = -stat- = -stin- = -stem-
understatement,/ʌndə'steɪtm(ə)nt/,n. 保守的陈述；不充分的陈述；有保留的陈述,-st- = -sist- = -stat- = -stin- = -stem-
state-run,/'steɪtrʌn/,adj. [经] 国营的；州立的,-st- = -sist- = -stat- = -stin- = -stem-
statehood,/'steɪthʊd/,n. 国家地位；州的状态或地位,-st- = -sist- = -stat- = -stin- = -stem-
out-of-state,/aʊtɒv-steɪt/,n. 州外学生,-st- = -sist- = -stat- = -stin- = -stem-
stateroom,/'steɪtruːm/,n. 政府公寓；特等舱；包房,-st- = -sist- = -stat- = -stin- = -stem-
restate,/riː'steɪt/,vt. 重申；重新叙述；重讲,-st- = -sist- = -stat- = -stin- = -stem-
state-sponsored,/'steɪt'spɔnsəd/,adj. 国家支持的,-st- = -sist- = -stat- = -stin- = -stem-
misstate,/mɪs'steɪt/,vt. 说错；作虚伪叙述，谎报,-st- = -sist- = -stat- = -stin- = -stem-
in-state,/ɪnˈsteɪt/,adv. 庄重地；正式地,-st- = -sist- = -stat- = -stin- = -stem-
city-state,/'siti'steit/,n. 城邦,-st- = -sist- = -stat- = -stin- = -stem-
reinstatement,"/,riɪn'stetmənt/",n. 恢复；复原；复职,-st- = -sist- = -stat- = -stin- = -stem-
overstatement,"/,əuvə'steitmənt/",n. 大话，夸大的叙述,-st- = -sist- = -stat- = -stin- = -stem-
church-state,/tʃɜːtʃ-steɪt/,n. 宗教政治,-st- = -sist- = -stat- = -stin- = -stem-
statehouse,"/'stet,haʊs/",n. 州议会的议场；州议会大厦,-st- = -sist- = -stat- = -stin- = -stem-
unstated,/ʌn'steitid/,adj. 未声明的；未明确说明的,-st- = -sist- = -stat- = -stin- = -stem-
substation,/'sʌbsteɪʃ(ə)n/,n. 分局；变电所；分所；分台,-st- = -sist- = -stat- = -stin- = -stem-
state-level,"/'stet,'lev(ə)l/",n. 国家层面，州级,-st- = -sist- = -stat- = -stin- = -stem-
state-controlled,"/'stet,kən'trəʊld/",adj. 由政府控制的,-st- = -sist- = -stat- = -stin- = -stem-
misstatement,/mɪs'stetmənt/,n. 虚伪的陈述；误述,-st- = -sist- = -stat- = -stin- = -stem-
solid-state,"/'sɒlɪd,steɪt/",adj. 固态的；固态电子学的；固态物理学的；使用电晶体的,-st- = -sist- = -stat- = -stin- = -stem-
restatement,/ri'stetmənt/,n. 重述；再次声明,-st- = -sist- = -stat- = -stin- = -stem-
steady-state,"/'stedɪ,steɪt/",adj. 不变的；永恒的,-st- = -sist- = -stat- = -stin- = -stem-
state-funded,/steɪt-fʌnd/,n. 国家资金,-st- = -sist- = -stat- = -stin- = -stem-
all-state,/'ɔ:l'steit/,adj. [美国英国](尤指体育运动方面)州代表队的，代表全州的[亦作 all-State],-st- = -sist- = -stat- = -stin- = -stem-
statecraft,/'steɪtkrɑːft/,n. 治国才能；管理国家的本领,-st- = -sist- = -stat- = -stin- = -stem-
statesmanship,/'steɪtsmənʃɪp/,n. 政治才能；政治家的风度,-st- = -sist- = -stat- = -stin- = -stem-
state-by-state,/'steɪt-bai-'steɪt/,各州；各国,-st- = -sist- = -stat- = -stin- = -stem-
state-to-state,/'steɪt-tu-'steɪt/,n. 国与国,-st- = -sist- = -stat- = -stin- = -stem-
two-state,/'tu:steit/,adj. 双态的,-st- = -sist- = -stat- = -stin- = -stem-
stateless,/'steɪtlɪs/,adj. 没有国家的；无国家主权的,-st- = -sist- = -stat- = -stin- = -stem-
state-mandated,/'steɪt-'mændetɪd/,adj. 国家规定的,-st- = -sist- = -stat- = -stin- = -stem-
non-state,/nɔn -'steɪt/,n.非国家；非国有；非政府,-st- = -sist- = -stat- = -stin- = -stem-
state-supported,"/'steɪt,sə'portɪd/",adj. 国家资助的；国家支持的,-st- = -sist- = -stat- = -stin- = -stem-
prostatectomy,"/,prɒstə'tektəmɪ/",n. [泌尿] 前列腺切除术,-st- = -sist- = -stat- = -stin- = -stem-
statesmanlike,/'stetsmən'laɪk/,adj. 与政治家相称的；有政治家风度的,-st- = -sist- = -stat- = -stin- = -stem-
state-sanctioned,/'steɪt-'sæŋ(k)ʃ(ə)n/,adj. 国家批准的；国家认可的,-st- = -sist- = -stat- = -stin- = -stem-
federal-state,/'fed(ə)r(ə)l-'steɪt/,n. 联邦国家,-st- = -sist- = -stat- = -stin- = -stem-
state-led,/'steɪt-led/,adj. 国家领导的；国家机关为主导的；政府主导的,-st- = -sist- = -stat- = -stin- = -stem-
state-based,/'steɪt-beɪst/,adj. 状态 基于状态 基于运动状态,-st- = -sist- = -stat- = -stin- = -stem-
home-state,/'steɪt/,n. 家乡的州；本国,-st- = -sist- = -stat- = -stin- = -stem-
prostate-cancer,/'prɒsteɪt-'kænsə/,n. 前列腺癌,-st- = -sist- = -stat- = -stin- = -stem-
superstate,/'suːpəsteɪt/,n. 超大国；极权主义国家；整体主义国家,-st- = -sist- = -stat- = -stin- = -stem-
estate-planning,/ɪ'steɪt-'plænɪŋ/,n. 财产规划,-st- = -sist- = -stat- = -stin- = -stem-
tri-state,/trai-'steɪt/,n. 三态,-st- = -sist- = -stat- = -stin- = -stem-
state-chartered,/'steɪt-'tʃɑːtəd/,adj. 国家特许的；州特许的,-st- = -sist- = -stat- = -stin- = -stem-
state-imposed,/'steɪt-ɪm'pəʊzd/,adj. 国家强制的,-st- = -sist- = -stat- = -stin- = -stem-
stater,/'stetɚ/,n. 古代希腊的金币单位,-st- = -sist- = -stat- = -stin- = -stem-
prostate-specific,/'prɒsteɪ-spə'sɪfɪk/,adj.前列腺特异，前列腺组织特异性，前列腺特异性,-st- = -sist- = -stat- = -stin- = -stem-
state-approved,/'steɪt-ə'pruːvd/,adj. 国家批准的,-st- = -sist- = -stat- = -stin- = -stem-
state-centered,/'steɪt-'sɛntɚd/,adj. 国家中心；国家中心论；国家为中心；析的中心,-st- = -sist- = -stat- = -stin- = -stem-
state-centric,/'steɪt-'sentrɪk/,adj. 以国家为中心的,-st- = -sist- = -stat- = -stin- = -stem-
estate-tax,/ɪ'steɪt-tæks/,n.（英）房地产遗产税,-st- = -sist- = -stat- = -stin- = -stem-
state-issued,/'steɪt-ˈɪʃu:d/,adj. 特殊国有许可的,-st- = -sist- = -stat- = -stin- = -stem-
state-federal,/'steɪt-'fed(ə)r(ə)l/,adj. 州联邦的,-st- = -sist- = -stat- = -stin- = -stem-
state-building,/'steɪt-'bɪldɪŋ/,n. 国家建设,-st- = -sist- = -stat- = -stin- = -stem-
state-licensed,/'steɪt-'laɪs(ə)nst/,adj. 州授权的，国家授权的,-st- = -sist- = -stat- = -stin- = -stem-
state-operated,/'steɪt-'ɒpəreɪtɪd/,adj. 国营的,-st- = -sist- = -stat- = -stin- = -stem-
state-subsidized,/'steɪt-ˈsʌbsɪdaɪzɪd/,adj. 国家资助的,-st- = -sist- = -stat- = -stin- = -stem-
multi-state,/'mʌltɪ-'steɪt/,adj. 多级的,-st- = -sist- = -stat- = -stin- = -stem-
state-certified,/'steɪt-'sɜːtɪfaɪd/,adj. 国家认可的,-st- = -sist- = -stat- = -stin- = -stem-
overstated,/əʊvəˈsteɪtɪd/,adj. 夸张的；过高的,-st- = -sist- = -stat- = -stin- = -stem-
state-regulated,"/'steɪt-'rɛgjə,let/",adj. 国家调控的,-st- = -sist- = -stat- = -stin- = -stem-
state-financed,/'steɪt-faɪ'nænsd/,n. 国家财政,-st- = -sist- = -stat- = -stin- = -stem-
pre-state,/prɚ-'steɪt/,adj. 前状态的,-st- = -sist- = -stat- = -stin- = -stem-
state-appointed,/'steɪt-ə'pɒɪntɪd/,adj. 国家任命的,-st- = -sist- = -stat- = -stin- = -stem-
state-dominated,/'steɪt-'dɔmineitid/,adj. 国家支配的,-st- = -sist- = -stat- = -stin- = -stem-
oft-stated,/ɒft-'steɪt/,adj. 常说的,-st- = -sist- = -stat- = -stin- = -stem-
red-state,/red-'steɪt/,n. 红色州（选民倾向于投票给共和党的州）,-st- = -sist- = -stat- = -stin- = -stem-
state-managed,/'steɪt-'mænɪdʒd/,adj. 政府管理的,-st- = -sist- = -stat- = -stin- = -stem-
welfare-state,/'welfeə-'steɪt/,n. 福利国家,-st- = -sist- = -stat- = -stin- = -stem-
state-enforced,/'steɪt-ɪn'fɔrst/,adj. 国家强制的,-st- = -sist- = -stat- = -stin- = -stem-
antistate,"/,ænti'steit/",adj. 反国家的，反政府的,-st- = -sist- = -stat- = -stin- = -stem-
state-record,/'steɪt-ˈrekɔːd/,n. 国家档案,-st- = -sist- = -stat- = -stin- = -stem-
cross-state,/krɔs-'steɪt/,adj. 观全国的,-st- = -sist- = -stat- = -stin- = -stem-
instate,/ɪn'steɪt/,vt. 任命,-st- = -sist- = -stat- = -stin- = -stem-
ground-state,/graʊnd-'steɪt/,n. [物] 基态,-st- = -sist- = -stat- = -stin- = -stem-
party-state,/'pɑːtɪ-'steɪt/,n. 政党国家,-st- = -sist- = -stat- = -stin- = -stem-
one-state,/wʌn-'steɪt/,n. 单态，一状态,-st- = -sist- = -stat- = -stin- = -stem-
single-state,/'sɪŋg(ə)l-'steɪt/,n. 单极并网逆变器,-st- = -sist- = -stat- = -stin- = -stem-
three-state,/θriː-'steɪt/,n. 三态,-st- = -sist- = -stat- = -stin- = -stem-
five-state,/faɪv'steɪt/,n. 五态,-st- = -sist- = -stat- = -stin- = -stem-
stand,/stænd/,vi. 站立；位于；停滞 vt. 使站立；忍受；抵抗 n. 站立；立场；看台；停止,-st- = -sist- = -stat- = -stin- = -stem-
long-standing,/'lɔŋstædiŋ/,adj. 长期存在的；存在已久的,-st- = -sist- = -stat- = -stin- = -stem-
understand,/ʌndə'stænd/,vt. 理解；懂；获悉；推断；省略 vi. 理解；懂得；熟悉,-st- = -sist- = -stat- = -stin- = -stem-
understood,/ʌndə'stʊd/,adj. 被充分理解的；心照不宣的,-st- = -sist- = -stat- = -stin- = -stem-
understanding,/ʌndə'stændɪŋ/,n. 谅解，理解；理解力；协议,-st- = -sist- = -stat- = -stin- = -stem-
understandingly,"/,ʌndə'stændiŋli/",adv. 领悟地；宽容地,-st- = -sist- = -stat- = -stin- = -stem-
understandable,/ʌndə'stændəbl/,adj. 可以理解的；可以了解的,-st- = -sist- = -stat- = -stin- = -stem-
misunderstand,"/,mɪsʌndə'stænd/",vt. 误解；误会,-st- = -sist- = -stat- = -stin- = -stem-
misunderstood,"/,mɪsʌndə'stʊd/",adj. 被误解的,-st- = -sist- = -stat- = -stin- = -stem-
misunderstanding,"/,mɪsʌndə'stændɪŋ/",n. 误解；误会；不和,-st- = -sist- = -stat- = -stin- = -stem-
bystander,/'baɪstændə/,n. 旁观者；看热闹的人,-st- = -sist- = -stat- = -stin- = -stem-
standing,/'stændɪŋ/,adj. 长期的；直立的；固定的 n. 站立；持续；身分,-st- = -sist- = -stat- = -stin- = -stem-
outstanding,/aʊt'stændɪŋ/,adj. 杰出的；显著的；未解决的；未偿付的 n. 未偿贷款,-st- = -sist- = -stat- = -stin- = -stem-
standpoint,/'stæn(d)pɒɪnt/,n. 立场；观点,-st- = -sist- = -stat- = -stin- = -stem-
withstand,/wɪð 'stænd/,vt. 抵挡；禁得起；反抗 vi. 反抗,-st- = -sist- = -stat- = -stin- = -stem-
standoff,/'stændɒf/,n. 和局；僵持；冷淡；平衡 adj. 冷淡的；有支架的,-st- = -sist- = -stat- = -stin- = -stem-
understandably,/'ʌndɚ'stændəbli/,adv. 可理解地,-st- = -sist- = -stat- = -stin- = -stem-
notwithstanding,/nɒtwɪð 'stændɪŋ/,adv. 尽管，仍然 prep. 尽管，虽然 conj. 虽然,-st- = -sist- = -stat- = -stin- = -stem-
standout,/'stændaʊt/,n. 杰出的人；突出度 adj. 杰出的；出色的,-st- = -sist- = -stat- = -stin- = -stem-
standard,/'stændəd/,n. 标准； 水准； 旗； 度量衡标准 adj. 标准的； 合规格的； 公认为优秀的,-st- = -sist- = -stat- = -stin- = -stem-
standardize,/'stændədaɪz/,vt. 使标准化；用标准检验,-st- = -sist- = -stat- = -stin- = -stem-
standardized,"/'stændə,daizd/",adj. 标准的；标准化的；定型的,-st- = -sist- = -stat- = -stin- = -stem-
stand-up,/'stændʌp/,adj. 站立的；直立的；说单口相声的,-st- = -sist- = -stat- = -stin- = -stem-
newsstand,/'njuːzstænd/,n. 报摊；杂志摊,-st- = -sist- = -stat- = -stin- = -stem-
standardization,"/,stændədaɪ'zeɪʃən/",n. 标准化；[数] 规格化；校准,-st- = -sist- = -stat- = -stin- = -stem-
standstill,/'stæn(d)stɪl/,n. 停顿；停止,-st- = -sist- = -stat- = -stin- = -stem-
nightstand,/'naɪtstænd/,n. （美）床头几（等于 night table）,-st- = -sist- = -stat- = -stin- = -stem-
stand-alone,"/'stændə,ləʊn/",n. 独立；单机 adj. 独立的；独立操作的,-st- = -sist- = -stat- = -stin- = -stem-
standby,/'stæn(d)baɪ/,n. 备用品；可信赖的人 adj. 备用的 adv. 备用地；待命地,-st- = -sist- = -stat- = -stin- = -stem-
free-standing,/'fri:'stændiŋ/,adj. 独立的；不需依靠支撑物的,-st- = -sist- = -stat- = -stin- = -stem-
substandard,/sʌb'stændəd/,adj. 不合规格的；标准以下的,-st- = -sist- = -stat- = -stin- = -stem-
stand-in,/'stændin/,n. 替身,-st- = -sist- = -stat- = -stin- = -stem-
grandstand,/'græn(d)stænd/,n. 正面看台；观众；哗众取宠的表演 vi. 做博取观众喝采的演技,-st- = -sist- = -stat- = -stin- = -stem-
grandstanding,/'ɡrænstændɪŋ/,n. 哗众取宠；炫耀,-st- = -sist- = -stat- = -stin- = -stem-
upstanding,/ʌp'stændɪŋ/,adj. 良好的；正直的；直立的；姿势笔直的,-st- = -sist- = -stat- = -stin- = -stem-
standards-based,/'stændədz-beɪst/,adj. 基于标准,-st- = -sist- = -stat- = -stin- = -stem-
self-understanding,"/'self,ʌndə'stændiŋ/",n. 自我理解；自知之明,-st- = -sist- = -stat- = -stin- = -stem-
standard-bearer,"/'stændəd,bεərə/",n. 旗手；领导人,-st- = -sist- = -stat- = -stin- = -stem-
standing-room,/'stændɪŋ-ruːm/,n. 站席,-st- = -sist- = -stat- = -stin- = -stem-
standard-size,/'stændəd-saɪz/,n. [计量] 标准尺寸,-st- = -sist- = -stat- = -stin- = -stem-
standard-setting,/'stændəd-'setɪŋ/,n. 标准设定；标准设置,-st- = -sist- = -stat- = -stin- = -stem-
industry-standard,/'ɪndəstrɪ-'stændəd/,n. 行业标准,-st- = -sist- = -stat- = -stin- = -stem-
outstandingly,/'aut'stændiŋli/,adv. 醒目地,-st- = -sist- = -stat- = -stin- = -stem-
non-standard,/nɔn-'stændəd/,adj. 不标准的，不规范的（词、发音）,-st- = -sist- = -stat- = -stin- = -stem-
standardised,/'stændədaiz/,vt. 使…符合标准；使…标准化；使…统一,-st- = -sist- = -stat- = -stin- = -stem-
unstandardized,/ʌn'stændədaɪz/,adj. 不标准的；不规范的,-st- = -sist- = -stat- = -stin- = -stem-
nonstandardized,/nɔn-'stændədaɪzd/,adj. 非标准化的,-st- = -sist- = -stat- = -stin- = -stem-
freestanding,/'fri'stændɪŋ/,adj. 独立式的；非附属的；不需依靠支撑物的,-st- = -sist- = -stat- = -stin- = -stem-
kickstand,/'kɪkstænd/,n. 支架；撑脚架,-st- = -sist- = -stat- = -stin- = -stem-
standard-sized,/'stændəd-saɪzd/,adj. 标准尺寸的,-st- = -sist- = -stat- = -stin- = -stem-
double-standard,/'dʌb(ə)l-'stændəd/,n. 双重标准,-st- = -sist- = -stat- = -stin- = -stem-
stander,/'stændə/,n. 机架；竖立的东西；煤柱；采伐残留木,-st- = -sist- = -stat- = -stin- = -stem-
gold-standard,/gəʊld'stændəd/,n. [金融] 金本位，金本位制,-st- = -sist- = -stat- = -stin- = -stem-
bedstand,/'bedstænd/,n. 试验台；床头柜,-st- = -sist- = -stat- = -stin- = -stem-
still-standing,/stɪl-'stændɪŋ/,n. 静置,-st- = -sist- = -stat- = -stin- = -stem-
stand-down,/'stænddaun/,n. 暂停；停止；停工（等于 standdown）,-st- = -sist- = -stat- = -stin- = -stem-
tree-stand,/triː-stænd/,n. 树架,-st- = -sist- = -stat- = -stin- = -stem-
still,/stɪl/,adv. 仍然；更；静止地 adj. 静止的，不动的；寂静的，平静的；不起泡的,-st- = -sist- = -stat- = -stin- = -stem-
stillness,/'stɪlnɪs/,n. 静止；沉静,-st- = -sist- = -stat- = -stin- = -stem-
stillborn,/'stɪlbɔːn/,adj. 死胎的，生下来已死的,-st- = -sist- = -stat- = -stin- = -stem-
instill,/ɪn'stɪl/,vt. 徐徐滴入；逐渐灌输,-st- = -sist- = -stat- = -stin- = -stem-
instillation,"/,ɪnstɪ'leʃən/",n. 慢慢灌输；滴注法；滴剂,-st- = -sist- = -stat- = -stin- = -stem-
distill,/dɪs'tɪl/,vt. 提取；蒸馏；使滴下 vi. 蒸馏；滴下；作为精华产生（等于 distil）,-st- = -sist- = -stat- = -stin- = -stem-
distiller,/dɪ'stɪlə/,n. 蒸馏器；蒸馏酒者,-st- = -sist- = -stat- = -stin- = -stem-
distilled,/dɪs'tɪld/,adj. 由蒸馏得来的；净化的,-st- = -sist- = -stat- = -stin- = -stem-
distillation,"/,dɪstɪ'leɪʃn/",n. 精馏，蒸馏，净化；蒸馏法；精华，蒸馏物,-st- = -sist- = -stat- = -stin- = -stem-
distillery,/dɪ'stɪlərɪ/,n. 酿酒厂；蒸馏室,-st- = -sist- = -stat- = -stin- = -stem-
stock-still,/'stɔk'stil/,adj. 静止的 adv. 静止地,-st- = -sist- = -stat- = -stin- = -stem-
still-life,/'stɪl-laɪf/,n. 静物；静物画,-st- = -sist- = -stat- = -stin- = -stem-
still-warm,/'stɪl-wɔːm/,adj. 余温的,-st- = -sist- = -stat- = -stin- = -stem-
still-living,/'stɪl-'lɪvɪŋ/,adj. 仍然活着的,-st- = -sist- = -stat- = -stin- = -stem-
still-hot,/'stɪl-hɒt/,adj. 依旧火爆的,-st- = -sist- = -stat- = -stin- = -stem-
still-young,/'stɪl-jʌŋ/,adj. 依然年轻的,-st- = -sist- = -stat- = -stin- = -stem-
stay,/steɪ/,vi. 停留；坚持；暂住,-st- = -sist- = -stat- = -stin- = -stem-
stayer,/'steɪə(r)/,n. 滞留者；抑制物；支持者；耐性极强的人,-st- = -sist- = -stat- = -stin- = -stem-
staying,/steɪŋ/,n. 刚性结合；撑法；加劲；[机] 拉线,-st- = -sist- = -stat- = -stin- = -stem-
overstay,/əʊvə'steɪ/,vi. 逗留得过久 vt. 呆得超过…的限度；货物保留过久错过最赚钱的机会,-st- = -sist- = -stat- = -stin- = -stem-
stage,/steɪdʒ/,n. 阶段；舞台；戏剧；驿站,-st- = -sist- = -stat- = -stin- = -stem-
staging,/'steɪdʒɪŋ/,n. 上演；分段运输；脚手架；乘驿马车的旅行,-st- = -sist- = -stat- = -stin- = -stem-
stagy,/'steɪdʒɪ/,adj. 做作的，不自然的,-st- = -sist- = -stat- = -stin- = -stem-
stagey,/'steɪdʒɪ/,adj. 做作的（等于 stagy）,-st- = -sist- = -stat- = -stin- = -stem-
stagflation,/stæg'fleɪʃ(ə)n/,n. [经] 滞胀，不景气状况下之物价上涨,-st- = -sist- = -stat- = -stin- = -stem-
onstage,/ɒn'steɪdʒ/,adj. 台上的；台上演出的 adv. 上台；上场,-st- = -sist- = -stat- = -stin- = -stem-
backstage,/bæk'steɪdʒ/,adv. 在后台；向后台,-st- = -sist- = -stat- = -stin- = -stem-
offstage,/ɒf'steɪdʒ/,n. 舞台后面； 舞台内部 adj. 舞台内部的 adv. 在舞台内部； 私生活里,-st- = -sist- = -stat- = -stin- = -stem-
upstage,/ʌp'steɪdʒ/,vt. 抢…镜头；使相形见绌 adj. 自负的；在舞台后部的 adv. 在舞台后方,-st- = -sist- = -stat- = -stin- = -stem-
staged,/'stedʒɪd/,adj. 分期的,-st- = -sist- = -stat- = -stin- = -stem-
stagecoach,/'steɪdʒkəʊtʃ/,n. 公共马车；驿站马车,-st- = -sist- = -stat- = -stin- = -stem-
stagehand,/'steɪdʒhænd/,n. 舞台工作人员；舞台管理,-st- = -sist- = -stat- = -stin- = -stem-
soundstage,/'saʊndsteɪdʒ/,n. 隔音摄影棚,-st- = -sist- = -stat- = -stin- = -stem-
multistage,/'mʌltɪsteɪdʒ/,adj. 多级的；多阶段的；多节的 vt. 使成多级；使分成多阶段,-st- = -sist- = -stat- = -stin- = -stem-
restage,/riː'steɪdʒ/,v. 再组织；重新表演；重新上演,-st- = -sist- = -stat- = -stin- = -stem-
stagecraft,/'steɪdʒkrɑːft/,n. 编剧才能；演出技术,-st- = -sist- = -stat- = -stin- = -stem-
downstage,/'daʊnsteɪdʒ/,adj. 前台的；向舞台前方的 adv. 在舞台前地 n. 舞台的前半部,-st- = -sist- = -stat- = -stin- = -stem-
single-stage,/'siŋɡl'steidʒ/,adj. (火箭、导弹等)单级的,-st- = -sist- = -stat- = -stin- = -stem-
two-stage,/[tuː-'steidʒ/,n. 两级；双级 adj. 二级的,-st- = -sist- = -stat- = -stin- = -stem-
three-stage,/θriː-'steidʒ/,adj. 三级的,-st- = -sist- = -stat- = -stin- = -stem-
four-stage,/fɔː-'steidʒ/,adj. 四级的,-st- = -sist- = -stat- = -stin- = -stem-
five-stage,/faɪv-'steidʒ/,n. 五阶段,-st- = -sist- = -stat- = -stin- = -stem-
early-stage,/'ɜːlɪ-'steidʒ/,n. 早期，初期,-st- = -sist- = -stat- = -stin- = -stem-
stage-managed,"/,steidʒ'mænidʒ/",vt. 担任……之舞台监督；幕后监督；指挥 vi. 担任舞台监督,-st- = -sist- = -stat- = -stin- = -stem-
first-stage,"/fɜːst,steidʒ/",n. 第一阶段的；第一级的；第一期的,-st- = -sist- = -stat- = -stin- = -stem-
second-stage,"/'sek(ə)nd,steidʒ/",n. 第二级,-st- = -sist- = -stat- = -stin- = -stem-
third-stage,"/θɜːd,steidʒ/",n. 第三阶段；第三级,-st- = -sist- = -stat- = -stin- = -stem-
stage-like,"/,steidʒ-laik/",n. 阶段,-st- = -sist- = -stat- = -stin- = -stem-
rest,/rest/,vt. 使休息，使轻松 n. 休息，静止；休息时间；剩余部分,-st- = -sist- = -stat- = -stin- = -stem-
unrest,/ʌn'rest/,n. 不安；动荡的局面；不安的状态,-st- = -sist- = -stat- = -stin- = -stem-
restless,/ˈrestləs/,adj. 焦躁不安的；不安宁的；得不到满足的,-st- = -sist- = -stat- = -stin- = -stem-
restlessly,/'restlisli/,adv. 不安地；慌张地,-st- = -sist- = -stat- = -stin- = -stem-
restful,/'res(t)fʊl/,adj. 宁静的；安静的；给人休息的,-st- = -sist- = -stat- = -stin- = -stem-
resting,/'restɪŋ/,adj. 静止的；休眠的,-st- = -sist- = -stat- = -stin- = -stem-
restive,/'restɪv/,adj. 倔强的；难驾御的；不安宁的,-st- = -sist- = -stat- = -stin- = -stem-
rested,/'rɛstɪd/,adj. 精力充沛的；休息得好的,-st- = -sist- = -stat- = -stin- = -stem-
restitution,"/,restɪ'tjuːʃ(ə)n/",n. 恢复；赔偿；归还,-st- = -sist- = -stat- = -stin- = -stem-
restlessness,/ˈrestlɪsnɪs/,n. 坐立不安；不安定,-st- = -sist- = -stat- = -stin- = -stem-
restroom,/'restruːm/,n. 厕所；洗手间,-st- = -sist- = -stat- = -stin- = -stem-
restaurant,/ˈrestrɒnt/,n. 餐馆；[经] 饭店,-st- = -sist- = -stat- = -stin- = -stem-
restaurateur,"/,rest(ə)rə'tɜː/",n. 饭店主人；餐馆老板,-st- = -sist- = -stat- = -stin- = -stem-
restiveness,/'restivnis/,n. 难以驾御；倔强,-st- = -sist- = -stat- = -stin- = -stem-
underestimated,/ʌndər'estɪmeɪt/,vt. 低估；看轻 n. 低估,-st- = -sist- = -stat- = -stin- = -stem-
arrest,/ə'rest/,vt. 逮捕；阻止；吸引 n. 逮捕；监禁,-st- = -sist- = -stat- = -stin- = -stem-
arrested,/ə'restid/,adj. 逮捕的；被捕的；被拘留的,-st- = -sist- = -stat- = -stin- = -stem-
arresting,/ə'restɪŋ/,adj. 醒目的，有趣的；引人注意的,-st- = -sist- = -stat- = -stin- = -stem-
store,/stɔː/,n. 商店；储备，贮藏；仓库 vt. 贮藏，储存,-st- = -sist- = -stat- = -stin- = -stem-
stored,/stɔ:(r)d/,adj. 储存的,-st- = -sist- = -stat- = -stin- = -stem-
storeroom,/'stɔːruːm/,n. 库房；储藏室,-st- = -sist- = -stat- = -stin- = -stem-
storefront,/'stɔːfrʌnt/,n. [贸易] 店面；店头,-st- = -sist- = -stat- = -stin- = -stem-
store-bought,/'stɔ:bɔ:t/,adj. 现成的；店里买的,-st- = -sist- = -stat- = -stin- = -stem-
storage,/'stɔːrɪdʒ/,n. 存储；仓库；贮藏所,-st- = -sist- = -stat- = -stin- = -stem-
self-storage,/self-'stɔːrɪdʒ/,n. 自我保管；自存储；自我储存,-st- = -sist- = -stat- = -stin- = -stem-
cold-storage,/kəʊld-'stɔːrɪdʒ/,n. 冷藏；坟墓,-st- = -sist- = -stat- = -stin- = -stem-
storable,/'stɔ:rəbl/,adj. 可储存的；耐贮藏的 n. 耐贮藏的物品,-st- = -sist- = -stat- = -stin- = -stem-
bookstore,/'bʊkstɔː/,n. 书店（等于 bookshop）,-st- = -sist- = -stat- = -stin- = -stem-
drugstore,/'drʌgstɔː/,n. [药] 药房（常兼售化妆品、杂志等杂货） ； （美）杂货店,-st- = -sist- = -stat- = -stin- = -stem-
superstore,/'suːpəstɔː/,n. 大型超级市场；大型超市,-st- = -sist- = -stat- = -stin- = -stem-
restore,/rɪ'stɔː/,vt. 恢复；修复；归还 vi. 恢复；还原,-st- = -sist- = -stat- = -stin- = -stem-
restoration,/restə'reɪʃ(ə)n/,n. 恢复；复位；王政复辟；归还,-st- = -sist- = -stat- = -stin- = -stem-
restored,/ri'stɔ:d/,adj. 精力充沛的；精力恢复的,-st- = -sist- = -stat- = -stin- = -stem-
restoring,/rɪ'stor/,adj. 恢复的,-st- = -sist- = -stat- = -stin- = -stem-
restorative,/rɪ'stɒrətɪv/,n. [药] 恢复药， 滋补剂 adj. 滋补的， 有助于复元的； 恢复健康的,-st- = -sist- = -stat- = -stin- = -stem-
restorer,/rɪ'stɔrɚ/,n. 修补者；[计] 复位器；[计] 恢复设备；修建者,-st- = -sist- = -stat- = -stin- = -stem-
restorationist,"/,restə'reiʃənist/",n. 1. 众生复位说信徒 2. (旧建筑物等的)修复者,-st- = -sist- = -stat- = -stin- = -stem-
transistor,/træn'zɪstə/,n. 晶体管（收音机）,-st- = -sist- = -stat- = -stin- = -stem-
test,/test/,n. 试验；检验 vt. 试验；测试 vi. 试验；测试,-st- = -sist- = -stat- = -stin- = -stem-
testing,/'testɪŋ/,n. [试验] 测试 adj. 试验的；棘手的,-st- = -sist- = -stat- = -stin- = -stem-
testimony,/'testɪmənɪ/,n. [法] 证词，证言；证据,-st- = -sist- = -stat- = -stin- = -stem-
testify,/'testɪfaɪ/,vt. 证明，证实；作证 vi. 作证；证明,-st- = -sist- = -stat- = -stin- = -stem-
tester,/'testə/,n. 天盖；检验器；试验员,-st- = -sist- = -stat- = -stin- = -stem-
testament,/'testəm(ə)nt/,n. [法] 遗嘱；圣约；确实的证明,-st- = -sist- = -stat- = -stin- = -stem-
subtest,/sʌb'test/,n. 分测验；子测验,-st- = -sist- = -stat- = -stin- = -stem-
testimonial,"/,testɪ'məʊnɪəl/",n. 证明书；推荐书 adj. 证明的；褒奖的；表扬的,-st- = -sist- = -stat- = -stin- = -stem-
testicle,/'testɪk(ə)l/,n. [解剖] 睾丸,-st- = -sist- = -stat- = -stin- = -stem-
t-test,/tɪ-test/,n. 检定；分析；检验；考验,-st- = -sist- = -stat- = -stin- = -stem-
untested,/ʌn'testɪd/,adj. 未经检验的；[试验] 未试验的,-st- = -sist- = -stat- = -stin- = -stem-
test-retest,"/'test,ri:test/",adj. 两次试验法的,-st- = -sist- = -stat- = -stin- = -stem-
tested,/'testɪd/,adj. 经受过考验的；经验定的,-st- = -sist- = -stat- = -stin- = -stem-
testicular,/tɛs'tɪkjʊlɚ/,adj. [解剖] 睾丸的；睾丸状的,-st- = -sist- = -stat- = -stin- = -stem-
testable,/'testəbl/,adj. 可试验的；有资格立遗嘱的；可根据遗嘱处理的；有资格作证人的,-st- = -sist- = -stat- = -stin- = -stem-
time-tested,"/'taim,testid/",adj. 久经试验的；经受时间考验的,-st- = -sist- = -stat- = -stin- = -stem-
test-taking,/'test-'teɪkɪŋ/,n. 应试；参加测试,-st- = -sist- = -stat- = -stin- = -stem-
test-taker,/'test-'teɪkə/,n. 测试对象；考生,-st- = -sist- = -stat- = -stin- = -stem-
means-tested,/miːnz-'test/,adj. 经过经济情况调查的,-st- = -sist- = -stat- = -stin- = -stem-
testis,/'testɪs/,n. [解剖] 睾丸,-st- = -sist- = -stat- = -stin- = -stem-
self-test,/self-'test/,n. 自检测试,-st- = -sist- = -stat- = -stin- = -stem-
test-ban,/'test-bæn/,n. [核] 禁止核试验的,-st- = -sist- = -stat- = -stin- = -stem-
test-score,/'test-skɔː/,n. 成绩；校验得分；测验分数,-st- = -sist- = -stat- = -stin- = -stem-
pre-tested,/pri-'test/,adj. 先期测验的,-st- = -sist- = -stat- = -stin- = -stem-
field-testing,/fiːld-'test/,n. 实地测试；[农] 田间试验,-st- = -sist- = -stat- = -stin- = -stem-
testbed,/testbed/,n. 试验台,-st- = -sist- = -stat- = -stin- = -stem-
test-fired,"/'test,faiə/",vt. 试射,-st- = -sist- = -stat- = -stin- = -stem-
protest,/prəˈtest/,vi. 抗议；断言 vt. 抗议；断言 n. 抗议 adj. 表示抗议的；抗议性的,-st- = -sist- = -stat- = -stin- = -stem-
protestor,/prəu'testə/,n. 抗议者,-st- = -sist- = -stat- = -stin- = -stem-
protestation,"/,prɒtɪ'steɪʃ(ə)n/",n. 抗议，异议；声明；断言,-st- = -sist- = -stat- = -stin- = -stem-
protester,/prə'testə(r)/,n. 抗议者；反对者；持异议者,-st- = -sist- = -stat- = -stin- = -stem-
protesting,/prə'testɪŋ/,n. 抗议,-st- = -sist- = -stat- = -stin- = -stem-
protestant,/'prɒtɪstənt/,adj. 抗议的；持异议的；新教的 n. 抗议者；持异议者；新教徒,-st- = -sist- = -stat- = -stin- = -stem-
contest,/'kɒntest/,vt. 争辩；质疑 vi. 竞争；争辩 n. 竞赛；争夺；争论,-st- = -sist- = -stat- = -stin- = -stem-
contestation,"/,kɒnte'steɪʃ(ə)n/",n. 争论；主张,-st- = -sist- = -stat- = -stin- = -stem-
no-contest,/nəʊ-'kɒntest/,n. 无赛事；无竞争；不抗辩；无争议,-st- = -sist- = -stat- = -stin- = -stem-
contestant,/kən'test(ə)nt/,n. 竞争者；争辩者,-st- = -sist- = -stat- = -stin- = -stem-
contested,/'kɒntestɪd/,adj. 必争的,-st- = -sist- = -stat- = -stin- = -stem-
uncontested,/ʌnkən'testɪd/,adj. 无竞争的；无异议的；无争议的,-st- = -sist- = -stat- = -stin- = -stem-
contesting,/'kɒntestɪŋ/,n. 争辩（contest 的现在分词）,-st- = -sist- = -stat- = -stin- = -stem-
contestable,/kən'tɛstəbl/,adj. 争论的；可争的,-st- = -sist- = -stat- = -stin- = -stem-
incontestable,/ɪnkən'testəb(ə)l/,adj. 无可争辩的；无可置疑的，不可否认的；明确的,-st- = -sist- = -stat- = -stin- = -stem-
detest,/dɪ'test/,vt. 厌恶；憎恨,-st- = -sist- = -stat- = -stin- = -stem-
detested,/dɪ'testɪd/,adj. 厌恨的,-st- = -sist- = -stat- = -stin- = -stem-
detestable,/dɪ'testəb(ə)l/,adj. 可憎的，可恶的；嫌恶的,-st- = -sist- = -stat- = -stin- = -stem-
detestation,"/,diːte'steɪʃ(ə)n/",n. 嫌恶，痛恨，憎恶；令人厌恶的人,-st- = -sist- = -stat- = -stin- = -stem-
attestation,"/,æte'steɪʃən/",n. 证明；证据；证实；宣誓,-st- = -sist- = -stat- = -stin- = -stem-
pretest,/'priːtest/,n. 预备考试；预备调查 vt. 进行预备考试；进行预测,-st- = -sist- = -stat- = -stin- = -stem-
pre-testing,/pri-'testɪŋ/,n. 预先测试（pre-test 的 ing 形式）,-st- = -sist- = -stat- = -stin- = -stem-
retest,"/,ri'tɛst/",n. 再测验；再考验 vt. 再考验；[试验] 重复测试,-st- = -sist- = -stat- = -stin- = -stem-
retesting,"/,ri'tɛstɪŋ/",n. 重新检验；重新试验,-st- = -sist- = -stat- = -stin- = -stem-
testily,/'tɛstɪli/,adv. 暴躁地，易怒地；恼火地，不耐烦地,-st- = -sist- = -stat- = -stin- = -stem-
untestable,/ʌn'testəbl/,adj. 不可验证的,-st- = -sist- = -stat- = -stin- = -stem-
testamentary,"/,testə'ment(ə)rɪ/",adj. 遗嘱的，据遗嘱的；遗嘱中写明的,-st- = -sist- = -stat- = -stin- = -stem-
exist,/iɡ'zist/,v. 存在,-st- = -sist- = -stat- = -stin- = -stem-
existent,/iɡ'zistənt/,adj. 存在的,-st- = -sist- = -stat- = -stin- = -stem-
nonexistent,"/,nɑnɪg'zɪstənt/",adj. 不存在的,-st- = -sist- = -stat- = -stin- = -stem-
existential,"/,egzɪ'stenʃ(ə)l/",adj. 存在主义的；有关存在的；存在判断的,-st- = -sist- = -stat- = -stin- = -stem-
existentialist,/ɛgzɪs'tɛnʃəlɪst/,n. 存在主义者 adj. 存在主义的,-st- = -sist- = -stat- = -stin- = -stem-
existentialism,/egzɪ'stenʃ(ə)lɪz(ə)m/,n. 存在主义,-st- = -sist- = -stat- = -stin- = -stem-
existence,/iɡ'zistəns/,n. 存在，存在物,-st- = -sist- = -stat- = -stin- = -stem-
nonexistence,"/,nɒnɪɡ'zɪstəns/",n. 不存在；不存在的事,-st- = -sist- = -stat- = -stin- = -stem-
existed,/iɡ'zistid/,adj. 生存的，存在的,-st- = -sist- = -stat- = -stin- = -stem-
existing,/ɪɡ'zɪstɪŋ/,adj. 目前的；现存的,-st- = -sist- = -stat- = -stin- = -stem-
coexist,"/,kəʊɪg'zɪst/",vi. 共存；和平共处,-st- = -sist- = -stat- = -stin- = -stem-
coexistent,/'koɪg'zɪstənt/,adj. 同时共存的；同时代的,-st- = -sist- = -stat- = -stin- = -stem-
coexistence,/'koɪg'zɪstəns/,n. 共存；和平共处；并立,-st- = -sist- = -stat- = -stin- = -stem-
coexisting,/'koɪg'zɪst/,adj. 共存的,-st- = -sist- = -stat- = -stin- = -stem-
preexist,/'priːɪɡ'zɪst/,vi. 先前存在 vt. 先于…存在,-st- = -sist- = -stat- = -stin- = -stem-
preexistent,"/,priɪg'zɪstənt/",adj. 先在的；事先存在,-st- = -sist- = -stat- = -stin- = -stem-
preexistence,/priɪg'zɪstəns/,n. 前世；先存在；灵魂先存,-st- = -sist- = -stat- = -stin- = -stem-
pre-existing,"/,pri:ig'zistiŋ/",adj. 先已存在的,-st- = -sist- = -stat- = -stin- = -stem-
steel,/stiːl/,n. 钢铁；钢制品；坚固 vt. 钢化；使冷酷,-st- = -sist- = -stat- = -stin- = -stem-
steely,/'stiːlɪ/,adj. 似钢的，钢铁般的；钢制的；严格的,-st- = -sist- = -stat- = -stin- = -stem-
steeliness,/'sti:linis/,n. 钢制；冷酷；顽固,-st- = -sist- = -stat- = -stin- = -stem-
steelhead,/'stiːlhed/,n. 虹鳟；硬头鳟；北美鳟鱼,-st- = -sist- = -stat- = -stin- = -stem-
steelworker,"/'stiːl,wɜːkə/",n. 炼钢工人,-st- = -sist- = -stat- = -stin- = -stem-
steelmaker,"/'stil,mekɚ/",n. 钢铁制造商；炼钢工,-st- = -sist- = -stat- = -stin- = -stem-
steelwork,/'stiːlwɜːk/,n. 钢制品；炼钢厂；钢铁构造,-st- = -sist- = -stat- = -stin- = -stem-
steel-gray,/'sti:l-greɪ/,adj. 稍带蓝色的灰色,-st- = -sist- = -stat- = -stin- = -stem-
steel-toed,/'sti:l-təʊd/,adj. 钢制鞋头的,-st- = -sist- = -stat- = -stin- = -stem-
steely-eyed,/'sti:l-aɪd/,adj. 目光坚毅的,-st- = -sist- = -stat- = -stin- = -stem-
steel-rimmed,/'sti:l-rɪmd/,adj. 镶钢边的,-st- = -sist- = -stat- = -stin- = -stem-
steel-blue,/'sti:l-bluː/,n. 钢青色 adj. 钢青色的,-st- = -sist- = -stat- = -stin- = -stem-
steel-framed,/'sti:l-freimd/,adj. 钢架的,-st- = -sist- = -stat- = -stin- = -stem-
steel-and-glass,/'sti:l- ænd-glɑːs/,n. 玻璃钢,-st- = -sist- = -stat- = -stin- = -stem-
station,/'steɪʃ(ə)n/,n 根据地，驻扎地，基地,-st- = -sist- = -stat- = -stin- = -stem-
stationary,/'steɪʃ(ə)n(ə)rɪ/,adj. 固定的；静止的；定居的；常备军的 n. 不动的人；驻军,-st- = -sist- = -stat- = -stin- = -stem-
stationery,/'steɪʃ(ə)n(ə)rɪ/,n. 文具；信纸,-st- = -sist- = -stat- = -stin- = -stem-
stationer,/'steɪʃ(ə)nə/,n. 文具店；文具商,-st- = -sist- = -stat- = -stin- = -stem-
stationing,/'steʃən/,n. 驻军,-st- = -sist- = -stat- = -stin- = -stem-
molestation,"/,məule'steiʃən/",n. 干扰，妨害；折磨；调戏,-st- = -sist- = -stat- = -stin- = -stem-
child-molestation,"/tʃaɪld-,məule'steiʃən/",n. 儿童性骚扰,-st- = -sist- = -stat- = -stin- = -stem-
superstation,"/'sjʊpɚ,steʃən/",n. 特大型发电厂；特大功率电台,-st- = -sist- = -stat- = -stin- = -stem-
gas-station,/gæs-'steɪʃ(ə)n/,n. 加油站,-st- = -sist- = -stat- = -stin- = -stem-
geostationary,/dʒiːə(ʊ)'steɪʃ(ə)n(ə)rɪ/,adj. 与地球旋转同步的,-st- = -sist- = -stat- = -stin- = -stem-
stationmaster,/'steɪʃ(ə)nmɑːstə/,n. （火车站）站长,-st- = -sist- = -stat- = -stin- = -stem-
space-station,/speɪs-'steɪʃ(ə)n/,n. 空间站，太空站,-st- = -sist- = -stat- = -stin- = -stem-
stationhouse,/'steɪʃ(ə)n-haʊs/,n. 消防队；派出所,-st- = -sist- = -stat- = -stin- = -stem-
distant,/'dɪst(ə)nt/,adj. 遥远的；冷漠的；远隔的；不友好的，冷淡的,-st- = -sist- = -stat- = -stin- = -stem-
distantly,/'distəntli/,adv. 远离地；疏远地；冷淡地,-st- = -sist- = -stat- = -stin- = -stem-
distance,/'dɪst(ə)ns/,n. 距离；远方；疏远,-st- = -sist- = -stat- = -stin- = -stem-
distancing,/ˈdɪstənsɪŋ/,n. 距离,-st- = -sist- = -stat- = -stin- = -stem-
distal,/'dɪst(ə)l/,adj. [解剖] 末梢的，末端的,-st- = -sist- = -stat- = -stin- = -stem-
distally,/'dɪst(ə)lɪ/,adv. 远侧地,-st- = -sist- = -stat- = -stin- = -stem-
distance-learning,/ˈdɪstəns-'lɜːnɪŋ/,n. 远程教育；函授学习,-st- = -sist- = -stat- = -stin- = -stem-
distant-water,/'dɪst(ə)nt-'wɔːtə/,adj. 远海的，远洋的,-st- = -sist- = -stat- = -stin- = -stem-
far-distant,/'fɑ:'distənt/,adj. 非常遥远的,-st- = -sist- = -stat- = -stin- = -stem-
short-distance,/ʃɔːt-ˈdɪstəns/,n. 短途,-st- = -sist- = -stat- = -stin- = -stem-
long-distance,/'lɔŋ'dɪstəns/,adj. [通信][交]长途的； 长距离的 vt. 打长途电话给 adv. 通过长途电话,-st- = -sist- = -stat- = -stin- = -stem-
not-too-distant,/nɒt-tuː-'dɪst(ə)nt/,adj. 不远的；不久的,-st- = -sist- = -stat- = -stin- = -stem-
not-so-distant,/nɒt-səʊ-'dɪst(ə)nt/,adj. 不远的,-st- = -sist- = -stat- = -stin- = -stem-
middle-distance,/'mɪd(ə)l-ˈdɪstəns/,adj. 中等距离的,-st- = -sist- = -stat- = -stin- = -stem-
stance,/stɑːns/,n. 立场；姿态；位置,-st- = -sist- = -stat- = -stin- = -stem-
stanza,/'stænzə/,n. 演出期；局；场；诗的一节,-st- = -sist- = -stat- = -stin- = -stem-
stanchion,/'stænʃ(ə)n/,n. 支柱 vt. 用支柱支撑,-st- = -sist- = -stat- = -stin- = -stem-
circumstance,/ˈsɜːkəmstəns/,n. 环境；情况；事件；境遇,-st- = -sist- = -stat- = -stin- = -stem-
circumstantial,/sɜːkəm'stænʃ(ə)l/,adj. 依照情况的；详细的，详尽的；偶然的,-st- = -sist- = -stat- = -stin- = -stem-
circumstantially,"/,sə:kəm'stænʃəli/",adv. 依照情况地,-st- = -sist- = -stat- = -stin- = -stem-
instant,/'ɪnst(ə)nt/,adj. 立即的；紧急的；紧迫的,-st- = -sist- = -stat- = -stin- = -stem-
instantly,/'ɪnst(ə)ntlɪ/,adv. 立即地；马上地；即刻地 conj. 一…就…,-st- = -sist- = -stat- = -stin- = -stem-
instancy,/'ɪnst(ə)nsɪ/,n. 迫切；紧急；瞬间,-st- = -sist- = -stat- = -stin- = -stem-
instance,/'ɪnst(ə)ns/,n. 实例；情况；建议 vt. 举...为例,-st- = -sist- = -stat- = -stin- = -stem-
instantaneous,"/,ɪnst(ə)n'teɪnɪəs/",adj. 瞬间的；即时的；猝发的,-st- = -sist- = -stat- = -stin- = -stem-
instantaneously,"/,ɪnstən'tenɪəsli/",adv. 即刻；突如其来地,-st- = -sist- = -stat- = -stin- = -stem-
instantiate,/ɪn'stænʃɪeɪt/,vt. 例示，举例说明,-st- = -sist- = -stat- = -stin- = -stem-
instant-read,/'ɪnst(ə)nt-ri:d/,n. 即时读取,-st- = -sist- = -stat- = -stin- = -stem-
instant-messaging,/ɪnst(ə)nt-'mesɪdʒɪŋ/,n. 即时通讯,-st- = -sist- = -stat- = -stin- = -stem-
substantiate,/səb'stænʃɪeɪt/,vt. 证实；使实体化,-st- = -sist- = -stat- = -stin- = -stem-
substantiation,"/səb,stænʃɪ'eʃən/",n. 证实；实体化,-st- = -sist- = -stat- = -stin- = -stem-
substantiated,/səb'stænʃɪeɪtɪd/,adj. 实体化的；被证实了的,-st- = -sist- = -stat- = -stin- = -stem-
substantial,/səb'stænʃ(ə)l/,adj. 大量的；实质的；内容充实的 n. 本质；重要材料,-st- = -sist- = -stat- = -stin- = -stem-
substantiality,"/səb,stænʃɪ'æləti/",n. 实体；实质性；真实价值；内容,-st- = -sist- = -stat- = -stin- = -stem-
insubstantial,/ɪnsəb'stænʃ(ə)l/,adj. 脆弱的；无实体的；幻想的，非真实的,-st- = -sist- = -stat- = -stin- = -stem-
unsubstantiated,/ʌnsəb'stænʃɪeɪtɪd/,adj. 未经证实的，无事实根据的,-st- = -sist- = -stat- = -stin- = -stem-
substance,/'sʌbst(ə)ns/,n. 物质；实质；资产；主旨,-st- = -sist- = -stat- = -stin- = -stem-
substance-use,/'sʌbst(ə)ns-juːz/,n. 物质使用,-st- = -sist- = -stat- = -stin- = -stem-
substantially,/səb'stænʃ(ə)lɪ/,adv. 实质上；大体上；充分地,-st- = -sist- = -stat- = -stin- = -stem-
substantive,/'sʌbst(ə)ntɪv/,adj. 有实质的；大量的；真实的；独立存在的,-st- = -sist- = -stat- = -stin- = -stem-
substantively,/'sʌbstəntivli/,adv. 实质上,-st- = -sist- = -stat- = -stin- = -stem-
constant,/'kɒnst(ə)nt/,adj. 不变的；恒定的,-st- = -sist- = -stat- = -stin- = -stem-
constantly,/'sʌbstəntivli/,adv. 实质上,-st- = -sist- = -stat- = -stin- = -stem-
constancy,/'kɒnst(ə)nsɪ/,n. 坚定不移；恒久不变,-st- = -sist- = -stat- = -stin- = -stem-
near-constant,/nɪə-'kɒnst(ə)nt/,adj. 几乎不停的,-st- = -sist- = -stat- = -stin- = -stem-
inconstant,/ɪn'kɒnst(ə)nt/,adj. 变化无常的；易变的；多变的,-st- = -sist- = -stat- = -stin- = -stem-
inconstancy,/ɪn'kɑnstnsi/,n. 反复无常，易变；不定性,-st- = -sist- = -stat- = -stin- = -stem-
constable,/'kʌnstəb(ə)l/,n. 治安官，巡警；警察,-st- = -sist- = -stat- = -stin- = -stem-
constabulary,/kən'stæbjʊlərɪ/,n. 警察；警官队 adj. 警官的，警察的,-st- = -sist- = -stat- = -stin- = -stem-
estancia,/e'stænsɪə/,n. 大牧场（拉丁美洲的） ；大庄园（拉丁美洲的）,-st- = -sist- = -stat- = -stin- = -stem-
happenstance,"/'hæp(ə)n,stæns/",n. 意外事件，偶然事件,-st- = -sist- = -stat- = -stin- = -stem-
status,/'steɪtəs/,n. 地位；身份；法律地位；雕像；塑像；状态,-st- = -sist- = -stat- = -stin- = -stem-
statue,/'stætjuː/,n. 雕像，塑像 vt. 以雕像装饰,-st- = -sist- = -stat- = -stin- = -stem-
stature,/'stætʃə/,n. 身高，身材； （精神、道德等的）高度,-st- = -sist- = -stat- = -stin- = -stem-
statutory,/'stætjʊt(ə)rɪ/,adj. 法定的；法令的；可依法惩处的,-st- = -sist- = -stat- = -stin- = -stem-
statuette,/stætjʊ'et/,n. 小雕（塑）像,-st- = -sist- = -stat- = -stin- = -stem-
statuary,/'stætjʊərɪ/,n. 雕像；雕像艺术 adj. 雕塑的；雕像用的,-st- = -sist- = -stat- = -stin- = -stem-
statuesque,"/,stætjʊ'esk/",adj. 雕像般的；轮廓清晰的；均衡的,-st- = -sist- = -stat- = -stin- = -stem-
statutorily,"/'stætʃʊ,torɪli/",adv. 根据法律条文地,-st- = -sist- = -stat- = -stin- = -stem-
serostatus,"/,sɛrə'steɪtəs/",n. 感染状况,-st- = -sist- = -stat- = -stin- = -stem-
high-status,/haɪ-'steɪtəs/,adj. 地位高的,-st- = -sist- = -stat- = -stin- = -stem-
low-status,/ləʊ-'steɪtəs/,adj. 地位低的,-st- = -sist- = -stat- = -stin- = -stem-
status-conscious,/'steɪtəs-kɒnʃəs/,adj. 地位意识强的；重视地位的,-st- = -sist- = -stat- = -stin- = -stem-
final-status,/'faɪn(ə)l-'steɪtəs/,n. 最终地位,-st- = -sist- = -stat- = -stin- = -stem-
insist,/in'sist/,v. 坚决主张，坚持,-st- = -sist- = -stat- = -stin- = -stem-
insistent,/ɪn'sɪst(ə)nt/,adj. 坚持的；迫切的；显著的；引人注目的；紧急的,-st- = -sist- = -stat- = -stin- = -stem-
insistently,/in'sistəntli/,adv. 坚持地；强求地,-st- = -sist- = -stat- = -stin- = -stem-
insistence,/in'sistəns/,n. 坚决主张，坚持,-st- = -sist- = -stat- = -stin- = -stem-
persist,/pə'sist/,v. 坚持，持续,-st- = -sist- = -stat- = -stin- = -stem-
persistent,/pə'sistənt/,adj. 坚持的，持续的,-st- = -sist- = -stat- = -stin- = -stem-
persistently,/pə'sistəntli/,adv. 坚持地；固执地,-st- = -sist- = -stat- = -stin- = -stem-
persistence,/pə'sistəns/,n. 坚持，持续,-st- = -sist- = -stat- = -stin- = -stem-
contrast,/'kɒntrɑːst/,vi 对比；形成对照,-st- = -sist- = -stat- = -stin- = -stem-
high-contrast,/'haikən'trɑ:st/,n. 高反差，高对比度,-st- = -sist- = -stat- = -stin- = -stem-
contrasty,/'kɒntrɑːstɪ/,adj. 硬调的，明暗差别强烈的,-st- = -sist- = -stat- = -stin- = -stem-
contrasting,/kən'træstɪŋ/,adj. 形成鲜明对比的；差异大的,-st- = -sist- = -stat- = -stin- = -stem-
contrasted,/kən'trɑ:stɪd/,adj. 比较；对比的,-st- = -sist- = -stat- = -stin- = -stem-
contrastive,/kən'træstɪv/,adj. 对比的,-st- = -sist- = -stat- = -stin- = -stem-
cost,/kɒst/,vt. 花费；使付出；使花许多钱 n. 费用，代价，成本；损失 vi. 花费,-st- = -sist- = -stat- = -stin- = -stem-
costless,/'kɔstlɪs/,adj. 不花钱的；无须付出代价的,-st- = -sist- = -stat- = -stin- = -stem-
costume,/kɒstjuːm/,n. 服装，装束；戏装，剧装 vt. 给…穿上服装,-st- = -sist- = -stat- = -stin- = -stem-
costly,/'kɒs(t)lɪ/,adj. 昂贵的；代价高的,-st- = -sist- = -stat- = -stin- = -stem-
low-cost,"/'ləʊ,kɔst/",adj. 廉价的；价格便宜的,-st- = -sist- = -stat- = -stin- = -stem-
high-cost,"/haɪ,kɔst/",adj. 高成本的,-st- = -sist- = -stat- = -stin- = -stem-
lower-cost,"/'ləʊə,kɔst/",adj. 更低成本的,-st- = -sist- = -stat- = -stin- = -stem-
lowest-cost,"/ləʊɪst,kɔst/",adj. 最低成本的,-st- = -sist- = -stat- = -stin- = -stem-
cost-cutting,/'kɔst'kʌtiŋ/,n. 削减成本,-st- = -sist- = -stat- = -stin- = -stem-
cost-sharing,/'kɔst'ʃɛrɪŋ/,adj. 费用分担的,-st- = -sist- = -stat- = -stin- = -stem-
cost-plus,/'kɔst'plʌs/,adj. 成本加成的,-st- = -sist- = -stat- = -stin- = -stem-
staff,/stɑːf/,n. 职员；参谋；棒；支撑 adj. 职员的；行政工作的 vt. 供给人员；给…配备职员,-st- = -sist- = -stat- = -stin- = -stem-
staffer,/'stɑːfə/,n. 职员；编辑；采访记者,-st- = -sist- = -stat- = -stin- = -stem-
staffing,/'stæfɪŋ/,n. 安置职工,-st- = -sist- = -stat- = -stin- = -stem-
understaffed,/ʌndə'stɑːft/,adj. 人手不足的；人员不足的,-st- = -sist- = -stat- = -stin- = -stem-
well-staffed,/wel'stɑːft/,adj. 人员配备精良的,-st- = -sist- = -stat- = -stin- = -stem-
stuff,/stʌf/,n. 东西；材料；填充物；素材资料 vt. 塞满；填塞；让吃饱 vi. 吃得过多,-st- = -sist- = -stat- = -stin- = -stem-
stuffing,/'stʌfɪŋ/,n. 填料，填塞物,-st- = -sist- = -stat- = -stin- = -stem-
overstuff,"/,əʊvə'stʌf/",vt. 装填过度；给（软椅、沙发等）加厚软垫,-st- = -sist- = -stat- = -stin- = -stem-
overstuffed,"/'ovɚ,stʌft/",adj. 垫得又软又厚的；冗长的；多油的,-st- = -sist- = -stat- = -stin- = -stem-
unstuffed,/ʌn'stʌft/,adj. 不拥挤的；未填塞（或装满）的,-st- = -sist- = -stat- = -stin- = -stem-
stable,/'steɪb(ə)l/,adj. 稳定的；牢固的；坚定的,-st- = -sist- = -stat- = -stin- = -stem-
unstable,/ʌn'steɪb(ə)l/,adj. 不稳定的；动荡的；易变的,-st- = -sist- = -stat- = -stin- = -stem-
stably,/'stebli/,adv. 平稳地；坚固地；安定地,-st- = -sist- = -stat- = -stin- = -stem-
stability,/stə'bɪlɪtɪ/,n. 稳定性；坚定，恒心,-st- = -sist- = -stat- = -stin- = -stem-
instability,/ɪnstə'bɪlɪtɪ/,n. 不稳定（性） ；基础薄弱；不安定,-st- = -sist- = -stat- = -stin- = -stem-
stabilize,/'steɪbəlaɪz/,vt. 使稳固，使安定 vi. 稳定，安定,-st- = -sist- = -stat- = -stin- = -stem-
stabilizer,/'steɪbɪlaɪzə/,n. [助剂] 稳定剂；稳定器；安定装置,-st- = -sist- = -stat- = -stin- = -stem-
stabilizing,"/'stebl,aɪzɪŋ/",n. 稳定化；稳定化处理,-st- = -sist- = -stat- = -stin- = -stem-
stabilized,/s'teɪbəlaɪzd/,adj. 稳定的；减摇的,-st- = -sist- = -stat- = -stin- = -stem-
stabilization,"/,steɪbɪlaɪ'zeɪʃən/",n. 稳定；稳定化,-st- = -sist- = -stat- = -stin- = -stem-
stablemate,/'steɪb(ə)lmeɪt/,n. 同一马主的马；与他马同厩之马,-st- = -sist- = -stat- = -stin- = -stem-
stableman,/'steɪb(ə)lmən/,n. 马夫,-st- = -sist- = -stat- = -stin- = -stem-
stableboy,/'steiblbɔi/,n. 马夫；马童,-st- = -sist- = -stat- = -stin- = -stem-
destabilize,/di'steɪbə'laɪz/,vt. 使动摇,-st- = -sist- = -stat- = -stin- = -stem-
destabilizing,/di'steɪbə'laɪzɪŋ/,n. 减稳,-st- = -sist- = -stat- = -stin- = -stem-
destabilized,/di'steɪbə'laɪzɪd/,adj. 非稳定的,-st- = -sist- = -stat- = -stin- = -stem-
destabilization,/ˌdiːˌsteɪbəlaɪ'zeɪʃn/,n. 不稳定；扰动,-st- = -sist- = -stat- = -stin- = -stem-
rent-stabilized,/rent-s'teɪbəlaɪzd/,adj. 租金稳定；房租稳定,-st- = -sist- = -stat- = -stin- = -stem-
shelf-stable,/ʃelf-'steɪb(ə)l/,adj. 耐储藏的,-st- = -sist- = -stat- = -stin- = -stem-
metastable,"/,metə'steɪb(ə)l/",adj. [物][化学] 亚稳的；相对稳定的,-st- = -sist- = -stat- = -stin- = -stem-
establish,/ɪ'stæblɪʃ/,vt. 建立；创办；安置,-st- = -sist- = -stat- = -stin- = -stem-
establishment,/ɪ'stæblɪʃm(ə)nt/,n. 确立；制定；公司；设施,-st- = -sist- = -stat- = -stin- = -stem-
established,/ɪ'stæblɪʃt/,adj. 确定的；已制定的，已建立的,-st- = -sist- = -stat- = -stin- = -stem-
disestablish,/dɪsɪ'stæblɪʃ/,vt. 废除；使政教分离；解除…官职,-st- = -sist- = -stat- = -stin- = -stem-
disestablishment,"/,disis'tæbliʃmənt/",n. 解除官职；政教分离,-st- = -sist- = -stat- = -stin- = -stem-
re-establish,"/,ri:i'stæbliʃ/",vt. 重建；恢复；重新安置,-st- = -sist- = -stat- = -stin- = -stem-
reestablishment,"/,ri:i'stæbliʃmənt/",n. 恢复，重建,-st- = -sist- = -stat- = -stin- = -stem-
well-established,/'weli'stæbliʃt/,adj. 得到确认的；固定下来的,-st- = -sist- = -stat- = -stin- = -stem-
long-established,/lɒŋ-'weli'stæbliʃt/,adj. 多年从事经营的；开办很久的,-st- = -sist- = -stat- = -stin- = -stem-
anti-establishment,"/,ænti'stæbliʃmənt/",n. 反建制；反政府情绪,-st- = -sist- = -stat- = -stin- = -stem-
institute,/'ɪnstɪtjuːt/,vt. 开始（调查） ；制定；创立；提起（诉讼）n. 学会，协会；学院,-st- = -sist- = -stat- = -stin- = -stem-
institution,/ɪnstɪ'tjuːʃ(ə)n/,n. 制度；建立； （社会或宗教等）公共机构；习俗,-st- = -sist- = -stat- = -stin- = -stem-
institutional,/ɪnstɪ'tjuːʃ(ə)n(ə)l/,adj. 制度的；制度上的；学会的；由来已久的；习以为常的,-st- = -sist- = -stat- = -stin- = -stem-
institutionalize,"/,ɪnstɪ'tuʃənəlaɪz/",vt. 使…制度化,-st- = -sist- = -stat- = -stin- = -stem-
institutionalized,"/,ɪnstɪ'tjuːʃənəlaɪzd/",adj. 使成惯例的；有组织的,-st- = -sist- = -stat- = -stin- = -stem-
institutionalization,"/,ɪnstə,tjʊʃənlə'zeʃən/",n. 制度化；体制化,-st- = -sist- = -stat- = -stin- = -stem-
institutionally,/ɪnstɪ'tjuːʃ(ə)n(ə)li/,adv. 从制度上,-st- = -sist- = -stat- = -stin- = -stem-
institutionalism,"/,ɪnstɪ'tjuːʃənəlɪzəm/",n. 设立；制式主义,-st- = -sist- = -stat- = -stin- = -stem-
reinstitution,/'ri:insti-'tju:ʃən/,n. 再建立，重新建立,-st- = -sist- = -stat- = -stin- = -stem-
anti-institutional,/['æntɪ-ɪnstɪ'tjuːʃ(ə)n(ə)l/,adj. 反制度的,-st- = -sist- = -stat- = -stin- = -stem-
obstacle,/'ɒbstək(ə)l/,n. 障碍；干扰；妨害物,-st- = -sist- = -stat- = -stin- = -stem-
obstetric,/əb'stetrɪk/,adj. 产科的；生产的，分娩的,-st- = -sist- = -stat- = -stin- = -stem-
obstetrics,/əb'stetrɪks/,n. 产科学，助产术,-st- = -sist- = -stat- = -stin- = -stem-
obstinacy,/'ɒbstɪnəsɪ/,n. 固执，顽固； （病痛等的）难治，难解除,-st- = -sist- = -stat- = -stin- = -stem-
obstetrician,"/,ɒbstə'trɪʃ(ə)n/",n. 产科医师,-st- = -sist- = -stat- = -stin- = -stem-
constitute,/'kɒnstɪtjuːt/,vt. 组成，构成；建立；任命,-st- = -sist- = -stat- = -stin- = -stem-
constitution,/kɒnstɪ'tjuːʃ(ə)n/,n. 宪法；体制；章程；构造；建立，组成；体格,-st- = -sist- = -stat- = -stin- = -stem-
constitutional,/kɒnstɪ'tjuːʃ(ə)n(ə)l/,adj. 宪法的；本质的；体质上的；保健的,-st- = -sist- = -stat- = -stin- = -stem-
constitutionality,"/,kɒnstɪ,tjuːʃə'nælɪtɪ/",n. 符合宪法；立宪,-st- = -sist- = -stat- = -stin- = -stem-
constitutionally,"/,kɒnstɪ'tjuːʃənəlɪ/",adv. 本质地；体质上；天生,-st- = -sist- = -stat- = -stin- = -stem-
constitutionalist,"/,kɑnstə'tjʊʃənlɪst/",n. 立宪主义者,-st- = -sist- = -stat- = -stin- = -stem-
constitutionalism,/kɒnstɪ'tjuːʃ(ə)n(ə)lɪz(ə)m/,n. 立宪；立宪主义，立宪制度,-st- = -sist- = -stat- = -stin- = -stem-
constituent,/kən'stɪtjʊənt/,n. 成分；选民；委托人 adj. 构成的；选举的,-st- = -sist- = -stat- = -stin- = -stem-
constituency,/kən'stɪtjʊənsɪ/,n. （选区的）选民；支持者； （一批）顾客,-st- = -sist- = -stat- = -stin- = -stem-
constitutive,/'kɒnstɪtjuːtɪv/,adj. 基本的；本质的；制定的；构成分子的 n. 要素,-st- = -sist- = -stat- = -stin- = -stem-
unconstitutional,"/,ʌnkɒnstɪ'tjuːʃ(ə)n(ə)l/",adj. 违反宪法的；违反宪法地,-st- = -sist- = -stat- = -stin- = -stem-
unconstitutionality,"/,ʌnkɔnstətju:ʃə'næləti/",n. 违反宪法；不合宪法,-st- = -sist- = -stat- = -stin- = -stem-
unconstitutionally,"/ʌn,kɒnstɪ,tjuːʃə'nælɪtɪ/",adv. 无意识的,-st- = -sist- = -stat- = -stin- = -stem-
extra-constitutional,"/'ekstrə,kɒnstɪ'tjuːʃənəl/",adj. 宪法中还没规定的；宪法以外的,-st- = -sist- = -stat- = -stin- = -stem-
anti-constitutional,"/'æntɪ,kɒnstɪ'tjuːʃənəl/",adj. 反宪法的,-st- = -sist- = -stat- = -stin- = -stem-
self-constitution,/self-kɒnstɪ'tjuːʃ(ə)n/,n. 自我建构,-st- = -sist- = -stat- = -stin- = -stem-
reconstitute,/riː'kɒnstɪtjuːt/,vt. 重新设立；重新组成,-st- = -sist- = -stat- = -stin- = -stem-
reconstituted,"/,ri'kɑnstə,tjʊt/",adj. 再造的,-st- = -sist- = -stat- = -stin- = -stem-
reconstitution,"/'ri:,kɔnsti'tju:ʃən/",n. 冲调，复水；(干果或干菜)泡涨；浓缩食品稀释至初始浓度,-st- = -sist- = -stat- = -stin- = -stem-
consternation,/kɒnstə'neɪʃ(ə)n/,n. 惊愕；惊惶失措；恐怖,-st- = -sist- = -stat- = -stin- = -stem-
constipation,/kɒnstɪ'peɪʃ(ə)n/,n. [临床] 便秘；受限制,-st- = -sist- = -stat- = -stin- = -stem-
stall,/stɔːl/,n. 货摊；畜栏；托辞 vi. 停止，停转；拖延 vt. 拖延；使停转；使陷于泥中,-st- = -sist- = -stat- = -stin- = -stem-
stalled,/stɔ:ld/,失速的,-st- = -sist- = -stat- = -stin- = -stem-
stalling,/'stɔ:liŋ/,n. [航] 失速，停转,-st- = -sist- = -stat- = -stin- = -stem-
stallion,/'stæljən/,n. 种马；成年公马,-st- = -sist- = -stat- = -stin- = -stem-
long-stalled,/lɒŋ-stɔ:ld/,adj. 长期停滞的,-st- = -sist- = -stat- = -stin- = -stem-
install,/ɪnˈstɔ:l/,vt. 安装；任命；安顿,-st- = -sist- = -stat- = -stin- = -stem-
installation,/ɪnstə'leɪʃ(ə)n/,n. 安装，装置；就职,-st- = -sist- = -stat- = -stin- = -stem-
installment,/ɪn'stɔ:lmənt/,n. 安装；分期付款；部分；就职,-st- = -sist- = -stat- = -stin- = -stem-
installer,/ɪn'stɔ:lə/,n. 安装程序；安装者，安装工,-st- = -sist- = -stat- = -stin- = -stem-
installed,/ɪn'stɔld/,adj. 安装的；已装入的,-st- = -sist- = -stat- = -stin- = -stem-
reinstall,"/,ri:in'stɔ:l/",vt. 重新设置，重新安装；使从新正式就职,-st- = -sist- = -stat- = -stin- = -stem-
bookstall,/'bʊkstɔːl/,n. 书报摊,-st- = -sist- = -stat- = -stin- = -stem-
uninstalled,"/ʌn,ɪn'stɔld/",adj. 未安装的,-st- = -sist- = -stat- = -stin- = -stem-
substitute,/'sʌbstɪtjuːt/,n. 代用品；代替者 vi. 替代 vt. 代替,-st- = -sist- = -stat- = -stin- = -stem-
substitution,/sʌbstɪ'tjuːʃn/,n. 代替；[数] 置换；代替物,-st- = -sist- = -stat- = -stin- = -stem-
substituted,/'sʌbstɪtju:tɪd/,adj. 取代的，代替的,-st- = -sist- = -stat- = -stin- = -stem-
substitutive,/'sʌbstɪtjuːtɪv/,adj. 代用的；代替的；代理的,-st- = -sist- = -stat- = -stin- = -stem-
substitutable,/'sʌbstitju:təbl/,adj. 可替换的,-st- = -sist- = -stat- = -stin- = -stem-
substitutability,"/,səbstə,tjutə'biləti/",n. [计] 可代换性；[计] 可置换性,-st- = -sist- = -stat- = -stin- = -stem-
substitutionary,"/,sʌbsti'tju:ʃənəri/",adj. 取代的；代理的；代用的,-st- = -sist- = -stat- = -stin- = -stem-
import-substitution,/ɪm'pɔːt-sʌbstɪ'tjuːʃn/,n. 进口替代,-st- = -sist- = -stat- = -stin- = -stem-
substituting,/'sʌbstitju:tiŋ/,n. 取代；[数] 代入,-st- = -sist- = -stat- = -stin- = -stem-
import-substituting,/ɪm'pɔːt-'sʌbstitju:tiŋ/,adj. 国产化,-st- = -sist- = -stat- = -stin- = -stem-
prostitute,/'prɒstɪtjuːt/,vt. 使沦为妓女 adj. 卖淫的；堕落的 n. 妓女,-st- = -sist- = -stat- = -stin- = -stem-
prostitution,"/,prɒstɪ'tʃuːʃn/",n. 卖淫；滥用；出卖灵魂,-st- = -sist- = -stat- = -stin- = -stem-
destine,/'destɪn/,vt. 注定；命定；预定,-st- = -sist- = -stat- = -stin- = -stem-
destiny,/'destɪnɪ/,n. 命运，定数，天命,-st- = -sist- = -stat- = -stin- = -stem-
destined,/'destɪnd/,adj. 注定的；命定的；去往…的,-st- = -sist- = -stat- = -stin- = -stem-
destitute,/'destɪtjuːt/,adj. 穷困的；无的；缺乏的 n. 赤贫者 vt. 使穷困；夺去,-st- = -sist- = -stat- = -stin- = -stem-
destination,"/,destɪ'neɪʃ(ə)n/",n. 目的地，终点,-st- = -sist- = -stat- = -stin- = -stem-
stead,/sted/,n. 代替；用处 vt. 对…有利,-st- = -sist- = -stat- = -stin- = -stem-
steady,/'stedɪ/,adj. 稳定的；不变的；沉着的 vi. 稳固 vt. 使稳定；稳固；使坚定 adv. 稳定地；稳固地,-st- = -sist- = -stat- = -stin- = -stem-
steadily,/'stedɪlɪ/,adv. 稳定地；稳固地；有规则地,-st- = -sist- = -stat- = -stin- = -stem-
steadiness,/'stɛdɪnɪs/,n. 稳定；稳健；不变；稳固,-st- = -sist- = -stat- = -stin- = -stem-
unsteady,/ʌn'stedɪ/,adj. 不稳定的；不规则的；摇摆的；无常的,-st- = -sist- = -stat- = -stin- = -stem-
unsteadily,/ʌn'stɛdɪli/,adv. 不稳定地；摇摆地（unsteady 的副词）vt. 使不稳定,-st- = -sist- = -stat- = -stin- = -stem-
unsteadiness,/ʌn'stɛdɪnɪs/,n. 不稳定；动摇；不规则；古怪,-st- = -sist- = -stat- = -stin- = -stem-
homestead,/'həʊmsted/,n. 宅地；家园；田产,-st- = -sist- = -stat- = -stin- = -stem-
farmstead,/'fɑːmsted/,n. 农庄；农场及其建筑物,-st- = -sist- = -stat- = -stin- = -stem-
bedstead,/'bedsted/,n. 床架,-st- = -sist- = -stat- = -stin- = -stem-
steadfastly,/'stedfɑ:stlɪ/,adv. 踏实地；不变地,-st- = -sist- = -stat- = -stin- = -stem-
instead,/ɪn'sted/,adv. 代替；反而；相反,-st- = -sist- = -stat- = -stin- = -stem-
sturdy,/'stɜːdɪ/,adj. 坚定的；强健的；健全的 n. 羊晕倒病,-st- = -sist- = -stat- = -stin- = -stem-
sturdily,/'stə:dili/,adv. 坚毅地，坚强地；强壮地,-st- = -sist- = -stat- = -stin- = -stem-
nest,/nest/,n. 巢，窝；安乐窝；温床 vt. 筑巢；嵌套 vi. 筑巢；找鸟巢,-st- = -sist- = -stat- = -stin- = -stem-
nested,/'nestɪd/,adj. 嵌套的，内装的,-st- = -sist- = -stat- = -stin- = -stem-
nester,/'nestə/,n. 穴居的兽；筑巢的鸟；放牧地自耕农；试验筛组的单位筛,-st- = -sist- = -stat- = -stin- = -stem-
nestle,/'nes(ə)l/,vi. 舒适地坐定；偎依；半隐半现地处于 vt. 抱；安置,-st- = -sist- = -stat- = -stin- = -stem-
nesting,/'nestɪŋ/,n. [计] 嵌套；造巢；镶嵌,-st- = -sist- = -stat- = -stin- = -stem-
empty-nest,/ˈemptɪ-'nest/,n. 独守空闺,-st- = -sist- = -stat- = -stin- = -stem-
stadia,/'stediə/,n. 视距；视距仪（stadium 的复数）,-st- = -sist- = -stat- = -stin- = -stem-
stadium,/'steɪdɪəm/,n. 体育场；露天大型运动场,-st- = -sist- = -stat- = -stin- = -stem-
steer,/stɪə/,vt. 控制，引导；驾驶 vi. 驾驶，掌舵；行驶 n. 阉牛,-st- = -sist- = -stat- = -stin- = -stem-
steering,/'stɪrɪŋ/,n. 操纵；指导；掌舵,-st- = -sist- = -stat- = -stin- = -stem-
understeer,/'ʌndəstɪə/,n. 转向不足 vi. 操纵失灵，驾驶盘失灵,-st- = -sist- = -stat- = -stin- = -stem-
steering-wheel,/ˈstiəriŋ hwi:l/,n. 方向盘，舵轮,-st- = -sist- = -stat- = -stin- = -stem-
stat,/stæt/,n. 静；斯达（放射性强度单位）,-st- = -sist- = -stat- = -stin- = -stem-
static,/'stætɪk/,adj. 静态的；静电的；静力的 n. 静电；静电干扰,-st- = -sist- = -stat- = -stin- = -stem-
statics,/'stætɪks/,n. [力] 静力学,-st- = -sist- = -stat- = -stin- = -stem-
stator,/'steɪtə/,n. 固定片，定子,-st- = -sist- = -stat- = -stin- = -stem-
statin,/'stætɪn/,n. 他汀类；抑制素,-st- = -sist- = -stat- = -stin- = -stem-
statism,/'steɪtɪz(ə)m/,n. 国家主义；中央集权制；中央集权下的经济统制,-st- = -sist- = -stat- = -stin- = -stem-
staticky,/'stætɪkɪ/,adj. 带静电的,-st- = -sist- = -stat- = -stin- = -stem-
statically,/s'tætɪklɪ/,adv. 静态地；静止地,-st- = -sist- = -stat- = -stin- = -stem-
stative,/'stetɪv/,adj. 状态动词的,-st- = -sist- = -stat- = -stin- = -stem-
hydrostatic,"/,haɪdrə(ʊ)'stætɪk/",adj. 流体静力学的；静水力学的,-st- = -sist- = -stat- = -stin- = -stem-
prostatic,/'prɔsteitik/,adj. 前列腺的,-st- = -sist- = -stat- = -stin- = -stem-
homeostatic,"/,homɪə'stetɪk/",adj. 自我平衡的；原状稳定的,-st- = -sist- = -stat- = -stin- = -stem-
apostatize,/ə'pɒstətaɪz/,vi. 变节，脱党；放弃信仰,-st- = -sist- = -stat- = -stin- = -stem-
hemostat,/'hiːməstæt/,n. 止血剂；止血钳子,-st- = -sist- = -stat- = -stin- = -stem-
hemostatic,"/,hiːmə'stætɪk/",n. [药] 止血剂 adj. 止血的,-st- = -sist- = -stat- = -stin- = -stem-
ecstatic,/ɪk'stætɪk/,adj. 狂喜的；入迷的 n. 狂喜的人,-st- = -sist- = -stat- = -stin- = -stem-
ecstatically,/ɪk'stætɪkli/,adv. 心醉神迷地；狂喜地,-st- = -sist- = -stat- = -stin- = -stem-
thermostat,/'θɜːməstæt/,n. 恒温器；自动调温器 vt. 为…配备恒温器；用恒温器控制,-st- = -sist- = -stat- = -stin- = -stem-
metastatic,"/,metə'stætɪk/",adj. （癌细胞的）转移性的；变形的；新陈代谢的,-st- = -sist- = -stat- = -stin- = -stem-
electrostatic,"/ɪ,lektrə(ʊ)'stætɪk/",adj. 静电的；静电学的,-st- = -sist- = -stat- = -stin- = -stem-
electrostatically,/ɪˌlektrəʊˈstætɪkli/,静电地（electrostatic 的副词形式）,-st- = -sist- = -stat- = -stin- = -stem-
parastatal,"/,pærə'steɪt(ə)l/",adj. 半国营的 n. 半国营集团,-st- = -sist- = -stat- = -stin- = -stem-
prostatitis,"/,prɒsteɪ'taɪtɪs/",n. [泌尿] 前列腺炎，摄护腺炎,-st- = -sist- = -stat- = -stin- = -stem-
biostatistics,"/,baɪə(ʊ)stə'tɪstɪks/",n. 生物统计学；生命统计,-st- = -sist- = -stat- = -stin- = -stem-
biostatistician,"/'baiəu,stætis'tiʃən/",n. 生物统计学家,-st- = -sist- = -stat- = -stin- = -stem-
orthostatic,"/,ɔːθə(ʊ)'stætɪk/",adj. [医] 直立的；由正立位置引起的；正立位置的,-st- = -sist- = -stat- = -stin- = -stem-
quasi-static,/'kweɪsaɪ-'stætɪk/,adj. [力] 准静态的；似稳的；准静力的,-st- = -sist- = -stat- = -stin- = -stem-
cryostat,/'kraɪə(ʊ)stæt/,n. 低温恒温器,-st- = -sist- = -stat- = -stin- = -stem-
anti-static,/ˌæntɪˈstætɪk/,adj. 抗静电的,-st- = -sist- = -stat- = -stin- = -stem-
rheostat,/'riːəstæt/,n. [电] 变阻器,-st- = -sist- = -stat- = -stin- = -stem-
photostat,"/'fotə,stæt/",n. 直接复印机；直接复印照片 v. 复印照片,-st- = -sist- = -stat- = -stin- = -stem-
hypostatic,"/,haɪpə'stætɪk/",adj. 实体的；本质的；实在的；神性的,-st- = -sist- = -stat- = -stin- = -stem-
aerostat,/'eərəstæt/,n. 航空器；高空气球,-st- = -sist- = -stat- = -stin- = -stem-
subsist,/səb'sɪst/,vi. 存在；维持生活 vt. 供养,-st- = -sist- = -stat- = -stin- = -stem-
subsistence,/səb'sɪst(ə)ns/,n. 生活；生存；存在,-st- = -sist- = -stat- = -stin- = -stem-
desist,/dɪ'zɪst; dɪ'sɪst/,vi. 停止；断念,-st- = -sist- = -stat- = -stin- = -stem-
superstition,"/,suːpə'stɪʃ(ə)n/",n. 迷信,-st- = -sist- = -stat- = -stin- = -stem-
superstitious,/suːpə'stɪʃəs/,adj. 迷信的；由迷信引起的,-st- = -sist- = -stat- = -stin- = -stem-
superstitiously,"/,su:pə'stiʃəsli/",adv. 迷信地；被邪教所支配,-st- = -sist- = -stat- = -stin- = -stem-
interstitial,"/,ɪntə'stɪʃ(ə)l/",adj. 间质的；空隙的；填隙的 n. 填隙原子；节间,-st- = -sist- = -stat- = -stin- = -stem-
stem,/stem/,n. 干；茎；船首；血统 vt. 阻止；除去…的茎；给…装柄,-st- = -sist- = -stat- = -stin- = -stem-
stemmed,/stemd/,adj. 去掉茎或梗的；有茎或梗的；装有…柄的,-st- = -sist- = -stat- = -stin- = -stem-
stemware,/'stemweə/,n. 高脚器皿,-st- = -sist- = -stat- = -stin- = -stem-
epistemological,"/e,pɪstiːmə'lɒdʒɪkəl/",adj. 认识论的,-st- = -sist- = -stat- = -stin- = -stem-
stem-cell,/stem sel/,n. 干细胞；骨髓干细胞,-st- = -sist- = -stat- = -stin- = -stem-
long-stemmed,/'lɔŋstemd/,adj. 1. 长茎的 2. 细高的；颀长而苗条的,-st- = -sist- = -stat- = -stin- = -stem-
stomp,/stɒmp/,vt. 跺脚，重踩；践踏 n. 跺脚，重踩；顿足爵士舞,-st- = -sist- = -stat- = -stin- = -stem-
stomping,/stɒmpɪŋ/,v. 跺脚（stomp 的 ing 形式）,-st- = -sist- = -stat- = -stin- = -stem-
stalk,/stɔːk/,n. （植物的）茎，秆； （支持叶子、果实和花的）梗，柄；追踪；高视阔步,-st- = -sist- = -stat- = -stin- = -stem-
stalking,/'stɔkɪŋ/,n. 围捕；潜行追踪,-st- = -sist- = -stat- = -stin- = -stem-
stale,/steɪl/,adj. 陈腐的； 不新鲜的 vi. 变陈旧； 撒尿； 变得不新鲜 vt. 使变旧； 变得不新鲜 n. 尿,-st- = -sist- = -stat- = -stin- = -stem-
staleness,/steɪlnəs/,n. 泄气，陈腐，腐败,-st- = -sist- = -stat- = -stin- = -stem-
stalemate,/'steɪlmeɪt/,n. 僵局；陷于困境 vt. 使僵持；使陷入困境 vi. 僵持；陷入僵局,-st- = -sist- = -stat- = -stin- = -stem-
stalwart,/'stɔːlwət/,adj. 坚定的；健壮的 n. 坚定分子,-st- = -sist- = -stat- = -stin- = -stem-
oust,/aʊst/,vt. 驱逐；剥夺；取代,-st- = -sist- = -stat- = -stin- = -stem-
ousting,/austɪŋ/,v. 驱逐(oust 的现在分词),-st- = -sist- = -stat- = -stin- = -stem-
stiff,/stɪf/,adj. 呆板的；坚硬的；严厉的；拘谨的 adv. 僵硬地；彻底地,-st- = -sist- = -stat- = -stin- = -stem-
stiffen,/'stɪf(ə)n/,vi. 变硬；变猛烈；变粘 vt. 使变硬；使粘稠,-st- = -sist- = -stat- = -stin- = -stem-
stiffened,/ˈstɪfənd/,adj. 加强的,-st- = -sist- = -stat- = -stin- = -stem-
stub,/stʌb/,n. 存根；烟蒂；树桩；断株 vt. 踩熄；连根拔除,-st- = -sist- = -stat- = -stin- = -stem-
stubborn,/'stʌbən/,adj. 顽固的；顽强的；难处理的,-st- = -sist- = -stat- = -stin- = -stem-
stubbornness,/'stʌbɚnnɪs/,n. 倔强；顽强；棘手,-st- = -sist- = -stat- = -stin- = -stem-
stamp,/stæmp/,n. 邮票；印记；标志；跺脚 vt. 铭记；标出；盖章于…；贴邮票于…；用脚踩踏,-st- = -sist- = -stat- = -stin- = -stem-
stamped,/stæmpt/,adj. 铭刻的；盖上邮戳的；顿足的,-st- = -sist- = -stat- = -stin- = -stem-
stampede,/stæm'piːd/,n. 惊跑； 人群的蜂拥； 军队溃败 vi. 蜂拥； 逃窜 vt. 使…惊逃； 抢占,-st- = -sist- = -stat- = -stin- = -stem-
stamping,/'stæmpɪŋ/,v. 冲压 n. 冲击制品,-st- = -sist- = -stat- = -stin- = -stem-
stern,/stɜːn/,n. 船尾；末端 adj. 严厉的；坚定的,-st- = -sist- = -stat- = -stin- = -stem-
staple,/'steɪp(ə)l/,n. 主要产品；订书钉；主题；主食 adj. 主要的，大宗生产的；常用的；纺织纤维的,-st- = -sist- = -stat- = -stin- = -stem-
stapler,/'steɪplə(r)/,n. [轻] 订书机；主要商品批发商；把羊毛分级的人,-st- = -sist- = -stat- = -stin- = -stem-
stoic,/'stoɪk/,n. 斯多葛学派哲学家；禁欲主义者；恬淡寡欲的人，不以苦乐为意的人,-st- = -sist- = -stat- = -stin- = -stem-
stoically,/'stəuikli/,adv. 坚忍地；恬淡寡欲地,-st- = -sist- = -stat- = -stin- = -stem-
stoicism,/'stoɪsɪzəm/,n. 斯多葛哲学，斯多葛学派；恬淡寡欲,-st- = -sist- = -stat- = -stin- = -stem-
stumble,/'stʌmb(ə)l/,vi. 踌躇，蹒跚；失足；犯错 vt. 使…困惑；使…绊倒 n. 绊倒；蹒跚而行,-st- = -sist- = -stat- = -stin- = -stem-
stumbling,/'stʌmbliŋ/,adj. 障碍的,-st- = -sist- = -stat- = -stin- = -stem-
armistice,/'ɑːmɪstɪs/,n. 停战；休战；休战协议,-st- = -sist- = -stat- = -stin- = -stem-
interstice,/ɪn'tɜːstɪs/,n. [建] 裂缝；空隙,-st- = -sist- = -stat- = -stin- = -stem-
stasis,/'steɪsɪs/,n. [医] 郁积，停滞；血行停滞,-st- = -sist- = -stat- = -stin- = -stem-
stet,/stet/,n. 保留，不删,-st- = -sist- = -stat- = -stin- = -stem-
cast,/kɑːst/,vt. 投，抛；计算；浇铸；投射（光、影、视线等）,-st- = -sist- = -stat- = -stin- = -stem-
stool,/stuːl/,n. 凳子；粪便；厕所 vi. 长新枝；分檗 vt. 引诱，诱捕,-st- = -sist- = -stat- = -stin- = -stem-
stow,/stəʊ/,vt. 装载；收藏；使暂留；堆装,-st- = -sist- = -stat- = -stin- = -stem-
stamina,/'stæmɪnə/,n. 毅力；精力；活力；持久力,-st- = -sist- = -stat- = -stin- = -stem-
stud,/stʌd/,n. 种马；大头钉；饰纽；壁骨 vt. 散布；用许多饰钮等装饰,-st- = -sist- = -stat- = -stin- = -stem-
stilt,/stɪlt/,n. 高跷；支柱，支撑物 vt. 使踏上高跷,-st- = -sist- = -stat- = -stin- = -stem-
systolic,/sɪ'stɒlɪk/,adj. 心脏收缩的,-st- = -sist- = -stat- = -stin- = -stem-
diastolic,"/,daɪə'stɒlɪk/",adj. 心脏舒张的,-st- = -sist- = -stat- = -stin- = -stem-
stamen,/'steɪmən/,n. [植] 雄蕊,-st- = -sist- = -stat- = -stin- = -stem-
stilted,/'stɪltɪd/,adj. 不自然的；呆板的；僵硬的,-st- = -sist- = -stat- = -stin- = -stem-
abstinent,/'æbstɪnənt/,adj. 禁欲的；有节制的；饮食有度的 n. 禁欲者,-st- = -sist- = -stat- = -stin- = -stem-
sit,/sɪt/,vi. 坐；位于,-sit- = -sid-
siting,/saɪt/,n. 选址；定位,-sit- = -sid-
sitting,/'sɪtɪŋ/,n. 入席， 就坐； 开庭； 孵卵； 坐着的一段时间 adj. 坐着的； 孵卵中的； 在任期中的,-sit- = -sid-
sitter,/'sɪtə/,n. 代人临时看管小孩的人；当模特儿的人；坐着的人,-sit- = -sid-
site,/saɪt/,n. 场所；遗址,-sit- = -sid-
website,/'websaɪt/,n. 网站；网址,-sit- = -sid-
situate,/'sɪtʃʊeɪt/,vt. 使位于；使处于,-sit- = -sid-
situated,/'sɪtjʊeɪtɪd/,adj. 坐落（某处）的；位于（某处）的,-sit- = -sid-
situating,/'sɪtʃʊeɪt/,vt. 使位于；使处于 adj. 位于…的,-sit- = -sid-
situation,/sɪtjʊ'eɪʃ(ə)n/,n. 情况；形势,-sit- = -sid-
situatedness,/'sɪtjʊeɪtɪdnɪs/,n. 现场即席性；情境性,-sit- = -sid-
situational,/sɪtjʊ'eɪʃənəl/,adj. 环境形成的；情形的,-sit- = -sid-
sitcom,/'sɪtkɒm/,abbr. 情景喜剧（situation comedy）,-sit- = -sid-
baby-sit,"/'beibi,sit/",vi. 当临时保姆；代人承担照料责任 vt. 为人临时照看；照顾婴儿,-sit- = -sid-
baby-sitting,"/'beibi,sitɪŋ/",当临时保姆（baby-sit 的现在分词 ）,-sit- = -sid-
sit-up,/'sitʌp/,n. 仰卧起坐,-sit- = -sid-
sit-down,/'sitdaun/,n. 静坐抗议；静坐罢工 adj. 静坐罢工（或示威）的,-sit- = -sid-
sit-in,/'sitin/,n. 静坐抗议；静坐罢工,-sit- = -sid-
off-site,/ɒf-saɪt/,n. 工地外；厂区外,-sit- = -sid-
worksite,/'wə:ksait/,n. 工地,-sit- = -sid-
homesite,/'həʊmsaɪt/,n. 住宅基地；家,-sit- = -sid-
in-situ,"/ɪn'saɪ,tu/",n. 原位；现场,-sit- = -sid-
sitting-room,/'sɪtɪŋrum/,n. 起居室；客厅,-sit- = -sid-
consider,/kən'sɪdə/,vt. 考虑；认为；考虑到；细想 vi. 考虑；认为；细想,-sit- = -sid-
considering,/kən'sɪd(ə)rɪŋ/,prep. 考虑到；就...而论 conj. 考虑到,-sit- = -sid-
considered,/kən'sɪdəd/,adj. 经过深思熟虑的；被尊重的,-sit- = -sid-
unconsidered,/ʌnkən'sɪdəd/,adj. 不值得考虑的；被忽视的；不重要的,-sit- = -sid-
considerate,/kən'sɪd(ə)rət/,adj. 体贴的，体谅的，考虑周到的,-sit- = -sid-
inconsiderate,/ɪnkən'sɪd(ə)rət/,adj. 轻率的；不顾别人的；无谋得,-sit- = -sid-
considerately,/kən'sidəritli/,adv. 体谅地,-sit- = -sid-
consideration,/kənsɪdə'reɪʃ(ə)n/,n. 考虑；原因；关心；报酬,-sit- = -sid-
considerable,/kən'sɪd(ə)rəb(ə)l/,adj. 相当大的；相当多的,-sit- = -sid-
considerably,/kən'sɪd(ə)rəblɪ/,adv. 相当地；非常地,-sit- = -sid-
inconsiderable,/ɪnkən'sɪd(ə)rəb(ə)l/,adj. 不足取的；不值得考虑的；琐屑的,-sit- = -sid-
reconsider,/riːkən'sɪdə/,vt. 重新考虑；重新审议 vi. 重新考虑,-sit- = -sid-
reconsideration,"/,rɪkən,sɪdə'reʃən/",n. 再议；再考虑；再审查,-sit- = -sid-
ill-considered,/'ilkən'sidəd/,adj. 考虑不充分的，欠考虑的；不妥当的,-sit- = -sid-
well-considered,/wel-kən'sɪdəd/,adj. 考虑周密的; 深思熟虑的,-sit- = -sid-
preside,/pri'zaid/,vi. 主持，担任会议主席 vt. 管理,-sit- = -sid-
presider,/prɪ'zaɪdɚ/,n. 主席；主持者,-sit- = -sid-
president,/'prezidənt/,n. 总统，大学校长，会长，总裁,-sit- = -sid-
presidential,"/,prezi'denʃəl/",adj. 总统(或校长)的，总统(或校长)职务的,-sit- = -sid-
unpresidential,"/ʌn,prezi'denʃəl/",adj. 非统辖的,-sit- = -sid-
presidentially,"/,prezi'denʃəli/",adv. 以总统的资格,-sit- = -sid-
presidency,/'prezɪd(ə)nsɪ/,n. 总统（或董事长、会长、大学校长等）的职位（任期） ；管辖；支配,-sit- = -sid-
co-president,/kəu'prezidənt/,n. 共同会长；两名总裁之一,-sit- = -sid-
vice-president,"/,vais'prezidənt/",n. 副总裁；副总统；副校长,-sit- = -sid-
vice-presidential,"/,vais'prezi'denʃəl/",adj. 副主席的,-sit- = -sid-
vice-presidency,"/,vais'prezɪd(ə)nsɪ/",n. 副董事长职位,-sit- = -sid-
ex-president,/'eks'prezidənt/,n. 前任总统,-sit- = -sid-
then-president,/ð en-'prezɪd(ə)nt/,n. 当时的总统,-sit- = -sid-
post-presidential,"/pəust-,prezɪ'denʃəl/",adj. 卸任总统的,-sit- = -sid-
presidium,/pri'sidiəm/,n. 主席团,-sit- = -sid-
presiding,/prɪ'zaɪdɪŋ/,adj. 首席的；主持会议的，指挥的,-sit- = -sid-
presidio,/prɪ'sɪdɪəʊ/,n. 要塞；流放地；充军地,-sit- = -sid-
reside,/ri'zaid/,vi. 住，居住；属于,-sit- = -sid-
resident,/'rezidənt/,n. 居民；adj. 居住的，居留的,-sit- = -sid-
residence,/'rezidəns/,n. 居住，住宅，住处，住处，公馆,-sit- = -sid-
residency,/'rezɪd(ə)nsɪ/,n. 住处；住院医生实习期,-sit- = -sid-
residential,"/,rezi'denʃəl/",adj. 居住的，住宅的,-sit- = -sid-
residentially,"/,rezi'denʃəli/",adv. 居住地,-sit- = -sid-
non-resident,"/,nɔn'rezidənt/",n. 非居民 adj. 非驻留的,-sit- = -sid-
nonresidential,"/'nɔn,rezi'denʃəl/",adj. 非住宅的；非居住的,-sit- = -sid-
artist-in-residence,/'ɑːtɪst-'in'rezidəns/,n. 艺术进驻,-sit- = -sid-
writer-in-residence,/'raɪtə-'in'rezidəns/,n. 作者；住校作家,-sit- = -sid-
residue,/'rezɪdjuː/,n. 残渣；剩余；滤渣,-sit- = -sid-
residual,/rɪ'zɪdjʊəl/,n. 剩余；残渣 adj. 剩余的；残留的,-sit- = -sid-
residuals,/rɪ'zɪdjʊəlz/,n. [数] 残差（residual 的复数） ；剩余误差；残留物,-sit- = -sid-
residuum,/rɪ'zɪdjʊəm/,n. 残留物；剩余；残渣；剩余遗产；社会渣滓,-sit- = -sid-
subside,/səb'said/,vi. 平息；减弱；沉淀；坐下,-sit- = -sid-
subsidy,/'sʌbsɪdɪ/,n. 补贴；津贴；补助金,-sit- = -sid-
subsiding,/səb'saɪdɪŋ/,n. 下沉,-sit- = -sid-
subsidence,/səb'saidəns/,n. 沉降，沉淀，平息,-sit- = -sid-
subsidize,/ˈsʌbsɪdaɪz/,vt. 资助；给与奖助金；向…行贿,-sit- = -sid-
subsidized,/ˈsʌbsɪdaɪzɪd/,adj. 补贴的，补助的,-sit- = -sid-
unsubsidized,/'ʌn'sʌbsidaizd/,adj. 没有补助金的；未受资助的,-sit- = -sid-
subsidiary,/səb'sɪdɪərɪ/,adj. 附属的；辅助的 n. 子公司；辅助者,-sit- = -sid-
subsidiarity,"/səb,sɪdɪ'ɛrɪti/",n. 辅助性原则,-sit- = -sid-
subsidization,"/,sʌbsɪdɪ'zeʃən/",n. 补助；提供津贴；奖金,-sit- = -sid-
government-subsidized,/ˈgʌvənmənt-'sʌbsidaizd/,adj. 国家助学,-sit- = -sid-
dissidence,/'disidəns/,n. 意见不同，不一致，不同意，异议,-sit- = -sid-
dissident,/'disidənt/,adj. 不同意的人，持异议的,-sit- = -sid-
assiduous,/ə'sidjuəs/,adj. 刻苦的，勤奋的,-sit- = -sid-
assiduously,/ə'sidʒuəsli/,adv. 刻苦地；勤勉地,-sit- = -sid-
possess,/pə'zes/,vt. 控制；使掌握；持有；迷住；拥有，具备,-sit- = -sid-
possession,/pə'zeʃ(ə)n/,n. 拥有；财产；领地；自制；着迷,-sit- = -sid-
possessive,/pə'zesɪv/,adj. 占有的；所有的；所有格的；占有欲强的 n. 所有格,-sit- = -sid-
possessively,/pə'zesɪvli/,adv. 占有地；所属关系地,-sit- = -sid-
possessiveness,/pə'zesivnis/,n. 占有；自制力,-sit- = -sid-
possessor,/pə'zɛsɚ/,n. 持有人；所有人,-sit- = -sid-
possessory,/pə'zesərɪ/,adj. 所有的；所有者的,-sit- = -sid-
possessed,/pə'zest/,adj. 疯狂的；着魔的,-sit- = -sid-
prepossess,"/,priːpə'zes/",vt. 使先具有；预先灌输情感（或思想等） ；使…先怀偏见；先有好感,-sit- = -sid-
prepossessing,/priːpə'zesɪŋ/,adj. 给人好感的；有魅力的；引人注意的,-sit- = -sid-
unprepossessing,"/,ʌnpriːpə'zesɪŋ/",adj. 不吸引人的；不讨人喜欢的,-sit- = -sid-
self-possessed,/'selfpə'zest/,adj. 镇静的；冷静的；有自制力的,-sit- = -sid-
self-possession,/'selfpə'zeʃən/,n. 沉着，泰然自若,-sit- = -sid-
dispossess,/dɪspə'zes/,vt. 剥夺；使失去；逐出；霸占,-sit- = -sid-
dispossession,"/,dispə'zeʃən/",n. 剥夺；驱逐；强占不动产,-sit- = -sid-
dispossessed,"/,dɪspə'zɛst/",adj. 被逐出的；无依无靠的；失去产业的,-sit- = -sid-
repossess,"/,riːpə'zes/",vt. 收回；取复；重新获得,-sit- = -sid-
repossession,/'ripə'zɛʃən/,n. 恢复；取回,-sit- = -sid-
obsess,/əb'ses/,vt. 迷住，缠住；使…着迷；使…困扰,-sit- = -sid-
obsession,/əb'seʃ(ə)n/,n 着魔，迷恋，困扰人的想法,-sit- = -sid-
obsessional,/əb'sɛʃənl/,adj. 摆脱不了的,-sit- = -sid-
obsessive,/əb'sesɪv/,adj. 强迫性的；着迷的；分神的,-sit- = -sid-
obsessively,/əb'sesivli/,adv. 过分地；着迷地，着魔似地,-sit- = -sid-
obsessiveness,/əb'sesɪvnɪs/,n. 执念,-sit- = -sid-
obsessed,/əb'sest/,adj. 着迷的；无法摆脱的,-sit- = -sid-
self-obsessed,/self-əb'sest/,adj. 自我痴念的，自恋的,-sit- = -sid-
sex-obsessed,/seks-əb'sest/,adj. 性着迷的,-sit- = -sid-
assess,/ə'ses/,vt. 评定；估价；对…征税,-sit- = -sid-
assessment,/ə'sesmənt/,n. 评定；估价,-sit- = -sid-
assessor,/ə'sesə/,n. 评审员；确定税款的人；顾问,-sit- = -sid-
assessable,/ə'sesəbl/,adj. 可估价的；可评价的；可征收的；可征税的,-sit- = -sid-
self-assessed,/self-ə'ses/,adj. 自我评估的,-sit- = -sid-
self-assessment,/'selfə'sesmənt/,n. 自我评估,-sit- = -sid-
reassess,/riːə'ses/,vt. 再评价；再课税；再摊派,-sit- = -sid-
reassessment,"/,riə'sɛsmənt/",n. 重新评估；[经] 重新估价；重新考虑,-sit- = -sid-
preassessment,/pri-ə'sesmənt/,n. 预评审,-sit- = -sid-
risk-assessment,/rɪsk-ə'sesmənt/,n. [经] 风险估计，危险率估计,-sit- = -sid-
session,/'seʃ(ə)n/,n. 从事某项活动的集会（或一段时间） ；会议； （法庭的）开庭； （议会等的）开会,-sit- = -sid-
sessional,/'sɛʃənl/,adj. 开庭的；开会的；法庭的；会议的,-sit- = -sid-
intersession,"/'ɪntə,seʃən/",n. （美）学期与学期之间的短假期,-sit- = -sid-
supersede,"/,suːpə'siːd/",vt. 取代，代替；紧接着……而到来 vi. 推迟行动,-sit- = -sid-
supersession,"/,sjuːpə'seʃən/",n. 废弃；代替,-sit- = -sid-
sediment,/'sedɪm(ə)nt/,n. 沉积；沉淀物,-sit- = -sid-
sedimentary,/sedɪ'mentrɪ/,adj. 沉淀的,-sit- = -sid-
sedimentation,"/,sedɪmən'teɪʃən/",n. [矿业][物化] 沉降，[化学] 沉淀,-sit- = -sid-
sedate,/sɪ'deɪt/,adj. 安静的；沉着的 vt. 给…服镇静剂,-sit- = -sid-
sedately,/sɪ'detli/,adv. 安详地；镇静地,-sit- = -sid-
sedative,/'sedətɪv/,n. [药] 镇静剂； 能使安静的东西； 止痛药 adj. 使镇静的； 使安静的,-sit- = -sid-
sedation,/sɪ'deɪʃ(ə)n/,n. 镇静；镇静作用；镇静状态,-sit- = -sid-
sessile,/'sesaɪl/,adj. 无柄的；固着的,-sit- = -sid-
sedentary,/'sed(ə)nt(ə)rɪ/,adj. 久坐的；坐惯的；定栖的；静坐的,-sit- = -sid-
sedan,/sɪ'dæn/,n. 轿车；轿子,-sit- = -sid-
appear,/ə'pɪə/,vi. 出现；显得；似乎；出庭；登场,-pear- = -par-
appearance,/ə'pɪər(ə)ns/,n. 外貌，外观；出现，露面,-pear- = -par-
disappear,/dɪsə'pɪə/,vi. 不见；消失,-pear- = -par-
disappearance,/dɪsə'pɪərəns/,n. 消失；不见,-pear- = -par-
disappeared,/dɪsə'pɪəd/,adj. 消失的；消失了的,-pear- = -par-
reappear,/riːə'pɪə/,vi. 再出现,-pear- = -par-
reappearance,"/,riːə'pɪərəns/",n. 再现,-pear- = -par-
parent,/'pεərənt/,n. 父亲，母亲；双亲，父母,-pear- = -par-
parental,/pə'rentl/,adj. 父母的,-pear- = -par-
biparental,"/,baɪpə'rɛntl/",adj. 双亲的,-pear- = -par-
stepparent,"/'step,peərənt/",n. 继母；继父,-pear- = -par-
grandparent,/'græn(d)peər(ə)nt/,n. 祖父母；祖父或祖母；外祖父母；外祖父或外祖母,-pear- = -par-
great-grandparent,"/,ɡreit'ɡrænd,pεərənt/",n. 曾祖父或曾祖母；外曾祖父或外曾祖母,-pear- = -par-
godparent,/'gɒdpeər(ə)nt/,n. 教父或教母,-pear- = -par-
parentage,/'pεərəntidʒ/,n. 出身，家系，门第,-pear- = -par-
parenting,/'peərəntɪŋ/,n. 父母对子女的养育,-pear- = -par-
one-parent,/'wʌn'pεərənt/,adj. 单亲的，只有父亲(或母亲)的,-pear- = -par-
two-parent,/'tuː'pεərənt/,adj. 双亲的,-pear- = -par-
single-parent,/'sɪŋg(ə)l-'pεərənt/,n. 单亲；单身母亲；单身父亲,-pear- = -par-
parent-adolescent,/'pεərənt-ædə'les(ə)nt/,n. 亲子,-pear- = -par-
heir-apparent,/eə-ə'pær(ə)nt/,n. 法定继承人，有确定继承权的人,-pear- = -par-
non-parental,/nɔn-'pεərənt/,adj. 非亲的,-pear- = -par-
parenthood,/'peər(ə)nthʊd/,n. 亲子关系；父母身份,-pear- = -par-
parent-child,/'pærənt tʃɛəd/,adj. 父子关系；主从关系,-pear- = -par-
apparent,/ə'pær(ə)nt/,adj. 显然的；表面上的,-pear- = -par-
apparently,/ə'pærəntlɪ/,adv. 看起来；显然；据说，听说，似乎,-pear- = -par-
apparition,/æpə'rɪʃ(ə)n/,n. 幽灵；幻影；鬼怪；离奇出现的东西,-pear- = -par-
transparent,/træn'spær(ə)nt/,adj. 透明的；显然的；坦率的；易懂的,-pear- = -par-
transparently,/'træns'pɛrəntli/,adv. 显然地，易觉察地；明亮地,-pear- = -par-
transparentize,/træns'pɛəntaɪz/,vt. 使更接近透明；使透明,-pear- = -par-
transparence,/træns'pɛəns/,n. 透明；透明度,-pear- = -par-
transparency,/træn'spær(ə)nsɪ/,n. 透明，透明度；幻灯片；有图案的玻璃,-pear- = -par-
semi-transparent,/'sem(a)i-'træns'pɛrəntli/,adj. 半透明的,-pear- = -par-
primipara,/prai'mipərə/,n. 初产妇,-pear- = -par-
primiparity,"/,praimi'pærəti/",n. 初产,-pear- = -par-
primiparous,/prai'mipərəs/,adj. 初产的,-pear- = -par-
biparous,/'bipərəs/,adj. 双生的，一产双胎的,-pear- = -par-
multiparous,/mʌl'tipərəs/,adj. 多产的，一产多胎的,-pear- = -par-
fissiparous,/fi'sipærəs/,adj. (生物)分裂生殖的，分体繁殖的,-pear- = -par-
move,/muːv/,n. 移动；步骤；迁居；策略 vi. 移动；搬家，迁移；离开,-mov- = -mob- = -mot-
moving,/'muːvɪŋ/,adj. 感人的,-mov- = -mob- = -mot-
unmoving,/ʌn'muːvɪŋ/,adj. 不感动人的；静止的,-mov- = -mob- = -mot-
movingly,/'mʊvɪŋli/,adv. 感人地，动人地,-mov- = -mob- = -mot-
moved,/muvd/,adj. 感动的；被移动的,-mov- = -mob- = -mot-
unmoved,/ʌn'muːvd/,adj. 无动于衷的；不动摇的,-mov- = -mob- = -mot-
movement,/'muːvm(ə)nt/,n. 运动,-mov- = -mob- = -mot-
mover,/'muːvə/,n. 原动力；鼓动者；搬运公司；搬家工人,-mov- = -mob- = -mot-
movable,/'muːvəb(ə)l/,adj. 活动的，可移动的,-mov- = -mob- = -mot-
unmovable,/'ʌn'mu:vəbl/,adj. 不动的；不改变的；固定的,-mov- = -mob- = -mot-
immovable,/ɪ'muːvəb(ə)l/,adj. 不动的；固定的；不改变的,-mov- = -mob- = -mot-
earthmover,"/'ɜːθ,muːvə/",n. 推土机，重型推土机,-mov- = -mob- = -mot-
countermove,/'kaʊntəmuːv/,n. 对抗手段；报复行动 vi. 采取对抗行动 vt. 采取报复手段,-mov- = -mob- = -mot-
move-in,/muːv-ɪn/,n. 移入,-mov- = -mob- = -mot-
slow-moving,/'sləu'mu:viŋ/,adj. 滞销的；动作缓慢的,-mov- = -mob- = -mot-
fast-moving,/fɑːst-'mu:viŋ/,adj. 移动迅速的,-mov- = -mob- = -mot-
quick-moving,/kwɪk-'mu:viŋ/,n. 快速移动 速动,-mov- = -mob- = -mot-
earth-moving,/ɜːθ-'mu:viŋ/,adj. 运土的,-mov- = -mob- = -mot-
remove,/rɪ'muːv/,vt. 迁移；搬迁,-mov- = -mob- = -mot-
remover,/rɪ'muːvə/,n. 去除剂；搬运工；搬家公司,-mov- = -mob- = -mot-
removal,/rɪ'muːv(ə)l/,n. 搬迁，搬走,-mov- = -mob- = -mot-
removed,/rɪ'muːvd/,adj. 远离的；隔了...代的,-mov- = -mob- = -mot-
removable,/rɪ'muːvəbl/,adj. 可移动的；可去掉的；可免职的,-mov- = -mob- = -mot-
snow-removal,/snəʊ-rɪ'muːv(ə)l/,n. 除雪；清扫积雪,-mov- = -mob- = -mot-
movie,/'muːvɪ/,n. 电影；电影院,-mov- = -mob- = -mot-
moviegoer,/'muːvɪɡəʊə(r)/,n. 常看电影的人,-mov- = -mob- = -mot-
movie-going,"/'mu:vi,ɡəuiŋ/",n. 看电影的人；adj. 常去看电影的,-mov- = -mob- = -mot-
movie-theater,/'mu:vi-'θɪətə/,n. 电影院,-mov- = -mob- = -mot-
movie-like,/'mu:vi-laɪk/,adj. 像电影那样的,-mov- = -mob- = -mot-
b-movie,"/'bi:,mu:vi/",n. 便宜的劣质电影,-mov- = -mob- = -mot-
movie-making,/'muːvɪ-'meɪkɪŋ/,n. 制片,-mov- = -mob- = -mot-
moviemaker,"/'mʊvɪ,mekɚ/",n. 电影制作人,-mov- = -mob- = -mot-
action-movie,/'ækʃ(ə)n-'mu:vi/,n. 动作片,-mov- = -mob- = -mot-
horror-movie,/'hɒrə-'mu:vi/,n. 恐怖片，惊恐片；恐怖电影,-mov- = -mob- = -mot-
silent-movie,/'saɪlənt-'mu:vi/,n. 无声电影,-mov- = -mob- = -mot-
motive,/'məʊtɪv/,n. 动机,-mov- = -mob- = -mot-
motivic,/'məʊtɪvɪk/,adj. 动机的；乐旨的,-mov- = -mob- = -mot-
motivate,/'məʊtɪveɪt/,vt. 刺激；使有动机；激发…的积极性,-mov- = -mob- = -mot-
motivated,/'motɪvetɪd/,adj. 有动机的；有积极性的,-mov- = -mob- = -mot-
motivator,/'məʊtɪveɪtə/,n. 动力；激励因素,-mov- = -mob- = -mot-
motivation,/məʊtɪ'veɪʃ(ə)n/,n. 动力,-mov- = -mob- = -mot-
motivational,"/,məʊtɪ'veɪʃənəl/",adj. 动机的；激发性的；有关动机的；动机说明,-mov- = -mob- = -mot-
self-motivated,/'self'məutiveitid/,adj. 自我激励的,-mov- = -mob- = -mot-
unmotivated,"/ʌn'motə,vetɪd/",adj. 动机不明的,-mov- = -mob- = -mot-
automotive,"/,ɔ:təu'məutiv/",adj. 自动的，机动的,-mov- = -mob- = -mot-
electro-motive,"/ɪ,lektrə'məʊtɪv/",adj. 电动的；电动势的 n. 电动火车头,-mov- = -mob- = -mot-
politically-motivated,/pə'lɪtɪkli-'motɪvetɪd/,adj. 有政治动机的,-mov- = -mob- = -mot-
promote,/prə'məʊt/,vt. 促进；提升；推销；发扬 vi. 成为王后或其他大于卒的子,-mov- = -mob- = -mot-
promoted,/prə'məʊtɪd/,adj. 晋升的,-mov- = -mob- = -mot-
promotion,/prəu'məuʃən/,n. 提升，[劳经] 晋升；推销，促销；促进；发扬，振兴,-mov- = -mob- = -mot-
promotional,/prə'məʊʃənl/,adj. 促销的；增进的；奖励的,-mov- = -mob- = -mot-
promoter,/prəu'məutə/,n. 促进者；发起人；催化剂；促进剂；启动子,-mov- = -mob- = -mot-
self-promotion,"/,selfprə'məuʃən/",n. 自我推销；自促作用,-mov- = -mob- = -mot-
health-promoting,/helθ-prə'məʊtiŋ/,n. 健康促进,-mov- = -mob- = -mot-
demote,"/,di:'məut/",vt. 使降级；使降职,-mov- = -mob- = -mot-
demotion,"/,di:'məuʃən/",n. 降级；降职；降等,-mov- = -mob- = -mot-
demotic,/dɪ'mɒtɪk/,adj. 通俗的，民众的,-mov- = -mob- = -mot-
locomote,/'ləukəməut/,vt. 移动；行动,-mov- = -mob- = -mot-
locomotive,"/'ləukə,məutiv/",adj. 移动的，运动的 n. 机车，火车头,-mov- = -mob- = -mot-
locomotion,/ləʊkə'məʊʃ(ə)n/,n. 运动；移动；旅行,-mov- = -mob- = -mot-
motion,/'məuʃən/,n. 动作；移动；手势；请求；意向；议案 vi. 运动；打手势,-mov- = -mob- = -mot-
motionless,/'məʊʃnləs/,adj. 静止的；不运动的,-mov- = -mob- = -mot-
motionlessly,/'məʊʃnləsli/,adv. 不动地,-mov- = -mob- = -mot-
motion-picture,/'məuʃən'piktʃə/,adj. 电影的,-mov- = -mob- = -mot-
slow-motion,/'sləu'məuʃən/,adj. 缓慢的；慢动作的；高速度摄影的,-mov- = -mob- = -mot-
full-motion,/fʊl-'məʊʃ(ə)n/,n. 全动态,-mov- = -mob- = -mot-
stop-motion,/stɒp-'məuʃən/,n. 单格拍制（动画片拍摄手法）,-mov- = -mob- = -mot-
emote,/ɪ'məʊt/,vi. 夸张地表现感情,-mov- = -mob- = -mot-
emotion,/ɪ'məʊʃ(ə)n/,n. 感情；情绪,-mov- = -mob- = -mot-
emotional,/ɪ'məʊʃ(ə)n(ə)l/,adj. 情绪的；易激动的；感动人的,-mov- = -mob- = -mot-
unemotional,/ʌnɪ'məʊʃ(ə)n(ə)l/,adj. 不易动感情的；非感情的；无动于衷的,-mov- = -mob- = -mot-
emotionless,/ɪ'moʃənləs/,adj. 没有情感的；不露情感的,-mov- = -mob- = -mot-
emotive,/ɪ'məʊtɪv/,adj. 感情的；情绪的；表现感情的,-mov- = -mob- = -mot-
emotivism,"/i'məuti,vizəm/",n. 情绪主义，情绪论,-mov- = -mob- = -mot-
emotionally,/ɪˈməʊʃənəli/,adv. 感情上；情绪上；令人激动地；情绪冲动地,-mov- = -mob- = -mot-
emotionality,"/ɪ,məʊʃə'nælətɪ/",n. 情绪性；感动性,-mov- = -mob- = -mot-
emotionalism,/ɪ'məʊʃənəlɪzəm/,n. 感情主义；诉诸感情；主情主义,-mov- = -mob- = -mot-
non-emotional,/ʌn-ɪ'məʊʃ(ə)n(ə)l/,adj. 不诉诸感情的；非感情的,-mov- = -mob- = -mot-
social-emotional,/'səʊʃ(ə)l-ɪ'məʊʃ(ə)n(ə)l/,adj. 社会情绪的；人际情感的,-mov- = -mob- = -mot-
socioemotional,/'səʊʃɪ'məʊʃ(ə)n(ə)l/,n. 社会性情绪,-mov- = -mob- = -mot-
remote,/rɪ'məʊt/,adj. 遥远的,-mov- = -mob- = -mot-
remotely,/rɪ'məʊtlɪ/,adv. 遥远地；偏僻地； （程度）极微地，极轻地,-mov- = -mob- = -mot-
remoteness,/rɪ'motnɪs/,n. 遥远；偏僻；细微；时间久远,-mov- = -mob- = -mot-
remote-control,/rɪ'məʊ-kən'trəʊl/,n. 遥控,-mov- = -mob- = -mot-
remote-controlled,/rɪ'məʊ-kən'trəʊld/,adj. 远距离操纵的；遥控的,-mov- = -mob- = -mot-
motor,/'məutə/,n. 发动机，机动车,-mov- = -mob- = -mot-
motoring,/'motərɪŋ/,n. 驾驶汽车；乘汽车,-mov- = -mob- = -mot-
motorist,/'məʊt(ə)rɪst/,n. 驾车旅行的人，开汽车的人,-mov- = -mob- = -mot-
motoric,/məʊ'tɔːrɪk/,adj. [生理学]肌肉运动的,-mov- = -mob- = -mot-
motorized,/'motəraɪzd/,adj. 摩托化的；机动化的,-mov- = -mob- = -mot-
non-motorized,/nɔn-'motəraɪzd/,adj. 非机动化（步行、骑自行车等方式）,-mov- = -mob- = -mot-
motorbike,/'məʊtəbaɪk/,n. 摩托车,-mov- = -mob- = -mot-
motorway,/'məʊtəweɪ/,n.（英）高速公路,-mov- = -mob- = -mot-
motormouth,/'məʊtəmaʊθ/,n. 说话快并且健谈,-mov- = -mob- = -mot-
motorcade,/'məʊtəkeɪd/,n. 汽车行列，车队,-mov- = -mob- = -mot-
motorcar,/'məʊtəkɑː/,n. （英）汽车； （美）电动车,-mov- = -mob- = -mot-
motorcoach,/'məutəkəutʃ/,n. 公共汽车,-mov- = -mob- = -mot-
motorsport,/'məʊtə-spɔːt/,n. 赛车运动；摩托车运动,-mov- = -mob- = -mot-
motorcycle,/'məʊtəsaɪk(ə)l/,n. 摩托车；机动车 vi. 骑摩托车,-mov- = -mob- = -mot-
motorcyclist,/'motɚsaɪklɪst/,n. 骑摩托车的人；乘机车者,-mov- = -mob- = -mot-
motorcycling,/'motɚsaɪklɪŋ/,n. 摩托运动,-mov- = -mob- = -mot-
motorboat,/'məʊtəbəʊt/,n. 摩托艇，汽船,-mov- = -mob- = -mot-
motorman,/'məʊtəmæn/,n. 司机,-mov- = -mob- = -mot-
motor-driven,"/'məutə,drivən/",adj. 电动的；[机] 电机驱动的，[机] 电动机拖动的,-mov- = -mob- = -mot-
motor-vehicle,"/'məutə,ˈvɪəkl/",n. 汽车；机动车辆,-mov- = -mob- = -mot-
motorhome,/'motɚhom/,n. 旅宿车,-mov- = -mob- = -mot-
servomotor,"/'sɜːvəʊ,məʊtə/",n. 伺服电动机；继动器,-mov- = -mob- = -mot-
motel,/məʊ'tel/,n. 汽车旅馆,-mov- = -mob- = -mot-
motile,/'məutail/,adj. (生物)能动的，有自动力的,-mov- = -mob- = -mot-
motility,/məʊ'tɪlətɪ/,n. 运动性；能动性；自动力,-mov- = -mob- = -mot-
mob,/mɒb/,n. 暴民，暴徒；民众；乌合之众 vt. 大举包围，围攻；蜂拥进入,-mov- = -mob- = -mot-
mobster,/'mɒbstə/,n. 匪徒；暴徒,-mov- = -mob- = -mot-
mobile,/ˈməʊbaɪl/,adj. 可移动的；机动的；易变的；非固定的 n. 运动物体,-mov- = -mob- = -mot-
mobility,/məʊ'bɪlətɪ/,n. 移动性；机动性；[电子] 迁移率,-mov- = -mob- = -mot-
mobilize,/'məʊbəlaɪz/,vt. 动员，调动；集合，组织；使…流通；使…松动 vi. 组织；动员起来,-mov- = -mob- = -mot-
mobilized,/'məʊbəlaɪzɪd/,adj. 动员了的；运动的；好动的,-mov- = -mob- = -mot-
mobilization,"/,məʊbɪlaɪ'zeɪʃən/",n. 动员；调动,-mov- = -mob- = -mot-
demobilize,/di'mobəlaɪz/,vt. 遣散；使复员；使退伍（demobilise）,-mov- = -mob- = -mot-
demobilization,"/'di,mobɪlɪ'zeʃən/",n. 复员；遣散（demobilize 的名词）,-mov- = -mob- = -mot-
automobile,/'ɔːtəməbiːl/,n. 汽车 vt. 驾驶汽车,-mov- = -mob- = -mot-
snowmobile,/'snəʊməbiːl/,n. 雪上汽车；机动雪橇,-mov- = -mob- = -mot-
bookmobile,"/'bʊkmə,biːl/",n. 流动的汽车图书馆,-mov- = -mob- = -mot-
mobile-phone,/ˈməʊbaɪl-fəʊn/,n. 手机；行动电话,-mov- = -mob- = -mot-
mobile-home,/ˈməʊbaɪ-həʊm/,n. （拖车型）活动房屋；拖车住房,-mov- = -mob- = -mot-
immobile,/ɪ'məʊbaɪl/,adj. 固定的；稳定的；不变的,-mov- = -mob- = -mot-
immobility,"/,ɪmo'bɪləti/",n. 不动，固定,-mov- = -mob- = -mot-
immobilize,/ɪ'məʊbɪlaɪz/,vt. 使固定；使不动；使停止流通,-mov- = -mob- = -mot-
immobilized,"/ɪ'mobɪ,laɪz/",adj. 固定化的,-mov- = -mob- = -mot-
immobilization,/ɪməʊbɪlʌɪˈzeɪʃ(ə)n/,n. 使停止流通，固定,-mov- = -mob- = -mot-
motif,/məʊ'tiːf/,n. 主题；动机；主旨；图形；意念,-mov- = -mob- = -mot-
commotion,/kə'məuʃən/,n. 骚动，动乱,-mov- = -mob- = -mot-
motocross,/'məʊtə(ʊ)krɒs/,n. 摩托车越野赛,-mov- = -mob- = -mot-
cover,/'kʌvə/,vt. 包括；采访，报导；涉及 n. 封面，封皮；盖子；掩蔽物；幌子，借口,-cover-
covered,/'kʌvɚd/,adj. 覆盖了的；隐蔽着的；有屋顶的,-cover-
covering,/'kʌv(ə)rɪŋ/,adj. 掩盖的，掩护的 n. 遮盖物，覆盖物,-cover-
coverage,/'kʌv(ə)rɪdʒ/,n. 覆盖，覆盖范围；新闻报道,-cover-
uncover,/ʌn'kʌvə/,vt. 发现；揭开；揭露 vi. 发现；揭示；揭去盖子,-cover-
uncovering,/ʌn'kʌvɚ/,adj. 露出的；未覆盖的,-cover-
uncovered,/ʌn'kʌvəd/,adj. 无覆盖物的；[保险] 未保险的；无盖的,-cover-
undercover,/ʌndə'kʌvə/,adj. 秘密的，秘密从事的；从事间谍活动的,-cover-
cover-up,"/'kʌvə,ʌp/",n. 掩饰；隐蔽,-cover-
hardcover,/'hɑrd'kʌvɚ/,adj. 精装的；硬书皮的 n. 精装书；硬封面的书,-cover-
softcover,"/'sɔft,kʌvɚ/",n. 软封面；平装（书）,-cover-
coveralls,/'kʌvɚ'ɔlz/,n. 衣裤相连的工作服（coverall 的复数形式）,-cover-
snow-covered,"/'snəu,kʌvəd/",adj. 被雪覆盖的,-cover-
coverlet,/'kʌvəlɪt/,n. 被单；床罩,-cover-
slipcover,"/'slɪp,kʌvə(r)/",n. 沙发套；套子；覆盖物 vt. 给…加封套,-cover-
chocolate-covered,/'tʃɒk(ə)lət-kʌvəd/,adj. 巧克力覆盖的,-cover-
groundcover,/graʊnd-kʌvəd/,n. 地被植物,-cover-
bedcover,/'bedkʌvə/,n. 床罩；被面,-cover-
moss-covered,/mɒs-kʌvəd/,adj. 布满青苔的,-cover-
ice-covered,/aɪs-kʌvəd/,adj. 冰封的,-cover-
ivy-covered,/'aɪvɪ-kʌvəd/,adj. 覆满常青藤的；常春藤覆盖的,-cover-
dust-covered,/dʌst-kʌvəd/,adj. 被灰尘覆盖的,-cover-
plastic-covered,/'plæstɪk-kʌvəd/,adj. 塑料覆盖的,-cover-
cloth-covered,/klɒθ-kʌvəd/,adj. 织物覆盖的,-cover-
slipcovered,"/'slɪp,kʌvə(r)d/",n. 沙发套；套子；覆盖物 vt. 给…加封套 adj.,-cover-
tree-covered,/triː-kʌvəd/,adj. 树覆盖的,-cover-
vine-covered,/vaɪn-kʌvəd/,adj. 藤蔓丛生的,-cover-
grass-covered,/grɑːs-kʌvəd/,adj. 草地覆盖的；草本盖率的,-cover-
leather-covered,/'leðə-kʌvəd/,adj. 覆盖皮革的,-cover-
pine-covered,/paɪn-kʌvəd/,adj. 松树林覆盖的,-cover-
lichen-covered,/'laɪk(ə)n-kʌvəd/,adj. 覆盖青苔的,-cover-
graffiti-covered,/grə'fiːtɪ-kʌvəd/,adj. 布满涂鸦的,-cover-
foil-covered,/fɔɪl-kʌvəd/,adj. 包裹锡纸的,-cover-
fabric-covered,/'fæbrɪk-kʌvəd/,adj. [纺] 织物覆盖系数,-cover-
soot-covered,/sʊt-kʌvəd/,adj. 布满煤灰的,-cover-
full-coverage,/fʊl-'kʌv(ə)rɪdʒ/,n. [保险]完全承保,-cover-
velvet-covered,/ˈvɛlvɪt-kʌvəd/,adj. 覆盖天鹅绒的,-cover-
canvas-covered,/'kænvəs-kʌvəd/,adj. 帆布覆盖的,-cover-
vinyl-covered,/'vaɪnl-kʌvəd/,adj. 乙烯塑料罩的；乙烯塑料盖的，乙烯塑料壳的,-cover-
well-covered,/'wel'kʌvəd/,adj. (人)丰满的，胖的,-cover-
non-covered,/nɔn-kʌvəd/,adj. 覆盖了的；隐蔽着的；有屋顶的,-cover-
discover,/dɪ'skʌvə/,vt. 发现；发觉,-cover-
discovery,/dɪ'skʌv(ə)rɪ/,n. 发现，发觉；被发现的事物,-cover-
discoverer,/dis'kʌvərə/,n. 发现者,-cover-
discovered,/dɪ'skʌvəd/,v. 发现，找到（discover 的过去形式）,-cover-
undiscovered,/ʌndɪ'skʌvəd/,adj. 未被发现的；未勘探的,-cover-
discoverable,/dɪs'kʌvərəbl/,adj. 发现的；显露的；泄露的,-cover-
co-discoverer,"/,kəʊdɪs'kʌvərə/",n. 共同发现者,-cover-
e-discovery,/idɪs'kʌvərə/,n. 电子取证,-cover-
self-discovery,/'selfdis'kʌvəri/,n. 自我发现,-cover-
rediscover,/riːdɪ'skʌvə/,vt. 重新发现；再发现,-cover-
rediscovery,"/,riːdɪ'skʌvərɪ/",n. 重新发现,-cover-
recover,/rɪ'kʌvə/,vt. 恢复； 弥补； 重新获得 vi. 恢复； 胜诉； 重新得球 n. 还原至预备姿势,-cover-
recovery,/rɪ'kʌv(ə)rɪ/,n. 恢复，复原；痊愈；重获,-cover-
recovered,/ri'kʌvəd/,adj. 重新找到的,-cover-
recoverable,/rɪ'kʌvərəbl/,adj. 可收回的；可恢复的；可补偿的,-cover-
unrecoverable,/ʌnrɪ'kʌv(ə)rəb(ə)l/,adj. 不可恢复的,-cover-
irrecoverable,/ɪrɪ'kʌv(ə)rəb(ə)l/,adj. 不能挽回的；不能复原的；不能收回的,-cover-
recovered-memory,/ri'kʌvəd-'mem(ə)rɪ/,n. 恢复记忆,-cover-
covert,/'kʌvət/,n. 隐藏处；树丛；蔽覆羽翮基部的羽毛 adj. 隐蔽的；隐密的,-cover-
covertly,/'kʌvətli/,adv. 秘密地；偷偷摸摸地,-cover-
diploma,/dɪ'pləʊmə/,n. 毕业证书，学位证书；公文，文书；奖状 vt. 发给…毕业文凭,-plic- = -ply- = -pli- = -ple- = -plex- = -plo-
diplomacy,/dɪ'pləʊməsɪ/,n. 外交；外交手腕；交际手段,-plic- = -ply- = -pli- = -ple- = -plex- = -plo-
diplomat,/'dɪpləmæt/,n. 外交官，外交家,-plic- = -ply- = -pli- = -ple- = -plex- = -plo-
diplomate,/'dɪpləmeɪt/,n. 经考试或审查合格的专科医生；学位证书持有者,-plic- = -ply- = -pli- = -ple- = -plex- = -plo-
diplomatic,/dɪplə'mætɪk/,adj. 外交的；外交上的,-plic- = -ply- = -pli- = -ple- = -plex- = -plo-
diplomatically,"/,dɪplə'mætɪkli/",adv. 在外交上；靠外交途径；圆滑地；婉转地,-plic- = -ply- = -pli- = -ple- = -plex- = -plo-
undiplomatic,"/,ʌndɪplə'mætɪk/",adj. 无外交策略的,-plic- = -ply- = -pli- = -ple- = -plex- = -plo-
complex,/'kɒmpleks/,adj. 复杂的；合成的 n. 复合体；综合设施,-plic- = -ply- = -pli- = -ple- = -plex- = -plo-
complexion,/kəm'plekʃ(ə)n/,n. 面容；面貌；面色,-plic- = -ply- = -pli- = -ple- = -plex- = -plo-
complexity,/kəm'pleksətɪ/,n. 复杂，复杂性；复杂错综的事物,-plic- = -ply- = -pli- = -ple- = -plex- = -plo-
complexly,/'kɒmpleksli/,adv. 复杂地；合成地；复合地,-plic- = -ply- = -pli- = -ple- = -plex- = -plo-
B-complex,/biː-'kɒmpleks/,n. 复合维生素 B,-plic- = -ply- = -pli- = -ple- = -plex- = -plo-
dark-complexioned,/dɑːk-kəm'plekʃənd/,adj. 有…黑肤色的；黑脸色…的,-plic- = -ply- = -pli- = -ple- = -plex- = -plo-
employ,/ɪm'plɒɪ/,vt. 使用，采用；雇用；使忙于，使从事于 n. 使用；雇用,-plic- = -ply- = -pli- = -ple- = -plex- = -plo-
employment,/ɪm'plɒɪm(ə)nt/,n. 使用；职业；雇用,-plic- = -ply- = -pli- = -ple- = -plex- = -plo-
employer,/ɪm'plɒɪə/,n. 雇主，老板,-plic- = -ply- = -pli- = -ple- = -plex- = -plo-
employee,/emplɒɪ'iː/,n. 雇员；从业员工,-plic- = -ply- = -pli- = -ple- = -plex- = -plo-
employed,/im'plɔid/,adj. 被雇用的,-plic- = -ply- = -pli- = -ple- = -plex- = -plo-
employable,/ɪm'plɒɪəbl/,adj. 适宜雇用的；有资格任职的,-plic- = -ply- = -pli- = -ple- = -plex- = -plo-
unemployed,/ʌnɪm'plɒɪd/,adj. 失业的；没有工作的,-plic- = -ply- = -pli- = -ple- = -plex- = -plo-
unemployment,/ʌnɪm'plɒɪm(ə)nt/,n. 失业；失业率；失业人数,-plic- = -ply- = -pli- = -ple- = -plex- = -plo-
unemployable,/ʌnɪm'plɒɪəb(ə)l/,adj. 不能受雇的,-plic- = -ply- = -pli- = -ple- = -plex- = -plo-
underemployed,/ʌndərɪm'plɒɪd/,adj. 未充分就业的；学非所用的；只有部分时间被雇用的,-plic- = -ply- = -pli- = -ple- = -plex- = -plo-
ex-employee,/eks-emplɒɪ'iː/,n. 前雇员,-plic- = -ply- = -pli- = -ple- = -plex- = -plo-
self-employed,/'selfəm'plɔid/,adj. 个体经营的；自己经营的；不受雇于他人的,-plic- = -ply- = -pli- = -ple- = -plex- = -plo-
self-employment,/'selfəm'plɔimənt/,n. 个体经营，自营管理,-plic- = -ply- = -pli- = -ple- = -plex- = -plo-
pre-employment,"/,pri:im'plɔimənt/",n. 雇用前的；录用前的,-plic- = -ply- = -pli- = -ple- = -plex- = -plo-
full-employment,/fʊl-im'plɔimənt/,n. 充分就业,-plic- = -ply- = -pli- = -ple- = -plex- = -plo-
employer-paid,/ɪm'plɒɪə-peɪd/,n. 雇主支付,-plic- = -ply- = -pli- = -ple- = -plex- = -plo-
employee-owned,/ɪmˈplɔɪi-ond/,adj. 员工拥有的,-plic- = -ply- = -pli- = -ple- = -plex- = -plo-
employment-based,/ɪm'plɒɪm(ə)nt-beɪst/,n. 职业移民 工作移民,-plic- = -ply- = -pli- = -ple- = -plex- = -plo-
employer-employee,/ɪm'plɒɪə-ɪmˈplɔɪi/,n. 劳资关系,-plic- = -ply- = -pli- = -ple- = -plex- = -plo-
complicate,/'kɔmplikeit/,vt. 使复杂化；使恶化；使卷入,-plic- = -ply- = -pli- = -ple- = -plex- = -plo-
complication,"/,kɔmpli'keiʃən/",n. 并发症；复杂；复杂化；混乱,-plic- = -ply- = -pli- = -ple- = -plex- = -plo-
complicated,/'kɔmplikeitid/,adj. 复杂的，难解的,-plic- = -ply- = -pli- = -ple- = -plex- = -plo-
uncomplicated,/ʌn'kɑmplə'ketɪd/,adj. 简单的；不复杂的,-plic- = -ply- = -pli- = -ple- = -plex- = -plo-
complicating,/kəm'plɪsɪtɪŋ/,n. 并发；使复杂化,-plic- = -ply- = -pli- = -ple- = -plex- = -plo-
complicacy,/'kɔmplikəsi/,n. 复杂，复杂性，复杂的事物,-plic- = -ply- = -pli- = -ple- = -plex- = -plo-
complicity,/kəm'plɪsɪtɪ/,n. 共谋；串通；共犯关系,-plic- = -ply- = -pli- = -ple- = -plex- = -plo-
complicit,/kəm'plɪsɪt/,adj. 有同谋关系的，串通一气的,-plic- = -ply- = -pli- = -ple- = -plex- = -plo-
complicitous,/kəm'plɪsɪtəs/,adj. 有同谋关系的；串通一气的（同 complicit）,-plic- = -ply- = -pli- = -ple- = -plex- = -plo-
explicate,/'eksplikeit/,vt. 解释，说明,-plic- = -ply- = -pli- = -ple- = -plex- = -plo-
explication,"/,ekspli'keiʃən/",n. 说明；阐明；展开（花瓣、叶子等的）,-plic- = -ply- = -pli- = -ple- = -plex- = -plo-
explicable,/ik'splikəbl/,adj. 可解释的，可说明的,-plic- = -ply- = -pli- = -ple- = -plex- = -plo-
explicatory,/ik'splikətəri/,adj. 解释的，说明的,-plic- = -ply- = -pli- = -ple- = -plex- = -plo-
explicit,/ɪk'splɪsɪt/,adj. 明确的；清楚的；直率的；详述的,-plic- = -ply- = -pli- = -ple- = -plex- = -plo-
explicitly,/ɪk'splɪsɪtli/,adv. 明确地；明白地,-plic- = -ply- = -pli- = -ple- = -plex- = -plo-
explicitness,/ɪk'splɪsɪtnɪs/,n. 直言不讳；明确性,-plic- = -ply- = -pli- = -ple- = -plex- = -plo-
inexplicable,"/,ɪnɪk'splɪkəb(ə)l/",adj. 费解的；无法说明的；不能解释的,-plic- = -ply- = -pli- = -ple- = -plex- = -plo-
inexplicably,/ɪn'ɛksplɪkəbli/,adv. 说不清的；无法说明地；令人难以理解地,-plic- = -ply- = -pli- = -ple- = -plex- = -plo-
supplicate,/'sʌplikeit/,vt. 恳求，哀求；恳请 vi. 哀求；恳请；祈求,-plic- = -ply- = -pli- = -ple- = -plex- = -plo-
supplication,"/,sʌpli'keiʃən/",n. 恳求，哀求,-plic- = -ply- = -pli- = -ple- = -plex- = -plo-
supplicatory,/'sʌplikətəri/,adj. 恳求的，哀求的,-plic- = -ply- = -pli- = -ple- = -plex- = -plo-
supplicant,/'sʌplɪkənt/,n. 恳求者，乞求者,-plic- = -ply- = -pli- = -ple- = -plex- = -plo-
implicate,/'implikeit/,vt. 使卷入；涉及；暗指；影响,-plic- = -ply- = -pli- = -ple- = -plex- = -plo-
implication,"/,impli'keiʃən/",n. 含义；暗示；牵连，卷入；可能的结果，影响,-plic- = -ply- = -pli- = -ple- = -plex- = -plo-
implicated,/'implikeitid/,adj. 有牵连的,-plic- = -ply- = -pli- = -ple- = -plex- = -plo-
implicit,/ɪm'plɪsɪt/,adj. 含蓄的；暗示的；盲从的,-plic- = -ply- = -pli- = -ple- = -plex- = -plo-
implicitly,/ɪm'plɪsɪtlɪ/,adv. 含蓄地；暗中地,-plic- = -ply- = -pli- = -ple- = -plex- = -plo-
implicature,/im'plikətʃə/,n. 含意；蕴意,-plic- = -ply- = -pli- = -ple- = -plex- = -plo-
duplicate,/'dju:plikət/,vt. 使成双，复制，复写；adj. 二重的，二倍的，复制的,-plic- = -ply- = -pli- = -ple- = -plex- = -plo-
duplication,"/,dju:pli'keiʃən/",n. 成双，成倍，复制，复制品,-plic- = -ply- = -pli- = -ple- = -plex- = -plo-
duplicated,"/'djʊplə,ket/",adj. 复制出的；复写书的,-plic- = -ply- = -pli- = -ple- = -plex- = -plo-
duplicator,/'djuːplɪkeɪtə/,n. 复印机；复制者,-plic- = -ply- = -pli- = -ple- = -plex- = -plo-
unduplicated,"/ʌn'djʊplə,ketɪd/",adj. 无复制品的；无法匹敌的,-plic- = -ply- = -pli- = -ple- = -plex- = -plo-
duplicity,/dju:'plisəti/,n. 二重性，表里不一，口是心非,-plic- = -ply- = -pli- = -ple- = -plex- = -plo-
duplicitous,/djuː'plɪsɪtəs/,adj. 奸诈的；双重的；搞两面派的,-plic- = -ply- = -pli- = -ple- = -plex- = -plo-
apply,/ə'plaɪ/,vt. 申请；涂，敷；应用 vi. 申请；涂，敷；适用；请求,-plic- = -ply- = -pli- = -ple- = -plex- = -plo-
appliance,/ə'plaɪəns/,n. 器具；器械；装置,-plic- = -ply- = -pli- = -ple- = -plex- = -plo-
misapply,"/,mɪsə'plaɪ/",vt. 误用，滥用,-plic- = -ply- = -pli- = -ple- = -plex- = -plo-
reply,/rɪ'plaɪ/,vi. 回答；[法] 答辩；回击 n. 回答；[法] 答辩 vt. 回答；答复,-plic- = -ply- = -pli- = -ple- = -plex- = -plo-
multiply,/'mʌltɪplaɪ/,vt. 乘；使增加；使繁殖；使相乘 vi. 乘；繁殖；增加 adv. 多样地；复合地,-plic- = -ply- = -pli- = -ple- = -plex- = -plo-
multiplying,/'mʌltɪplaɪŋ/,n. 繁殖 adj. 乘法的,-plic- = -ply- = -pli- = -ple- = -plex- = -plo-
multiplicate,/'mʌltiplikeit/,adj. 多重的，多倍的，多样的,-plic- = -ply- = -pli- = -ple- = -plex- = -plo-
multiplication,"/,mʌltɪplɪ'keɪʃ(ə)n/",n. [数] 乘法；增加,-plic- = -ply- = -pli- = -ple- = -plex- = -plo-
multiplicative,"/'mʌltɪ,plɪkətɪv/",adj. [数] 乘法的；增加的 n. 乘法；倍数词,-plic- = -ply- = -pli- = -ple- = -plex- = -plo-
multiplicity,"/,mʌlti'plisəti/",n. 多重性，多倍，多样，复杂,-plic- = -ply- = -pli- = -ple- = -plex- = -plo-
application,/ˌæplɪ'keɪʃ(ə)n/,n. 应用；申请；应用程序；敷用,-plic- = -ply- = -pli- = -ple- = -plex- = -plo-
applicator,/'æplɪkeɪtə/,n. 涂药器；敷帖器；上涂装置,-plic- = -ply- = -pli- = -ple- = -plex- = -plo-
applicant,/'æplɪk(ə)nt/,n. 申请人，申请者；请求者,-plic- = -ply- = -pli- = -ple- = -plex- = -plo-
applicable,/ə'plɪkəb(ə)l/,adj. 可适用的；可应用的；合适的,-plic- = -ply- = -pli- = -ple- = -plex- = -plo-
applicability,"/,æplɪkə'bɪlətɪ/",n. 适用性；适应性,-plic- = -ply- = -pli- = -ple- = -plex- = -plo-
misapplication,"/,mɪsæplɪ'keʃən/",n. 误用；滥用；非法占有,-plic- = -ply- = -pli- = -ple- = -plex- = -plo-
inapplicable,/ɪn'æplɪkəb(ə)l/,adj. 不适用的；不相干的,-plic- = -ply- = -pli- = -ple- = -plex- = -plo-
reapplication,"/,riːæplɪ'keɪʃən/",n. 再申请；再运用,-plic- = -ply- = -pli- = -ple- = -plex- = -plo-
simple,/'sɪmp(ə)l/,adj. 简单的；单纯的；天真的 n. 笨蛋；愚蠢的行为；出身低微者,-plic- = -ply- = -pli- = -ple- = -plex- = -plo-
simplify,/'sɪmplɪfaɪ/,vt. 简化；使单纯；使简易,-plic- = -ply- = -pli- = -ple- = -plex- = -plo-
simplicity,/sɪm'plɪsɪtɪ/,n. 朴素；简易；天真；愚蠢,-plic- = -ply- = -pli- = -ple- = -plex- = -plo-
replica,/'replɪkə/,n. 复制品，复制物,-plic- = -ply- = -pli- = -ple- = -plex- = -plo-
replicate,/'replɪkeɪt/,vt. 复制；折叠 vi. 重复；折转 adj. 复制的；折叠的,-plic- = -ply- = -pli- = -ple- = -plex- = -plo-
replication,/replɪ'keɪʃ(ə)n/,n. 复制；回答；反响,-plic- = -ply- = -pli- = -ple- = -plex- = -plo-
replicator,/'rɛplɪketɚ/,n. [遗] 复制基因；重复符,-plic- = -ply- = -pli- = -ple- = -plex- = -plo-
replicated,/'replɪkeɪtɪd/,adj. 重复的,-plic- = -ply- = -pli- = -ple- = -plex- = -plo-
self-replicating,/'self'replikeitiŋ/,adj. 自我复制的,-plic- = -ply- = -pli- = -ple- = -plex- = -plo-
multiplex,/'mʌltipleks/,adj. 多重的，多样的，复合的,-plic- = -ply- = -pli- = -ple- = -plex- = -plo-
multiplier,/'mʌltɪplaɪə/,n. [数] 乘数；[电子] 倍增器；增加者；繁殖者,-plic- = -ply- = -pli- = -ple- = -plex- = -plo-
multiplexer,"/'mʌltɪ,plɛksɚ/",n. [计][通信] 多工器；多路器；[通信] 多路转接器,-plic- = -ply- = -pli- = -ple- = -plex- = -plo-
multiple,/'mʌltɪpl/,adj. 多重的；多样的；许多的 n. 倍数；[电] 并联,-plic- = -ply- = -pli- = -ple- = -plex- = -plo-
multiple-choice,/'mʌltipl'tʃɔis/,adj. 多项选择的,-plic- = -ply- = -pli- = -ple- = -plex- = -plo-
multiple-use,/'mʌltipl-juːz/,n. 万能，多种用途；多用,-plic- = -ply- = -pli- = -ple- = -plex- = -plo-
perplex,/pə'pleks/,vt. 使困惑，使为难；使复杂化,-plic- = -ply- = -pli- = -ple- = -plex- = -plo-
perplexity,/pə'pleksiti/,n. 纠缠，困惑，窘困,-plic- = -ply- = -pli- = -ple- = -plex- = -plo-
perplexing,/pə'pleksɪŋ/,adj. 复杂的，令人费解的；令人困惑的,-plic- = -ply- = -pli- = -ple- = -plex- = -plo-
perplexed,/pə'plekst/,adj. 困惑的；不知所措的,-plic- = -ply- = -pli- = -ple- = -plex- = -plo-
supple,/'sʌp(ə)l/,adj. 柔软的；灵活的；顺从的；易弯曲的；逢迎的 vt. 使柔软；使顺从,-plic- = -ply- = -pli- = -ple- = -plex- = -plo-
suppleness,/'sʌplnɪs/,n. 柔软；易弯曲；顺从,-plic- = -ply- = -pli- = -ple- = -plex- = -plo-
supplementary,"/,sʌplɪ'ment(ə)rɪ/",adj. 补充的；追加的 n. 补充者；增补物,-plic- = -ply- = -pli- = -ple- = -plex- = -plo-
supplementation,"/,sʌpləmən'teʃən/",n. 补充；增补,-plic- = -ply- = -pli- = -ple- = -plex- = -plo-
deploy,/dɪ'plɒɪ/,vt. 配置；展开；使疏开 vi. 部署；展开 n. 部署,-plic- = -ply- = -pli- = -ple- = -plex- = -plo-
deployable,/dɪ'plɒɪ'eɪb(ə)l/,adj. 可开展的,-plic- = -ply- = -pli- = -ple- = -plex- = -plo-
deployment,/diː'plɒɪmənt/,n. 调度，部署,-plic- = -ply- = -pli- = -ple- = -plex- = -plo-
redeploy,/riːdɪ'plɒɪ/,vt. 重新部署；调动 vi. 重新部署,-plic- = -ply- = -pli- = -ple- = -plex- = -plo-
redeployment,"/,ridɪ'plɔɪmənt/",n. 调换，调动；重新部署,-plic- = -ply- = -pli- = -ple- = -plex- = -plo-
forward-deployed,/'fɔːwəd-dɪ'plɒɪd/,adj. 前沿部署,-plic- = -ply- = -pli- = -ple- = -plex- = -plo-
simplex,/'simpleks/,adj. 单一的，半纯的,-plic- = -ply- = -pli- = -ple- = -plex- = -plo-
duplex,/'dju:pleks/,adj. 二重的，二倍的，双的,-plic- = -ply- = -pli- = -ple- = -plex- = -plo-
duplexer,/'dju:pleksə/,n. [通信] 双工器；天线转换开关,-plic- = -ply- = -pli- = -ple- = -plex- = -plo-
triplex,/'tripleks/,adj. 三重的，三倍的，三层的,-plic- = -ply- = -pli- = -ple- = -plex- = -plo-
quadruplex,/'kwɔdrupleks/,adj. 四重的，四倍的,-plic- = -ply- = -pli- = -ple- = -plex- = -plo-
triple,/'trɪp(ə)l/,adj. 三倍的；三方的 n. 三倍数；三个一组 vi. 增至三倍,-plic- = -ply- = -pli- = -ple- = -plex- = -plo-
tripling,/'trɪpl/,n. 群交,-plic- = -ply- = -pli- = -ple- = -plex- = -plo-
triplicate,/'trɪplɪkət/,n. 一式三份 adj. 一式三份的；三联的,-plic- = -ply- = -pli- = -ple- = -plex- = -plo-
triply,/'trɪplɪ/,adv. 三重地；三倍地,-plic- = -ply- = -pli- = -ple- = -plex- = -plo-
triploid,/'trɪplɒɪd/,adj. 三倍体的；三倍性的 n. 三倍体,-plic- = -ply- = -pli- = -ple- = -plex- = -plo-
triple-decker,"/'tripl,dekə/",n. 三层式立体交叉,-plic- = -ply- = -pli- = -ple- = -plex- = -plo-
polyploid,/'pɒlɪplɒɪd/,adj. 多倍的；多倍体的 n. 多倍体；多倍体生物；多倍体细胞,-plic- = -ply- = -pli- = -ple- = -plex- = -plo-
polyploidy,"/'pɑlɪ,plɔɪdi/",n. 多倍体；[遗] 多倍性,-plic- = -ply- = -pli- = -ple- = -plex- = -plo-
pliant,/'plaɪənt/,adj. 顺从的；易弯的；易受影响的；能适应的 n. 顺从,-plic- = -ply- = -pli- = -ple- = -plex- = -plo-
pliable,/'plaɪəb(ə)l/,adj. 柔韧的；柔软的；圆滑的；易曲折的,-plic- = -ply- = -pli- = -ple- = -plex- = -plo-
pliability,"/,plaɪə'bɪləti/",n. 柔软；易曲折；易适应性,-plic- = -ply- = -pli- = -ple- = -plex- = -plo-
ply,/plaɪ/,vt. 使用，不住地使用；折，弯；从事 vi. 辛勤工作；定期地来往（船、车等）,-plic- = -ply- = -pli- = -ple- = -plex- = -plo-
imply,/ɪm'plaɪ/,vt. 意味；暗示；隐含,-plic- = -ply- = -pli- = -ple- = -plex- = -plo-
plywood,/'plaɪwʊd/,n. 夹板，胶合板,-plic- = -ply- = -pli- = -ple- = -plex- = -plo-
ploy,/plɒɪ/,n. 策略；活动；工作 vt. 使部队由横队变为纵队 vi. 由横队变为纵队,-plic- = -ply- = -pli- = -ple- = -plex- = -plo-
accomplice,/ə'kʌmplɪs/,n. 同谋者，[法] 共犯,-plic- = -ply- = -pli- = -ple- = -plex- = -plo-
photomultiplier,"/,fəʊtəʊ'mʌltɪplaɪə/",n. [电子] 光电倍增管,-plic- = -ply- = -pli- = -ple- = -plex- = -plo-
noncompliant,"/,nɒnkəm'plaɪənt/",n. 固执的人,-plic- = -ply- = -pli- = -ple- = -plex- = -plo-
plexus,/'pleksəs/,n.（血管、淋巴管、神经等的）[解剖] 丛,-plic- = -ply- = -pli- = -ple- = -plex- = -plo-
implemented,/'implimənt/,adj. 应用的,-plic- = -ply- = -pli- = -ple- = -plex- = -plo-
diploid,/'dɪplɒɪd/,adj. 双倍的；倍数的；双重的 n. [遗] 二倍体；倍数染色体,-plic- = -ply- = -pli- = -ple- = -plex- = -plo-
muse,/mjuːz/,n. 沉思；冥想 vt. 沉思；沉思地说 vi. 沉思；凝望,-mus-
musing,/'mjuːzɪŋ/,adj. 沉思的；瞑想的,-mus-
museum,/mjuː'zɪəm/,n. 博物馆,-mus-
museology,"/,mju:zi'ɔlədʒi/",n. 博物馆学,-mus-
amuse,/ə'mjuːz/,vt. 娱乐；消遣；使发笑,-mus-
amusement,/ə'mjuːzm(ə)nt/,n. 消遣，娱乐；乐趣,-mus-
amused,/ə'mjuːzd/,adj. 愉快的，顽皮的；被逗乐的,-mus-
amusing,/ə'mjuːzɪŋ/,adj. 有趣的；可笑的,-mus-
amusingly,/ə'mju:ziŋli/,adv. 有趣地；好笑地,-mus-
unamused,/ʌnə'mjuːzd/,adj. 非娱乐性的,-mus-
amusement-park,/ə'mjuːzm(ə)nt-pɑːk/,n. [主美国英语](公共露天)游乐场,-mus-
music,/'mjuːzɪk/,n. 音乐，乐曲,-mus-
musical,/'mjuːzɪk(ə)l/,adj. 音乐的 n. 音乐剧；音乐影片,-mus-
musicale,"/,mjuːzɪ'kɑːl/",n. 音乐会,-mus-
musically,/'mjʊzɪkli/,adv. 音乐上地；声音好听地,-mus-
musicality,/'mjʊzɪ'kæləti/,n. 音乐性；音感,-mus-
musician,/mjuː'zɪʃ(ə)n/,n. 音乐家,-mus-
musicianship,/mju:'ziʃənʃip/,n. 音乐才能；音乐鉴赏力；音乐技巧,-mus-
musicology,/mjuːzɪ'kɒlədʒɪ/,n. 音乐学；音乐理论,-mus-
musicologist,"/,mjʊzɪ'kɑlədʒɪst/",n. 音乐学者，音乐理论家,-mus-
musicological,"/,mjuːzɪkə'lɒdʒɪkəl/",adj. 音乐学的,-mus-
unmusical,/ʌn'mjuːzɪk(ə)l/,adj. 不合调的；非音乐的；演奏音乐不熟练的,-mus-
extramusical,"/,ekstrə'mju:zikəl/",adj. 音乐范围以外的,-mus-
music-hall,/'mjuːzɪk-hɔːl/,n. 音乐厅,-mus-
music-making,/'mjuːzɪk-'meɪkɪŋ/,n. 音乐制作,-mus-
musical-comedy,/'mjuːzɪk(ə)l-'kɒmɪdɪ/,n. 音乐喜剧；歌舞喜剧,-mus-
pop-music,/pɒp-'mjuːzɪk/,n. 流行音乐,-mus-
folk-music,/fəʊk-'mjuːzɪk/,n. 民俗音乐,-mus-
country-music,/'kʌntrɪ-'mjuːzɪk/,n. 乡村音乐（美国的）,-mus-
classical-music,/'klæsɪk(ə)l-'mjuːzɪk/,n. 古典乐,-mus-
world-music,/wɜːld-'mjuːzɪk/,n.（使用有民族乐器的）流行音乐,-mus-
chamber-music,/'tʃeɪmbə-'mjuːzɪk/,n. 室内音乐,-mus-
bemuse,/bɪ'mjuːz/,vt. 使发呆；使茫然；使困惑,-mus-
bemused,/bɪ'mjuːzd/,adj. 困惑的；发呆的,-mus-
bemusement,/bi'mju:zmənt/,n. 困惑,-mus-
energy,/'enədʒɪ/,n. 能源,-erg- = -org- = -urg-
energize,/'enədʒaɪz/,vt. 激励；使活跃；供给…能量,-erg- = -org- = -urg-
energized,/'enədʒaɪzd/,adj. 激励的；[电] 通电的,-erg- = -org- = -urg-
energizer,/'enədʒaizə/,n. 激发器，增能器；情绪兴奋剂,-erg- = -org- = -urg-
energetic,"/,enə'dʒetɪk/",adj. 精力充沛的,-erg- = -org- = -urg-
energetics,/enə'dʒetɪks/,n. 能量学；[力] 力能学,-erg- = -org- = -urg-
energetically,/ˌenə'dʒetɪkli/,adv. 积极地；精力充沛地,-erg- = -org- = -urg-
energy-rich,/'enədʒɪ-rɪtʃ/,adj. 高能的,-erg- = -org- = -urg-
energy-efficient,/'enədʒɪ-ɪ'fɪʃ(ə)nt/,adj. 节能的，节约能源的；高能效的,-erg- = -org- = -urg-
energy-efficiency,/'enədʒɪ-ɪ'fɪʃ(ə)nsɪ/,n. 能量高效性，能量效率,-erg- = -org- = -urg-
energy-saving,/'enədʒiseiviŋ/,adj. 节省能源的,-erg- = -org- = -urg-
energy-hungry,/'enədʒɪ-'hʌŋgrɪ/,adj. 能源缺乏的,-erg- = -org- = -urg-
re-energize,/riː'enədʒɪ/,vt. 重新激励；重供能,-erg- = -org- = -urg-
high-energy,/'hai'enədʒi/,adj. 高能的,-erg- = -org- = -urg-
low-energy,/'ləu'enədʒi/,adj.低能的,-erg- = -org- = -urg-
clean-energy,/kliːn-'enədʒɪ/,n. 清洁能源,-erg- = -org- = -urg-
non-energy,/nɔn-'enədʒɪ/,n. 无能源,-erg- = -org- = -urg-
zero-energy,/'zɪərəʊ-'enədʒɪ/,n. 初始能量；零功率,-erg- = -org- = -urg-
solar-energy,/'səʊlə-'enədʒɪ/,n. 太阳能,-erg- = -org- = -urg-
renewable-energy,/rɪ'njuːəbəl-'enədʒɪ/,n. 再生能源；可更新能源,-erg- = -org- = -urg-
alternative-energy,/ɔːl'tɜːnətɪv-'enədʒɪ/,n. 替代能源；新能源,-erg- = -org- = -urg-
waste-to-energy,/weɪst-tuː-'enədʒɪ/,adj. 浪费能源的,-erg- = -org- = -urg-
synergy,/'sɪnədʒɪ/,n.（人们或企业团结一致产生的）协同作用,-erg- = -org- = -urg-
synergism,/'sɪnədʒɪzəm/,n. 合作；神人协力合作说,-erg- = -org- = -urg-
synergic,/si'nə:dʒik/,adj. 合作的，协作的,-erg- = -org- = -urg-
synergistic,"/,sɪnə'dʒɪstɪk/",adj. 协同的；协作的，协同作用的,-erg- = -org- = -urg-
synergistically,"/,sɪnə'dʒɪstɪkli/",adv. 协同地；协同作用地；以协同方式,-erg- = -org- = -urg-
allergy,/'ælədʒɪ/,n. 过敏症；反感；厌恶,-erg- = -org- = -urg-
allergic,/ə'lɜːdʒɪk/,adj. 对…过敏的；对…极讨厌的,-erg- = -org- = -urg-
allergist,/'ælədʒɪst/,n. 过敏症专科医师,-erg- = -org- = -urg-
allergen,/'ælədʒ(ə)n/,n. [医] 过敏原,-erg- = -org- = -urg-
allergenic,/'ælədʒ(ə)n/,n. [医] 过敏原，引起过敏的，(引起)变态反应的,-erg- = -org- = -urg-
non-allergic,/nɒnə'lɜːdʒɪk/,adj. 非变应性,-erg- = -org- = -urg-
erg,/ɜːg/,n. [物] 尔格（功和能的单位）,-erg- = -org- = -urg-
ergonomic,"/,ɜːɡəʊ'nɒmɪk/",adj. 人类环境改造学的；人类工程学的,-erg- = -org- = -urg-
ergonomics,"/,ɜːgə'nɒmɪks/",n. 工效学；人类工程学,-erg- = -org- = -urg-
ergometer,/ɜː'gɒmɪtə/,n. [力] 测力计；测功计,-erg- = -org- = -urg-
organ,/'ɔːg(ə)n/,n. 风琴，手摇风琴,-erg- = -org- = -urg-
organize,/ˈɔ:gənaɪz/,vt. 组织；使有系统化,-erg- = -org- = -urg-
organizer,"/'ɔrgə,naɪzɚ/",n. 组织者；承办单位,-erg- = -org- = -urg-
organiser,/'ɔ:gənaizə/,n. 组织者；发起人；形成体（等于 organizer）,-erg- = -org- = -urg-
organized,/ˈɔːɡəˌnaɪzd/,adj. 有组织的；有系统的（等于 organised）,-erg- = -org- = -urg-
organisation,"/,ɔːɡənaɪ'zeɪʃən/",n. 组织,-erg- = -org- = -urg-
organizational,/ˌɔːɡənaɪˈzeɪʃənl/,adj. 组织的,-erg- = -org- = -urg-
organizationally,/ˌɔːɡənaɪˈzeɪʃənli/,adv. 组织(上)地；编制(上)地,-erg- = -org- = -urg-
organizing,/'ɔ:ɡənaɪzɪŋ/,n. 组织 adj. 组织上的,-erg- = -org- = -urg-
well-organized,/wel'ɔ:gənaizd/,adj. 有序的；很有条理的,-erg- = -org- = -urg-
unorganized,/ʌn'ɔːg(ə)naɪzd/,adj. 无组织的，无条理的；未加入工会的,-erg- = -org- = -urg-
disorganize,/dɪs'ɔːɡənaɪz/,vt. 扰乱；瓦解；使…混乱；破坏组织,-erg- = -org- = -urg-
disorganised,/dɪs'ɔrɡənaɪzd/,adj. 杂乱无章的,-erg- = -org- = -urg-
disorganization,"/dɪs,ɔɡənɪ'zeʃən/",n. 解体；混乱；组织的破坏；瓦解,-erg- = -org- = -urg-
self-organization,"/'sɛlf,ɔɡənɪ'zeʃən/",n. 自行组织的工会,-erg- = -org- = -urg-
self-organized,/'self'ɔ:ɡənaizd/,adj. 自组织的；自发的,-erg- = -org- = -urg-
self-organizing,/self-'ɔ:ɡənaɪzɪŋ/,n. [计] 自组织,-erg- = -org- = -urg-
co-organizer,"/kəu-'ɔrgə,naɪzɚ/",n. 协办单位；协办方,-erg- = -org- = -urg-
interorganizational,/ɪn'tɜːˌɔːɡənaɪˈzeɪʃənl/,adj. 跨组织的,-erg- = -org- = -urg-
organization-wide,/ˌɔːɡənaɪ'zeɪʃn-waid/,adj. 组织范围的；全机构的,-erg- = -org- = -urg-
reorganize,/rɪ'ɔrgə'naɪz/,vt. 整理；改组；重新制定 vi. 整顿；改编,-erg- = -org- = -urg-
reorganization,"/'riː,ɔːɡənaɪ'zeɪʃən/",n. 改组；整顿；改编,-erg- = -org- = -urg-
reorganized,/riːˈɔːɡəˌnaɪz/,adj. 重组的；重新制定的,-erg- = -org- = -urg-
organic,/ɔː'gænɪk/,adj. [有化] 有机的；组织的,-erg- = -org- = -urg-
organically,/ɔr'gænɪkəli/,adv.（发生、发展过程）自然地,-erg- = -org- = -urg-
organism,/'ɔːg(ə)nɪz(ə)m/,n. 有机体,-erg- = -org- = -urg-
inorganic,/ɪnɔː'gænɪk/,adj. [无化] 无机的；无生物的,-erg- = -org- = -urg-
non-organic,/ɔː'gænɪk/,adj. 无机的；非有机的,-erg- = -org- = -urg-
microorganism,/maɪkrəʊ'ɔːg(ə)nɪz(ə)m/,n. [微] 微生物；微小动植物,-erg- = -org- = -urg-
organist,/'ɔːg(ə)nɪst/,n. 风琴演奏者,-erg- = -org- = -urg-
organismic,/'ɔ:ɡənizəmɪk/,adj.  [ 生物] 生物的；有机体的,-erg- = -org- = -urg-
organismal,/ɔ:gə'nizməl/,adj. 生物的；有机体的,-erg- = -org- = -urg-
superorganism,"/,sjuːpə'rɔːɡənɪzəm/",n. 超个体（指群居昆虫等的群体）,-erg- = -org- = -urg-
organelle,"/,ɔːgə'nel/",n. [细胞] 细胞器；细胞器官,-erg- = -org- = -urg-
organophosphate,"/ɔː,gənəʊ'fɒsfeɪt/",n. 有机磷酸酯（肥料） adj. 有机磷酸酯的,-erg- = -org- = -urg-
organochlorine,"/,ɔːɡənəʊ'klɔːriːn/",n. 有机氯；有机氯杀虫剂 adj. 有机氯的；有机氯杀虫剂的,-erg- = -org- = -urg-
orgy,/'ɔːdʒɪ/,n. 狂欢；放荡,-erg- = -org- = -urg-
orgasm,/'ɔːgæz(ə)m/,n. [生理] 性高潮；极度兴奋,-erg- = -org- = -urg-
orgasmic,/ɔr'ɡæzmɪk/,adj. 极度兴奋的；性感高潮的,-erg- = -org- = -urg-
orgiastic,/ɔːdʒɪ'æstɪk/,adj. 狂欢的；纵欲的,-erg- = -org- = -urg-
urge,/'ɜːdʒ/,vt. 力劝， 催促； 驱策， 推进 n. 强烈的欲望， 迫切要求； 推动力 vi. 强烈要求,-erg- = -org- = -urg-
urging,/ɜːdʒɪŋ/,v. 说服，催促；激励，驱策；清除（urge 的 ing 形式）,-erg- = -org- = -urg-
urgency,/'ɜːdʒ(ə)nsɪ/,n. 紧急；催促；紧急的事,-erg- = -org- = -urg-
urgent,/ˈɜːdʒənt/,adj. 紧急的,-erg- = -org- = -urg-
urgently,/'ɝdʒəntli/,adv. 迫切地；紧急地；急切地,-erg- = -org- = -urg-
non-urgent,/ˈɜːdʒənt/,adj. 紧急的；急迫的,-erg- = -org- = -urg-
surgery,/'sɜːdʒ(ə)rɪ/,n. 外科；外科手术；手术室；诊疗室,-erg- = -org- = -urg-
telesurgery,/ˌtɛlɪˈsɜːdʒərɪ/,n. 远距离手术,-erg- = -org- = -urg-
surgeon,/'sɜːdʒ(ə)n/,n. 外科医生,-erg- = -org- = -urg-
surgical,/'sɜːdʒɪk(ə)l/,adj. 外科的；手术上的 n. 外科手术；外科病房,-erg- = -org- = -urg-
microsurgery,/maɪkrə(ʊ)'sɜːdʒ(ə)rɪ/,n. [外科] 显微外科；显微手术,-erg- = -org- = -urg-
microsurgical,"/,maikrəu'sə:dʒikəl/",adj. 显微外科；显微手术,-erg- = -org- = -urg-
plastic-surgery,/'plæstɪk-'sɜːdʒ(ə)rɪ/,n. [外科] 整形外科,-erg- = -org- = -urg-
elect,/ɪ'lekt/,adj. 选出的；当选的；卓越的 n. 被选的人；特殊阶层；上帝的选民 vt. 选举；选择；推选,-lect- = -lig- = -leg- = -legis-
elector,/i'lektə/,n. 选举者，有选举权的人,-lect- = -lig- = -leg- = -legis-
election,/i'lekʃən/,n. 选举,-lect- = -lig- = -leg- = -legis-
elective,/ɪ'lektɪv/,adj. 选修的；选举的；选任的 n. 选修课程,-lect- = -lig- = -leg- = -legis-
unelected,/ʌnɪ'lektɪd/,adj. 未经选举的,-lect- = -lig- = -leg- = -legis-
election-year,/ɪ'lekʃ(ə)n-jɪə/,n.（美国总统）选举年,-lect- = -lig- = -leg- = -legis-
election-night,/ɪ'lekʃ(ə)n-naɪt/,n. 大选之夜,-lect- = -lig- = -leg- = -legis-
electoral,/ɪ'lekt(ə)r(ə)l/,adj. 选举的；选举人的,-lect- = -lig- = -leg- = -legis-
electorally,/i'lektərəli/,adv. 从选举方面来讲（electoral 的副词形式）,-lect- = -lig- = -leg- = -legis-
unelectable,/ˌʌnɪˈlɛktəbəl/,adj. (政党、候选人)不可能当选的,-lect- = -lig- = -leg- = -legis-
re-elect,"/,ri:i'lekt/",vt. 重选；改选,-lect- = -lig- = -leg- = -legis-
re-election,"/,ri:i'lekʃən/",n. 改选，重选；再次竞选,-lect- = -lig- = -leg- = -legis-
post-election,/ˌpəʊstɪˈlɛkʃən/,n. 选举后,-lect- = -lig- = -leg- = -legis-
pre-election,/priː-ɪ'lekʃ(ə)n/,n. [统计] 预先选择,-lect- = -lig- = -leg- = -legis-
governor-elect,/'gʌv(ə)nə-ɪ'lekt/,n. 总监当选人 总监提名人,-lect- = -lig- = -leg- = -legis-
democratically-elected,"/,dɛmə'krætɪkli-ɪ'lektɪd/",adj. 民主选出的;民选的；民主选举上台,-lect- = -lig- = -leg- = -legis-
newly-elected,/'njuːlɪ-ɪ'lektɪd/,adj. 新当选的,-lect- = -lig- = -leg- = -legis-
non-elected,/nɔn-ɪ'lektɪd/,adj. 非选举的,-lect- = -lig- = -leg- = -legis-
by-election,"/'baii,lekʃən/",n. 递补选举,-lect- = -lig- = -leg- = -legis-
general-election,/'dʒen(ə)r(ə)l-ɪ'lekʃ(ə)n/,n. 大选；普选,-lect- = -lig- = -leg- = -legis-
collect,/kə'lekt/,vt. 收集；募捐 vi. 收集；聚集；募捐 adv. 由收件人付款地,-lect- = -lig- = -leg- = -legis-
collection,/kə'lekʃ(ə)n/,n. 采集，聚集；[税收] 征收；收藏品；募捐,-lect- = -lig- = -leg- = -legis-
collected,/kə'lektɪd/,adj. 镇定的；收集成的,-lect- = -lig- = -leg- = -legis-
uncollected,/ʌnkə'lektɪd/,adj. 不安的；狼狈的；未收款的,-lect- = -lig- = -leg- = -legis-
collective,/kə'lektiv/,adj. 集体的；共同的；集合的；集体主义的,-lect- = -lig- = -leg- = -legis-
collectivist,/kə'lɛktɪvɪst/,n. 集体主义者 adj. 集体主义的,-lect- = -lig- = -leg- = -legis-
collectivistic,"/kə,lekti'vistik/",adj. 集体主义的,-lect- = -lig- = -leg- = -legis-
collectivism,/kə'lektivizəm/,n. 集体主义,-lect- = -lig- = -leg- = -legis-
collectivity,"/,kɒlek'tɪvɪtɪ/",n. 集体；集体主义,-lect- = -lig- = -leg- = -legis-
collectively,/kə'lektivli/,adv. 共同地，全体地,-lect- = -lig- = -leg- = -legis-
collector,/kə'lektə/,n. 收藏家；[电子] 集电极；收税员；征收者,-lect- = -lig- = -leg- = -legis-
collectible,/kə'lektəbl/,adj. 可收集的；可回收的（等于 collectable）,-lect- = -lig- = -leg- = -legis-
collectable,/kə'lɛktəbl/,adj. 可收集的 n. 珍藏物,-lect- = -lig- = -leg- = -legis-
collectibles,/kə'lektəbls/,n. 收藏品；收藏物（collectible 的复数）,-lect- = -lig- = -leg- = -legis-
uncollectible,/'ʌnkəlektəbl/,adj. 不可收回的；无法收集的,-lect- = -lig- = -leg- = -legis-
collectivize,/kə'lektɪvaɪz/,vt. 集团化；使集体化；使之成为共同的（等于 collectivise）,-lect- = -lig- = -leg- = -legis-
collectivization,"/kə,lɛktɪvaɪ'zeʃən/",n. 集体化,-lect- = -lig- = -leg- = -legis-
data-collection,/'deɪtə-kə'lekʃ(ə)n/,n. [计] 数据收集；资料收集,-lect- = -lig- = -leg- = -legis-
recollect,"/,rekə'lekt/",v. 记起，想起,-lect- = -lig- = -leg- = -legis-
recollection,"/,rekə'lekʃ(ə)n/",n. 回忆；回忆起的事物,-lect- = -lig- = -leg- = -legis-
recollected,"/,rekə'lektid/",adj. 镇定的；回忆到的,-lect- = -lig- = -leg- = -legis-
select,/sɪ'lekt/,vt. 挑选；选拔 adj. 精选的；挑选出来的；极好的 vi. 挑选,-lect- = -lig- = -leg- = -legis-
selection,/si'lekʃən/,n. 选择，选择物，选集，选品,-lect- = -lig- = -leg- = -legis-
selector,/sɪ'lektə/,n. 选择器；挑选者,-lect- = -lig- = -leg- = -legis-
selected,/sɪ'lektɪd/,adj. 挑选出来的,-lect- = -lig- = -leg- = -legis-
selective,/sɪ'lektɪv/,adj. 选择性的；讲究的,-lect- = -lig- = -leg- = -legis-
selectivity,/sɪlek'tɪvɪtɪ/,n. 选择性；分离性；选择度,-lect- = -lig- = -leg- = -legis-
selectively,/sə'lɛktɪvli/,adv. 有选择地,-lect- = -lig- = -leg- = -legis-
unselected,/ʌnsi'lektid/,adj. 未经选择的,-lect- = -lig- = -leg- = -legis-
self-selection,"/,selfsi'lekʃən/",n. 自己挑选,-lect- = -lig- = -leg- = -legis-
self-selected,/'selfsi'lektid/,adj. 自我选择的,-lect- = -lig- = -leg- = -legis-
pre-selected,/pri-si'lektid/,adj. 预选的,-lect- = -lig- = -leg- = -legis-
selectman,/sɪ'lektmæn/,n. 行政委员,-lect- = -lig- = -leg- = -legis-
deselect,/diːsɪ'lekt/,vt. 取消选定,-lect- = -lig- = -leg- = -legis-
selectee,/sɪlek'tiː/,n. 征召员；应征入伍者,-lect- = -lig- = -leg- = -legis-
non-selective,/ˌnɒnsɪˈlɛktɪv/,adj. (学校、教育体系等招生)非选择性的；包含的,-lect- = -lig- = -leg- = -legis-
intelligent,/ɪn'telɪdʒ(ə)nt/,adj. 聪明的；聪明的；理解力强的,-lect- = -lig- = -leg- = -legis-
unintelligent,/ʌnɪn'telɪdʒ(ə)nt/,adj. 无知的；缺乏才智的,-lect- = -lig- = -leg- = -legis-
intelligence,/in'telidʒəns/,n. 智力；情报工作；情报机关；理解力；才智，智慧；天分,-lect- = -lig- = -leg- = -legis-
intelligently,/in'telidʒəntli/,adv. 聪明地，明智地,-lect- = -lig- = -leg- = -legis-
intelligentsia,"/in,teli'dʒentsiə/",n. 知识界，知识分子(总称),-lect- = -lig- = -leg- = -legis-
counterintelligence,"/'kaʊntərɪn,telɪdʒəns/",n. 反情报；反间谍活动,-lect- = -lig- = -leg- = -legis-
artificial-intelligence,/ɑːtɪ'fɪʃ(ə)l-ɪn'telɪdʒ(ə)ns/,n. 人工智能,-lect- = -lig- = -leg- = -legis-
intelligible,/ɪn'telɪdʒɪb(ə)l/,adj. 可理解的；明了的；仅能用智力了解的,-lect- = -lig- = -leg- = -legis-
intelligibly,/ɪn'tɛlədʒəbli/,adv. 易理解地,-lect- = -lig- = -leg- = -legis-
intelligibility,"/ɪn,telɪdʒɪ'bɪlɪtɪ/",n. [通信] 可懂度；可理解性；可理解的事物,-lect- = -lig- = -leg- = -legis-
unintelligibly,"/,ʌnɪn'tɛlədʒəbli/",adv. 难以理解地,-lect- = -lig- = -leg- = -legis-
unintelligibility,"/ʌn,ɪn,telɪdʒɪ'bɪlɪtɪ/",n. 不清晰度,-lect- = -lig- = -leg- = -legis-
intellect,/'ɪntəlekt/,n. 智力，理解力；知识分子；思维逻辑领悟力；智力高的人,-lect- = -lig- = -leg- = -legis-
intellectual,"/,ɪntə'lektʃʊəl/",adj. 智力的；聪明的； 理智的 n. 知识分子； 凭理智做事者,-lect- = -lig- = -leg- = -legis-
intellectually,"/,ɪntə'lektʃʊəli/",adv. 智力上；理智地；知性上,-lect- = -lig- = -leg- = -legis-
intellectualism,/ˌɪntə'lektʃʊəlɪzəm/,n. 知性主义，对理智的偏重，理智主义; 唯智论,-lect- = -lig- = -leg- = -legis-
anti-intellectual,/ˌæntɪˌɪntə'lektʃəl/,adj. 反对(或敌视)知识分子的，反对(或敌视)知识分子观点（或方法）的,-lect- = -lig- = -leg- = -legis-
anti-intellectualism,/ˌæntɪˌɪntə'lektʃəlɪzəm/,n. 反智主义,-lect- = -lig- = -leg- = -legis-
intellectualize,/ˌɪntɪ'lektjʊəlaɪz/,vt. 赋与理智，使知识化，使理智化,-lect- = -lig- = -leg- = -legis-
intellectualized,/ɪntɪ'lektjʊəlaɪzd/,adj. 智能化的,-lect- = -lig- = -leg- = -legis-
intellectualization,/ɪntɪlektjʊəlaɪzeɪnʃ/,n. 理智化,-lect- = -lig- = -leg- = -legis-
neglect,/nɪ'glekt/,vt. 疏忽，忽视；忽略 n. 疏忽，忽视；怠慢,-lect- = -lig- = -leg- = -legis-
neglectful,/ni'ɡlektful/,adj. 疏忽的；忽略的；不小心的,-lect- = -lig- = -leg- = -legis-
neglected,/nɪˈglektɪd/,adj. 被忽视的,-lect- = -lig- = -leg- = -legis-
long-neglected,/lɒŋ-nɪˈglektɪd/,adj. 被忽视的；未被好好照管的,-lect- = -lig- = -leg- = -legis-
elegant,/'eliɡənt/,adj. 美好的，漂亮的，优美的，高雅的,-lect- = -lig- = -leg- = -legis-
inelegant,/in'eliɡənt/,adj. 不雅的；粗野的；不优美的,-lect- = -lig- = -leg- = -legis-
elegantly,/'elɪɡəntlɪ/,adv. 优美地，雅致地，高雅地,-lect- = -lig- = -leg- = -legis-
inelegantly,/ɪn'elɪɡəntlɪ/,adv. 不优美地,-lect- = -lig- = -leg- = -legis-
elegance,/'eliɡəns/,n. 漂亮，优美，雅致,-lect- = -lig- = -leg- = -legis-
inelegance,/in'eliɡəns/,n. 不雅，粗俗的,-lect- = -lig- = -leg- = -legis-
eligible,/'elidʒəbl/,adj. 合格的；符合条件的；有资格当选的 n. 合格者；适任者；有资格者,-lect- = -lig- = -leg- = -legis-
eligibility,/ˌelɪdʒə'bɪlətɪ/,n. 适任，合格; 被选举资格,-lect- = -lig- = -leg- = -legis-
ineligible,/in'elidʒəbl/,adj. 不合格的；不适任的；无被选资格的 n. 无被选资格的人,-lect- = -lig- = -leg- = -legis-
ineligibility,/ɪnˌelɪdʒə'bɪlətɪ/,n. 无被选资格，不适任,-lect- = -lig- = -leg- = -legis-
delegate,/ˈdɛlɪˌɡeɪt/,vt. 委派…为代表 n. 代表,-lect- = -lig- = -leg- = -legis-
delegator,/ˈdɛlɪˌɡeɪtə/,n. 代表团团员,-lect- = -lig- = -leg- = -legis-
delegation,/ˌdelɪˈgeɪʃn/,n. 代表（团）; 委派; 授权,-lect- = -lig- = -leg- = -legis-
delegitimation,/'di:lɪdʒɪtɪ'meɪʃən/,n.（统治机构等的）合法性丧失，权威丧失,-lect- = -lig- = -leg- = -legis-
negligence,/'neɡlidʒəns/,n. 疏忽，忽视，忽略,-lect- = -lig- = -leg- = -legis-
negligent,/'neɡlidʒənt/,adj. 疏忽的，忽视的，不小心的,-lect- = -lig- = -leg- = -legis-
negligently,/ˈneglɪdʒənt/,adj. 疏忽的；粗心大意的；不留心的；懒散,-lect- = -lig- = -leg- = -legis-
negligible,/ˈneglɪdʒəbl/,adj. 可以忽略的；微不足道的；无足轻重的；不足轻重,-lect- = -lig- = -leg- = -legis-
negligee,/ˌneglɪˈʒeɪ/,n. 随便的衣着；女便服 adj. 衣著不整的,-lect- = -lig- = -leg- = -legis-
lecture,/'lektʃə/,n. 演讲；讲稿；教训 vt. 演讲；训诫 vi. 讲课；讲演,-lect- = -lig- = -leg- = -legis-
lecturer,/'lektʃ(ə)rə/,n. 讲师，演讲者,-lect- = -lig- = -leg- = -legis-
lectureship,/'lɛktʃɚ'ʃɪp/,n. 讲师职务；讲师的职位,-lect- = -lig- = -leg- = -legis-
lector,/ˈlektɔ:(r)/,n.（教堂礼拜时的）读经者，讲师,-lect- = -lig- = -leg- = -legis-
lectern,/ˈlektən/,n.（教堂中的）读经台； （演说时放讲稿的）小讲台,-lect- = -lig- = -leg- = -legis-
lectionary,/'lekʃ(ə)n(ə)rɪ/,n.（全年做礼拜时诵读的）经文选,-lect- = -lig- = -leg- = -legis-
dialect,/'daɪəlekt/,n. 方言，土话；同源语；行话；个人用语特征 adj. 方言的,-lect- = -lig- = -leg- = -legis-
dialectic,"/,daɪə'lektɪk/",n. 辩证法；逻辑论证 adj. 辩证的；辩证法的；方言的,-lect- = -lig- = -leg- = -legis-
dialectics,/daiə'lektiks/,n. 辩证法；辩证逻辑,-lect- = -lig- = -leg- = -legis-
dialectician,"/,daɪəlek'tɪʃ(ə)n/",n. 辩论的能手；辩证学家,-lect- = -lig- = -leg- = -legis-
dialectical,/ˌdaɪə'lektɪkl/,adj. 辩证的；辩证法的；方言的,-lect- = -lig- = -leg- = -legis-
dialectically,/ˌdaɪə'lektɪkli/,adv. 辩证地,-lect- = -lig- = -leg- = -legis-
dialectology,"/,da ɪəlek'tɒlədʒɪ/",n. [语] 方言学；方言研究,-lect- = -lig- = -leg- = -legis-
dialectologist,"/,daɪəlek'tɒlədʒɪst/",n. 方言学家,-lect- = -lig- = -leg- = -legis-
dialectal,"/,daiə'lektəl/",adj. 方言的；乡音的,-lect- = -lig- = -leg- = -legis-
idiolect,/'ɪdɪəlekt/,n. 个人习语,-lect- = -lig- = -leg- = -legis-
legal,/'li:ɡəl/,adj. 法律的；合法的；法定的；依照法律的,-lect- = -lig- = -leg- = -legis-
legally,/'li:ɡəlɪ/,adv. 法律上，合法地,-lect- = -lig- = -leg- = -legis-
legality,/li'ɡæləti/,n. 合法；合法性；墨守法规,-lect- = -lig- = -leg- = -legis-
legalize,/'li:ɡəlaiz/,vt. 使合法化；公认；法律上认为…正当,-lect- = -lig- = -leg- = -legis-
legalization,"/,li:ɡəlai'zeiʃən/",n. [法] 合法化；法律认可,-lect- = -lig- = -leg- = -legis-
legalist,/'li:ɡəlist/,n. 法律学家；守法主义者；形式主义者,-lect- = -lig- = -leg- = -legis-
legalistic,/ˌli:geˈlɪstɪk/,adj. 尊重法律的,-lect- = -lig- = -leg- = -legis-
illegal,/ɪ'liːg(ə)l/,adj. [法] 非法的； 违法的； 违反规则的 n. 非法移民， 非法劳工,-lect- = -lig- = -leg- = -legis-
illegally,/ɪ'ligəli/,adv. 违法地；非法地,-lect- = -lig- = -leg- = -legis-
illegalize,/i'li:ɡəlaiz/,vt. 使成为非法；宣布…为非法；使违规,-lect- = -lig- = -leg- = -legis-
illegality,/ˌɪliˈgæləti/,n. 违法；[法] 非法行为；犯规,-lect- = -lig- = -leg- = -legis-
legalese,"/,li:ɡə'li:z/",n. 高深莫测的法律用语,-lect- = -lig- = -leg- = -legis-
legalism,/'li:ɡəlizəm/,n. 条文主义，墨守法规,-lect- = -lig- = -leg- = -legis-
extralegal,/'li:ɡəlizəm/,adj. 不受法律支配的；法律管辖之外的,-lect- = -lig- = -leg- = -legis-
paralegal,/ˌpærəˈli:gl/,adj. 辅助律师业务的 n. 律师的专职助手，律师帮办,-lect- = -lig- = -leg- = -legis-
non-legal,/nɒn-ˈli:gl/,adj. 非法的,-lect- = -lig- = -leg- = -legis-
medico-lega,/'medɪkəʊl'i:ɡl/,adj. 法医学的,-lect- = -lig- = -leg- = -legis-
quasi-legal,/ˈkwɑ:zi(:)-ˈli:ɡəl/,adj. 准法律的，准合法的,-lect- = -lig- = -leg- = -legis-
legal-size,/ˈli:ɡəlsaiz/,adj.（纸张）大小适于书写法律文件的,-lect- = -lig- = -leg- = -legis-
privilege,/ˈprɪvəlɪdʒ/,n. 权利，特权，荣幸,-lect- = -lig- = -leg- = -legis-
privileged,/'privilidʒd/,adj. 享有特权的；有特别恩典的,-lect- = -lig- = -leg- = -legis-
underprivileged,/ˌʌndəˈprɪvəlɪdʒd/,adj. 被剥夺基本权力的，穷困的，下层社会的,-lect- = -lig- = -leg- = -legis-
legislate,/'ledʒisleit/,vt. 用立法规定；通过立法 vi. 立法；制定法律,-lect- = -lig- = -leg- = -legis-
legislation,/ledʒɪs'leɪʃ(ə)n/,n. 法律，法规,-lect- = -lig- = -leg- = -legis-
legislator,/'ledʒisleitə/,n. 立法者，立法机关的成员,-lect- = -lig- = -leg- = -legis-
legislature,/'ledʒisleitʃə/,n. 立法机关；立法机构,-lect- = -lig- = -leg- = -legis-
legislative,/'ledʒislətiv/,adj. 立法的；有立法权的 n. 立法权；立法机构,-lect- = -lig- = -leg- = -legis-
legislatively,/'ledʒɪslətɪvlɪ/,adv. 立法地,-lect- = -lig- = -leg- = -legis-
legend,/'ledʒ(ə)nd/,n. 传奇；传说故事，小说，传奇文学,-lect- = -lig- = -leg- = -legis-
legendary,/'ledʒ(ə)nd(ə)rɪ/,adj. 传说中的，传说(中)的，传奇似的,-lect- = -lig- = -leg- = -legis-
legendarily,/ledʒənd'rɪlɪ/,adv. 传奇性地，传奇似地,-lect- = -lig- = -leg- = -legis-
legendry,/'ledʒəndri/,n. 传奇，传说，传说集,-lect- = -lig- = -leg- = -legis-
legible,/'ledʒəbl/,adj. 清晰的；易读的；易辨认的,-lect- = -lig- = -leg- = -legis-
legibly,/'ledʒəblɪ/,adv. 易读地; 易辨认地；明了地,-lect- = -lig- = -leg- = -legis-
legibility,"/,ledʒi'biləti/",n. 可读性，易读，易读性；易辨认,-lect- = -lig- = -leg- = -legis-
illegible,/i'ledʒibl/,adj. 不可读的，难读的，难以辨认的；字迹模糊的,-lect- = -lig- = -leg- = -legis-
illegibility,"/i,ledʒi'biləti/",n. 难读，难读性，模糊；不清不楚,-lect- = -lig- = -leg- = -legis-
college,/'kɒlɪdʒ/,n. 大学；学院；学会,-lect- = -lig- = -leg- = -legis-
collegiate,/kə'liːdʒ(ɪ)ət/,adj. 大学的；学院的；大学生的,-lect- = -lig- = -leg- = -legis-
collegial,/kə'liːdʒɪəl/,adj. 学院的；社团的；大学生的,-lect- = -lig- = -leg- = -legis-
collegian,/kə'liːdʒɪən/,n. 学院的学生；学院的一员,-lect- = -lig- = -leg- = -legis-
collegium,/kə'liːdʒɪəm/,n. 执行管理委员会,-lect- = -lig- = -leg- = -legis-
intercollegiate,"/,ɪntəkə'liːdʒ(ɪ)ət/",adj. 学院间的；大学间的,-lect- = -lig- = -leg- = -legis-
college-age,/'kɒlɪdʒ-idʒ/,n. 大学年龄，大学适龄,-lect- = -lig- = -leg- = -legis-
college-aged,/'kɒlɪdʒ-idʒd/,adj. 大学生年纪的,-lect- = -lig- = -leg- = -legis-
college-bound,/'kɒlɪdʒ-baʊnd/,n. 即入大学；准大学生,-lect- = -lig- = -leg- = -legis-
pre-college,/'pri:'kɔlidʒ/,adj. 大学预科期的，进大学前的,-lect- = -lig- = -leg- = -legis-
post-college,/pəust-'kɒlɪdʒ/,adj. 本科毕业后，后大学生涯的,-lect- = -lig- = -leg- = -legis-
non-college,/nɔn'kɔlidʒ/,adj. 未上过大学的,-lect- = -lig- = -leg- = -legis-
allege,/ə'ledʒ/,vt. 宣称，断言；提出…作为理由,-lect- = -lig- = -leg- = -legis-
alleged,/ə'ledʒd/,adj. 所谓的；声称的；被断言的,-lect- = -lig- = -leg- = -legis-
allegedly,/ə'ledʒɪdlɪ/,adv. 依其申述；据说，据称,-lect- = -lig- = -leg- = -legis-
allegation,/ælɪ'geɪʃ(ə)n/,n. 指控，陈述，主张，宣称，陈词，陈述,-lect- = -lig- = -leg- = -legis-
allegiance,/ə'liːdʒ(ə)ns/,n. 效忠，忠诚；忠贞,-lect- = -lig- = -leg- = -legis-
allegory,/'ælɪg(ə)rɪ/,n. 寓言,-lect- = -lig- = -leg- = -legis-
allegorize,/'ælɪg(ə)raɪz/,vt. 使寓言化；以比喻的方式解释,-lect- = -lig- = -leg- = -legis-
allegorical,"/,ælɪ'gɒrɪk(ə)l/",adj. 讽喻的；寓言的，寓意的,-lect- = -lig- = -leg- = -legis-
allegorically,"/,ælə'gɔrɪkli/",adv. 寓言地；比喻地,-lect- = -lig- = -leg- = -legis-
diligent,/'dɪlɪdʒ(ə)nt/,adj. 勤勉的；用功的，费尽心血的,-lect- = -lig- = -leg- = -legis-
diligently,/'dɪlədʒəntli/,adv. 勤奋地；勤勉地,-lect- = -lig- = -leg- = -legis-
diligence,/'dɪlɪdʒ(ə)ns/,n. 勤奋，勤勉；注意的程度,-lect- = -lig- = -leg- = -legis-
legitimate,/lɪ'dʒɪtɪmət/,adj. 合法的；正当的；合理的；正统的,-lect- = -lig- = -leg- = -legis-
legitimately,/li'dʒitimitli/,adv. 合理地；正当地,-lect- = -lig- = -leg- = -legis-
legitimize,/lɪ'dʒɪtɪmaɪz/,vt. 使…合法；立为嫡嗣,-lect- = -lig- = -leg- = -legis-
legitimation,"/lɪ,dʒɪtə'meʃən/",n. 合法化；承认为嫡出,-lect- = -lig- = -leg- = -legis-
legitimization,"/lɪ,dʒɪtɪmɪ'zeʃən/",n. 合法化；公认；认为正当,-lect- = -lig- = -leg- = -legis-
legitimacy,/lɪ'dʒɪtɪməsɪ/,n. 合法；合理；正统,-lect- = -lig- = -leg- = -legis-
illegitimate,"/,ɪlɪ'dʒɪtɪmət/",adj. 私生的；非法的；不合理的 vt. 认作私生子；认为违法,-lect- = -lig- = -leg- = -legis-
illegitimately,"/,ɪlɪ'dʒɪtɪmətli/",adv. 私生地，非法地，不合理地,-lect- = -lig- = -leg- = -legis-
illegitimacy,"/,ɪlɪ'dʒɪtɪməsɪ/",n. 私生；不法；反常，不合逻辑,-lect- = -lig- = -leg- = -legis-
eclectic,/ɪ'klektɪk/,adj. 折衷的； 选择的； 折衷学派的 n. 折衷派的人；折衷主义者 adj. 不拘一格的,-lect- = -lig- = -leg- = -legis-
eclecticism,/ɪˈklektɪsɪzəm/,n. 折衷主义，折衷说,-lect- = -lig- = -leg- = -legis-
relegate,/'relɪgeɪt/,vt. 把降低到；归入；提交,-lect- = -lig- = -leg- = -legis-
relegation,"/,rɛlə'geʃən/",n. 贬谪；驱逐；移交；归属,-lect- = -lig- = -leg- = -legis-
legate,/ˈlegɪt/,n. 罗马教皇的使节；使者 vt. 当作遗产让与,-lect- = -lig- = -leg- = -legis-
legation,/lɪ'geɪʃ(ə)n/,n. 公使馆；使者的派遣,-lect- = -lig- = -leg- = -legis-
legatee,"/,legə'tiː/",n. [法] 遗产受赠人,-lect- = -lig- = -leg- = -legis-
legion,/'liːdʒ(ə)n/,n.（古罗马）军团；众多；军队 adj. 众多的；大量的,-lect- = -lig- = -leg- = -legis-
legionary,/'liːdʒ(ə)n(ə)rɪ/,adj. 军队的；很多的；古罗马军团的 n. 军团士兵,-lect- = -lig- = -leg- = -legis-
legionnaire,"/,liːdʒə'neə/",n. 美国退伍军人协会会员；军团的士兵,-lect- = -lig- = -leg- = -legis-
legacy,/'legəsɪ/,n. 遗赠，遗产,-lect- = -lig- = -leg- = -legis-
elegy,/'elɪdʒɪ/,n. 挽歌，哀歌,-lect- = -lig- = -leg- = -legis-
elegiac,"/,elɪ'dʒaɪək/",adj. 挽歌的；哀悼的，哀伤的 n. 挽歌，哀歌,-lect- = -lig- = -leg- = -legis-
sacrilege,/'sækrɪlɪdʒ/,n. 冒渎；亵渎圣物；悖理逆天的行为,-lect- = -lig- = -leg- = -legis-
sacrilegious,"/,sækrɪ'lɪdʒəs/",adj. 该受天谴的，亵渎神明的,-lect- = -lig- = -leg- = -legis-
predilection,"/,prɛdl'ɛkʃən/",n. 偏爱，嗜好,-lect- = -lig- = -leg- = -legis-
nerve,/nɜːv/,n. 神经；勇气；[植] 叶脉 vt. 鼓起勇气,-nerv- = -neur-
nervy,/'nɜːvɪ/,adj. 有勇气的；易激动的；紧张不安的,-nerv- = -neur-
unnerve,/ʌn'nɜːv/,vt. 使失去勇气；使身心交疲；使焦躁；使失常,-nerv- = -neur-
unnerving,"/,ʌn'nə:viŋ/",adj. 使人紧张不安的 n. 除神经法,-nerv- = -neur-
unnervingly,/ʌn'nə:viŋli/,adv. 令人胆怯地；使人紧张不安地,-nerv- = -neur-
nervous,/'nɜːvəs/,adj. 神经的；紧张不安的；强健有力的,-nerv- = -neur-
nervously,/ˈnɝrvɚsli/,adv. 神经质地；焦急地；提心吊胆地,-nerv- = -neur-
nerveless,/'nɜːvlɪs/,adj. [临床] 无力的；松懈的,-nerv- = -neur-
nervousness,/'nɜːvəsnəs/,n. 神经质；[心理] 神经过敏；紧张不安,-nerv- = -neur-
nervous-system,/'nɜːvəs-'sɪstəm/,n. [解剖] 神经系统,-nerv- = -neur-
nerve-racking,"/'nə:v,rækiŋ/",adj. 伤脑筋的；使人心烦的,-nerv- = -neur-
nerve-wracking,"/'nə:v,rækiŋ/",adj. 非常伤脑筋的，极端令人头疼的（等于 nerve-racking）,-nerv- = -neur-
innervate,/ɪ'nɜːveɪt/,vt. 使受神经支配；使神经分布于；刺激活动,-nerv- = -neur-
innervation,"/,ɪnɚ'veʃən/",n. 神经分布；神经支配,-nerv- = -neur-
enervate,/'enəveɪt/,vt. 使衰弱，使失去活力 adj. 衰弱的，无力的,-nerv- = -neur-
enervated,/'enə:veitid/,adj. 衰弱的，无力的,-nerv- = -neur-
enervating,/'enə:veitiŋ/,adj. 使人衰弱的；令人萎靡不振的,-nerv- = -neur-
neural,/'njʊər(ə)l/,adj. 神经的；神经系统的；背的；神经中枢的,-nerv- = -neur-
neuron,/'njʊərɒn/,n. [解剖] 神经元，神经单位,-nerv- = -neur-
neuronal,/'njʊrɑnl/,adj. [解剖] 神经元的,-nerv- = -neur-
neurotic,/njʊə'rɒtɪk/,adj. 神经过敏的；神经病的 n. 神经病患者；神经过敏者,-nerv- = -neur-
neurosis,"/,njʊə'rəʊsɪs/",n. [心理] 神经症；神经衰弱症,-nerv- = -neur-
neurology,"/,njʊə'rɒlədʒɪ/",n. 神经病学；神经学,-nerv- = -neur-
neurologist,"/,njʊə'rɒlədʒɪst/",n. 神经学家；神经科专门医师,-nerv- = -neur-
neurologic,"/,njuərə'lɔdʒikəl/",adj. 神经病学的,-nerv- = -neur-
neurological,"/,njʊərə'lɒdʒɪkl/",adj. 神经病学的，神经学上的,-nerv- = -neur-
neuralgia,"/,njʊə'rældʒə/",n. [内科] 神经痛,-nerv- = -neur-
neuralgic,/njʊ'rældʒɪk/,adj. 神经痛的,-nerv- = -neur-
neuroscience,/'njuːrəʊsaɪəns/,n. 神经系统科学（指神经病学、神经化学等）,-nerv- = -neur-
neuroscientist,"/,njʊərəʊ'saɪəntɪst/",n. 神经系统科学家,-nerv- = -neur-
neurosurgeon,"/,njʊərəʊ'sɜːdʒən/",n. 神经外科医生,-nerv- = -neur-
neurosurgery,/njʊərəʊ'sɜːdʒərɪ/,n. [外科] 神经外科,-nerv- = -neur-
neurosurgical,"/,njʊərəʊ'sɜːdʒɪkəl/",adj. 神经外科的,-nerv- = -neur-
neuropathy,"/,njʊə'rɒpəθɪ/",n. [内科] 神经病,-nerv- = -neur-
neuropathic,"/,njʊərə'pæθɪk/",adj. 神经病的；神经性的,-nerv- = -neur-
neuropsychology,"/,njʊərə(ʊ)saɪ'kɒlədʒɪ/",n. 神经心理学,-nerv- = -neur-
neuropsychologist,"/,njʊərə(ʊ)saɪ'kɒlədʒɪst/",n. 神经心理学家,-nerv- = -neur-
neuropsychological,"/,njʊərə(ʊ)saɪ'kɒlədʒɪk(ə)l/",adj. 神经心理学的,-nerv- = -neur-
neuropsychiatry,/njʊərə(ʊ)saɪ'kaɪətrɪ/,n. 神经精神病学,-nerv- = -neur-
neuropsychiatric,/njʊərə(ʊ)saɪ'kaɪətrɪk/,adj. 神经精神病学的,-nerv- = -neur-
neurobiology,"/,njʊərəʊbaɪ'ɒlədʒɪ/",n. 神经生物学,-nerv- = -neur-
neurobiologist,"/,njʊərəʊbaɪ'ɒlədʒɪst/",n. 神经生物学家,-nerv- = -neur-
neurobiological,"/,njuərəu,baiə'lɔdʒikəl/",adj. 神经生物学的,-nerv- = -neur-
neurophysiology,"/,njʊərəʊfɪzɪ'ɒlədʒɪ/",n. 神经生理学,-nerv- = -neur-
neurophysiologist,"/,njʊərəʊfɪzɪ'ɒlədʒɪst/",n. 神经生理学家,-nerv- = -neur-
neurophysiological,"/,njʊərəʊfɪzɪ'ɒlədʒɪkəl/",adj. 神经生理学的,-nerv- = -neur-
neurotoxin,"/,njʊərəʊ'tɒksɪn/",n. [生化] 神经毒素,-nerv- = -neur-
neurotoxic,"/,njʊro'tɑksɪk/",adj. 毒害神经的,-nerv- = -neur-
neurochemical,"/,njuərəu'kemikəl/",n. 影响神经系统的化学物质,-nerv- = -neur-
neurochemistry,"/,njʊərəʊ'kemɪstrɪ/",n. 神经化学（生物化学的一个分支学科，专门研究神经系统的化学结构和,-nerv- = -neur-
neuroticism,/njuə'rɔtisizəm/,n. 神经质，[心理] 神经过敏症,-nerv- = -neur-
neurotically,/njuə'rɔtikəli/,adv. 神经质地；神经过敏地,-nerv- = -neur-
neurofibroma,"/,njʊərə(ʊ)faɪ'brəʊmə/",n. 纤维神经瘤,-nerv- = -neur-
neurofibromatosis,"/,nʊro,faɪbromə'tosɪs/",n. 多发性神经纤维瘤,-nerv- = -neur-
neuroma,"/,njʊə'rəʊmə/",n. [肿瘤] 神经瘤,-nerv- = -neur-
neurotransmitter,"/,njʊərəʊtrænz'mɪtə/",n. [生理] 神经递质；[生理] 神经传递素,-nerv- = -neur-
neuromuscular,"/,njʊərəʊ'mʌskjʊlə/",adj. [解剖] 神经肌肉的,-nerv- = -neur-
neurodegenerative,"/,nju:rəudi'dʒenərətiv/",adj. 神经变性的,-nerv- = -neur-
neuropeptide,"/,nʊro'pɛptaɪd/",n. [生化] 神经肽,-nerv- = -neur-
neurovascular,"/,njuərəu'væskjulə/",adj. [解剖] 神经与血管的,-nerv- = -neur-
neurogenic,"/,njʊərə(ʊ)'dʒenɪk/",adj. 神经性的；起源于神经组织的,-nerv- = -neur-
neuroendocrine,"/,njʊərəʊ'endəkrɪn/",adj. [生理] 神经内分泌的,-nerv- = -neur-
neurodevelopmental,"/,njʊərəʊ'dɪ,veləp'ment(ə)l/",adj. 神经发育的,-nerv- = -neur-
neurobehavioral,"/,njuərəubi'heivjərəl/",adj. 神经行为的 n. 神经行为学,-nerv- = -neur-
neurasthenic,"/,njuərəs'θenik/",n. 神经衰弱；神经衰弱者 adj. 神经衰弱的,-nerv- = -neur-
neurasthenia,"/,njʊərəs'θiːnɪə/",n. [内科] 神经衰弱症,-nerv- = -neur-
neurotologic,"/,njʊərəəʊ'tɒlədʒɪk/",n. 神经耳科学,-nerv- = -neur-
neuroanatomy,"/,njʊroə'nætəmi/",n. 神经解剖学,-nerv- = -neur-
neuritis,"/,njʊə'raɪtɪs/",n. 神经炎,-nerv- = -neur-
sensorineural,"/,sens(ə)rɪ'njʊər(ə)l/",adj. 感觉神经的,-nerv- = -neur-
psychoneuroimmunology,"/,saɪko,nʊro,ɪmjə'nɑlədʒi/",n. 心理神经免疫学,-nerv- = -neur-
patient,/'peɪʃ(ə)nt/,adj. 有耐心的，能容忍的 n. 病人；患者,-path(o)- = -pat(i)- = -pass(i)- = -pathy-
patiently,/'peɪʃntli/,adv. 耐心地；有毅力地,-path(o)- = -pat(i)- = -pass(i)- = -pathy-
outpatient,/'aʊtpeɪʃ(ə)nt/,n. 门诊病人,-path(o)- = -pat(i)- = -pass(i)- = -pathy-
impatient,/ɪm'peɪʃ(ə)nt/,adj. 焦躁的；不耐心的,-path(o)- = -pat(i)- = -pass(i)- = -pathy-
impatiently,/'aʊtpeɪʃ(ə)nt/,adv. 无耐性地,-path(o)- = -pat(i)- = -pass(i)- = -pathy-
patience,/'aʊtpeɪʃ(ə)nt/,n. 耐性，耐心；忍耐，容忍,-path(o)- = -pat(i)- = -pass(i)- = -pathy-
impatience,/ɪm'peɪʃns/,n. 急躁；无耐心,-path(o)- = -pat(i)- = -pass(i)- = -pathy-
inpatient,/'ɪnpeɪʃnt/,n. 住院病人；住院的,-path(o)- = -pat(i)- = -pass(i)- = -pathy-
compatible,/kəm'pætɪb(ə)l/,adj. 兼容的；能共处的,-path(o)- = -pat(i)- = -pass(i)- = -pathy-
compatibly,/kəm'pætəbli/,adv. 适合地；协调地；相互兼容地,-path(o)- = -pat(i)- = -pass(i)- = -pathy-
compatibility,"/kəm,pætɪ'bɪlɪtɪ/",n. [计] 兼容性,-path(o)- = -pat(i)- = -pass(i)- = -pathy-
incompatible,/ɪnkəm'pætɪb(ə)l/,adj. 不相容的； 矛盾的； 不能同时成立的 n. 互不相容的人或事物,-path(o)- = -pat(i)- = -pass(i)- = -pathy-
incompatibly,"/,ɪnkəm'pætəbli/",adv. 矛盾地；不相容地,-path(o)- = -pat(i)- = -pass(i)- = -pathy-
incompatibility,"/'ɪnkəm,pætə'bɪlətɪ/",n. 不相容；不协调；不一致,-path(o)- = -pat(i)- = -pass(i)- = -pathy-
pathetic,/pə'θetɪk/,adj. 可怜的，悲哀的；感伤的；乏味的,-path(o)- = -pat(i)- = -pass(i)- = -pathy-
pathetically,/pə'θɛtɪkəli/,adv. 可怜地；感伤地；悲哀地；情绪上地,-path(o)- = -pat(i)- = -pass(i)- = -pathy-
antipathetic,"/,æntɪpə'θetɪk/",adj. 格格不入的，怀有反感的；引起反感的；讨厌的,-path(o)- = -pat(i)- = -pass(i)- = -pathy-
antipathy,/æn'tɪpəθɪ/,n. 反感；厌恶；憎恶；不相容,-path(o)- = -pat(i)- = -pass(i)- = -pathy-
antipathic,"/,æntɪ'pæθɪk/",adj. 不相容的（等于 antipathetic） ；相克症状的,-path(o)- = -pat(i)- = -pass(i)- = -pathy-
apathy,/'æpəθɪ/,n. 冷漠，无兴趣，漠不关心；无感情,-path(o)- = -pat(i)- = -pass(i)- = -pathy-
apathetic,/æpə'θetɪk/,adj. 冷漠的；无动于衷的，缺乏兴趣的,-path(o)- = -pat(i)- = -pass(i)- = -pathy-
sympathy,/'sɪmpəθɪ/,n. 同情；慰问；赞同,-path(o)- = -pat(i)- = -pass(i)- = -pathy-
sympathize,/'sɪmpə'θaɪz/,vi. 同情，怜悯；支持,-path(o)- = -pat(i)- = -pass(i)- = -pathy-
sympathizer,/'sɪmpəθaɪzɚ/,n. 同情者；支持者；交感患病的眼睛（等于 sympathiser）,-path(o)- = -pat(i)- = -pass(i)- = -pathy-
sympathetic,/sɪmpə'θetɪk/,adj. 同情的；交感神经的；共鸣的；赞同的；和谐的；合意的,-path(o)- = -pat(i)- = -pass(i)- = -pathy-
sympathetically,"/,simpə'θetikli/",adv. 悲怜地，怜悯地；富有同情心地,-path(o)- = -pat(i)- = -pass(i)- = -pathy-
unsympathetic,"/,ʌnsɪmpə'θetɪk/",adj. 不表同情的；不同情的,-path(o)- = -pat(i)- = -pass(i)- = -pathy-
parasympathetic,"/,pærəsɪmpə'θetɪk/",adj. 副交感的 n. 副交感神经；副交感神经系统,-path(o)- = -pat(i)- = -pass(i)- = -pathy-
pathology,/pə'θɒlədʒɪ/,n. 病理（学）；〈比喻〉异常状态,-path(o)- = -pat(i)- = -pass(i)- = -pathy-
pathologist,/pə'θɑlədʒɪst/,n. 病理学家,-path(o)- = -pat(i)- = -pass(i)- = -pathy-
pathologic,"/,pæθə'lɑdʒɪk/",adj. 病理学的；病态的,-path(o)- = -pat(i)- = -pass(i)- = -pathy-
pathological,/pæθə'lɒdʒɪk(ə)l/,adj. 病理学的；病态的；由疾病引起的（等于 pathologic）,-path(o)- = -pat(i)- = -pass(i)- = -pathy-
pathologically,"/,pæθə'lɔdʒikəli/",adv. 病理上，病理地,-path(o)- = -pat(i)- = -pass(i)- = -pathy-
non-pathological,/nɒn-pæθə'lɒdʒɪk(ə)l/,adj. 非病理学的,-path(o)- = -pat(i)- = -pass(i)- = -pathy-
histopathology,"/,hɪstəʊpə'θɒlədʒɪ/",n. 组织病理学,-path(o)- = -pat(i)- = -pass(i)- = -pathy-
histopathologic,"/,histə,pæθə'lɔdʒik/",adj. 组织病理学说的,-path(o)- = -pat(i)- = -pass(i)- = -pathy-
histopathological,"/'hɪstə,pæθə'lɒdʒɪkəl/",adj. 组织病理学说的,-path(o)- = -pat(i)- = -pass(i)- = -pathy-
psychopathology,"/,saɪkəʊpə'θɒlədʒɪ/",n. 精神病理学,-path(o)- = -pat(i)- = -pass(i)- = -pathy-
psychopathological,"/'psaikəu,pæθə'lɔdʒikl/",adj. 精神病理学的,-path(o)- = -pat(i)- = -pass(i)- = -pathy-
passion,/'pæʃ(ə)n/,n. 激情，热爱；酷爱；盛怒；热情,-path(o)- = -pat(i)- = -pass(i)- = -pathy-
passional,/'pæʃ(ə)n(ə)l/,adj. 热情的 n. 圣徒受难记,-path(o)- = -pat(i)- = -pass(i)- = -pathy-
passionless,/'pæʃnləs/,adj. 不热情的，冷淡的；冷静的,-path(o)- = -pat(i)- = -pass(i)- = -pathy-
passionate,/'pæʃ(ə)nət/,adj. 热情的；热烈的，激昂的；易怒的,-path(o)- = -pat(i)- = -pass(i)- = -pathy-
passionately,/ˈpæʃənətli/,adv. 热情地；强烈地；激昂地,-path(o)- = -pat(i)- = -pass(i)- = -pathy-
compassion,/kəm'pæʃ(ə)n/,n. 同情；怜悯,-path(o)- = -pat(i)- = -pass(i)- = -pathy-
compassionate,/kəm'pæʃ(ə)nət/,adj. 慈悲的；富于同情心的 vt. 同情；怜悯,-path(o)- = -pat(i)- = -pass(i)- = -pathy-
compassionately,/kəm'pæʃənitli/,adv. 同情地；慈悲地；富有同情心地,-path(o)- = -pat(i)- = -pass(i)- = -pathy-
dispassion,/dis'pæʃən/,n. 冷静；公平,-path(o)- = -pat(i)- = -pass(i)- = -pathy-
dispassionate,/dɪs'pæʃ(ə)nət/,adj. 不带感情的；平心静气的；公平的,-path(o)- = -pat(i)- = -pass(i)- = -pathy-
dispassionately,/dɪs'pæʃənɪtli/,adv. 冷静地；不动感情地,-path(o)- = -pat(i)- = -pass(i)- = -pathy-
impassible,/ɪm'pæsɪb(ə)l/,adj. 不觉痛苦的；不能伤害的,-path(o)- = -pat(i)- = -pass(i)- = -pathy-
impassion,/ɪm'pæʃ(ə)n/,vt. 激起…热情；使激动,-path(o)- = -pat(i)- = -pass(i)- = -pathy-
impassioned,/ɪm'pæʃ(ə)nd/,adj. 充满激情的；感激的,-path(o)- = -pat(i)- = -pass(i)- = -pathy-
impassive,/ɪm'pæsɪv/,adj. 冷漠的；无感觉的,-path(o)- = -pat(i)- = -pass(i)- = -pathy-
impassively,/ɪm'pæsɪvli/,adv. 无感情地；缺乏热情；冷淡，冷漠,-path(o)- = -pat(i)- = -pass(i)- = -pathy-
impassivity,"/,impæ'siviti/",n. 平静；无神经；泰然自若,-path(o)- = -pat(i)- = -pass(i)- = -pathy-
empathy,/'empəθɪ/,n. 神入；移情作用；执着；感同身受；同感；共鸣,-path(o)- = -pat(i)- = -pass(i)- = -pathy-
empathic,/em'pæθɪk/,adj. 移情作用的；神入的,-path(o)- = -pat(i)- = -pass(i)- = -pathy-
empathize,/'empəθaɪz/,vt. 移情；神会,-path(o)- = -pat(i)- = -pass(i)- = -pathy-
empathetic,/empə'θetɪk/,adj. 移情作用的；同感的（等于 empathic）,-path(o)- = -pat(i)- = -pass(i)- = -pathy-
empathetically,"/,empə'θetɪkəlɪ/",adv. 感情移入地，移情地,-path(o)- = -pat(i)- = -pass(i)- = -pathy-
psychopath,/'saɪkəpæθ/,n. 精神病患者,-path(o)- = -pat(i)- = -pass(i)- = -pathy-
psychopathy,/saɪ'kɒpəθɪ/,n. 精神变态，精神病,-path(o)- = -pat(i)- = -pass(i)- = -pathy-
psychopathic,"/,saɪkə'pæθɪk/",adj. 精神病的；精神错乱的 n. 精神变态者,-path(o)- = -pat(i)- = -pass(i)- = -pathy-
homeopath,/'həʊmɪəpæθ/,n. 同种疗法医师；顺势医疗论者,-path(o)- = -pat(i)- = -pass(i)- = -pathy-
homeopathy,"/,həʊmɪ'ɒpəθɪ/",n. [临床] 顺势疗法；同种疗法,-path(o)- = -pat(i)- = -pass(i)- = -pathy-
homeopathic,"/,homɪə'pæθɪk/",adj. 顺势疗法的；同种疗法的,-path(o)- = -pat(i)- = -pass(i)- = -pathy-
telepath,/'telipæθ/,n. 精神感应；心灵感应,-path(o)- = -pat(i)- = -pass(i)- = -pathy-
telepathy,/tɪ'lepəθɪ/,n. 心灵感应；传心术,-path(o)- = -pat(i)- = -pass(i)- = -pathy-
telepathic,/'tɛlə'pæθɪk/,adj. 心灵感应术的,-path(o)- = -pat(i)- = -pass(i)- = -pathy-
telepathically,"/,tɛlɪ'pæθɪkli/",adv. 心灵感应地；传心术地,-path(o)- = -pat(i)- = -pass(i)- = -pathy-
pathogen,/'pæθədʒ(ə)n/,n. 病原体；病菌,-path(o)- = -pat(i)- = -pass(i)- = -pathy-
pathogenic,"/,pæθə'dʒenɪk/",adj. 致病的；病原的；发病的（等于 pathogenetic）,-path(o)- = -pat(i)- = -pass(i)- = -pathy-
pathogenicity,"/,pæθədʒi'nisiti/",n. [病理] 致病性；[基医] 病原性,-path(o)- = -pat(i)- = -pass(i)- = -pathy-
pathogenetic,"/,pæθədʒi'netik/",adj. 发病的；致病的,-path(o)- = -pat(i)- = -pass(i)- = -pathy-
pathogenesis,"/,pæθə(ʊ)'dʒenɪsɪs/",n. 发病机理；发病原,-path(o)- = -pat(i)- = -pass(i)- = -pathy-
osteopath,/'ɒstɪəpæθ/,n. 整骨疗法家,-path(o)- = -pat(i)- = -pass(i)- = -pathy-
osteopathic,"/,ɑstiə'pæθɪk/",adj. 整骨疗法的,-path(o)- = -pat(i)- = -pass(i)- = -pathy-
naturopath,/'neɪtʃərəpæθ/,n. 理疗家；自然疗者,-path(o)- = -pat(i)- = -pass(i)- = -pathy-
naturopathic,"/,netʃərə'pæθɪk/",adj. 自然疗法的,-path(o)- = -pat(i)- = -pass(i)- = -pathy-
sociopath,/'səʊsɪə(ʊ)pæθ/,n. 反社会的人；不爱社交的人,-path(o)- = -pat(i)- = -pass(i)- = -pathy-
sociopathic,"/,soʃɪə'pæθɪk/",adj. 反社会的,-path(o)- = -pat(i)- = -pass(i)- = -pathy-
pathos,/'peɪθɒs/,n. 悲怅；痛苦；同情；哀婉动人的词句,-path(o)- = -pat(i)- = -pass(i)- = -pathy-
pathophysiology,"/,pæθəʊfɪzɪ'ɒlədʒɪ/",n. 病理生理学,-path(o)- = -pat(i)- = -pass(i)- = -pathy-
pathognomonic,"/,pæθəgnə(ʊ)'mɒnɪk/",adj. 特殊（病征）的；能确定诊断的,-path(o)- = -pat(i)- = -pass(i)- = -pathy-
encephalopathy,"/en,sefə'lɒpəθɪ/",n. [内科] 脑病,-path(o)- = -pat(i)- = -pass(i)- = -pathy-
lymphadenopathy,"/lɪm,fædə'nɑpəθi/",n. [内科] 淋巴结病,-path(o)- = -pat(i)- = -pass(i)- = -pathy-
cardiomyopathy,"/,kɑːdɪəʊmaɪ'ɒpəθɪ/",n. （尤指原发性的）心肌症,-path(o)- = -pat(i)- = -pass(i)- = -pathy-
retinopathy,"/,retin'ɔpəθi/",n. [眼科] 视网膜病,-path(o)- = -pat(i)- = -pass(i)- = -pathy-
adenopathy,"/,ædɪ'nɒpəθɪ/",n. [内科] 腺病,-path(o)- = -pat(i)- = -pass(i)- = -pathy-
nephropathy,/nə'frɑpəθi/,n. [泌尿] 肾病,-path(o)- = -pat(i)- = -pass(i)- = -pathy-
allelopathy,/əli'lɑpəθi/,n. [植] 植化相克；相互影响；远隔酌,-path(o)- = -pat(i)- = -pass(i)- = -pathy-
allopathic,"/,æləʊ'pæθɪk/",adj. 对抗疗法的,-path(o)- = -pat(i)- = -pass(i)- = -pathy-
idiopathic,"/,ɪdɪə(ʊ)'pæθɪk/",adj. 先天的；自发的，特发的,-path(o)- = -pat(i)- = -pass(i)- = -pathy-
strict,/strɪkt/,adj. 严格的；绝对的；精确的；详细的,-strain- = -strict- = -stress- = -string- = -strang-
strictly,/'strɪk(t)lɪ/,adv. 严格地；完全地；确实地,-strain- = -strict- = -stress- = -string- = -strang-
stricture,/'strɪktʃə/,n. 狭窄；苛评；非难,-strain- = -strict- = -stress- = -string- = -strang-
strictness,/'strɪktnɪs/,n. 严格；严密；严重,-strain- = -strict- = -stress- = -string- = -strang-
restrict,/rɪ'strɪkt/,vt. 限制，约束，控制,-strain- = -strict- = -stress- = -string- = -strang-
restriction,/rɪ'strɪkʃ(ə)n/,n. 限制；约束；束缚,-strain- = -strict- = -stress- = -string- = -strang-
restricted,/rɪ'strɪktɪd/,adj. 受限制的；保密的,-strain- = -strict- = -stress- = -string- = -strang-
unrestricted,/ʌnrɪ'strɪktɪd/,adj. 自由的；无限制的；不受束缚的,-strain- = -strict- = -stress- = -string- = -strang-
restrictive,/rɪ'strɪktɪv/,adj. 限制的；限制性的；约束的 n. 限制词,-strain- = -strict- = -stress- = -string- = -strang-
restrictively,/rɪ'strɪktɪvli/,adv. 限制性地,-strain- = -strict- = -stress- = -string- = -strang-
restrictiveness,/rɪ'strɪktɪvnəs/,n. 限制性，约束性（restrictive 的名词形式）,-strain- = -strict- = -stress- = -string- = -strang-
district,/'dɪstrɪkt/,n. 地域；区域；行政区,-strain- = -strict- = -stress- = -string- = -strang-
district-wide,/'dɪstrɪkt-waid/,adj. 全区范围内的,-strain- = -strict- = -stress- = -string- = -strang-
district-based,/'dɪstrɪkt-beɪst/,n. 地区为本,-strain- = -strict- = -stress- = -string- = -strang-
district-level,/'dɪstrɪkt-'lev(ə)l/,n. 区级,-strain- = -strict- = -stress- = -string- = -strang-
redistricting,/ri'dɪstrɪkt/,n. 重划选区；重新区划 adj. 重新区划的,-strain- = -strict- = -stress- = -string- = -strang-
constrict,/kən'strɪkt/,vt. 压缩；束紧,-strain- = -strict- = -stress- = -string- = -strang-
constriction,/kən'strɪkʃn/,n. 收缩；压缩；紧窄感；压缩物,-strain- = -strict- = -stress- = -string- = -strang-
constrictor,/kən'strɪktə/,n. 大蟒；括约肌；使压缩之物,-strain- = -strict- = -stress- = -string- = -strang-
constricted,/kən'striktid/,adj. 收缩的；狭隘的；受限制的,-strain- = -strict- = -stress- = -string- = -strang-
constrictive,/kən'strɪktɪv/,adj. 紧缩的；束紧的；压缩性的,-strain- = -strict- = -stress- = -string- = -strang-
vasoconstriction,"/,vezokən'strɪkʃən/",n. [生理] 血管收缩,-strain- = -strict- = -stress- = -string- = -strang-
vasoconstrictor,"/,veɪzəʊkən'strɪktə/",n. 血管收缩剂；血管收缩神经 adj. 血管收缩的,-strain- = -strict- = -stress- = -string- = -strang-
string,/strɪŋ/,n. 线，弦，细绳；一串，一行,-strain- = -strict- = -stress- = -string- = -strang-
stringer,/'strɪŋə/,n. 纵梁，纵桁；上弦匠；[地质] 细脉；特约记者，特约通讯员；拉线人,-strain- = -strict- = -stress- = -string- = -strang-
stringy,/'strɪŋɪ/,adj. 绳的；纤维的；线；多筋的,-strain- = -strict- = -stress- = -string- = -strang-
stringent,/'strɪn(d)ʒ(ə)nt/,adj. 严格的；严厉的；紧缩的；短缺的,-strain- = -strict- = -stress- = -string- = -strang-
stringently,/'strindʒəntli/,adv. 严格地，严厉地,-strain- = -strict- = -stress- = -string- = -strang-
stringency,/'strɪŋdʒənsɪ/,n. 严格；说服力； （货币）[金融] 银根紧；迫切,-strain- = -strict- = -stress- = -string- = -strang-
stringed,/strɪŋd/,adj.（乐器等）有弦的；用弦缚住的,-strain- = -strict- = -stress- = -string- = -strang-
astringent,/ə'strɪn(d)ʒ(ə)nt/,adj. 涩的； 收敛性的； 止血的； 严厉的 n. [药] 收敛剂； 止血药,-strain- = -strict- = -stress- = -string- = -strang-
hamstring,/'hæmstrɪŋ/,n. 腿筋 vt. 切断腿筋使成跛腿；使残废,-strain- = -strict- = -stress- = -string- = -strang-
shoestring,/'ʃuːstrɪŋ/,n. 鞋带；小额资本；零星资金 adj. 小本经营的；微弱的,-strain- = -strict- = -stress- = -string- = -strang-
drawstring,/'drɔːstrɪŋ/,n. 细绳；拉带,-strain- = -strict- = -stress- = -string- = -strang-
bowstring,/'bəʊstrɪŋ/,n. 弓弦；绞索 vt. 绞死；给…装弓弦,-strain- = -strict- = -stress- = -string- = -strang-
superstring,"/'sjʊpɚ,strɪŋ/",n. 超弦,-strain- = -strict- = -stress- = -string- = -strang-
no-strings,/'nəu'striŋz/,adj. 不附带任何条件的,-strain- = -strict- = -stress- = -string- = -strang-
first-string,/'fə:st'striŋ/,adj. 正选的；第一流的，优秀的,-strain- = -strict- = -stress- = -string- = -strang-
second-string,/'sekənd'striŋ/,adj. 二流的；候补的；次要的,-strain- = -strict- = -stress- = -string- = -strang-
third-string,/'θɜːd'striŋ/,adj. 替补的（队员） ；三线的；三流的；相对于一线明星,-strain- = -strict- = -stress- = -string- = -strang-
stress,/stres/,n. 压力； 强调； 紧张； 重要性 vt. 强调； 使紧张； 加压力于； 用重音读,-strain- = -strict- = -stress- = -string- = -strang-
stressful,/'stresfʊl/,adj. 充满压力的；紧张的,-strain- = -strict- = -stress- = -string- = -strang-
stressor,/'stresə/,n. 紧张性刺激；光彩,-strain- = -strict- = -stress- = -string- = -strang-
stressed,/strɛst/,adj. 紧张的；感到有压力的,-strain- = -strict- = -stress- = -string- = -strang-
mistress,/'mɪstrɪs/,n. 情妇；女主人；主妇；女教师；女能人,-strain- = -strict- = -stress- = -string- = -strang-
stressed-out,/'strestaut/,adj. 不堪重负的；承受巨大压力的,-strain- = -strict- = -stress- = -string- = -strang-
stress-free,/'stres'fri:/,adj. 无压力的；无应力,-strain- = -strict- = -stress- = -string- = -strang-
high-stress,/haɪ-stres/,n. 高应力,-strain- = -strict- = -stress- = -string- = -strang-
seamstress,/'siːmstrɪs/,n. 女裁缝师；做针线活的妇女,-strain- = -strict- = -stress- = -string- = -strang-
songstress,/'sɔŋstrɪs/,n. 女歌手；女诗人；雌鸣禽,-strain- = -strict- = -stress- = -string- = -strang-
overstress,/'ovəstrɛs/,vt. 过分强调；过分拉紧（或紧张）n. 过分的强调；紧张过度,-strain- = -strict- = -stress- = -string- = -strang-
unstressed,/ʌn'strest/,adj. 无应力的；不强调的；不重读的,-strain- = -strict- = -stress- = -string- = -strang-
low-stress,/ləʊ-'strest/,n. 低应力；低压力,-strain- = -strict- = -stress- = -string- = -strang-
distress,/dɪ'stres/,n. 危难，不幸；贫困；悲痛 vt. 使悲痛；使贫困,-strain- = -strict- = -stress- = -string- = -strang-
distressful,/dɪ'stresfʊl/,adj. 苦难重重的；使苦恼的；不幸的,-strain- = -strict- = -stress- = -string- = -strang-
distressed,/dɪ'strest/,adj. 痛苦的；忧虑的；贫困的；受损的,-strain- = -strict- = -stress- = -string- = -strang-
distressing,/dɪ'stresɪŋ/,adj. 使痛苦的；悲伤的；使烦恼的,-strain- = -strict- = -stress- = -string- = -strang-
distressingly,/dɪs'prezɪŋli/,adv. 令人苦恼地；悲惨地,-strain- = -strict- = -stress- = -string- = -strang-
strain,/streɪn/,n. 张力；拉紧；负担；扭伤；血缘 vi. 拉紧；尽力,-strain- = -strict- = -stress- = -string- = -strang-
strained,/streɪnd/,adj. 紧张的；勉强的；牵强附会的；滤过的,-strain- = -strict- = -stress- = -string- = -strang-
straining,/stren/,n. 应变，变形,-strain- = -strict- = -stress- = -string- = -strang-
strainer,/'streɪnə/,n. 过滤器；松紧扣；用力拉的人，拉紧者,-strain- = -strict- = -stress- = -string- = -strang-
constraint,/kən'streɪnt/,n. [数] 约束；局促，态度不自然；强制,-strain- = -strict- = -stress- = -string- = -strang-
constrained,/kən'streɪnd/,adj. 拘泥的；被强迫的；不舒服的,-strain- = -strict- = -stress- = -string- = -strang-
unconstrained,/ʌnkən'streɪnd/,adj. 不勉强的；非强迫的；不受约束的,-strain- = -strict- = -stress- = -string- = -strang-
restrain,/rɪ'streɪn/,vt. 抑制，控制；约束；制止,-strain- = -strict- = -stress- = -string- = -strang-
restraint,/rɪ'streɪnt/,n. 抑制，克制；约束,-strain- = -strict- = -stress- = -string- = -strang-
restraining,/rɪ'strenɪŋ/,adj. 抑制的；控制的；遏制的,-strain- = -strict- = -stress- = -string- = -strang-
restrained,/rɪ'streɪnd/,adj. 克制的，受限制的；拘谨的,-strain- = -strict- = -stress- = -string- = -strang-
unrestrained,/ʌnrɪ'streɪnd/,adj. 自然的；无限制的；放纵的,-strain- = -strict- = -stress- = -string- = -strang-
self-restraint,/'selfri'streint/,n. 自制,-strain- = -strict- = -stress- = -string- = -strang-
eyestrain,"/'aɪ,streɪn/",n. 视疲劳，眼睛疲劳,-strain- = -strict- = -stress- = -string- = -strang-
strange,/streɪndʒ/,adj. 奇怪的；陌生的；外行的 adv. 奇怪地；陌生地，冷淡地,-strain- = -strict- = -stress- = -string- = -strang-
strangely,/streɪndʒ/,adv. 奇怪地；奇妙地；不可思议地,-strain- = -strict- = -stress- = -string- = -strang-
stranger,/'streɪn(d)ʒə/,n. 陌生人；外地人；局外人,-strain- = -strict- = -stress- = -string- = -strang-
strangeness,/'streɪn(d)ʒnɪs/,n. 陌生；冷淡；[高能] 奇异性,-strain- = -strict- = -stress- = -string- = -strang-
strangle,/'stræŋg(ə)l/,vt. 把…勒死；使…窒息 vi. 窒息而死；被勒死,-strain- = -strict- = -stress- = -string- = -strang-
strangled,/'stræŋɡld/,adj. 卡住的,-strain- = -strict- = -stress- = -string- = -strang-
strangler,/'stræŋɡlɚ/,n. 压制者；扼杀者；阻气门,-strain- = -strict- = -stress- = -string- = -strang-
stranglehold,/'stræŋg(ə)lhəʊld/,n. 束缚；勒颈,-strain- = -strict- = -stress- = -string- = -strang-
strangulation,"/,stræŋɡju'leʃən/",n. [医] 绞窄；勒杀；钳制；压缩,-strain- = -strict- = -stress- = -string- = -strang-
strange-looking,/streidʒ'lukiŋ/,adj. 样子奇怪的,-strain- = -strict- = -stress- = -string- = -strang-
estrange,/ɪ'streɪn(d)ʒ/,vt. 使疏远；离间,-strain- = -strict- = -stress- = -string- = -strang-
estranged,/ɪ'streɪndʒd/,adj. 疏远的；不和的,-strain- = -strict- = -stress- = -string- = -strang-
estrangement,/ɪ'streɪn(d)ʒm(ə)nt/,n. 疏远；失和,-strain- = -strict- = -stress- = -string- = -strang-
vac,/væk/,n. 休假；真空吸尘器,-vac- = -vacu- = -van- = -void- = -vain-
vacate,/və'keit/,vi. 空出，腾出；辞职；休假 vt. 空出，搬出；取消；使撤退,-vac- = -vacu- = -van- = -void- = -vain-
vacation,/vəˈkeɪʃn/,n. 假期； （房屋）搬出 vi. 休假，度假,-vac- = -vacu- = -van- = -void- = -vain-
vacationist,/və'keiʃənist/,n. 休假者，度假者,-vac- = -vacu- = -van- = -void- = -vain-
vacationer,/və'keiʃnə(r)/,n. 休假者；度假者,-vac- = -vacu- = -van- = -void- = -vain-
vacuum,/'vækjʊəm/,n. 真空；空间；真空吸尘器 adj. 真空的；利用真空的；产生真空的,-vac- = -vacu- = -van- = -void- = -vain-
vacuumize,/'vækjuəmaiz/,vt. 抽成真空；真空包装 vi. 造成真空,-vac- = -vacu- = -van- = -void- = -vain-
vacuuming,/'vækjuəmiŋ/,n. 真空处理；资料移除,-vac- = -vacu- = -van- = -void- = -vain-
vacuum-packed,/'vækjuəm'pækt/,adj. [包装] 真空包装的,-vac- = -vacu- = -van- = -void- = -vain-
vacuum-sealed,/'vækjuəm-siːld/,adj. [真空] 真空密封；真空封接,-vac- = -vacu- = -van- = -void- = -vain-
evacuate,/i'vækjueit/,vt. 疏散，撤退；排泄 vi. 疏散；撤退；排泄,-vac- = -vacu- = -van- = -void- = -vain-
evacuation,"/i,vækju'eiʃən/",n. 疏散，撤走，撤空,-vac- = -vacu- = -van- = -void- = -vain-
evacuated,"/ɪ'vækjʊ,et/",adj. 疏散；排空的，撤退者的,-vac- = -vacu- = -van- = -void- = -vain-
evacuee,"/i,vækju(:)'i:/",n. 被疏散的人员,-vac- = -vacu- = -van- = -void- = -vain-
vacant,/'veɪk(ə)nt/,adj. 空虚的；空的；空缺的；空闲的；茫然的,-vac- = -vacu- = -van- = -void- = -vain-
vacantly,/'veikəntli/,adv. 神情茫然地,-vac- = -vacu- = -van- = -void- = -vain-
vacancy,/'veikənsi/,n. 空，空白，空处，空虚,-vac- = -vacu- = -van- = -void- = -vain-
vacuous,/'vækjuəs/,adj. 空的；空虚的；空洞的；无意义的,-vac- = -vacu- = -van- = -void- = -vain-
vacuity,/væ'kju:əti/,n. 空虚；空白；思想贫乏；无聊之事,-vac- = -vacu- = -van- = -void- = -vain-
vanity,/'vænəti/,n. 虚荣心；空虚；浮华；无价值的东西,-vac- = -vacu- = -van- = -void- = -vain-
vanish,/'væniʃ/,vi. 消失；突然不见；成为零 vt. 使不见，使消失 n. 弱化音,-vac- = -vacu- = -van- = -void- = -vain-
vanishing,/'vænɪʃ/,adj. 消没的 n. 消失,-vac- = -vacu- = -van- = -void- = -vain-
vanishingly,/'vænɪʃɪŋlɪ/,adv. 难以察觉地；消遁似地；趋于零地,-vac- = -vacu- = -van- = -void- = -vain-
evanish,/i'væniʃ/,vi. 消失；消灭,-vac- = -vacu- = -van- = -void- = -vain-
evanesce,"/,ivə'nes/",vi. 消散；逐渐看不见,-vac- = -vacu- = -van- = -void- = -vain-
evanescence,"/,i:və'nesəns/",n. 逐渐消失；瞬息；幻灭,-vac- = -vacu- = -van- = -void- = -vain-
evanescent,"/,i:və'nesənt/",adj. 容易消散的；逐渐消失的；会凋零的,-vac- = -vacu- = -van- = -void- = -vain-
void,/vɒɪd/,adj. 空的； 无效的； 无人的 n. 空虚； 空间； 空隙 vt. 使无效； 排放,-vac- = -vacu- = -van- = -void- = -vain-
voided,/'vɒɪdɪd/,adj. 有空间的；废弃的；中心区空白的,-vac- = -vacu- = -van- = -void- = -vain-
avoid,/ə'vɒɪd/,vt. 避免；避开，躲避；消除,-vac- = -vacu- = -van- = -void- = -vain-
avoidance,/ə'vɒɪdəns/,n. 逃避；废止；职位空缺,-vac- = -vacu- = -van- = -void- = -vain-
avoidable,/ə'vɒɪdəbl/,adj. 可避免的；可作为无效的；可回避的,-vac- = -vacu- = -van- = -void- = -vain-
unavoidable,/ʌnə'vɒɪdəb(ə)l/,adj. 不可避免的；不能废除的,-vac- = -vacu- = -van- = -void- = -vain-
unavoidably,"/,ʌnə'vɔɪdəbli/",adv. 不可避免地；不得已地,-vac- = -vacu- = -van- = -void- = -vain-
devoid,/dɪ'vɒɪd/,adj. 缺乏的；全无的,-vac- = -vacu- = -van- = -void- = -vain-
vain,/veɪn/,adj. 徒劳的；自负的；无结果的；无用的,-vac- = -vacu- = -van- = -void- = -vain-
vainly,/'venli/,adv. 徒劳地；无益地；枉然地,-vac- = -vacu- = -van- = -void- = -vain-
vainglorious,"/,veɪn'ɡlɔːrɪəs/",adj. 虚荣心强的；非常自负的,-vac- = -vacu- = -van- = -void- = -vain-
complete,/kəm'pliːt/,adj. 完整的；完全的；彻底的 vt. 完成,-ple(t)- = -plet- = -pli- = -ply- = -plen(i)-
completely,/kəm'pliːtlɪ/,adv. 完全地，彻底地；完整地,-ple(t)- = -plet- = -pli- = -ply- = -plen(i)-
completeness,/kəm'pli:tnɪs/,n. 完整；完全；完成；圆满；结束,-ple(t)- = -plet- = -pli- = -ply- = -plen(i)-
completed,/kəm'plitɪd/,adj. 完整的；完全的,-ple(t)- = -plet- = -pli- = -ply- = -plen(i)-
completion,/kəm'pliːʃn/,n. 完成，结束；实现,-ple(t)- = -plet- = -pli- = -ply- = -plen(i)-
completer,/kəm'pli:tə/,adj. 更完备的；更彻底的（complete 的比较级） n. 完成者,-ple(t)- = -plet- = -pli- = -ply- = -plen(i)-
incomplete,/ɪnkəm'pliːt/,adj. 不完全的；[计] 不完备的,-ple(t)- = -plet- = -pli- = -ply- = -plen(i)-
incompleteness,"/,ɪnkəm'plitnɪs/",n. 不完全,-ple(t)- = -plet- = -pli- = -ply- = -plen(i)-
incompletely,"/,ɪnkəm'plitli/",adv. 不完全地,-ple(t)- = -plet- = -pli- = -ply- = -plen(i)-
uncompleted,"/,ʌnkəm'plitɪd/",adj. 未完成的,-ple(t)- = -plet- = -pli- = -ply- = -plen(i)-
incompletion,"/,ɪnkəm'pliʃən/",n. 不完全,-ple(t)- = -plet- = -pli- = -ply- = -plen(i)-
deplete,/dɪ'pliːt/,vt. 耗尽，用尽；使衰竭，使空虚,-ple(t)- = -plet- = -pli- = -ply- = -plen(i)-
depletion,/dɪ'pliːʃn/,n. 消耗；损耗；放血,-ple(t)- = -plet- = -pli- = -ply- = -plen(i)-
depleted,/di'plitid/,adj. 耗尽的；废弃的；贫化的,-ple(t)- = -plet- = -pli- = -ply- = -plen(i)-
ozone-depleting,/'əʊzəʊn-di'pli:tɪŋ/,adj. 消耗臭氧层的；臭氧层破坏的,-ple(t)- = -plet- = -pli- = -ply- = -plen(i)-
replete,/rɪ'pliːt/,adj. 充满的；装满的 n. [昆] 贮蜜蚁,-ple(t)- = -plet- = -pli- = -ply- = -plen(i)-
expletive,/ɪk'spliːtɪv/,adj. 附加的；填补的,-ple(t)- = -plet- = -pli- = -ply- = -plen(i)-
accomplish,/ə'kʌmplɪʃ/,vt. 完成；实现；达到,-ple(t)- = -plet- = -pli- = -ply- = -plen(i)-
accomplished,/ə'kʌmplɪʃt/,adj. 完成的；熟练的，有技巧的,-ple(t)- = -plet- = -pli- = -ply- = -plen(i)-
accomplishment,/ə'kʌmplɪʃm(ə)nt/,n. 成就；完成；技艺，技能,-ple(t)- = -plet- = -pli- = -ply- = -plen(i)-
compliment,/'kɒmplɪm(ə)nt/,vt. 赞美，夸奖，承载,-ple(t)- = -plet- = -pli- = -ply- = -plen(i)-
complimentary,/kɒmplɪ'ment(ə)rɪ/,adj. 赠送的；称赞的；问候的,-ple(t)- = -plet- = -pli- = -ply- = -plen(i)-
uncomplimentary,"/,ʌnkɒmplɪ'ment(ə)rɪ/",adj. 贬损的；贬降的,-ple(t)- = -plet- = -pli- = -ply- = -plen(i)-
compliant,/kəm'plaɪənt/,adj. 顺从的；服从的；应允的,-ple(t)- = -plet- = -pli- = -ply- = -plen(i)-
compliance,/kəm'plaɪəns/,n. 顺从，服从；承诺,-ple(t)- = -plet- = -pli- = -ply- = -plen(i)-
noncompliance,"/,nɒnkəm'plaɪəns/",n. 不顺从，不服从,-ple(t)- = -plet- = -pli- = -ply- = -plen(i)-
implement,/'ɪmplɪm(ə)nt/,vt. 实施， 执行； 实现， 使生效 n. 工具， 器具； 手段,-ple(t)- = -plet- = -pli- = -ply- = -plen(i)-
implementation,/ɪmplɪmen'teɪʃ(ə)n/,n. [计] 实现；履行；安装启用,-ple(t)- = -plet- = -pli- = -ply- = -plen(i)-
implementer,/'implimentə/,n. 实施者；制订人；实现器；实作器,-ple(t)- = -plet- = -pli- = -ply- = -plen(i)-
complement,/'kɒmplɪm(ə)nt/,n. 补语；余角；补足物 vt. 补足，补助,-ple(t)- = -plet- = -pli- = -ply- = -plen(i)-
complementary,/kɒmplɪ'ment(ə)rɪ/,adj. 补足的，补充的,-ple(t)- = -plet- = -pli- = -ply- = -plen(i)-
complementarity,"/,kɒmplɪmen'tærɪtɪ/",n. 互补性；补充；补足,-ple(t)- = -plet- = -pli- = -ply- = -plen(i)-
supplement,/'sʌplɪm(ə)nt/,vt. 增补，补充 n. 增补，补充；补充物；增刊，副刊,-ple(t)- = -plet- = -pli- = -ply- = -plen(i)-
supplemental,"/,sʌplɪ'mentəl/",adj. 补充的（等于 supplementary） ；追加的,-ple(t)- = -plet- = -pli- = -ply- = -plen(i)-
plenty,/'plentɪ/,n. 丰富，大量；充足 adj. 足够的，很多的 adv. 足够,-ple(t)- = -plet- = -pli- = -ply- = -plen(i)-
plentiful,/'plentɪfʊl/,adj. 丰富的；许多的；丰饶的；众多的,-ple(t)- = -plet- = -pli- = -ply- = -plen(i)-
plentifully,/'plentifuli/,adv. 丰富地，富裕地,-ple(t)- = -plet- = -pli- = -ply- = -plen(i)-
aplenty,/ə'plentɪ/,adv. 丰富地，充裕地 adj. 丰富的；非常 n. 丰富；大量,-ple(t)- = -plet- = -pli- = -ply- = -plen(i)-
replenish,/rɪ'plenɪʃ/,vt. 补充，再装满；把…装满；给…添加燃料,-ple(t)- = -plet- = -pli- = -ply- = -plen(i)-
replenishment,/rɪ'plenɪʃmənt/,n. 补充，补给,-ple(t)- = -plet- = -pli- = -ply- = -plen(i)-
replenished,/ri'pleniʃt/,adj. 装满的；充满的,-ple(t)- = -plet- = -pli- = -ply- = -plen(i)-
plenary,/'pliːnərɪ/,adj. 充分的；全体出席的 n. 全体会议,-ple(t)- = -plet- = -pli- = -ply- = -plen(i)-
plenitude,/'plenɪtjuːd/,n. 充分；丰富；大量,-ple(t)- = -plet- = -pli- = -ply- = -plen(i)-
plenum,/'pliːnəm/,n. 全体会议；充满；充满物质的空间,-ple(t)- = -plet- = -pli- = -ply- = -plen(i)-
plena,/'plinə/,n. 满；充满；完全（plenum 的复数形式）,-ple(t)- = -plet- = -pli- = -ply- = -plen(i)-
comply,/kəm'plaɪ/,vi. 遵守；顺从，遵从；答应,-ple(t)- = -plet- = -pli- = -ply- = -plen(i)-
non-complying,/nɒn- kəm'plaɪŋ/,n. 不服从，不顺从,-ple(t)- = -plet- = -pli- = -ply- = -plen(i)-
plethora,/'pleθ(ə)rə/,n. 过多；过剩；[医] 多血症,-ple(t)- = -plet- = -pli- = -ply- = -plen(i)-
media,/'miːdɪə/,n. 媒体；媒质（medium 的复数） ；血管中层；浊塞音；中脉,-medi-
multimedia,/'mʌltɪmiːdɪə/,n. 多媒体 adj. 多媒体的,-medi-
media-savvy,/'miːdɪə-'sævɪ/,adj. 对媒体熟悉的,-medi-
media-drive,/'miːdɪə-draɪv/,n. 媒体驱动器,-medi-
new-media,/njuː-'miːdɪə/,n. 新媒体；新传媒,-medi-
mass-media,/mæs-'miːdɪə/,n. 大众传媒,-medi-
immediate,/ɪ'miːdɪət/,adj. 立即的；直接的；最接近的,-medi-
immediately,/ɪ'miːdɪətlɪ/,adv. 立即，立刻；直接地 conj. 一…就,-medi-
immediacy,/ɪ'miːdɪəsɪ/,n. 直接；目前,-medi-
median,/'mi:diən/,n. 中值，中位数；三角形中线；梯形中位线 adj. 中值的；中央的,-medi-
medial,/'mi:diəl/,adj. 中间的；平均的；普通的 n. [语] 中间字母,-medi-
medially,/'midɪəli/,adv. 平均地，居中地；一般地,-medi-
mediacy,/'mi:diəsi/,n. 调解；中间状态；媒介,-medi-
mediate,/'mi:dieit/,vi. 调解；斡旋；居中 vt. 调停；传达 adj. 间接的；居间的,-medi-
mediator,/'miːdɪeɪtə/,n. 调停者；传递者；中介物,-medi-
mediation,"/,mi:di'eiʃən/",n. 调解；仲裁；调停,-medi-
mediational,"/,mi:di'eiʃən(ə)l/",adj. 中介的,-medi-
unmediated,"/ʌn'midɪ,etɪd/",adj. 无中介的；未经调停的,-medi-
computer-mediated,/kəm'pjuːtə-'miːdɪeɪtɪd/,adj. 计算机介导的,-medi-
medium,/'mi:diəm/,adj. 中间的，中等的；半生熟的 n. 方法；媒体；媒介；中间物,-medi-
medium-high,/'mi:diəm-haɪ/,adj. 中高的,-medi-
medium-size,/'mi:diəm-saɪz/,n. 中号，中码；中号尺码,-medi-
medium-sized,/'mi:diəm'saizd/,adj. 中型的，中等大小的；普通型的,-medi-
medium-low,/'mi:diəm-ləʊ/,n. 中低级，中低温，中低,-medi-
medium-range,/'mi:diəm'reindʒ/,adj. 中程的,-medi-
medium-term,/'mi:diəm'tə:m/,adj. 中期的；中间的,-medi-
medium-length,/'mi:diəm-leŋθ/,n. 中等长度,-medi-
medium-weight,/'mi:diəm-weɪt/,n. 中等重量,-medi-
medium-priced,/'mi:diəm'praist/,adj. 中等价位的,-medi-
medium-grain,/'mi:diəm-greɪn/,n. 中等颗粒；中等晶粒,-medi-
meditate,/'medɪteɪt/,vt. 考虑；计划；企图 vi. 冥想；沉思,-medi-
meditator,/'mediteitə/,n. 冥想者；沉思者；策划者,-medi-
meditation,/medɪ'teɪʃ(ə)n/,n. 冥想；沉思，深思,-medi-
meditative,"/'medɪ,tətɪv/",adj. 冥想的，沉思的；耽于默想的,-medi-
meditatively,"/'mɛdə,tetɪvli/",adv. 沉思地，冥想地,-medi-
premeditated,"/,pri'mɛdɪtetɪd/",adj. 预谋的；预先考虑的；经预先计划的,-medi-
premeditation,"/,priːmedɪ'teɪʃn/",n. 预谋；预先设想,-medi-
unpremeditated,/ʌnpriː'medɪteɪtɪd/,adj. 无预谋的；偶然的,-medi-
medieval,/ˌmediˈi:vl/,adj. 中世纪的；原始的；仿中世纪的；老式的,-medi-
medievalist,"/,medɪ'iːvəlɪst/",n. 中世纪研究家；中古史学家,-medi-
medievalism,"/,medɪ'iːvəlɪzəm/",n. 中世纪精神；中世纪性质,-medi-
mediterranean,"/,meditə'reiniən/",adj. 地中的，被陆地包围的,-medi-
intermediate,"/,ɪntə'miːdɪət/",adj. 中级的，中等程度的,-medi-
intermediary,"/,ɪntə'miːdɪərɪ/",adj. 中间的； 媒介的； 中途的 n. 中间人； 仲裁者； 调解者； 媒介物,-medi-
intermediation,"/'ɪntə,miːdɪ'eɪʃən/",n. 调解；仲裁；调停；作中间人,-medi-
intermediate-term,"/,ɪntə'miːdɪət-tɜːm/",n. 中期；中间项,-medi-
intermediate-range,"/,ɪntə'miːdɪət-reɪn(d)ʒ/",n. 中程,-medi-
intermediate-level,"/,ɪntə'miːdɪət-'lev(ə)l/",n. 中级,-medi-
intermediate-mass,"/,ɪntə'miːdɪət-mæs/",n. 中间块,-medi-
mediocre,"/,miːdɪ'əʊkə/",adj. 普通的；平凡的；中等的,-medi-
mediocrity,/miːdɪ'ɒkrɪtɪ/,n. 平庸之才；平常,-medi-
meddle,/'med(ə)l/,vi. 管闲事，干预他人之事,-medi-
meddling,/'medliŋ/,n. 干预；瞎管 adj. 干预的,-medi-
mediastinal,"/,mi:diæs'tainəl/",adj. 纵隔的,-medi-
mediastinum,"/,miːdɪə'staɪnəm/",n. （胸腔）纵隔膜,-medi-
mediaeval,"/,medɪ'iːvəl/",adj. 中世纪的；中古的,-medi-
hypermedia,"/,haɪpɚ'midɪə/",n. 超媒体,-medi-
mixed-media,/mɪkst-'miːdɪə/,n. 综合材料,-medi-
precious,/'preʃəs/,adj. 宝贵的；珍贵的；贵重的,-preci- = -prais- = -pric- = -priz-
preciously,/'prɛʃəsli/,adv. 昂贵地；仔细地；过分讲究地,-preci- = -prais- = -pric- = -priz-
preciousness,/'preʃəsnis/,n. 珍贵；过分讲究,-preci- = -prais- = -pric- = -priz-
semiprecious,"/,semɪ'preʃəs/",adj. 次珍贵的；准宝石的,-preci- = -prais- = -pric- = -priz-
precious-metals,/'preʃəs-'met(ə)lz/,n. 贵重金属（指金、银或铂）,-preci- = -prais- = -pric- = -priz-
appreciate,/ə'priːʃɪeɪt/,vt. 欣赏；感激；领会；鉴别 vi. 增值；涨价,-preci- = -prais- = -pric- = -priz-
appreciator,"/ə'priʃ,etɚ/",n. 鉴赏者，评价者，欣赏者，了解真价者,-preci- = -prais- = -pric- = -priz-
appreciation,"/ə,pri:ʃi'eiʃən/",n. 欣赏，鉴别；增值；感谢,-preci- = -prais- = -pric- = -priz-
appreciative,/ə'pri:ʃiətiv/,adj. 感激的；赏识的；有欣赏力的；承认有价值的,-preci- = -prais- = -pric- = -priz-
appreciatively,/ə'pri:ʃiətivli/,adv. 欣赏地，赞赏地；感激地,-preci- = -prais- = -pric- = -priz-
appreciable,/ə'priːʃəb(ə)l/,adj. 可感知的；可评估的；相当可观的,-preci- = -prais- = -pric- = -priz-
appreciably,/ə'priːʃ(ɪ)əblɪ/,adv. 明显地；相当地；可察觉地,-preci- = -prais- = -pric- = -priz-
unappreciative,/ʌnə'priːʃ(ɪ)ətɪv/,adj. 不赏识的,-preci- = -prais- = -pric- = -priz-
unappreciated,/ʌnə'priːʃɪeɪtɪd/,adj. 未被欣赏的,-preci- = -prais- = -pric- = -priz-
underappreciated,"/,ʌndərə'pri:ʃieitid/",adj. 未受到充分赏识的；未得到正确评价的,-preci- = -prais- = -pric- = -priz-
depreciate,/di'pri:ʃieit/,vt. 使贬值；贬低；轻视 vi. 贬值；轻视；贬低,-preci- = -prais- = -pric- = -priz-
depreciation,"/di,pri:ʃi'eiʃən/",n. 跌价，贬值，轻视,-preci- = -prais- = -pric- = -priz-
depreciatory,/di'pri:ʃiətəri/,adj. 跌价的，贬值的，轻视的,-preci- = -prais- = -pric- = -priz-
praise,/preiz/,n. 赞扬；称赞；荣耀；崇拜 vt. 赞美，歌颂；表扬 vi. 赞美；赞扬,-preci- = -prais- = -pric- = -priz-
appraise,/ə'preɪz/,vt. 评价，鉴定；估价,-preci- = -prais- = -pric- = -priz-
appraiser,/ə'preɪzə/,n. 鉴定人，评价人；估价官,-preci- = -prais- = -pric- = -priz-
appraisal,/ə'preɪz(ə)l/,n. 评价；估价（尤指估价财产，以便征税） ；估计,-preci- = -prais- = -pric- = -priz-
reappraise,/riːə'preɪz/,vt. 重新评估；重新评价,-preci- = -prais- = -pric- = -priz-
reappraisal,"/,riə'prezl/",n. 重新评价；重新估计,-preci- = -prais- = -pric- = -priz-
praiseworthy,/'preɪzwɜːðɪ/,adj. 值得称赞的；可嘉的,-preci- = -prais- = -pric- = -priz-
much-praised,/mʌtʃ- preizd/,adj. 倍受赞扬的,-preci- = -prais- = -pric- = -priz-
price,/praɪs/,n. 价格；价值；代价 vt. 给……定价；问……的价格,-preci- = -prais- = -pric- = -priz-
pricy,/'praɪsɪ/,adj. 价格高的；昂贵的,-preci- = -prais- = -pric- = -priz-
pricey,/'praɪsɪ/,adj. 高价的，过分昂贵的,-preci- = -prais- = -pric- = -priz-
priced,/praist/,adj. [物价] 附有定价的,-preci- = -prais- = -pric- = -priz-
pricing,/'praɪsɪŋ/,n. 定价,-preci- = -prais- = -pric- = -priz-
priceless,/'praɪslɪs/,adj. 无价的；极贵重的；非常有趣的 n. 非卖品,-preci- = -prais- = -pric- = -priz-
overprice,"/,əuvə'prais/",vt. 对…定价过高；定价高于…的购买力,-preci- = -prais- = -pric- = -priz-
overpriced,/'ovɚ'praɪst/,adj. 定价过高的,-preci- = -prais- = -pric- = -priz-
underprice,/ʌndə'praɪs/,vt. 将定价调低；削价抢生意,-preci- = -prais- = -pric- = -priz-
price-tag,/praɪs-tæg/,n. 价格标签；标价,-preci- = -prais- = -pric- = -priz-
high-price,/praɪs/,n. 高价格,-preci- = -prais- = -pric- = -priz-
high-priced,/'hai'praist/,adj. 高价的；昂贵的,-preci- = -prais- = -pric- = -priz-
higher-priced,/ˈhaɪə(r)'praist/,adj. 高价位的,-preci- = -prais- = -pric- = -priz-
highest-price,/haɪɪst'praɪs/,n. [物价] 最高价格,-preci- = -prais- = -pric- = -priz-
low-price,/'ləu'praɪs/,n. [物价] 低价；廉价,-preci- = -prais- = -pric- = -priz-
low-priced,/'ləu'praist/,adj. 低价的，廉价的，定价低的，索价不高的,-preci- = -prais- = -pric- = -priz-
lower-price,/'ləʊə'prais/,n. 低价；降价,-preci- = -prais- = -pric- = -priz-
lower-priced,/'ləʊə'praist/,adj. 低价位的,-preci- = -prais- = -pric- = -priz-
lowest-priced,/ləʊɪst'praist/,adj. 最低价格的,-preci- = -prais- = -pric- = -priz-
price-fixing,/praɪs-'fɪksɪŋ/,n. 价格规定,-preci- = -prais- = -pric- = -priz-
price-cutting,/praɪs-'kʌtɪŋ/,n. 削价；减价,-preci- = -prais- = -pric- = -priz-
price-to-book,/praɪs-tu-bʊk/,n. 每股股价比每股净资产,-preci- = -prais- = -pric- = -priz-
price-gouging,/praɪs-gaʊdʒɪŋ/,n. 哄抬物价，[物价] 价格欺骗,-preci- = -prais- = -pric- = -priz-
price-level,/'praɪs-'lev(ə)l/,n. [物价] 物价水平,-preci- = -prais- = -pric- = -priz-
half-price,/'hɑ:fprais/,adj. 半价；半价的,-preci- = -prais- = -pric- = -priz-
fixed-price,/fɪkst-praɪs/,n. 固定价格,-preci- = -prais- = -pric- = -priz-
bride-price,/braɪd-praɪs/,n. 彩礼；聘礼,-preci- = -prais- = -pric- = -priz-
oil-price,/ɒɪl-praɪs/,n. 油价；原油价格,-preci- = -prais- = -pric- = -priz-
full-price,/fʊl-praɪs/,n. 全价；[物价] 足价,-preci- = -prais- = -pric- = -priz-
off-price,/'ɔfpraɪs/,adj. 价格优惠的,-preci- = -prais- = -pric- = -priz-
stock-price,/stɒk-praɪs/,n. 股票价格,-preci- = -prais- = -pric- = -priz-
share-price,/ʃeə-praɪs/,n. 股价,-preci- = -prais- = -pric- = -priz-
prize,/praɪz/,n. 奖品；奖赏；战利品 vt. 珍视；捕获；估价 adj. 获奖的,-preci- = -prais- = -pric- = -priz-
prized,/praɪzd/,adj. 被看作最重要的，被看作最有价值的,-preci- = -prais- = -pric- = -priz-
prizefight,/'praɪzfaɪt/,n. 职业拳击赛；徒手拳,-preci- = -prais- = -pric- = -priz-
prizefighter,"/'praɪz,faɪtɚ/",n. 职业拳击手,-preci- = -prais- = -pric- = -priz-
prize-winning,/praɪz-'wɪnɪŋ/,adj. 获奖的,-preci- = -prais- = -pric- = -priz-
admit,/əd'mɪt/,vt. 承认；准许进入；可容纳 vi. 承认；容许,-miss- = -mit-
admitted,/əd'mɪtɪd/,adj. 公认的；被承认了的,-miss- = -mit-
admittedly,/əd'mɪtɪdlɪ/,adv. 公认地；无可否认地；明白地,-miss- = -mit-
admittance,/əd'mɪt(ə)ns/,n. 进入；入场权；通道,-miss- = -mit-
admission,/əd'mɪʃ(ə)n/,n. 承认；入场费；进入许可；坦白；录用,-miss- = -mit-
admissibility,"/əd,mɪsə'bɪləti/",n. 可容许；有入场的资格,-miss- = -mit-
admissible,/əd'mɪsɪb(ə)l/,adj. 可容许的；可采纳的；可接受的,-miss- = -mit-
inadmissible,/ɪnəd'mɪsɪb(ə)l/,adj. 不许可的；难承认的,-miss- = -mit-
readmit,/riːəd'mɪt/,vt. 重新接纳,-miss- = -mit-
readmission,"/,riːəd'mɪʃən/",n. 重新接纳,-miss- = -mit-
self-admitted,"/,selfəd'mitid/",adj. 自己承认的,-miss- = -mit-
commit,/kə'mɪt/,vt. 犯罪，做错事；把...交托给；指派…作战；使…承担义务,-miss- = -mit-
committed,/kə'mɪtɪd/,adj. 坚定的；效忠的；承担义务的,-miss- = -mit-
committee,/kə'mɪtɪ/,n. 委员会,-miss- = -mit-
commitment,/kə'mɪtm(ə)nt/,n. 承诺，保证；委托；承担义务；献身,-miss- = -mit-
subcommittee,/'sʌbkəmɪtɪ/,n. 小组委员会；委员会的附属委员会,-miss- = -mit-
uncommitted,/ʌnkə'mɪtɪd/,adj. 不受约束的； （犯罪） 未遂的； 未被监禁的； 自由的； 不负义务的,-miss- = -mit-
noncommittally,"/,nɔnkɔ'mitəli/",adv. 不明确地；不表态地,-miss- = -mit-
committeeman,/kə'mitimən/,n. 委员,-miss- = -mit-
recommitment,"/,rikə'mɪtmənt/",n. 再犯；再交付委员会审议,-miss- = -mit-
commission,/kə'mɪʃ(ə)n/,n. 委员会； 佣金； 犯； 委任； 委任状 vt. 委任； 使服役； 委托制作,-miss- = -mit-
commissioner,/kə'mɪʃ(ə)nə/,n. 理事；委员；行政长官；总裁,-miss- = -mit-
commissioned,/kə'mɪʃənd/,adj. 受委任的，受任命的；服役的，现役的,-miss- = -mit-
commissar,"/,kɒmɪ'sɑː/",n. 政委；委员；代表；苏俄人民委员,-miss- = -mit-
commissary,/'kɒmɪs(ə)rɪ/,n. 代表；杂货店；军粮供应； （美）食堂,-miss- = -mit-
commissioning,/kəˈmɪʃənɪŋ/,n. 试车；试运转,-miss- = -mit-
noncommissioned,"/,nɒnkə'mɪʃənd/",adj. 未经任命的；无委任令的,-miss- = -mit-
decommission,/diːkə'mɪʃ(ə)n/,vt. 使…退役；解除…的军职,-miss- = -mit-
decommissioning,"/,di:kə'miʃəniŋ/",n. 退役；停运,-miss- = -mit-
decommissioned,/diːkə'mɪʃ(ə)nd/,adj. 退役的,-miss- = -mit-
commissariat,"/,kɒmɪ'seərɪət/",n. 粮食；粮食补给；军需部,-miss- = -mit-
sub-commission,/ˈsʌbkəˌmɪʃən/,n. 委员会所属分会,-miss- = -mit-
permit,/pə'mɪt/,n. 执照；许可证,-miss- = -mit-
permittee,"/,pə:mi'ti:/",n. 持证人；持照人,-miss- = -mit-
permission,/pə'mɪʃ(ə)n/,n. 许可,-miss- = -mit-
permitted,"/,pə:mi'ti:d/",adj. 被允许的,-miss- = -mit-
permissible,/pə'mɪsɪb(ə)l/,adj. 可允许的；获得准许的,-miss- = -mit-
permissibility,"/pɚ,mɪsə'bɪləti/",n. 允许；可容许性,-miss- = -mit-
permissive,/pə'mɪsɪv/,adj. 许可的；自由的；宽容的； （两性关系）放纵的,-miss- = -mit-
permissiveness,/pə'misivnis/,n. 放任；许可,-miss- = -mit-
impermissible,/ɪmpə'mɪsɪb(ə)l/,adj. 不允许的，不许可的,-miss- = -mit-
impermissibly,"/,ɪmpɚ'mɪsəbli/",adv. 不许可地；不允许地,-miss- = -mit-
dismiss,/dɪs'mɪs/,vt. 解散；解雇；开除；让...离开；不予理会、不予考虑 vi. 解散,-miss- = -mit-
dismissed,/dis'mist/,adj. 解雇的；解散的，被排除的,-miss- = -mit-
dismissal,/dɪs'mɪsl/,n. 解雇；免职,-miss- = -mit-
dismission,/dis'miʃən/,n. 开除，免职，解散,-miss- = -mit-
dismissive,/dɪs'mɪsɪv/,adj. 表示轻视的；解雇的,-miss- = -mit-
dismissively,/dɪs'mɪsɪvli/,adv. 轻蔑地；不屑一顾地,-miss- = -mit-
submit,/səb'mɪt/,vt. 使服从；主张；呈递 vi. 提交；服从,-miss- = -mit-
submission,/səb'mɪʃ(ə)n/,n. 投降；提交（物） ；服从； （向法官提出的）意见；谦恭,-miss- = -mit-
submissive,/səb'mɪsɪv/,adj. 顺从的；服从的；柔顺的,-miss- = -mit-
submissiveness,/səb'misivnis/,n. 柔顺；服从,-miss- = -mit-
submissively,/səb'mɪsɪvli/,adv. 顺从地；谦恭地,-miss- = -mit-
missile,/'mɪsaɪl/,n. 导弹；投射物 adj. 导弹的；可投掷的；用以发射导弹的,-miss- = -mit-
missive,/'mɪsɪv/,n. 公文，公函；信件，信函 adj. 送出的,-miss- = -mit-
mission,/'mɪʃ(ə)n/,n. 使命，任务；代表团；布道 vt. 派遣；向……传教,-miss- = -mit-
missionary,/'miʃənəri/,adj. 传教的；传教士的 n. 传教士,-miss- = -mit-
missionize,/'mɪʃənaɪz/,vi. 传教 vt. 向…传教,-miss- = -mit-
anti-missile,/'æntaɪ-'mɪsaɪl/,adj. 反导弹的,-miss- = -mit-
ballistic-missile,/bə'lɪstɪk-'mɪsaɪl/,n. 弹道飞弹，[航][军] 弹道导弹,-miss- = -mit-
guided-missile,/'ɡaɪdɪd-'mɪsaɪl/,n. 弹；导向飞弹；有线导引飞弹,-miss- = -mit-
manumit,"/,mænju'mit/",vt. 释入，解放,-miss- = -mit-
manumission,"/,mænju'miʃən/",n. 释放，解放,-miss- = -mit-
omit,/ə(ʊ)'mɪt/,vt. 省略；遗漏；删除；疏忽,-miss- = -mit-
omitted,/əʊ'mɪtɪd/,adj. 省略了的；省去的,-miss- = -mit-
omission,/ə(ʊ)'mɪʃ(ə)n/,n. 疏忽，遗漏；省略；冗长,-miss- = -mit-
transmit,/trænz'mit/,vt. 传输；传播；发射；传达；遗传 vi. 传输；发射信号,-miss- = -mit-
transmission,/trænz'miʃən/,n. 传动装置，[机] 变速器；传递；传送；播送,-miss- = -mit-
transmitter,/trænz'mitə/,n. 传送者，发射机，发报机,-miss- = -mit-
transmissible,/trænz'misəbl/,adj. 能传送的，可发射的；可播送的,-miss- = -mit-
transmissibility,"/træns,mɪsə'bɪləti/",n. 遗传性；[机] 传递率；传递性,-miss- = -mit-
transmitted,/trænz'mitɪd/,adj. 透射的,-miss- = -mit-
transmitting,/træns'mɪtɪŋ/,n. 传送，传递 adj. 传送中,-miss- = -mit-
transmittal,/træns'mɪtəl/,n. 传输；传送；被传送,-miss- = -mit-
transmittance,/trænz'mɪt(ə)ns/,n. [光] 透射比；透明度,-miss- = -mit-
retransmit,"/,ritræns'mɪt/",vt. 转播；中继；重新发送,-miss- = -mit-
retransmission,"/,ritræns'mɪʃən/",n. 转播；[通信] 重发；中继,-miss- = -mit-
transmission-line,/trænz'miʃən-laɪn/,n. 传输线,-miss- = -mit-
emit,/i'mit/,vt. 散发，放射；发行；发出,-miss- = -mit-
emitted,/ɪ'mɪt/,adj. 射出的,-miss- = -mit-
emitter,/ɪ'mɪtə/,n. 发射器，发射体,-miss- = -mit-
emission,/i'miʃən/,n.（光、热等的）发射，散发；喷射；发行,-miss- = -mit-
emissary,/'emisəri/,n. 使者；间谍；密使 adj. 间谍的；密使的,-miss- = -mit-
emissive,/i'misiv/,adj. 发射的；放射性的；发出的,-miss- = -mit-
emissivity,"/,emɪ'sɪvətɪ/",n. [物] 发射率；辐射系数,-miss- = -mit-
emission-line,/i'miʃən-laɪn/,n. [光][等离子] 发射谱线,-miss- = -mit-
emissions-trading,/i'miʃən-'treɪdɪŋ/,n. 排污权交易,-miss- = -mit-
zero-emission,/'zɪərəʊ-i'miʃən/,n. 零排放,-miss- = -mit-
low-emission,/ləʊ-i'miʃən/,n. 低排放,-miss- = -mit-
light-emitting,/laɪt-ɪ'mɪtɪŋ/,adj. 发光的,-miss- = -mit-
intermit,"/,intə'mit/",vt. 使中断 vi. 中断,-miss- = -mit-
intermission,"/,intə'miʃən/",n. 中间休息，间歇，中断,-miss- = -mit-
intermittent,/ɪntə'mɪt(ə)nt/,adj. 间歇的；断断续续的；间歇性,-miss- = -mit-
intermittently,/intə'mitəntli/,adv. 间歇地,-miss- = -mit-
intermittency,"/,intə'mitəns/",n. 间歇性；间歇现象；间歇度,-miss- = -mit-
remit,/ri'mit/,vt. 宽恕； 免除； 减轻； 传送； 使恢复原状 vi. 汇款； 缓和 n. 移交的事物,-miss- = -mit-
remittance,/ri'mitəns/,n. 汇款；汇寄之款；汇款额,-miss- = -mit-
remittee,"/ri,mit'i:/",n. (汇票的)收款人,-miss- = -mit-
unremitting,/ʌnrɪ'mɪtɪŋ/,adj. 不懈的；不间断的；坚忍的,-miss- = -mit-
unremittingly,/ʌnri'mitiŋli/,adv. 不懈地；不间断地,-miss- = -mit-
immit,/i'mit/,vt. 引入，注入,-miss- = -mit-
immission,/i'miʃən/,n. 引入，注入；允许进入,-miss- = -mit-
promise,/'prɔmis/,n. 许诺，允诺；希望 vt. 允诺，许诺；给人以…的指望或希望 vi. 许诺；有指望，有前途,-miss- = -mit-
promissory,/'prɒmɪs(ə)rɪ/,adj. 约定的；允诺的；约定支付的,-miss- = -mit-
compromise,/'kɔmprəmaiz/,vt. 妥协；危害 vi. 妥协；让步 n. 妥协，和解；折衷,-miss- = -mit-
remiss,/rɪ'mɪs/,adj. 怠慢的；迟缓的；不小心的,-miss- = -mit-
remission,/rɪ'mɪʃ(ə)n/,n. 缓解；宽恕；豁免,-miss- = -mit-
resubmit,/riːsəb'mɪt/,vt. 重发,-miss- = -mit-
submittal,/səb'mitl/,n. 提交；建议,-miss- = -mit-
missal,/'mɪs(ə)l/,n. 天主教的弥撒用书；祈祷书,-miss- = -mit-
missiology,"/,mɪsɪ'ɒlədʒɪ/",n. 传教学,-miss- = -mit-
near-miss,/'niə'mis/,n. 靠近弹,-miss- = -mit-
science,/'saiəns/,n. 科学；技术，知识；学科；理科,-sci-
scientist,/'saiəntist/,n. 科学家,-sci-
scientism,/'saɪəntɪz(ə)m/,n. 科学态度；科学至上主义,-sci-
scientific,/saɪən'tɪfɪk/,adj. 科学的,-sci-
scientifically,/saɪən'tɪfɪkli/,adv. 系统地；合乎科学地；学问上,-sci-
unscientific,"/,ʌn,saɪən'tɪfɪk/",adj. 不科学的，不符合科学原理的；非学术的；无科学知识的,-sci-
nonscientific,/ˌnɒnsaɪənˈtɪfɪk/,adj. 非科学的,-sci-
sci-fi,/'sai'fai/,adj. 科幻的,-sci-
geoscience,/'dʒi:əu'saiəns/,n. 地球科学,-sci-
bioscience,/baɪəʊ'saɪəns/,n. 生物科学,-sci-
computer-science,/kəm'pjuːtə-'saɪəns/,n. 计算机科学,-sci-
quasi-scientific,"/ˈkweɪzaɪ,saɪən'tɪfɪk/",n. 准科学的；拟科学的,-sci-
non-science,/nɔn'saɪəns/,n. 非科学,-sci-
life-science,/laɪf-'saɪəns/,n. 生命科学,-sci-
political-science,/pə'lɪtɪk(ə)l-'saɪəns/,n. 政治学,-sci-
social-science,/'səʊʃ(ə)l-'saɪəns/,n. 社会科学；社会科学学科,-sci-
science-based,/'saɪəns-beɪst/,adj. 以科学为基础的,-sci-
pre-scientific,/prisaɪən'tɪfɪk/,adj. 近代科学出现以前的；科学发展以前的,-sci-
anti-science,/'æntɪ'saɪəns/,adj. 反科学的,-sci-
anti-scientific,"/'æntɪ,saɪən'tɪfɪk/",adj. 反对科学的,-sci-
pseudoscience,/'psju:dəu'saiəns/,n. 假科学，伪科学,-sci-
pseudo-scientific,"/,sjuːdəʊ'saɪən'tɪfɪk/",adj. 伪科学的,-sci-
scient,/'saiənt/,adj. 有知识的；有技巧的,-sci-
sciential,/sai'enʃəl/,adj. 知识的，产生知识的，有充分知识的,-sci-
conscious,/'kɒnʃəs/,adj. 意识到的；故意的；神志清醒的,-sci-
consciously,/'kɑnʃəsli/,adv. 自觉地；有意识地,-sci-
consciousness,/'kɔnʃəsnis/,n. 意识；知觉；觉悟；感觉,-sci-
unconscious,/ʌn'kɒnʃəs/,adj. 无意识的；失去知觉的；不省人事的；未发觉的,-sci-
unconsciously,/ʌn'kɑnʃəsli/,adv. 不知不觉；无意识地,-sci-
subconscious,"/,sʌb'kɔnʃəs/",adj. 潜意识的；下意识的 n. 潜在意识；下意识心理活动,-sci-
subconsciously,"/,sʌb'kɔnʃəsli/",adv. 潜意识地,-sci-
conscience,/'kɒnʃ(ə)ns/,n. 良心，良知，道德心,-sci-
conscientious,"/,kɔnʃi'enʃəs/",adj. 认真的；尽责的；本着良心的；小心谨慎的,-sci-
conscientiously,/kɑnʃɪ'ɛnʃəsli/,adv. 良心上,-sci-
conscientiousness,"/,kɑnʃɪ'ɛnʃəsnɪs/",n. 尽责；凭良心办事,-sci-
conscienceless,/'kɑnʃənslɪs/,adj. 不知廉耻的；没良心的,-sci-
unconscionable,/ʌn'kɒnʃ(ə)nəb(ə)l/,adj. 不合理的；昧着良心的；肆无忌惮的；过度的,-sci-
unconsciousness,/ʌn'kɑnʃəsnəs/,n. 无意识；意识不清；[医] 人事不省,-sci-
unconscionably,/ʌn'kɒnʃ(ə)nəb(ə)li/,adv. 不合理地；无节制地,-sci-
consciousness-raising,"/'kɔnʃəsnis,reiziŋ/",n. 增强自我意识感,-sci-
stream-of-consciousness,"/,stri:məv'kɔnʃəsnis/",adj. 意识流的,-sci-
self-conscious,"/,self'kɔnʃəs/",adj. 难为情的；自觉的,-sci-
self-consciously,"/,self'kɔnʃəsli/",adv. 自觉地；不自然地,-sci-
self-consciousness,"/,self'kɔnʃəsnis/",n. 自觉意识,-sci-
health-conscious,/'helθ'kɔnʃəs/,adj. 重视健康的,-sci-
cost-conscious,"/kɒst,self'kɔnʃəs/",adj. 注重节省成本的,-sci-
semi-conscious,"/,semɪ'kɒnʃəs/",adj. 半意识的；半清醒的,-sci-
unself-conscious,"/,ʌnsɛlf'kɑnʃəs/",adj. 不装腔作势的；自然的,-sci-
unselfconsciously,"/,ʌnself'kɔnʃəsli/",adv. 自然地；天生地,-sci-
race-conscious,/reɪs-'kɔnʃəs/,adj. 种族意识的,-sci-
budget-conscious,/bʌdʒɪt-'kɔnʃəs/,adj. 关心预算的；有预算意识的,-sci-
fashion-conscious,/'fæʃnkɔnʃəs/,adj. 赶时髦的,-sci-
class-conscious,/'klɑ:s'kɔnʃəs/,adj. 阶级意识的,-sci-
security-conscious,/sɪ'kjʊərətɪ-s'kɔnʃəs/,adj. 常为安全问题提心吊胆的,-sci-
image-conscious,/'ɪmɪdʒ-'kɔnʃəs/,adj. 注重形象的,-sci-
half-conscious,/hɑːf-'kɔnʃəs/,adj. 半清醒的，昏昏迷迷的，半意识状态的,-sci-
price-conscious,/praɪs-'kɔnʃəs/,adj. 注重价格的；精打细算的,-sci-
weight-conscious,/weɪt-'kɔnʃəs/,adj. 关注体重的,-sci-
body-conscious,/'bɒdɪ-'kɔnʃəs/,adj. 有迷人身段的；有形体意识的；讲究身材的；非常紧身的,-sci-
eco-conscious,/'iko-'kɔnʃəs/,adj. 生态意识的,-sci-
non-conscious,/nɔn-'kɔnʃəs/,adj. 潜意识的，非意识的,-sci-
value-conscious,/'væljuː-'kɔnʃəs/,adj. 重视价值的,-sci-
omniscient,/ɔm'nisiənt/,adj. 全知的，无所不知的,-sci-
omniscience,/ɒm'nɪsɪəns/,n. 全知；上帝；全知者；无限的知识,-sci-
prescience,/'presiəns/,n. 预知，先见,-sci-
prescient,/'presiənt/,adj. 有预知能力的，有先见之明的,-sci-
presciently,/'presiəntli/,adv. 预见性地；有先见之明地,-sci-
nescient,/'nesiənt/,adj. 无知的；没有知识的 n. 不可知论者,-sci-
nescience,/'nesiəns/,n. 无知；不可知论,-sci-
literate,/'litərit/,adj. 受过教育的；精通文学的 n. 学者,-liter-
illiterate,/i'litərət/,adj. 文盲的；不识字的；没受教育的 n. 文盲,-liter-
literature,/'lɪt(ə)rətʃə/,n. 文学；文献；文艺；著作,-liter-
literator,/'litəreitə/,n. 文学家，文人，作家,-liter-
alliteration,/əlɪtə'reɪʃ(ə)n/,n. 头韵；同音韵错误症,-liter-
alliterative,/ə'lɪt(ə)rətɪv/,adj. 头韵的；头韵体的,-liter-
literati,"/,lɪtə'rɑːtɪ/",n. 文人（literatus 的复数） ；文学界,-liter-
semiliterate,"/,semi'litərət/",adj. 半识字的，半文盲的,-liter-
preliterate,/priː'lɪt(ə)rət/,adj. 文字出现以前的，尚无文字的,-liter-
non-literate,/nɒn'lɪtərət/,adj. 无文字的；不能读或写的,-liter-
computer-literate,/kəm'pju:tə'litərət/,adj. 能使用计算机的,-liter-
obliterate,/ə'blitəreit/,vt. 消灭；涂去；冲刷；忘掉,-liter-
obliteration,"/ə,blitə'reiʃən/",n. 涂掉，涂抹，删除，灭迹,-liter-
literary,/'lɪt(ə)(rə)rɪ/,adj. 文学的；书面的；精通文学的,-liter-
literarily,"/'lɪtə,rɛrəli/",adv. 文学上地；学术上地,-liter-
literariness,/'litərərinis/,n. 文学性；文艺性,-liter-
literacy,/'litərəsi/,n. 识字，有学问，有文化,-liter-
illiteracy,/i'litərəsi/,n. 不识字，文盲，未受教育，无知,-liter-
literal,/'litərəl/,adj. 文字的，文字上的，字面的,-liter-
literally,/'lɪt(ə)rəlɪ/,adv. 照字面地；逐字地；不夸张地；正确地；简直,-liter-
literalism,/'lɪt(ə)r(ə)lɪz(ə)m/,n. 拘泥于字句；直译主义；彻底写实主义,-liter-
literalness,/'litərəlnis/,n. 文字，字义上；无修饰；表面意义上,-liter-
literalize,/'lɪtərəlaɪz/,vt. 拘泥于字句；照字面意义解释,-liter-
anti-illiteracy,/i'litərəsi/,n. 扫除文盲,-liter-
uniliteral,"/,ju:ni'litərəl/",adj. 单字母的,-liter-
biliteral,"/,bai'litərəl/",adj. 两个字母(组成)的,-liter-
trilateral,"/,trai'litərəl/",adj. 三个字母的(词),-liter-
transliteral,/træns'litəreit/,n. 按照字母直译，音译,-liter-
transliteration,"/,trænzlitə'reiʃən/",n. 按字母直译，音译,-liter-
sum,/sʌm/,n. 金额；总数 vi. 概括 vt. 总结；合计,-sum- = -sumpt-
summa,/'sʌmə/,n. 总结；总结性论文,-sum- = -sumpt-
summary,/'sʌm(ə)rɪ/,adj. 简易的；扼要的 n. 概要，摘要，总结,-sum- = -sumpt-
summarily,/sə'mɛərəli/,adv. 概要地；立刻；概略地,-sum- = -sumpt-
summation,/sʌ'meɪʃ(ə)n/,n. 和；[生理] 总和；合计,-sum- = -sumpt-
summative,/'sʌmətɪv/,adj. 总结性；总结的,-sum- = -sumpt-
summarize,/'sʌməraɪz/,vt. 总结；概述 vi. 作总结；作概括,-sum- = -sumpt-
summarization,"/,sʌmərɪ'zeʃən/",n. [图情] 摘要；概要,-sum- = -sumpt-
consume,/kən'sjuːm/,vt. 消耗，消费；使…着迷；挥霍 vi. 耗尽，毁灭；耗尽生命,-sum- = -sumpt-
consumer,/kən'sjuːmə/,n. 消费者；用户，顾客,-sum- = -sumpt-
consuming,/kən'sjuːmɪŋ/,adj. 消费的；强烈的,-sum- = -sumpt-
consumed,/kən'sʊmd/,adj. 充满的；对…着迷的,-sum- = -sumpt-
consumable,/kən'sjuːməb(ə)l/,n. 消费品；消耗品 adj. 可消耗的；可消费的,-sum- = -sumpt-
consumerism,/kən'sjuːmərɪz(ə)m/,n. 保护消费者利益运动；用户至上主义,-sum- = -sumpt-
consummate,/'kɒnsjʊmeɪt/,adj. 至上的；完美的；圆满的 vt. 完成；作成；使达到极点,-sum- = -sumpt-
consummation,/kɒnsə'meɪʃ(ə)n/,n. 圆满成功；完成；成就；达到极点,-sum- = -sumpt-
consummatory,/kən'sʌmətərɪ/,adj. 使完成的；(行为、反应等)完成性的，使满足的,-sum- = -sumpt-
consummately,/'kɑnsəmɪtli/,adv. 至上地；完成地,-sum- = -sumpt-
unconsummated,/ʌn'kɒnsəmeɪtɪd/,adj. 未实现的；未完成的,-sum- = -sumpt-
all-consuming,/ɔːl-kən'sjuːmɪŋ/,adj. 耗费时间（或精力）的；全身心投入的,-sum- = -sumpt-
time-consuming,"/taɪm-'taimkən,sju:miŋ/",adj. 耗时的；旷日持久的,-sum- = -sumpt-
energy-consuming,/'enədʒɪ-kən'sjuːmɪŋ/,adj. 能力消耗的；耗能的；费精力的,-sum- = -sumpt-
consumer-driven,/kən'sjuːmə-'drɪvn/,adj. 消费者驱动型的,-sum- = -sumpt-
consumer-friendly,/kən'sjuːmə-ˈfrendlɪ/,adj. 便于消费者使用的,-sum- = -sumpt-
pro-consumer,/prəu-kən'sjuːmə/,adj. 维护消费者权益的,-sum- = -sumpt-
consumption,/kən'sʌm(p)ʃ(ə)n/,n. 消费；消耗；肺痨,-sum- = -sumpt-
consumptive,/kən'sʌm(p)tɪv/,adj. 消耗性的；浪费的；肺病的 n. 肺病患者；痨病患者,-sum- = -sumpt-
overconsumption,/ˌəʊvəkənˈsʌmpʃən/,n. 过度消耗,-sum- = -sumpt-
nonconsumptive,"/,nɔnkən'sʌmptiv/",adj. 不消耗自然物产(或资源)的； 不利用自然物产(或资源)的,-sum- = -sumpt-
presume,/prɪ'zjuːm/,vt. 假定；推测；擅自；意味着 vi. 相信；擅自行为,-sum- = -sumpt-
presumed,/prɪ'zjuːmd/,adj. 假定的；推测的,-sum- = -sumpt-
presumable,/prɪ'zjuːməbl/,adj. 可能有的；可推测的,-sum- = -sumpt-
presumably,/prɪ'zjuːməblɪ/,adv. 大概；推测起来；可假定,-sum- = -sumpt-
presumption,/prɪ'zʌm(p)ʃ(ə)n/,n. 放肆，傲慢；推测,-sum- = -sumpt-
presumptive,/prɪ'zʌm(p)tɪv/,adj. 假定的；根据推定的,-sum- = -sumpt-
presumptively,/prɪ'zʌm(p)tɪvli/,adv. 假设地,-sum- = -sumpt-
presumptuous,/prɪ'zʌm(p)tʃʊəs/,adj. 专横的；放肆的；冒昧的,-sum- = -sumpt-
sumpter,/'sʌm(p)tə/,n. 赶驮马的人；拉货车的马或驴子,-sum- = -sumpt-
sumptuary,/'sʌm(p)tjʊərɪ/,adj. 限制费用的；禁止奢侈的,-sum- = -sumpt-
sumptuous,/'sʌm(p)tjʊəs/,adj. 华丽的，豪华的；奢侈的,-sum- = -sumpt-
sumptuously,/'sʌmptʃʊəsli/,adv. 豪华地，奢侈地,-sum- = -sumpt-
subsume,/səb'sjuːm/,vt. 把……归入；把……包括在内,-sum- = -sumpt-
subsumption,/səb'sʌmpʃən/,n. 包容；包含；类别；小前题,-sum- = -sumpt-
assume,/ə'sjuːm/,vi. 假定；设想；承担；采取 vt. 僭取；篡夺；夺取；擅用；侵占,-sum- = -sumpt-
assumed,/ə'sjuːmd/,adj. 假定的；假装的,-sum- = -sumpt-
assumption,/ə'sʌm(p)ʃ(ə)n/,n. 假定；设想；担任；采取,-sum- = -sumpt-
unassuming,/ʌnə'sjuːmɪŋ/,adj. 谦逊的；不装腔作势的；不出风头的,-sum- = -sumpt-
reassume,/riːə'sjuːm/,vt. 再假定；再采取；再承担,-sum- = -sumpt-
resume,/rɪˈzjuːm/,n. 摘要；[管理] 履历，简历 vt. 重新开始，继续；恢复，重新占用,-sum- = -sumpt-
resumption,/rɪ'zʊm(p)ʃ(ə)n/,n. 恢复；重新开始；取回；重获；恢复硬币支付,-sum- = -sumpt-
summon,/'sʌmən/,vt. 召唤；召集；鼓起；振作,-sum- = -sumpt-
summons,/'sʌm(ə)nz/,n. 召唤；传票；传唤；召集 vt. 唤出；传到；传唤到法院,-sum- = -sumpt-
summoning,/'sʌmənɪŋ/,n. 召唤,-sum- = -sumpt-
summiteer,"/,sʌmɪ'tɪə/",n. 最高级会谈参加者；首脑会议参加者；峰会参加者,-sum- = -sumpt-
summitry,/'sʌmɪtrɪ/,n. 最高级会议的举行,-sum- = -sumpt-
zero-sum,/'ziro'sʌm/,adj. 零和的,-sum- = -sumpt-
lump-sum,/'lʌmpsʌm/,adj. 一次总付的；总金额,-sum- = -sumpt-
respect,/rɪ'spekt/,vt. 尊重； 尊敬； 关心； 遵守 n. 尊重， 恭敬； 敬意,-spect- = -speci- = -spec- = -spic- = -spi- = -spy-
respecter,/rɪ'spektə(r)/,vt. 尊重；尊敬；关心；遵守 n. 尊重，恭敬，敬意,-spect- = -speci- = -spec- = -spic- = -spi- = -spy-
respectable,/rɪ'spektəb(ə)l/,adj. 可敬的；品行端正的；可观的，相当大的；体面的,-spect- = -speci- = -spec- = -spic- = -spi- = -spy-
respectability,"/rɪ,spektə'bɪlɪtɪ/",n. 体面；可尊敬；有社会地位,-spect- = -speci- = -spec- = -spic- = -spi- = -spy-
respectably,/ri'spektəbli/,adv. 相当好地；体面地；可敬地,-spect- = -speci- = -spec- = -spic- = -spi- = -spy-
respectful,/ri'spektful/,adj. 尊敬人的，恭敬的,-spect- = -speci- = -spec- = -spic- = -spi- = -spy-
respectfully,/rɪ'spektfʊlɪ/,adv. 尊敬地,-spect- = -speci- = -spec- = -spic- = -spi- = -spy-
respected,/ri'spektid/,adj. 受尊敬的,-spect- = -speci- = -spec- = -spic- = -spi- = -spy-
respecting,/rɪ'spektɪŋ/,prep. 关于；就…而言；鉴于,-spect- = -speci- = -spec- = -spic- = -spi- = -spy-
respective,/rɪ'spektɪv/,adj. 分别的，各自的,-spect- = -speci- = -spec- = -spic- = -spi- = -spy-
respectively,/rɪ'spektɪvlɪ/,adv. 分别地；各自地，独自地,-spect- = -speci- = -spec- = -spic- = -spi- = -spy-
irrespective,/ɪrɪ'spektɪv/,adj. 无关的；不考虑的；不顾的,-spect- = -speci- = -spec- = -spic- = -spi- = -spy-
disrespect,/dɪsrɪ'spekt/,n. 无礼，失礼，不敬,-spect- = -speci- = -spec- = -spic- = -spi- = -spy-
disrespected,/dɪsrɪ'spekt/,adj. 不受尊敬的,-spect- = -speci- = -spec- = -spic- = -spi- = -spy-
disrespectful,/dɪsrɪ'spek(t)f(ʊ)l/,adj. 无礼的；失礼的；不尊敬的,-spect- = -speci- = -spec- = -spic- = -spi- = -spy-
disrespectfully,"/,disri'spektfəli/",adv. 无礼地；不恭地,-spect- = -speci- = -spec- = -spic- = -spi- = -spy-
self-respect,/'selfri'spekt/,n. 自重，自尊,-spect- = -speci- = -spec- = -spic- = -spi- = -spy-
well-respected,/wel-ri'spektid/,adj. 受人尊敬的；备受尊重的,-spect- = -speci- = -spec- = -spic- = -spi- = -spy-
self-respecting,/'selfri'spektiŋ/,adj. 有自尊心的；自重的,-spect- = -speci- = -spec- = -spic- = -spi- = -spy-
prospect,/'prɒspekt/,n. 视野，景象，景色,-spect- = -speci- = -spec- = -spic- = -spi- = -spy-
prospective,/prəu'spektiv/,adj. 盼望中的，未来的,-spect- = -speci- = -spec- = -spic- = -spi- = -spy-
prospector,/prəʊ'spektə/,n. 探勘者；采矿者,-spect- = -speci- = -spec- = -spic- = -spi- = -spy-
prospectus,/prə'spektəs/,n. 内容说明书；样张；创办计划书；学校的入学简介,-spect- = -speci- = -spec- = -spic- = -spi- = -spy-
prospecting,/'prɑspɛkt/,n. 探矿；勘探；勘查,-spect- = -speci- = -spec- = -spic- = -spi- = -spy-
bioprospecting,/ˌbaɪəʊprəˈspektɪŋ/,n. 生物勘探,-spect- = -speci- = -spec- = -spic- = -spi- = -spy-
inspect,/in'spekt/,vt. 检查，检验；视察 vi. 进行检查；进行视察,-spect- = -speci- = -spec- = -spic- = -spi- = -spy-
inspection,/ɪn'spekʃn/,n. 检查；检验；视察；检阅,-spect- = -speci- = -spec- = -spic- = -spi- = -spy-
inspector,/in'spektə/,n. 检查员（英国公共汽车或火车上的）查票员； （警察）巡官；检阅官,-spect- = -speci- = -spec- = -spic- = -spi- = -spy-
inspectorate,/ɪn'spektərət/,n. 检查员；视察团；检查员的辖区,-spect- = -speci- = -spec- = -spic- = -spi- = -spy-
suspect,/ˈsʌspekt/,vt. 猜疑（是） ；怀疑，不信任；怀疑…有罪 n. 嫌疑犯,-spect- = -speci- = -spec- = -spic- = -spi- = -spy-
suspectable,/səs'pektəbl/,adj. 可疑的，有嫌疑的，值得怀疑的,-spect- = -speci- = -spec- = -spic- = -spi- = -spy-
suspected,/sə'spektɪd/,adj. 有嫌疑的,-spect- = -speci- = -spec- = -spic- = -spi- = -spy-
unsuspected,/ʌnsə'spektɪd/,adj. 不受怀疑的；未知的；无嫌疑的,-spect- = -speci- = -spec- = -spic- = -spi- = -spy-
unsuspecting,/ʌnsə'spektɪŋ/,adj. 不怀疑的，无猜疑的；可信任的；未料到的，未猜想到的,-spect- = -speci- = -spec- = -spic- = -spi- = -spy-
suspicion,/sə'spiʃən/,n. 怀疑，疑心，猜疑,-spect- = -speci- = -spec- = -spic- = -spi- = -spy-
suspicious,/sə'spiʃəs/,adj. 可疑的; 猜疑的，怀疑的; 多疑的，不信任的; 多心,-spect- = -speci- = -spec- = -spic- = -spi- = -spy-
suspiciously,/sə'spɪʃəsli/,adv. 猜疑地，疑心很深地；引起怀疑地；心怀鬼胎地，满腹狐疑地,-spect- = -speci- = -spec- = -spic- = -spi- = -spy-
suspiciousness,"/sə'spiʃəs,nis/",n. 疑心；[医]多疑，可疑（suspicious 的名词）,-spect- = -speci- = -spec- = -spic- = -spi- = -spy-
suspicious-looking,/sə'spiʃəs-'lʊkɪŋ/,n. 形迹可疑,-spect- = -speci- = -spec- = -spic- = -spi- = -spy-
perspective,/pə'spektiv/,adj. 透视， 透视的；n. 透视图， 透镜； 透视 （画） 法； 透视效果,-spect- = -speci- = -spec- = -spic- = -spi- = -spy-
perspectival,/pə'spektivəl/,adj. 透视法的，远近法的,-spect- = -speci- = -spec- = -spic- = -spi- = -spy-
perspective-taking,/pə'spektiv-'teɪkɪŋ/,n. 观点采择,-spect- = -speci- = -spec- = -spic- = -spi- = -spy-
expect,/ik'spekt/,vt. 期望; 预料; 要求; 认为（某事）会发生 vi. 预期; 期待; 怀胎; 怀孕,-spect- = -speci- = -spec- = -spic- = -spi- = -spy-
expectation,"/,ekspek'teiʃən/",n. 期待；预期；前程；[数]期望值,-spect- = -speci- = -spec- = -spic- = -spi- = -spy-
expectancy,/ɪk'spekt(ə)nsɪ/,n. 期待，期望；期望的东西,-spect- = -speci- = -spec- = -spic- = -spi- = -spy-
expectant,/ik'spektənt/,adj. 期待的，预期的，期望的 n. [数]期望值；期待着；候选人,-spect- = -speci- = -spec- = -spic- = -spi- = -spy-
expectantly,/ɪks'pɛktəntli/,adv. 期望地，期待地,-spect- = -speci- = -spec- = -spic- = -spi- = -spy-
expected,/ɪk'spektɪd/,adj.（用作定语）预期要发生的，期待中的,-spect- = -speci- = -spec- = -spic- = -spi- = -spy-
expectedly,/ɪk'spektɪdli/,adv. 预期地；意料之中地,-spect- = -speci- = -spec- = -spic- = -spi- = -spy-
expectable,/ɪk'spɛktəbl/,adj. 能预期的；意料中的,-spect- = -speci- = -spec- = -spic- = -spi- = -spy-
unexpected,/ʌnɪk'spektɪd/,adj. 意外的，想不到的,-spect- = -speci- = -spec- = -spic- = -spi- = -spy-
unexpectedly,/'ʌnik'spektidli/,adv. 出乎意料地，意外地,-spect- = -speci- = -spec- = -spic- = -spi- = -spy-
unexpectedness,"/,ʌnɪk'spɛktɪdnɪs/",n. 出乎意外，突然,-spect- = -speci- = -spec- = -spic- = -spi- = -spy-
long-expected,/lɒŋ-ɪk'spektɪd/,adj. 期待已久的,-spect- = -speci- = -spec- = -spic- = -spi- = -spy-
expectancy-value,/ɪk'spekt(ə)nsɪ-'væljuː/,n. 期望价值,-spect- = -speci- = -spec- = -spic- = -spi- = -spy-
better-than-expected,/'betə-ð æn-ɪk'spektɪd/,adj. 好于预期的 比预期更好的,-spect- = -speci- = -spec- = -spic- = -spi- = -spy-
lower-than-expected,/'ləʊə-ð æn-ɪk'spektɪd/,adj. 比预期低的,-spect- = -speci- = -spec- = -spic- = -spi- = -spy-
higher-than-expected,/ˈhaɪə(r)-ð æn-ɪk'spektɪd/,adj. 高出预期的，比预期高的,-spect- = -speci- = -spec- = -spic- = -spi- = -spy-
stronger-than-expected,/strɒŋgə(r)-ð æn-ɪk'spektɪd/,adj. 比期望强烈的,-spect- = -speci- = -spec- = -spic- = -spi- = -spy-
aspect,/'æspekt/,n. 方面；面貌；方位，方向；形势,-spect- = -speci- = -spec- = -spic- = -spi- = -spy-
spectacle,/'spektək(ə)l/,n. 壮观的场面； 令人惊叹的表演眼镜；奇观， 壮观；光景， 景象；表演， 场面,-spect- = -speci- = -spec- = -spic- = -spi- = -spy-
circumspect,/'sə:kəmspekt/,adj. 谨慎的，小心的，慎重的，仔细的,-spect- = -speci- = -spec- = -spic- = -spi- = -spy-
circumspection,"/,sə:kəm'spekʃən/",n. 谨慎，慎重,-spect- = -speci- = -spec- = -spic- = -spi- = -spy-
circumspectly,/'sɝkəmspɛktli/,adv. 慎重地；留心地,-spect- = -speci- = -spec- = -spic- = -spi- = -spy-
retrospect,/'retrəuspekt/,n. 回顾，回想 vt. & vi. 回顾；追溯,-spect- = -speci- = -spec- = -spic- = -spi- = -spy-
retrospection,"/,retrəu'spekʃən/",n. 回顾，追溯,-spect- = -speci- = -spec- = -spic- = -spi- = -spy-
retrospective,"/,retrəu'spektiv/",adj. 回顾的，追溯的,-spect- = -speci- = -spec- = -spic- = -spi- = -spy-
retrospectively,"/,rɛtrə'spɛktɪvli/",adv. 回顾地,-spect- = -speci- = -spec- = -spic- = -spi- = -spy-
introspect,"/,intrəu'spekt/",v. 内省，内观,-spect- = -speci- = -spec- = -spic- = -spi- = -spy-
introspection,/ɪntrə(ʊ)'spekʃ(ə)n/,n. 内省；反省；自我反省,-spect- = -speci- = -spec- = -spic- = -spi- = -spy-
introspective,/ɪntrə'spektɪv/,adj. 内省的；反省的,-spect- = -speci- = -spec- = -spic- = -spi- = -spy-
conspectus,/kən'spektəs/,n. 一览表，大纲，概况,-spect- = -speci- = -spec- = -spic- = -spi- = -spy-
conspicuous,/kən'spikjuəs/,adj. 明显的，显著的，惹人注目的,-spect- = -speci- = -spec- = -spic- = -spi- = -spy-
conspicuously,/kəns'pikjuəsli/,adv. 显著地，明显地；超群地，惹人注目地,-spect- = -speci- = -spec- = -spic- = -spi- = -spy-
inconspicuous,/ɪnkən'spɪkjʊəs/,adj. 不显眼的；不引人注意的； （花）不显著的,-spect- = -speci- = -spec- = -spic- = -spi- = -spy-
inconspicuously,"/,inkəns'pikjuəsli/",adv. 难以觉察地；不显著地,-spect- = -speci- = -spec- = -spic- = -spi- = -spy-
spectate,/'spekteit/,vi. 出席观看,-spect- = -speci- = -spec- = -spic- = -spi- = -spy-
spectator,/spek'teitə/,n. 旁观者，观众,-spect- = -speci- = -spec- = -spic- = -spi- = -spy-
spectatorial,/spek'teitəri'ɔl/,adj. 能吸引观众的；观看用的；运动的；华美的,-spect- = -speci- = -spec- = -spic- = -spi- = -spy-
special,/'speʃəl/,adj. 特殊的，特别的,-spect- = -speci- = -spec- = -spic- = -spi- = -spy-
specially,/'speʃəli/,adv. 特别地，专门地,-spect- = -speci- = -spec- = -spic- = -spi- = -spy-
speciality,"/,speʃi'æləti/",n. 特性，特质，特长，专业,-spect- = -speci- = -spec- = -spic- = -spi- = -spy-
specialness,/'speʃəlnis/,n. 专门，特殊,-spect- = -speci- = -spec- = -spic- = -spi- = -spy-
specialist,/'speʃəlist/,n. 专家；行家；专科医生,-spect- = -speci- = -spec- = -spic- = -spi- = -spy-
specialize,/'speʃəlaiz/,vi. 专门从事；专攻；详细说明；特化,-spect- = -speci- = -spec- = -spic- = -spi- = -spy-
specialized,/'spɛʃə'laɪzd/,adj. 专门的；专业的；专用的,-spect- = -speci- = -spec- = -spic- = -spi- = -spy-
unspecialized,/'ʌn'spɛʃəlaɪzd/,adj. 非专门化的,-spect- = -speci- = -spec- = -spic- = -spi- = -spy-
specialization,"/,speʃəlaɪ'zeɪʃən/",n. 专门化；特殊化；特化作用,-spect- = -speci- = -spec- = -spic- = -spi- = -spy-
especial,/i'speʃəl/,adj. 特别的，特殊的,-spect- = -speci- = -spec- = -spic- = -spi- = -spy-
especially,/i'speʃəli/,adv. 特别地，尤其，格外,-spect- = -speci- = -spec- = -spic- = -spi- = -spy-
specialty,/'speʃ(ə)ltɪ/,n. 专业，专长；特点，特别事项；特性，特质； <律>盖印的契约,-spect- = -speci- = -spec- = -spic- = -spi- = -spy-
subspecialty,"/'sʌb,spɛʃəlti/",n. 附属专业,-spect- = -speci- = -spec- = -spic- = -spi- = -spy-
special-order,/'speʃəl-'ɔːdə/,n. 特种订货；特别指令,-spect- = -speci- = -spec- = -spic- = -spi- = -spy-
special-interest,/'speʃəl-'ɪnt(ə)rɪst/,adj. 小众化的；特殊兴趣的,-spect- = -speci- = -spec- = -spic- = -spi- = -spy-
extra-special,"/,ekstrə'speʃəl/",adj. (报纸等)特别号外的，临时增刊的；特优的，非常好的；非常特别的,-spect- = -speci- = -spec- = -spic- = -spi- = -spy-
specify,/'spesɪfaɪ/,vt. 指定；详述；提出…的条件；使具有特性 vi. 明确提出，详细说明,-spect- = -speci- = -spec- = -spic- = -spi- = -spy-
specific,/spi'sifik/,adj. 明确的；特种的；具体的；[免疫学]特效的,-spect- = -speci- = -spec- = -spic- = -spi- = -spy-
specificity,"/,spesɪ'fɪsətɪ/",n. 特异性，特征，种别性; 种特性,-spect- = -speci- = -spec- = -spic- = -spi- = -spy-
specifically,/spi'sifikəli/,adv. 特有地，明确地；按种别地；按特性地,-spect- = -speci- = -spec- = -spic- = -spi- = -spy-
specification,"/,spesɪfɪ'keɪʃ(ə)n/",n. 规格；说明书；详述,-spect- = -speci- = -spec- = -spic- = -spi- = -spy-
specified,/ˈspesɪfaɪd/,adj. 规定的；详细说明的,-spect- = -speci- = -spec- = -spic- = -spi- = -spy-
unspecific,/ʌnspɪ'sɪfɪk/,adj. 未指明的；非特定的；不具体的,-spect- = -speci- = -spec- = -spic- = -spi- = -spy-
unspecified,/ʌn'spesɪfaɪd/,adj. 未指明的；未详细说明的,-spect- = -speci- = -spec- = -spic- = -spi- = -spy-
intraspecific,"/,ɪntrəspə'sɪfɪk/",adj. [生物] 种内的,-spect- = -speci- = -spec- = -spic- = -spi- = -spy-
specifiable,/'spesɪfaɪəbl/,adj. 可指明的；可列举的,-spect- = -speci- = -spec- = -spic- = -spi- = -spy-
non-specific,/nɔn-spə'sɪfɪk/,adj. 不明确的；非确切的,-spect- = -speci- = -spec- = -spic- = -spi- = -spy-
site-specific,/saɪt-spə'sɪfɪk/,n. 特定场地 adj. 位点专一的,-spect- = -speci- = -spec- = -spic- = -spi- = -spy-
gender-specific,/'dʒendə-spə'sɪfɪk/,adj. 针对不同性别的；具体性别,-spect- = -speci- = -spec- = -spic- = -spi- = -spy-
domain-specific,/də(ʊ)'meɪn-spə'sɪfɪk/,n. 特定领域,-spect- = -speci- = -spec- = -spic- = -spi- = -spy-
age-specific,/'eidʒspi'sifik/,adj. (在作用或效果方面)限于特定年龄群(或年龄段)的,-spect- = -speci- = -spec- = -spic- = -spi- = -spy-
industry-specific,/'ɪndəstrɪ-spə'sɪfɪk/,adj. 特定行业的,-spect- = -speci- = -spec- = -spic- = -spi- = -spy-
culture-specific,/'kʌltʃə-spə'sɪfɪk/,adj. 文化特异性,-spect- = -speci- = -spec- = -spic- = -spi- = -spy-
species-specific,/'spi:ʃi:zspi'sifik/,adj. 种专一性，种特异的,-spect- = -speci- = -spec- = -spic- = -spi- = -spy-
discipline-specific,/'dɪsɪplɪn-spə'sɪfɪk/,adj. 特定专业的；特定学科的,-spect- = -speci- = -spec- = -spic- = -spi- = -spy-
context-specific,/'kɒntekst-spə'sɪfɪk/,adj. 上下文特定的,-spect- = -speci- = -spec- = -spic- = -spi- = -spy-
subject-specific,/ˈsʌbdʒɪkt-spə'sɪfɪk/,adj. 特定个体的；特定科目的；特定主题的,-spect- = -speci- = -spec- = -spic- = -spi- = -spy-
country-specific,/'kʌntrɪ-spə'sɪfɪk/,adj. 国别的,-spect- = -speci- = -spec- = -spic- = -spi- = -spy-
sex-specific,/seks-spə'sɪfɪk/,adj. 分性别的；特定性别的,-spect- = -speci- = -spec- = -spic- = -spi- = -spy-
race-specific,/reɪs-spə'sɪfɪk/,n. 小种特异,-spect- = -speci- = -spec- = -spic- = -spi- = -spy-
disease-specific,/dɪ'ziːz-spə'sɪfɪk/,n. 疾病特异性,-spect- = -speci- = -spec- = -spic- = -spi- = -spy-
region-specific,/'riːdʒ(ə)n-spə'sɪfɪk/,adj. 区域特异性的,-spect- = -speci- = -spec- = -spic- = -spi- = -spy-
pre-specified,/pri-spə'sɪfɪk/,adj. 预先设定的,-spect- = -speci- = -spec- = -spic- = -spi- = -spy-
tissue-specific,/'tɪʃu-spə'sɪfɪk/,adj. 组织特异的,-spect- = -speci- = -spec- = -spic- = -spi- = -spy-
firm-specific,/fɜːm-spə'sɪfɪk/,adj. 公司特有的,-spect- = -speci- = -spec- = -spic- = -spi- = -spy-
case-specific,/keɪs-spə'sɪfɪk/,adj. 特定案例的,-spect- = -speci- = -spec- = -spic- = -spi- = -spy-
company-specific,/'kʌmp(ə)nɪ-spə'sɪfɪk/,adj. 特定公司的,-spect- = -speci- = -spec- = -spic- = -spi- = -spy-
application-specific,/ˌæplɪ'keɪʃ(ə)n-spə'sɪfɪk/,n. 专用；特殊用途,-spect- = -speci- = -spec- = -spic- = -spi- = -spy-
cancer-specific,/'kænsə-spə'sɪfɪk/,n. 肿瘤特异性，特异性，癌特异性,-spect- = -speci- = -spec- = -spic- = -spi- = -spy-
frequency-specific,/'friːkw(ə)nsɪ-spə'sɪfɪk/,n. 频率特定 频率特性 频率特异性,-spect- = -speci- = -spec- = -spic- = -spi- = -spy-
spectacled,/'spektək(ə)ld/,adj. 戴了眼镜的；有眼镜状斑纹的,-spect- = -speci- = -spec- = -spic- = -spi- = -spy-
spectacular,/spek'tækjʊlə/,adj. 壮观的，惊人的；公开展示的,-spect- = -speci- = -spec- = -spic- = -spi- = -spy-
spectacularly,/spekˈtækjʊlə(r)li/,adv. 壮观地；引人注目地,-spect- = -speci- = -spec- = -spic- = -spi- = -spy-
unspectacular,/ʌnspek'tækjʊlə/,adj. 不引人注意的；普通的,-spect- = -speci- = -spec- = -spic- = -spi- = -spy-
bespectacled,/bɪ'spektək(ə)ld/,adj. 戴眼镜的,-spect- = -speci- = -spec- = -spic- = -spi- = -spy-
spec,/spek/,n. 投机；说明书；细则 adj.（尤指地产开发中）投机性建房的,-spect- = -speci- = -spec- = -spic- = -spi- = -spy-
speculate,/'spekjuleit/,vt. 思索，猜测，推测 vi. 投机；推测；思索,-spect- = -speci- = -spec- = -spic- = -spi- = -spy-
speculation,"/,spekju'leiʃən/",n. 思索，沉思，推测，投机,-spect- = -speci- = -spec- = -spic- = -spi- = -spy-
speculator,/'spekjuleitə/,n. 投机倒把者， 投机商人； 思辨者， 思索者； 〈美〉 垄断收买 （戏票） 的人,-spect- = -speci- = -spec- = -spic- = -spi- = -spy-
speculative,/'spekjʊlətɪv/,adj. 投机的；思考的；推理的，揣摩的,-spect- = -speci- = -spec- = -spic- = -spi- = -spy-
speculatively,/'spekjʊlətɪvli/,adv. 投机地；推测地；思索性地,-spect- = -speci- = -spec- = -spic- = -spi- = -spy-
speculum,/'spekjʊləm/,n. 金属镜；反射镜；[医] 窥器,-spect- = -speci- = -spec- = -spic- = -spi- = -spy-
specular,/'spekjʊlə/,adj. 镜的；窥器的；用窥器（检查）的；镜子似的,-spect- = -speci- = -spec- = -spic- = -spi- = -spy-
specie,/'spiːʃiː/,n. 硬币；铸币,-spect- = -speci- = -spec- = -spic- = -spi- = -spy-
species,/'spiːʃiːz/,n. [生物] 物种；种类 adj. 物种上的,-spect- = -speci- = -spec- = -spic- = -spi- = -spy-
speciation,"/,spiːʃɪ'eɪʃ(ə)n/",n. [进化] 物种形成,-spect- = -speci- = -spec- = -spic- = -spi- = -spy-
subspecies,/'sʌbspiːʃiːz/,n. [生物]亚种,-spect- = -speci- = -spec- = -spic- = -spi- = -spy-
species-rich,/'spi:ʃi:z'ritʃ/,adj.物种丰富的,-spect- = -speci- = -spec- = -spic- = -spi- = -spy-
single-species,/'sɪŋg(ə)l-'spiːʃiːz/,n. 单一种,-spect- = -speci- = -spec- = -spic- = -spi- = -spy-
cross-species,/krɒs-'spiːʃiːz/,n. 跨种,-spect- = -speci- = -spec- = -spic- = -spi- = -spy-
endangered-species,/ɪn'deɪndʒəd-'spiːʃiːz/,n. 濒临绝种的动植物,-spect- = -speci- = -spec- = -spic- = -spi- = -spy-
spectrum,/'spektrəm/,n. 光谱；频谱；范围；余象,-spect- = -speci- = -spec- = -spic- = -spi- = -spy-
broad-spectrum,/'brɔ:'spektrəm/,adj. 广谱的；用途广泛的,-spect- = -speci- = -spec- = -spic- = -spi- = -spy-
full-spectrum,/'fʊl:'spektrəm/,n. 全波段光谱,-spect- = -speci- = -spec- = -spic- = -spi- = -spy-
spectre,/'spektə/,n. 幽灵；妖怪；鬼性（等于 specter）,-spect- = -speci- = -spec- = -spic- = -spi- = -spy-
spectral,/'spektr(ə)l/,adj. [光] 光谱的；幽灵的；鬼怪的,-spect- = -speci- = -spec- = -spic- = -spi- = -spy-
spectrometer,/spek'trɒmɪtə/,n. [光] 分光仪，分光计，谱仪,-spect- = -speci- = -spec- = -spic- = -spi- = -spy-
spectroscopy,/spek'trɒskəpɪ/,n. [光] 光谱学,-spect- = -speci- = -spec- = -spic- = -spi- = -spy-
spectroscope,/'spektrəskəʊp/,n. [光] 分光镜,-spect- = -speci- = -spec- = -spic- = -spi- = -spy-
spectroscopic,"/,spɛktrə'skɑpɪk/",adj. 光谱学的；分光镜的,-spect- = -speci- = -spec- = -spic- = -spi- = -spy-
spectroscopist,/'spektrəskəʊpɪst/,n. [光] 光谱学家；光谱学工作者,-spect- = -speci- = -spec- = -spic- = -spi- = -spy-
spectrograph,/'spektrə(ʊ)grɑːf/,n. 光谱仪；摄谱仪,-spect- = -speci- = -spec- = -spic- = -spi- = -spy-
spectrographic,/'spektrə(ʊ)grɑːfik/,adj. 光谱的,-spect- = -speci- = -spec- = -spic- = -spi- = -spy-
spectrometry,/spek'trɒmɪtrɪ/,n. [光][分化][物] 光谱测定法，[光] 度谱术,-spect- = -speci- = -spec- = -spic- = -spi- = -spy-
multispectral,/mʌltɪ'spektr(ə)l/,adj. 多谱线的,-spect- = -speci- = -spec- = -spic- = -spi- = -spy-
spectrophotometer,"/,spektrə(ʊ)fəʊ'tɒmɪtə/",n. [光] 分光光度计,-spect- = -speci- = -spec- = -spic- = -spi- = -spy-
spite,/spaɪt/,n. 不顾；恶意；怨恨 vt. 刁难；使恼怒,-spect- = -speci- = -spec- = -spic- = -spi- = -spy-
spiteful,/'spaɪtfʊl/,adj. 怀恨的，恶意的,-spect- = -speci- = -spec- = -spic- = -spi- = -spy-
spitefully,/'spaɪtfʊli/,adv. 怀恨地；怀有恶意地,-spect- = -speci- = -spec- = -spic- = -spi- = -spy-
despite,/dɪ'spaɪt/,prep. 尽管，不管 n. 轻视；憎恨；侮辱,-spect- = -speci- = -spec- = -spic- = -spi- = -spy-
despise,/dɪ'spaɪz/,vt. 轻视，鄙视,-spect- = -speci- = -spec- = -spic- = -spi- = -spy-
despicable,/dɪ'spɪkəb(ə)l/,adj. 卑劣的；可鄙的,-spect- = -speci- = -spec- = -spic- = -spi- = -spy-
despised,/dɪ'spaɪzd/,adj. 受轻视的,-spect- = -speci- = -spec- = -spic- = -spi- = -spy-
spice,/spaɪs/,n. 香料；情趣；调味品；少许 vt. 加香料于…；使…增添趣味,-spect- = -speci- = -spec- = -spic- = -spi- = -spy-
auspice,/'ɔːspɪs/,n. 赞助，主办；吉兆,-spect- = -speci- = -spec- = -spic- = -spi- = -spy-
auspicious,/ɔː'spɪʃəs/,adj. 吉兆的，吉利的；幸运的,-spect- = -speci- = -spec- = -spic- = -spi- = -spy-
auspiciously,/ɔ:s'piʃəsli/,adv. 吉祥地；吉兆地；繁荣昌盛地,-spect- = -speci- = -spec- = -spic- = -spi- = -spy-
inauspicious,/ɪnɔː'spɪʃəs/,adj. 不祥的；不吉的，恶运的,-spect- = -speci- = -spec- = -spic- = -spi- = -spy-
perspicacious,"/,pɜːspɪ'keɪʃəs/",adj. 有洞察力的；聪颖的；敏锐的,-spect- = -speci- = -spec- = -spic- = -spi- = -spy-
perspicacity,"/,pɝspɪ'kæsəti/",n. 洞察力；聪颖；睿智,-spect- = -speci- = -spec- = -spic- = -spi- = -spy-
perspicuity,"/,pɝspɪ'kjʊəti/",n. （语言、文章、表达等的）明晰；简明,-spect- = -speci- = -spec- = -spic- = -spi- = -spy-
perspicuous,/pə'spɪkjʊəs/,adj. 明了的；清晰明白的；易懂的,-spect- = -speci- = -spec- = -spic- = -spi- = -spy-
conspecific,/kɒnspə'sɪfɪk/,adj. 同种的,-spect- = -speci- = -spec- = -spic- = -spi- = -spy-
spy,/spaɪ/,vt. 侦察；发现；暗中监视 vi. 侦察；当间谍 n. 间谍；密探,-spect- = -speci- = -spec- = -spic- = -spi- = -spy-
spying,/spaɪŋ/,n. 间谍活动；侦探,-spect- = -speci- = -spec- = -spic- = -spi- = -spy-
spyware,/'spaiwɛə/,n. 间谍软件；后门程式,-spect- = -speci- = -spec- = -spic- = -spi- = -spy-
spyglass,/'spaɪglɑːs/,n. 小望远镜,-spect- = -speci- = -spec- = -spic- = -spi- = -spy-
spymaster,/'spaɪmɑːstə/,n. 间谍组织的首脑,-spect- = -speci- = -spec- = -spic- = -spi- = -spy-
espy,/ɪ'spaɪ/,vt. 看到；认出；发现,-spect- = -speci- = -spec- = -spic- = -spi- = -spy-
anti-spyware,/'æntɪ-'spaiwɛə/,n. 反间谍；反间谍软件,-spect- = -speci- = -spec- = -spic- = -spi- = -spy-
specious,/'spi:ʃəs/,adj. 外表美观的，华而不实的,-spect- = -speci- = -spec- = -spic- = -spi- = -spy-
specimen,/'spesimin/,n. 样品，样本，标本,-spect- = -speci- = -spec- = -spic- = -spi- = -spy-
respite,/'respaɪt/,n. 缓解；暂时的休息；缓期执行 vt. 使缓解；使暂缓；使延期,-spect- = -speci- = -spec- = -spic- = -spi- = -spy-
visit,/'vizit/,vt. & vi. 访问；探望；参观；游览，访问 vi. 作客 n. 逗留,-vis- = -vid-
visitor,/'vizitə/,n. 参观者，观光者，游客，访问者,-vis- = -vid-
visitable,/'vɪzɪtəbl/,adj. 值得访问的；适于参观的；易受视察的,-vis- = -vid-
visiting,/ˈvɪzɪtɪŋ/,n. 拜访，访问；参观 adj. 参观的；游览的,-vis- = -vid-
visitation,/vɪzɪ'teɪʃ(ə)n/,n. 访问；探视；视察；正式访问,-vis- = -vid-
revisit,/riː'vɪzɪt/,vt. 重游；再访；重临 n. 再访问,-vis- = -vid-
advise,/əd'vaiz/,vt. （商业）通知，报告；提议，建议 vi. 接受劝告，商量；建议，提供意见,-vis- = -vid-
adviser,/əd'vaɪzə/,n. 顾问，劝告者；（美大学）指导教授，导师,-vis- = -vid-
advisor,/əd'vaizə/,n. 顾问，劝告者；<美>（指导大学新生学科问题等的）指导教授,-vis- = -vid-
advisory,/əd'vaizəri/,adj. 劝告的，忠告的；提供咨询的；顾问的 n. 报告；公告,-vis- = -vid-
advisable,/əd'vaɪzəb(ə)l/,adj. 明智的; 可取的; 能劝告的; 适当的,-vis- = -vid-
advisedly,/əd'vaɪzɪdlɪ/,adv. 经过考虑地；故意地,-vis- = -vid-
inadvisable,/ɪnəd'vaɪzəb(ə)l/,adj. 失策的，不明智的；不受劝告的,-vis- = -vid-
advisability,"/əd,vaɪzə'bɪləti/",n. 明智；可劝性；适当,-vis- = -vid-
advisement,/əd'vaɪzmənt/,n. 深思熟虑；劝告； （美）磋商,-vis- = -vid-
advisee,/əd'vaɪziː/,n.（美）受教授指导选课的学生；受到建议的人,-vis- = -vid-
well-advised,/'weləd'vaizd/,adj. 明智的；审慎的；很细心的；稳妥的,-vis- = -vid-
ill-advised,/'iləd'vaizd/,adj. 没脑筋的；欠考虑的,-vis- = -vid-
advice,/əd'vais/,n. (医生，顾问的)意见，劝告，忠告,-vis- = -vid-
revise,/rɪ'vaɪz/,vt. 修订；改变；修正；[主英国英语]复习 vi. 修订，校订,-vis- = -vid-
revised,/rɪ'vaɪzd/,adj. 改进的；经过修订（或校正）的,-vis- = -vid-
revision,/rɪ'vɪʒ(ə)n/,n. 复习，修订，修改；修订本；校对；复审，上诉,-vis- = -vid-
revisionist,/rɪ'vɪʒənɪst/,n. 修正主义者 adj. 修正主义的；持修正主义论的,-vis- = -vid-
revisionism,/rɪ'vɪʒənɪzəm/,n. 修正主义,-vis- = -vid-
revisionary,/ri'viʒənəri/,adj. 校订的；修正的,-vis- = -vid-
visible,/ˈvɪzəbl/,adj. 看得见的；明显的，显然的；手头的，可得到的; 可察觉到的,-vis- = -vid-
visibly,/'vɪzəbli/,adv. 明显地；显然；看得见地,-vis- = -vid-
invisible,/ɪn'vɪzɪb(ə)l/,adj. 看不见的；隐匿的；无形的（指银行、旅游等服务） ；不引人注目的,-vis- = -vid-
invisibly,/ɪn'vɪzəbli/,adv. 看不见地，无形地；无形中,-vis- = -vid-
visible-light,/ˈvɪzəbl-laɪt/,n. 可见光,-vis- = -vid-
visual,/'vizjuəl/,adj. 视觉的，看得见的；光学的，视力的；形象化的；光学的 n. 画面，图象,-vis- = -vid-
visuals,/'vizjuəlz/,n. 图形部分；外观改装；可视教具（visual 的复数）,-vis- = -vid-
visually,/ˈvɪʒʊəli/,adv. 形象化地；外表上；看得见地,-vis- = -vid-
visualize,/'vɪʒuəlaɪz/,vt. 形成思维图像；设想；使可见 vi. 形成思维图像,-vis- = -vid-
visualized,"/'vɪʒʊə,laɪz/",adj. 直观的；直视的,-vis- = -vid-
visualization,"/,vɪzjʊəlaɪ'zeɪʃən/",n. 形象化；清楚地呈现在心,-vis- = -vid-
nonvisual,/nɔn-'vizjuəl/,adj. 非可视的,-vis- = -vid-
visuality,/vizju'ælɪtɪ/,n. 可视性,-vis- = -vid-
audio-visual,/ɔ:diəu'viʒuəl/,adj. 视听的；视听教学的,-vis- = -vid-
supervise,/'sju:pəvaiz/,vt. 监视，监督，管理,-vis- = -vid-
supervising,/'sʊpɚvaɪz/,n. [自] 监控,-vis- = -vid-
supervised,/'sʊpɚvaɪz/,adj. 有监督的,-vis- = -vid-
supervisor,/'sju:pəvaizə/,n. 监视者，监督(人)，管理人,-vis- = -vid-
supervision,"/,sju:pə'viʒən/",n. 监督，管理，监督的行为，过程或作用,-vis- = -vid-
supervisory,"/'sju:pə,vaizəri/",adj. 监督的，管理的,-vis- = -vid-
unsupervised,"/,ʌn'sju:pəvaizd/",adj. 无人监督的；无人管理的,-vis- = -vid-
improvise,/'ɪmprəvaɪz/,vt. & vi. 即兴创作； 临时提供， 临时凑成；即兴演奏； 即兴表演,-vis- = -vid-
improviser,"/'ɪmprə,vaɪzɚ/",n. 即兴诗人；即席演奏者；即兴创作者,-vis- = -vid-
improvised,/'imprəvaizd/,adj. 即兴的；临时准备的,-vis- = -vid-
improvisation,/ɪmprəvaɪ'zeɪʃn/,n. 即席演奏； 即兴创作， 即兴演说； 即兴作品； 急就章,-vis- = -vid-
improvisational,"/,ɪmprəvaɪ'zeɪʃənəl/",adj. 即兴的,-vis- = -vid-
improvisatory,"/,im'prɔvizə'tɔ:riəl/",adj. 即兴的；即席的,-vis- = -vid-
previse,/pri'vaiz/,vt. 预见，预知，预测,-vis- = -vid-
prevision,/pri'viʒən/,n. 预见，预知，预测,-vis- = -vid-
televise,/'telivaiz/,vt. 由电视播送； 摄制成电视节目； 实况播送； （用电视机） 收看 vi. 电视播放,-vis- = -vid-
television,"/'teli,viʒən/",n. 电视，电视机；电视节目；电视业,-vis- = -vid-
televisual,"/,teli'vizjuəl/",adj. 电视的，适于拍摄电视的,-vis- = -vid-
provide,/prə'vaɪd/,vt. & vi. 提供，供给，供应 vt. 规定；提供(+for)；装备；预备,-vis- = -vid-
provider,/prə'vaɪdə/,n. 供应者，提供者， （尤指）维持家庭生计者,-vis- = -vid-
provided,/prə'vaɪdɪd/,conj. 假如；倘若；如果；假如；在…的条件下,-vis- = -vid-
providing,/prə'vaɪdɪŋ/,conj. 假如，以…为条件 v. 供给（provide 的 ing 形式） ；预备,-vis- = -vid-
proviso,/prə'vaɪzəʊ/,n. 附带条件；附文；限制性条款,-vis- = -vid-
provision,/prəu'viʒən/,n. 规定， 条款； 预备， 准备， 设备； 供应品； 生活物质， 储备物资,-vis- = -vid-
provisional,/prə'vɪʒ(ə)n(ə)l/,adj. 临时的，暂时的；暂定的 n. 临时邮票,-vis- = -vid-
provisionally,/prə'vɪʒənəli/,adv. 临时地，暂时地,-vis- = -vid-
provisioning,/prə'vɪʒən/,n. 准备金提取；[经] 物质供应,-vis- = -vid-
providence,/'prɒvɪd(ə)ns/,n. 天意；深谋远虑；天道；远见；节约；上帝，神,-vis- = -vid-
provident,/'prɔvidənt/,adj. 有远见的；节俭的,-vis- = -vid-
improvident,/im'prɔvidənt/,adj. 无远见的；浪费的；目光短浅,-vis- = -vid-
providential,/prɒvɪ'denʃ(ə)l/,adj. 幸运的；凑巧的,-vis- = -vid-
providentially,"/,prɔvi'denʃəli/",adv. 神助地；幸运地；照天意,-vis- = -vid-
evident,/'evidənt/,adj. 明显的，明白的；昭著；彰,-vis- = -vid-
evidence,/'evɪd(ə)ns/,n. 证词；证据；迹象；明显,-vis- = -vid-
evidently,/'evɪd(ə)ntlɪ/,adv. 明显地，显而易见；明显地，清楚地；错不了，毫无疑问,-vis- = -vid-
evidential,"/,evɪ'denʃ(ə)l/",adj. 证据的；基于证据的；提供证据的；可作证据的,-vis- = -vid-
evidentiary,"/,ɛvə'dɛnʃəri/",adj. 证据的；根据证据的,-vis- = -vid-
self-evident,/'self'evidənt/,adj. 不言而喻的；不证自明的,-vis- = -vid-
self-evidently,/'self'evidəntli/,adv. 不言而喻地,-vis- = -vid-
evidence-based,/'evɪd(ə)ns-beɪst/,adj. 基于证据的,-vis- = -vid-
video,/'vidiəu/,n. 磁带录像；录像磁带；录像机，电视； （指方法）录像 vt. 录像；制作…的录像,-vis- = -vid-
videophone,/'vidiəufəun/,n. 可视电话，电视电话，视像电话,-vis- = -vid-
videocast,/'vidiəukɑ:st/,n. 电视广播,-vis- = -vid-
videotape,/'vɪdɪə(ʊ)teɪp/,n. 录像带 vt. 将…录到录像带上,-vis- = -vid-
videotaping,"/'vidiəu,teipiŋ/",n. 进行录像,-vis- = -vid-
videocassette,/vɪdɪəʊkə'set/,n. 录影带,-vis- = -vid-
videodisc,/'vɪdɪəʊdɪsk/,n. 影碟,-vis- = -vid-
videocamera,/'vidiəu'kæm(ə)rə/,n. 摄像机 视频摄像机 录像机,-vis- = -vid-
videocam,"/'vidiəu,kæm/",n. 摄录机,-vis- = -vid-
video-game,/'vɪdiːoʊ-ɡeɪm/,n. 视频游戏；电视游戏,-vis- = -vid-
video-based,/'vɪdɪəʊ-beɪst/,adj. 基于视频的,-vis- = -vid-
audio-video,/'ɔ:diəu'vidiəu/,adj. 视听传播的,-vis- = -vid-
home-video,/həʊm-'vɪdɪəʊ/,n. 家庭视讯,-vis- = -vid-
music-video,/'mjuːzɪk-'vɪdɪəʊ/,n. 音乐录影带；音乐视频片；音乐视讯片,-vis- = -vid-
visa,/'viːzə/,n. 签证 vt. 签发签证,-vis- = -vid-
vision,/'viʒən/,n. 视力，视觉；美景，绝妙的东西；幻影 vt. 在幻觉中看到；幻想，想象；梦见,-vis- = -vid-
visionary,/'vɪʒ(ə)n(ə)rɪ/,adj. 空想的，幻想的；预言性的；有远见的；有智慧的,-vis- = -vid-
night-vision,/naɪt-'viʒən/,n. [红外] 夜视；微光摄像电视,-vis- = -vid-
low-vision,/ləʊ-'viʒən/,n. 低视力,-vis- = -vid-
visage,/'vizidʒ/,n. 外观，脸，面容，外表,-vis- = -vid-
visibility,/vɪzɪ'bɪlɪtɪ/,n. 能见度，可见性；能见距离；明显性,-vis- = -vid-
invisibility,"/ɪn,vɪzə'bɪlətɪ/",n. 看不见；看不见的东西；难看见,-vis- = -vid-
high-visibility,/haɪ-vɪzɪ'bɪlɪtɪ/,n. 高能见度,-vis- = -vid-
vista,/'vɪstə/,n. 远景，狭长的街景；展望；回顾,-vis- = -vid-
visor,/'vaɪzə/,n. 遮阳板；面甲；帽舌,-vis- = -vid-
visuospatial,"/,vɪʃʊo'speʃəl/",adj. 视觉空间的,-vis- = -vid-
invidious,/ɪn'vɪdɪəs/,adj. 诽谤的；不公平的；引起反感的；易招嫉妒的,-vis- = -vid-
invidiously,/ɪn'vɪdɪəsli/,adv. 惹人怨恨地；不公平地,-vis- = -vid-
envision,/ɪnˈvɪʒn/,vt. 想象；预想,-vis- = -vid-
envisage,/ɪnˈvɪzɪdʒ/,vt. 正视，面对；想像,-vis- = -vid-
view,/vjuː/,n. 看法；风景；视域；[建筑学]视图 vt. 看；看待,-vis- = -vid-
viewer,/'vjuːə/,n. 电视观众；观看者，观察者；阅读器；看片机,-vis- = -vid-
viewing,/'vjuːɪŋ/,adj. 可见的 n. 注视，检视，观察,-vis- = -vid-
viewpoint,/'vjuːpɒɪnt/,n. 观点，意见，角度；视角；<物>视点,-vis- = -vid-
viewable,/'vjuːəbl/,adj. 看得见的；值得一看的,-vis- = -vid-
viewport,/'vju:pɔ:t/,n. 视口，观察孔,-vis- = -vid-
viewfinder,/'vjuːfaɪndə/,n. 取景器；反光镜；检像器,-vis- = -vid-
viewscreen,/'vjuːskriːn/,n. 离心式扫雨器,-vis- = -vid-
interview,/'ɪntəvjuː/,vt. & vi. 面试；采访；访问；会见； （私下）提问,-vis- = -vid-
interviewer,/'ɪntɚvjuɚ/,n.（面试时的）主考官；面谈者,-vis- = -vid-
interviewee,"/,ɪntəvjuː'iː/",n. 被接见者；被访问者,-vis- = -vid-
review,/rɪ'vjuː/,n. 复习；回顾； （报刊的）评论；[法]复审 vt. 检验；复查; 复习; 评论,-vis- = -vid-
reviewer,/rɪ'vjuːə/,n. 评论者，评论家,-vis- = -vid-
reviewing,/rɪ'vjuːɪŋ/,n. 回顾；评估；修订,-vis- = -vid-
reviewable,/rɪ'vjʊəbl/,adj. 可回顾的；可评论的；可检查的,-vis- = -vid-
well-reviewed,/wel-rɪ'vjʊd/,adj. 充分复习的,-vis- = -vid-
peer-review,/pɪə-vjuː/,n. 各领域专家互相评阅；同行评审；同业监督小组；同业互查组织,-vis- = -vid-
preview,/'priːvjuː/,n. 试映，预演；预告片；象征，预示,-vis- = -vid-
overview,/'əʊvəvjuː/,n. [图情] 综述；概观,-vis- = -vid-
worldview,"/'wɝld,vjʊ/",n. 世界观,-vis- = -vid-
rearview,/'riəvju:/,n. 后视镜，背视图；后视的,-vis- = -vid-
purview,/'pɜːvjuː/,n. 范围，权限；视界；条款,-vis- = -vid-
pay-per-view,/'peipəvju/,adj. 按次计费的,-vis- = -vid-
point-of-view,/pɒɪnt-ɒv-vjuː/,n. 观点；见地；立场,-vis- = -vid-
side-view,/saɪd-vjuː/,n. 侧视图；侧面图,-vis- = -vid-
ocean-view,/'əʊʃ(ə)n-vjuː/,adj. 面朝海的,-vis- = -vid-
survey,/ˈsəːveɪ/,n. 调查； 测量； 审视； 纵览 vt. 调查； 勘测； 俯瞰 vi. 测量土地,-vis- = -vid-
surveyor,/sə'veɪə/,n. 测量员；检验员,-vis- = -vid-
surveying,/sə'veɪɪŋ/,n.（土地）测量；考察,-vis- = -vid-
purvey,/pə'veɪ/,vi. 供应；供给 vt. 供应；供给,-vis- = -vid-
purveyor,/pə'veɪə(r)/,n. 承办商；伙食承办商；供应粮食者；供应货物或提供服务的人或公司,-vis- = -vid-
resurvey,/ri'sɝvɛi/,n. 再勘查；再测量 vt. 重新测量；再调查,-vis- = -vid-
surveillance,/sə'veɪl(ə)ns/,n. 监督；监视,-vis- = -vid-
voyeur,/vwʌ'jɜː/,n. 偷看下流场面的人；窥淫狂者 vi. 窥淫,-vis- = -vid-
voyeurism,/vɔɪ'ɝrɪzəm/,n. 窥阴癖者,-vis- = -vid-
voyeuristic,/vɔɪ'jɝ/,adj. 喜好窥阴的,-vis- = -vid-
clairvoyant,/kleə'vɒɪənt/,n. 千里眼；有洞察力的人 adj. 透视的；有洞察力的,-vis- = -vid-
clairvoyance,/kleə'vɒɪəns/,n. 千里眼；异常的洞察力,-vis- = -vid-
serious,/'sɪərɪəs/,adj. 严肃的,-seri-
seriously,/'sɪərɪəslɪ/,adv. 认真地；严重地，严肃地,-seri-
seriousness,/'sɪərɪəsnəs/,n. 严重性；严肃；认真,-seri-
unserious,/ʌn'sɪərɪəs/,adj. 不严肃的,-seri-
nonserious,/nɒn'sɪərɪəs/,adj. 非危重的,-seri-
half-serious,/hɑːf-'sɪərɪəs/,adj. 不完全严肃的,-seri-
serious-minded,/'siəriəs'maindid/,adj. 认真的,-seri-
serious-looking,/'siəriəslukiŋ/,n. &adj. 面容严肃的；严肃的表情；严肃的神态,-seri-
severe,/sɪ'vɪə/,adj 艰难的，艰巨的,-seri-
relate,/rɪ'leɪt/,vt. 讲述， 叙述；使…有联系；建立或展示联系 vi. 有联系；涉及；符合；发生共鸣,-lat-
related,/rɪ'leɪtɪd/,adj. 有关系的，有关联的,-lat-
unrelated,/ʌnrɪ'leɪtɪd/,adj. 无关的，不相关的；无关联的；无亲戚关系的,-lat-
relation,/rɪ'leɪʃ(ə)n/,n. 关系；联系；关联；亲属,-lat-
relational,/rɪ'leɪʃ(ə)n(ə)l/,adj. 相关的；亲属的，有关的,-lat-
relationality,/rɪ'leɪʃ(ə)nælətɪ/,n. 关联性 关系性,-lat-
relationship,/rɪ'leɪʃ(ə)nʃɪp/,n. 关系，亲属的，相关的，有关的,-lat-
relative,/'relətɪv/,adj. 相关的；相对的；相互有关的；比较而言的,-lat-
relativity,/relə'tɪvɪtɪ/,n. <物>相对论；相关性；相对性,-lat-
relativist,/'relətivist/,n. 相对主义者；相对论者,-lat-
relatively,/'relətɪvlɪ/,adv. 关系上地；相对地；比较地；较比,-lat-
relativism,/'relətɪvɪz(ə)m/,n. 相对主义；相对论,-lat-
relativistic,"/,rɛlətɪ'vɪstɪk/",adj. 相对的；相对论的,-lat-
relatedness,/rɪ'letɪdnɪs/,n. 关联性；关系；亲缘,-lat-
relativize,/'relətɪvaɪz/,vt. 使相对化，把…视为相对物，相对论应用于,-lat-
relatable,/rɪ'leɪtəbl/,adj. 有关系的(relate 的形容词形式),-lat-
relatedly,/rɪ'leɪtəblɪ/,adv. 与…有亲戚关系地， 有关系地； 与此相关的； 有密切和声关系的 （音乐）,-lat-
nonrelativistic,"/'nɔn,reləti'vistik/",adj. 非相对论性的,-lat-
relator,/rɪ'leɪtə/,n. 叙述者；原告；关系词,-lat-
interrelate,/ɪntərɪ'leɪt/,v. 相互关连 vt.（使）相互关连,-lat-
interrelation,"/,ɪntərɪ'leɪʃən/",n. 相互关系,-lat-
interrelated,"/,ɪntərɪ'leɪtɪd/",adj. 相关的；互相联系的,-lat-
interrelationship,"/,ɪntərɪ'leʃnʃɪp/",n. 相互关系,-lat-
interrelatedness,"/,ɪntərɪ'leɪtɪdnes/",n. 相互关联性,-lat-
correlate,/'kɒrəleɪt/,vi. 关联 vt. 使有相互关系 n. 相关物；相关联的人 adj. 关联的,-lat-
correlation,"/,kɒrə'leɪʃ(ə)n/",n. [数] 相关，关联；相互关系,-lat-
correlational,"/,kɒrə'leɪʃ(ə)n(ə)l/",adj. 相关的,-lat-
correlative,/kə'relətɪv/,adj. 相关的；有相互关系的 n. 关联词；相关物,-lat-
correlated,/'kɒrəleɪtɪd/,adj. 有相互关系的,-lat-
uncorrelated,/ʌn'kɔrileitid/,adj. 不相关的,-lat-
autocorrelation,"/'ɔ:təu,kɔrə'leiʃən/",n. [数] 自相关（作用） ，[仪] 自动校正,-lat-
intercorrelation,"/,ɪntəkɒrə'leɪʃ(ə)n/",n. 组间关联,-lat-
collate,/kə'leɪt/,vt. 核对，校对；校勘,-lat-
collator,/kɑ'letɚ/,n. 整理器；核对人；校对机,-lat-
collation,/kə'leɪʃ(ə)n/,n. 校对；斋日的点心；牧师职务,-lat-
translate,/træns'leɪt/,vt. 翻译；转化,-lat-
translator,/træns'leɪtə/,n. 译者；翻译器,-lat-
translation,/træns'leɪʃ(ə)n/,n. 翻译,-lat-
translational,/trænz'leʃənl/,adj. 平移的，直移的,-lat-
translative,/træns'leɪtɪv/,adj. 翻译的；转移的；转让的,-lat-
translatable,/træns'leɪtəbl/,adj. 可译的；能译的；可转移的,-lat-
untranslatable,"/,ʌntræns'leɪtəb(ə)l/",adj. 难译的；不宜译的；不能翻译的,-lat-
untranslated,/ˌʌntrænsˈleɪtɪd/,adj. 未翻译的,-lat-
mistranslation,"/,mɪstræns'leʃən/",n. 误译,-lat-
illation,/ɪ'leɪʃ(ə)n/,n. 演绎；推论；推定,-lat-
illative,/ɪ'leɪtɪv/,adj. 引出推论的 n. 推论词,-lat-
ablate,/æb'leɪt/,vt. 烧蚀；切除；使脱落 vi. 脱落,-lat-
ablation,/ə'bleɪʃ(ə)n/,n. [水文] 消融；切除,-lat-
ablative,/'æblətɪv/,adj. 离格的；消融的 n. 烧蚀材料；离格,-lat-
dilator,/daɪ'leɪtə/,n. 扩张器；[解剖] 扩张肌；使扩张的人,-lat-
dilated,/daɪ'leɪtɪd/,adj. 扩大的；膨胀的；加宽的,-lat-
dilatory,/'dɪlət(ə)rɪ/,adj. 拖拉的；缓慢的，不慌不忙的,-lat-
dilatation,"/,daɪleɪ'teɪʃ(ə)n/",n.（中空器官或空洞）扩张；膨胀；扩张过程；膨胀过程,-lat-
vasodilation,/ˌveɪzoʊdaɪˈleɪʃn/,n. 血管舒张,-lat-
oblate,/'ɒbleɪt/,adj. 扁圆的；扁平的；奉为神圣的 n. 献身于修道院生活的人,-lat-
oblation,/ə'bleɪʃ(ə)n/,n. 祭品，奉献物,-lat-
ventilate,/'ventɪleɪt/,vt. 使通风；通风；公开；公开讨论,-lat-
ventilator,/'ventɪleɪtə/,n. 通风设备；换气扇；通风机；气窗；负责通风的人,-lat-
ventilation,"/,ventɪ'leɪʃ(ə)n/",n. 空气流通；通风设备；通风方法；公开讨论,-lat-
superlative,/suːˈpəːlətɪv/,adj. 最高级的；过度的 n. 最高级；最高程度；夸大话,-lat-
prelate,/'prelət/,n. 高级教士；高位神职者,-lat-
sex-related,/seks-rɪ'leɪtɪd/,adj. 性别相关；性相关的,-lat-
math-related,/mæθ-rɪ'leɪtɪd/,adj. 与数学相关的,-lat-
health-related,/helθ-rɪ'leɪtɪd/,adj. 卫生相关的；健康相关的；有关健康的,-lat-
drug-related,/drʌg-rɪ'leɪtɪd/,adj. 毒品有关的；药物相关的,-lat-
age-related,/eɪdʒ-rɪ'leɪtɪd/,adj. 增龄性,-lat-
public-relations,/'pʌblɪk-rɪ'leɪʃ(ə)nz/,n. 公共关系,-lat-
work-related,/wɜːk-rɪ'leɪtɪd/,adj. 与工作有关的,-lat-
job-related,/dʒɒb-rɪ'leɪtɪd/,adj. 工作相关的,-lat-
alcohol-related,/'ælkəhɒl-rɪ'leɪtɪd/,adj. 与酒精相关的,-lat-
stress-related,/stres-rɪ'leɪtɪd/,adj. 与压力相关的,-lat-
aids-related,/'eidz-rileitid/,adj. 由艾滋病引起的；与艾滋病有关的,-lat-
school-related,/skuːl-rɪ'leɪtɪd/,adj. 与学校有关的,-lat-
gang-related,/gæŋ-rɪ'leɪtɪd/,adj. 帮派暴力的,-lat-
gender-related,/'dʒendə-rɪ'leɪtɪd/,adj. 有关性别的,-lat-
smoking-related,/'sməʊkɪŋ-rɪ'leɪtɪd/,adj. 和吸烟有关的,-lat-
food-related,/fuːd-rɪ'leɪtɪd/,adj. 与食品相关的,-lat-
cancer-related,/'kænsə-rɪ'leɪtɪd/,adj. 癌有关的,-lat-
task-related,/tɑːsk-rɪ'leɪtɪd/,adj. 任务相关的,-lat-
relationship-building,/rɪ'leɪʃ(ə)nʃɪp-'bɪldɪŋ/,n. 人际创建,-lat-
time-related,/taɪm-rɪ'leɪtɪd/,adj. 与时间相关的,-lat-
lax,/læks/,n. 松元音；泻肚 adj. 松的；松懈的；腹泻的 adj. 不严格的；不严谨的,-lax-
laxity,/'læksətɪ/,n. 松驰；放纵,-lax-
laxative,/'læksətɪv/,n. 泻药；[药] 缓泻药 adj. 通便的,-lax-
relax,/rɪ'læks/,v. 使放松，使轻松,-lax-
relaxed,/rɪ'lækst/,adj. 轻松的；松懈的；宽松的,-lax-
relaxing,/rɪ'læksɪŋ/,adj. 使人放松的,-lax-
relaxer,/rɪˈlæksə/,n. 松弛机；放松者,-lax-
relaxant,/rɪ'læks(ə)nt/,n. 弛缓药 adj. 放松的，[医] 弛缓的,-lax-
relaxation,/riːlæk'seɪʃ(ə)n/,n. 放松；缓和；消遣,-lax-
similar,/'similə/,adj. 类似的；同类的；相似的；同样的 n. 类似物；相像的人；相似物,-sim- =-sem- = -simil- = -simul- = -sembl-
similarly,/'sɪməlɚli/,adv. 同样地，类似地,-sim- =-sem- = -simil- = -simul- = -sembl-
similarity,/sɪmə'lærətɪ/,n. 类似；相像性；相仿性；类似性，相似物,-sim- =-sem- = -simil- = -simul- = -sembl-
dissimilar,/di'similə/,adj. 不同的，不一样的,-sim- =-sem- = -simil- = -simul- = -sembl-
dissimilarity,"/,disimi'lærəti/",n. 不同，相异点，相异；差,-sim- =-sem- = -simil- = -simul- = -sembl-
dissimilate,/di'simileit/,v.（使）变得不同,-sim- =-sem- = -simil- = -simul- = -sembl-
dissimilation,"/,disimileiʃən/",n. 异化，相异，异化作用,-sim- =-sem- = -simil- = -simul- = -sembl-
dissimilitude,"/,dissi'militju:d/",n. 相异，相异点；不同,-sim- =-sem- = -simil- = -simul- = -sembl-
similitude,/si'militju:d/,n. 相似，类似，类似物,-sim- =-sem- = -simil- = -simul- = -sembl-
simulate,/'simjuleit/,v. 模仿，模拟，假装，冒充,-sim- =-sem- = -simil- = -simul- = -sembl-
simulation,"/,simju'leiʃən/",n. 模仿，模拟，假装,-sim- =-sem- = -simil- = -simul- = -sembl-
simulator,/'simjuleitə/,n. 模仿者，假装者，模拟器,-sim- =-sem- = -simil- = -simul- = -sembl-
simulated,/'sɪmjʊleɪtɪd/,adj. 模拟的；模仿的；仿造的,-sim- =-sem- = -simil- = -simul- = -sembl-
dissimulate,/dɪ'sɪmjʊleɪt/,vi. 掩饰；假装；装糊涂 vt. 掩饰；假装；装糊涂,-sim- =-sem- = -simil- = -simul- = -sembl-
dissimulation,"/dɪ,sɪmjə'leʃən/",n. 掩饰；虚伪；装糊涂,-sim- =-sem- = -simil- = -simul- = -sembl-
computer-simulated,/kəm'pjuːtə-'sɪmjʊleɪtɪd/,adj. 计算机模拟的 计算机模拟,-sim- =-sem- = -simil- = -simul- = -sembl-
assimilate,/ə'simileit/,vi. 吸收，消化，同化 vt. 透彻理解，使吸收,-sim- =-sem- = -simil- = -simul- = -sembl-
assimilation,"/ə,simi'leiʃən/",n. （食物等的） 吸收； 消化； （被） 吸收或同化的过程；[生理]同化作用,-sim- =-sem- = -simil- = -simul- = -sembl-
assimilator,/ə'simileitə/,n. 同化者，吸收者,-sim- =-sem- = -simil- = -simul- = -sembl-
assimilative,/ə'similətiv/,adj. 同化的，吸收者,-sim- =-sem- = -simil- = -simul- = -sembl-
simultaneity,/ˌsiməltəˈniəti/,n. 同时性，同时发生,-sim- =-sem- = -simil- = -simul- = -sembl-
simultaneous,"/,siməl'teiniəs/",adj. 同时发生的，同时存在的；同时的；联立的,-sim- =-sem- = -simil- = -simul- = -sembl-
simultaneously,"/,sɪml'teɪnɪəslɪ/",adv. 同时地；一壁；一齐,-sim- =-sem- = -simil- = -simul- = -sembl-
facsimile,/fæk'simili/,n.（文字、图画等的）副本，传真,-sim- =-sem- = -simil- = -simul- = -sembl-
verisimilar,"/,veri'similə/",adj. 似乎是真的，貌似真实的,-sim- =-sem- = -simil- = -simul- = -sembl-
verisimilitude,"/,verisi'militju:d/",n. 逼真，貌似真实，貌似真实的事物,-sim- =-sem- = -simil- = -simul- = -sembl-
simply,/'sɪmplɪ/,adv. 简单地；仅仅；简直；朴素地；坦白地,-sim- =-sem- = -simil- = -simul- = -sembl-
simplified,/'sɪmplɪfaɪd/,adj. 简化了的,-sim- =-sem- = -simil- = -simul- = -sembl-
simplistic,/sɪm'plɪstɪk/,adj. 过分简单化的；过分单纯化的,-sim- =-sem- = -simil- = -simul- = -sembl-
simplification,"/,sɪmplɪfɪ'keɪʃən/",n. 简单化；单纯化,-sim- =-sem- = -simil- = -simul- = -sembl-
simplistically,/sim'plistik(ə)lɪ/,adv. （过分）简单化地,-sim- =-sem- = -simil- = -simul- = -sembl-
oversimplify,/əʊvə'sɪmplɪfaɪ/,vt. 使…过分地单纯化 vi. 过分地单纯化,-sim- =-sem- = -simil- = -simul- = -sembl-
oversimplified,"/,əuvər'simplifaid/",adj. 过于简单化的,-sim- =-sem- = -simil- = -simul- = -sembl-
oversimplification,"/,ovɚ,sɪmpləfə'keʃən/",n. 过度单纯化；过分简单化,-sim- =-sem- = -simil- = -simul- = -sembl-
simple-minded,"/,simpl'maindid/",adj. 头脑简单的；愚蠢的,-sim- =-sem- = -simil- = -simul- = -sembl-
resemble,/rɪ'zemb(ə)l/,vt. 与…相似；类似； （尤指外表上）像,-sim- =-sem- = -simil- = -simul- = -sembl-
resemblance,/rɪ'zembl(ə)ns/,n.（尤指外表的）类似，相似；相似之处；相似物；肖像,-sim- =-sem- = -simil- = -simul- = -sembl-
resemblant,/rɪ'zemblənt/,adj. 相似的；摹仿的,-sim- =-sem- = -simil- = -simul- = -sembl-
seminar,/'semɪnɑː/,n. 讨论课，研讨会，研讨班，讲习会；研讨小组；培训会,-sim- =-sem- = -simil- = -simul- = -sembl-
semblable,/'sembləb(ə)l/,adj. 外表的；相似的 n. 类似,-sim- =-sem- = -simil- = -simul- = -sembl-
semblance,/'sembləns/,n. 外貌；假装；类似,-sim- =-sem- = -simil- = -simul- = -sembl-
assemblage,/ə'semblɪdʒ/,n. 装配；集合；聚集；集会；集合物；聚集的物或人,-sim- =-sem- = -simil- = -simul- = -sembl-
dissemble,/dɪ'semb(ə)l/,vt. 掩饰，掩盖；假装 vi. 隐藏，掩饰（思想、感情等）,-sim- =-sem- = -simil- = -simul- = -sembl-
dissembler,/di'semblə/,n. 伪善者，伪君子,-sim- =-sem- = -simil- = -simul- = -sembl-
assemble,/ə'semb(ə)l/,vt. 集合，聚集；装配；收集 vi. 集合，聚集,-sim- =-sem- = -simil- = -simul- = -sembl-
assembly,/ə'semblɪ/,n. 装配；集会，集合,-sim- =-sem- = -simil- = -simul- = -sembl-
assembled,/ə'sembəld/,adj. 组合的；安装的,-sim- =-sem- = -simil- = -simul- = -sembl-
assembler,/ə'semblə/,n. 汇编程序；汇编机；装配工,-sim- =-sem- = -simil- = -simul- = -sembl-
assembling,/ə'semblɪŋ/,n. 装配；[计] 汇编 adj. 装配的；组合的,-sim- =-sem- = -simil- = -simul- = -sembl-
assemblyman,/ə'semblɪmən/,n. 议员；装配工,-sim- =-sem- = -simil- = -simul- = -sembl-
assemblywoman,/əˈsembliˌwʊmən/,n. 女议员,-sim- =-sem- = -simil- = -simul- = -sembl-
reassemble,/riːə'semb(ə)l/,vi. 重新集合 vt. 重新装配；重新召集,-sim- =-sem- = -simil- = -simul- = -sembl-
reassembly,"/,riːə'semblɪ/",n. 重新聚集；重新组装；再装配,-sim- =-sem- = -simil- = -simul- = -sembl-
disassemble,/dɪsə'semb(ə)l/,vt. 拆开，解开；反汇编,-sim- =-sem- = -simil- = -simul- = -sembl-
disassembled,/dɪsə'semb(ə)ld/,adj. 拆开的；分散的,-sim- =-sem- = -simil- = -simul- = -sembl-
disassembly,"/,dɪsə'semblɪ/",n. 拆卸；分解,-sim- =-sem- = -simil- = -simul- = -sembl-
subassembly,"/,sʌbə'semblɪ/",n. 组件，部件,-sim- =-sem- = -simil- = -simul- = -sembl-
unassembled,/'ʌnə'sembld/,adj. 未装配的；未接合的,-sim- =-sem- = -simil- = -simul- = -sembl-
pre-assembled,"/,pri:ə'sembld/",adj. 预装配的，预先安装的,-sim- =-sem- = -simil- = -simul- = -sembl-
self-assembly,"/,selfə'sembli/",n. 自组装 adj. 自行组装的,-sim- =-sem- = -simil- = -simul- = -sembl-
simile,/'sɪmɪlɪ/,n. 明喻；直喻,-sim- =-sem- = -simil- = -simul- = -sembl-
simulcast,/'sɪm(ə)lkɑːst/,v. 同时联播 n. 同时联播,-sim- =-sem- = -simil- = -simul- = -sembl-
simulacrum,"/,sɪmjʊ'leɪkrəm/",n. 像；幻影；影,-sim- =-sem- = -simil- = -simul- = -sembl-
ensemble,/ɒn'sɒmb(ə)l/,n. 全体；总效果；全套服装；全套家具；合奏组 adv. 同时,-sim- =-sem- = -simil- = -simul- = -sembl-
symbol,/'sɪmb(ə)l/,n. 象征；标志；符号；记号 vt. 用符号代表,-sim- =-sem- = -simil- = -simul- = -sembl-
symbolic,/sɪm'bɒlɪk/,adj. 象征性的,-sim- =-sem- = -simil- = -simul- = -sembl-
symbolically,/sim'bɔlikəli/,adv. 象征性地；象征意义地,-sim- =-sem- = -simil- = -simul- = -sembl-
symbolist,/'sɪmbəlɪst/,n. 象征主义者；符号学者；记号使用者,-sim- =-sem- = -simil- = -simul- = -sembl-
symbolism,/'sɪmbəlɪz(ə)m/,n. 象征，象征主义；符号论；记号,-sim- =-sem- = -simil- = -simul- = -sembl-
symbolize,/'sɪmbəlaɪz/,vt. 象征；用符号表现 vi. 采用象征；使用符号；作为…的象征,-sim- =-sem- = -simil- = -simul- = -sembl-
symbolization,"/,sɪmbəlɪ'zeʃən/",n. 象征；符号表现；象征作用,-sim- =-sem- = -simil- = -simul- = -sembl-
symbology,/sɪm'bɒlədʒɪ/,n. 符号学，符号使用；象征学，象征的使用,-sim- =-sem- = -simil- = -simul- = -sembl-
symphony,/'sɪmf(ə)nɪ/,n. 交响乐；交响曲；交响乐团,-sim- =-sem- = -simil- = -simul- = -sembl-
symphonic,/sɪm'fɒnɪk/,adj. 交响乐的；交响性的；和声的,-sim- =-sem- = -simil- = -simul- = -sembl-
symptom,/'sɪm(p)təm/,n. 症状,-sim- =-sem- = -simil- = -simul- = -sembl-
symptomless,/'simptəmlis/,adj. 无症状的,-sim- =-sem- = -simil- = -simul- = -sembl-
symptomatic,/sɪm(p)tə'mætɪk/,adj. 有症状的；症候的,-sim- =-sem- = -simil- = -simul- = -sembl-
asymptomatic,"/ə,sɪmptə'mætɪk/",adj. 无症状的,-sim- =-sem- = -simil- = -simul- = -sembl-
symptomology,"/,simptə'mɔlədʒi/",n. 症候学；征候学,-sim- =-sem- = -simil- = -simul- = -sembl-
symptomatology,"/,sɪm(p)tə(ʊ)mə'tɒlədʒɪ/",n. 症候学，总症状,-sim- =-sem- = -simil- = -simul- = -sembl-
symptomatically,"/,sɪm(p)tə(ʊ)mə'tɪkəli/",adv. 有症状地；有代表性地；根据症状；对症治疗,-sim- =-sem- = -simil- = -simul- = -sembl-
symptom-free,/'sɪm(p)təm-fri:/,n. 无症状,-sim- =-sem- = -simil- = -simul- = -sembl-
symmetry,/'sɪmɪtrɪ/,n. 对称（性） ；整齐，匀称,-sim- =-sem- = -simil- = -simul- = -sembl-
asymmetry,/eɪ'sɪmɪtrɪ/,n. 不对称,-sim- =-sem- = -simil- = -simul- = -sembl-
symmetrical,/sɪ'metrɪk(ə)l/,adj. 匀称的，对称的,-sim- =-sem- = -simil- = -simul- = -sembl-
asymmetrical,/eɪsɪ'metrɪkl/,adj. [数] 非对称的（等于 asymmetric） ；不均匀的；不匀称的,-sim- =-sem- = -simil- = -simul- = -sembl-
symmetric,/sɪ'metrɪk/,adj. 对称的；匀称的,-sim- =-sem- = -simil- = -simul- = -sembl-
asymmetric,"/,æsɪ'metrɪk/",adj. 不对称的；非对称的,-sim- =-sem- = -simil- = -simul- = -sembl-
symmetrically,/sə'mɛtrɪkli/,adv. 对称地；平衡地；匀称地,-sim- =-sem- = -simil- = -simul- = -sembl-
asymmetrically,/əsi'metrikli/,adv. 不对称地（不平衡地）,-sim- =-sem- = -simil- = -simul- = -sembl-
supersymmetry,"/'sjʊpɚ,sɪmɪtri/",n. [高能] 超对称性,-sim- =-sem- = -simil- = -simul- = -sembl-
supersymmetric,"/'sjʊpɚ,sɪmɪtri/",adj. 超对称的,-sim- =-sem- = -simil- = -simul- = -sembl-
axisymmetric,"/,æksisɪ'mɛtrɪk/",adj. 轴对称的,-sim- =-sem- = -simil- = -simul- = -sembl-
symbiote,/'sɪmbaɪt/,n. 共生生物；[生态] 共生体,-sim- =-sem- = -simil- = -simul- = -sembl-
symbiont,/'sɪmbɪɒnt/,n. [生态] 共生者；共生有机体（等于 symbiote）,-sim- =-sem- = -simil- = -simul- = -sembl-
symbiosis,"/,sɪmbɪ'əʊsɪs/",n. [生态] 共生；合作关系；共栖,-sim- =-sem- = -simil- = -simul- = -sembl-
symbiotic,/sɪmbaɪ'ɒtɪk/,adj. [生态] 共生的；共栖的,-sim- =-sem- = -simil- = -simul- = -sembl-
symbiotically,/sɪmbaɪ'ɒtɪkli/,adv. 共生地（生物学术语）,-sim- =-sem- = -simil- = -simul- = -sembl-
symposium,/sɪm'pəʊzɪəm/,n. 讨论会，座谈会；专题论文集；酒宴，宴会,-sim- =-sem- = -simil- = -simul- = -sembl-
synonym,/'sɪnənɪm/,n. 同义词,-sim- =-sem- = -simil- = -simul- = -sembl-
sympatric,/sɪm'pætrɪk/,adj. [生态] 同域的，在同一地区生存的； （生态）[生态] 分布区重叠的,-sim- =-sem- = -simil- = -simul- = -sembl-
asymptotic,"/,æsɪmp'tɒtɪk/",adj. 渐近的；渐近线的,-sim- =-sem- = -simil- = -simul- = -sembl-
disciple,/dɪ'saɪp(ə)l/,n. 门徒，信徒；弟子,-discip-
discipline,/'dɪsɪplɪn/,n. 纪律,-discip-
disciplinary,/'dɪsɪplɪn(ə)rɪ/,adj. 规律的；训练的；训诫的,-discip-
disciplined,/'dɪsɪplɪnd/,adj. 遵守纪律的；受过训练的,-discip-
disciplinarian,"/,dɪsɪplɪ'neərɪən/",n. 厉行纪律的人；严格的人 adj. 纪律的；训练的,-discip-
discipleship,"/dɪ'saɪpl,ʃɪp/",n. 门徒的身分，做门徒的时期,-discip-
indiscipline,/ɪn'dɪsɪplɪn/,n. 无纪律；缺乏训练；无纪律行为,-discip-
interdisciplinary,/ɪntə'dɪsɪplɪn(ə)rɪ/,adj. 各学科间的；跨学科的,-discip-
multidisciplinary,/mʌltɪdɪsə'plɪnərɪ/,adj. 有关各种学问的,-discip-
undisciplined,/ʌn'dɪsɪplɪnd/,adj. 无训练的；混乱无纪律的,-discip-
transdisciplinary,/trænz'dɪsɪplɪnəri/,adj. 跨学科的；学科间的,-discip-
discipline-based,/'dɪsɪplɪn-beɪst/,adj. 学科本位 学科为基础 基础的 以学科为基础,-discip-
self-discipline,/'self'disiplin/,n. 自律；自我修养；自我训练,-discip-
self-disciplined,/'self'disiplaind/,adj. 有自我约束力的；能律己的,-discip-
cross-disciplinary,/'krɔs'disiplinəri/,adj. 跨学科的；交叉学科的,-discip-
well-disciplined,/'wel'disiplind/,adj. 训练有素的；有节制的,-discip-
helicopter,/'helɪkɒptə/,n. 直升机，直升飞机 vt. 用直升飞机载送 vi. 乘直升飞机,-helic-
heliport,/'helipɔ:t/,n. 直升飞机场,-helic-
helilift,/'helilift/,v. 用直升飞机运输,-helic-
helical,/'helikəl/,adj. 螺旋状的; 螺线,-helic-
helicity,/hi:'lisəti/,n. 螺旋性,-helic-
helicoid,/'hi:likɔid/,adj. 螺旋体(的)，螺状的,-helic-
helicoidal,"/,heli'kɔidəl/",n. 螺旋面 adj. 螺旋状的,-helic-
helicograph,/'hɛlɪkoɡræf/,n.（画螺旋曲线用的）螺旋规,-helic-
helix,/'hiːlɪks/,n. 螺旋，螺旋状物；[解剖] 耳轮,-helic-
accept,/ək'sept/,vi. 承认；同意；承兑 vt. 接受；承认；承担；承兑,-cept- = -cap- = -capt- = -ceiv-
accepted,/ək'septɪd/,adj. 公认的；录取的；可接受的；已承兑的,-cept- = -cap- = -capt- = -ceiv-
acceptor,/ək'septə/,n. [金融] 承兑人；接受者；接收器；受主；被诱物,-cept- = -cap- = -capt- = -ceiv-
acceptance,/ək'septəns/,n. 接受，接纳；[金融]承兑；无怨接受（逆境、困境等） ；赞成,-cept- = -cap- = -capt- = -ceiv-
acceptable,/ək'septəbl/,adj. 可接受的；合意的； （社会上）认同的； （礼物等）令人满意的,-cept- = -cap- = -capt- = -ceiv-
acceptably,/ək'sɛptəbli/,adv. 可欣然接受地；合意地,-cept- = -cap- = -capt- = -ceiv-
acceptability,"/ək,sɛptə'bɪləti/",n. 可接受性；可容许性,-cept- = -cap- = -capt- = -ceiv-
unacceptable,/ʌnək'septəb(ə)l/,adj. 不能接受的；不受欢迎的,-cept- = -cap- = -capt- = -ceiv-
unacceptably,/ʌnək'septəb(ə)li/,adv. 不能接受地,-cept- = -cap- = -capt- = -ceiv-
unacceptability,"/ʌnək,sɛptə'bɪləti/",n. 不可能接受,-cept- = -cap- = -capt- = -ceiv-
well-accepted,/wel-ək'septɪd/,adj. 被广泛接受的,-cept- = -cap- = -capt- = -ceiv-
self-acceptance,/self-ək'septəns/,n. 自承,-cept- = -cap- = -capt- = -ceiv-
except,/ik'sept/,vt. 把…除外；不计 prep. 除…外 conj. [口语]要不是；除非；除…以外,-cept- = -cap- = -capt- = -ceiv-
exception,/ɪk'sepʃ(ə)n/,n. 例外，除外; 反对，批评; [法律]异议，反对,-cept- = -cap- = -capt- = -ceiv-
exceptive,/ik'sep tiv/,adj. 作为例外的，特殊的,-cept- = -cap- = -capt- = -ceiv-
exceptional,/ɪk'sepʃ(ə)n(ə)l/,adj. 特别的， 非凡的， 卓越的， 异常的， 特殊的 n. 超常的学生,-cept- = -cap- = -capt- = -ceiv-
exceptionally,/ɪk'sepʃ(ə)nəlɪ/,adv. 异常地；特殊地；例外地,-cept- = -cap- = -capt- = -ceiv-
exceptionality,"/ɪk,sepʃə'nælətɪ/",n. 例外；除外,-cept- = -cap- = -capt- = -ceiv-
excepting,/ɪk'septɪŋ/,prep. 除…之外 conj. 只是，要不是,-cept- = -cap- = -capt- = -ceiv-
unexceptional,/ʌnɪk'sepʃ(ə)n(ə)l/,adj. 非例外的；普通的,-cept- = -cap- = -capt- = -ceiv-
unexceptionable,/ʌnɪk'sepʃ(ə)nəb(ə)l/,adj. 无懈可击的；完美无缺的；极好的,-cept- = -cap- = -capt- = -ceiv-
concept,/'kɒnsept/,n. 概念；观念,-cept- = -cap- = -capt- = -ceiv-
conception,/kən'sepʃ(ə)n/,n. 怀孕；概念；设想；开始,-cept- = -cap- = -capt- = -ceiv-
misconception,/mɪskən'sepʃ(ə)n/,n. 误解；错觉；错误想法,-cept- = -cap- = -capt- = -ceiv-
conceptual,/kən'septjʊəl/,adj. 观念的，概念上的,-cept- = -cap- = -capt- = -ceiv-
conceptually,/kən'sɛptʃʊəli/,adv. 概念地,-cept- = -cap- = -capt- = -ceiv-
conceptualize,/kən'septjʊəlaɪz/,vt. 使概念化 vi. 概念化,-cept- = -cap- = -capt- = -ceiv-
conceptualization,"/kən,sɛptjʊəlɪ'zeʃən/",n. 概念化；化为概念,-cept- = -cap- = -capt- = -ceiv-
conceptualist,/kən'septjʊəlɪst/,adj. 概念论的 n. 概念论者,-cept- = -cap- = -capt- = -ceiv-
conceptualism,/kən'septjʊəlɪz(ə)m/,n. 概念论,-cept- = -cap- = -capt- = -ceiv-
reconceptualization,/kən'septjʊəlɪz(ə)m/,n. 概念论,-cept- = -cap- = -capt- = -ceiv-
self-concept,"/,self'kɔnsept/",n. 自我概念,-cept- = -cap- = -capt- = -ceiv-
preconception,/priːkən'sepʃ(ə)n/,n. 偏见；先入之见；预想,-cept- = -cap- = -capt- = -ceiv-
high-concept,/'hai'kɔnsept/,adj. 高级复杂的；(快节奏、惊险)高度刺激性的；富有挑战性,-cept- = -cap- = -capt- = -ceiv-
proof-of-concept,/pruːf-ɒv-'kɒnsept/,n. (产品开发的)概念证明阶段,-cept- = -cap- = -capt- = -ceiv-
recept,/'riːsept/,n. 感觉，感受；对相似物体之连续感觉而形成感觉,-cept- = -cap- = -capt- = -ceiv-
reception,/rɪ'sepʃ(ə)n/,n. 欢迎会；招待会,-cept- = -cap- = -capt- = -ceiv-
receptionist,/rɪ'sepʃ(ə)nɪst/,n. 接待员；传达员,-cept- = -cap- = -capt- = -ceiv-
receptor,/rɪ'septə/,n. [生]感受器，受体；[电]感受器，接收器；[化]接受器；感觉器官,-cept- = -cap- = -capt- = -ceiv-
receptive,/rɪ'septɪv/,adj. 善于接受的；能容纳的；有接受力的；感受的，感官的,-cept- = -cap- = -capt- = -ceiv-
unreceptive,"/,ʌnrɚ'sɛptɪv/",adj. 不会接受的；反应不快的；接受能力不强的,-cept- = -cap- = -capt- = -ceiv-
receptivity,"/rɪ,sɛp'tɪvəti/",n. 接受能力；[生理] 感受性,-cept- = -cap- = -capt- = -ceiv-
receptiveness,/ri'septivnis/,n. 感受性；接受能力,-cept- = -cap- = -capt- = -ceiv-
receptacle,/rɪ'septək(ə)l/,n. [植] 花托；容器；插座；放置物品的地方,-cept- = -cap- = -capt- = -ceiv-
photoreceptor,"/'fəʊtəʊrɪ,septə/",n. [生理] 光感受器；[生理][动] 感光器,-cept- = -cap- = -capt- = -ceiv-
incept,/in'sept/,vt. 开始；摄取；接收 vi. 获得学位；就职,-cept- = -cap- = -capt- = -ceiv-
inception,/ɪn'sepʃ(ə)n/,n. 起初，开始，开端，初期; 获得学位,-cept- = -cap- = -capt- = -ceiv-
percept,/'pɜːsept/,n. 认知，认知的对象,-cept- = -cap- = -capt- = -ceiv-
perception,/pə'sepʃ(ə)n/,n. 理解，认识，洞察力,-cept- = -cap- = -capt- = -ceiv-
perceptual,/pə'septjʊəl/,adj. 知觉的；感知的；有知觉的,-cept- = -cap- = -capt- = -ceiv-
perceptually,/pə'septjʊəli/,adv. 视觉上地,-cept- = -cap- = -capt- = -ceiv-
perceptive,/pə'septɪv/,adj. 感知的，知觉的；有知觉力的,-cept- = -cap- = -capt- = -ceiv-
perceptively,/pə'septivli/,adv. 知觉地；有洞察力地；敏锐地,-cept- = -cap- = -capt- = -ceiv-
perceptiveness,"/,pə:sep'tivnis/",n. 洞察力；感知力；直觉,-cept- = -cap- = -capt- = -ceiv-
perceptible,/pə'septɪb(ə)l/,adj. 可察觉的；可感知的；看得见的,-cept- = -cap- = -capt- = -ceiv-
perceptibly,/pɚ'sɛptəbli/,adv. 显然地；可感觉得出地；看得出地,-cept- = -cap- = -capt- = -ceiv-
imperceptible,/ɪmpə'septɪb(ə)l/,adj. 感觉不到的；极细微的,-cept- = -cap- = -capt- = -ceiv-
imperceptibly,"/,ɪmpɚ'sɛptəbli/",adv. 极微地；微细地；察觉不到地,-cept- = -cap- = -capt- = -ceiv-
misperception,"/,mɪspə'sepʃən/",n. 误解；错误知觉；错觉,-cept- = -cap- = -capt- = -ceiv-
apperception,/æpə'sepʃ(ə)n/,n. [心理] 统觉；类化；明觉,-cept- = -cap- = -capt- = -ceiv-
self-perception,"/,selfpə'sepʃən/",n. 自我知觉,-cept- = -cap- = -capt- = -ceiv-
intercept,"/,intə'sept/",vt. 拦截，拦住；截球；截击；拦阻 n. （数学）截距；截击，拦截；拦截者,-cept- = -cap- = -capt- = -ceiv-
interception,"/,intə'sepʃən/",n. 截取，截住，拦截，截击，中途夺取，侦听；阻留；定方位；断球,-cept- = -cap- = -capt- = -ceiv-
intercepter,"/,intə'septə/",n. 截击机,-cept- = -cap- = -capt- = -ceiv-
interceptor,/ɪntə'septə/,n. [航][军] 拦截机；妨碍者,-cept- = -cap- = -capt- = -ceiv-
deception,/dɪ'sepʃ(ə)n/,n. 欺骗，欺诈；骗术,-cept- = -cap- = -capt- = -ceiv-
deceptive,/dɪ'septɪv/,adj. 欺诈的；迷惑的；虚伪的,-cept- = -cap- = -capt- = -ceiv-
deceptively,/dɪ'sɛptɪvli/,adv. 迷惑地，骗人地；虚伪地,-cept- = -cap- = -capt- = -ceiv-
self-deception,/'selfdi'sepʃən/,n. 自欺；自欺欺人行为,-cept- = -cap- = -capt- = -ceiv-
self-deceptive,/'selfdi'septiv/,adj. 自欺的；欺骗自己的,-cept- = -cap- = -capt- = -ceiv-
precept,/'priːsept/,n. 规则；格言；训诫；命令,-cept- = -cap- = -capt- = -ceiv-
preceptor,/prɪ'septə/,n. 校长；教师；指导医师,-cept- = -cap- = -capt- = -ceiv-
contracept,"/,kɒntrə'sept/",vt. 使避孕,-cept- = -cap- = -capt- = -ceiv-
contraception,/kɒntrə'sepʃ(ə)n/,n. 避孕,-cept- = -cap- = -capt- = -ceiv-
contraceptive,/kɒntrə'septɪv/,n. 避孕用具；[药] 避孕剂 adj. 避孕的,-cept- = -cap- = -capt- = -ceiv-
proprioceptive,"/,prəʊprɪə(ʊ)'septɪv/",adj. 本体感受的,-cept- = -cap- = -capt- = -ceiv-
proprioception,"/,proprɪə'sɛpʃən/",n. [生理]本体感受,-cept- = -cap- = -capt- = -ceiv-
capture,/'kæptʃə/,vt. 俘获；夺得；捕捉，拍摄，录制 n. 捕获；战利品，俘虏,-cept- = -cap- = -capt- = -ceiv-
captor,/'kæptə/,n. 捕捉者，捕手；俘虏者；攻夺者；捕捉船,-cept- = -cap- = -capt- = -ceiv-
caption,/'kæpʃ(ə)n/,n. 标题；字幕；说明；逮捕 vt. 加上说明；加上标题,-cept- = -cap- = -capt- = -ceiv-
captive,/'kæptɪv/,adj. 被俘虏的；被迷住的 n. 俘虏；迷恋者,-cept- = -cap- = -capt- = -ceiv-
captivity,/kæp'tɪvɪtɪ/,n. 囚禁；被关,-cept- = -cap- = -capt- = -ceiv-
captivate,/'kæptɪveɪt/,vt. 迷住，迷惑,-cept- = -cap- = -capt- = -ceiv-
captivation,"/,kæpti'veiʃən/",n. 魅力；着迷；迷惑,-cept- = -cap- = -capt- = -ceiv-
captivator,/'kæptɪveɪtə/,n. 有吸引力的人,-cept- = -cap- = -capt- = -ceiv-
captivating,/'kæptɪveɪtɪŋ/,adj. 迷人的；有魅力的,-cept- = -cap- = -capt- = -ceiv-
recapture,/riː'kæptʃə/,vt. 夺回；拿回；再体验 n. 夺回；取回,-cept- = -cap- = -capt- = -ceiv-
captive-bred,/'kæptɪv-bred/,n. 圈养繁殖,-cept- = -cap- = -capt- = -ceiv-
captive-breeding,/'kæptɪv-'briːdɪŋ/,n. 圈养繁殖,-cept- = -cap- = -capt- = -ceiv-
capable,/'keɪpəb(ə)l/,adj. 能干的，能胜任的；有才华的,-cept- = -cap- = -capt- = -ceiv-
capably,/'kepəbli/,adv. 能干地,-cept- = -cap- = -capt- = -ceiv-
incapable,/ɪn'keɪpəb(ə)l/,adj. 无能力的， 不会的； 不能的；[法]没有资格的； 不舞之鹤,-cept- = -cap- = -capt- = -ceiv-
capacity,/kə'pæsɪtɪ/,n. 容量；才能；性能；生产能力 adj. 充其量的，最大限度的,-cept- = -cap- = -capt- = -ceiv-
incapacity,/ɪnkə'pæsɪtɪ/,n. 无能力，伤残； （法律上）无行为能力,-cept- = -cap- = -capt- = -ceiv-
capacitive,/kə'pæsɪt(ə)ns/,n. [电] 电容；电流容量；电容性的,-cept- = -cap- = -capt- = -ceiv-
capability,/ˌkeɪpəˈbɪləti/,n. 才能，能力；容量；性能；生产率,-cept- = -cap- = -capt- = -ceiv-
capacitor,/kə'pæsɪtə/,n. [电] 电容器，电容,-cept- = -cap- = -capt- = -ceiv-
capacitance,/kə'pæsɪt(ə)ns/,n. [电] 电容；电流容量,-cept- = -cap- = -capt- = -ceiv-
capacious,/kə'peɪʃəs/,adj. 宽敞的；广阔的；容积大的，气度宏大的,-cept- = -cap- = -capt- = -ceiv-
incapacitate,"/,ɪnkə'pæsɪteɪt/",vt. 使无能力；使不能；使不适于,-cept- = -cap- = -capt- = -ceiv-
incapacitated,"/,inkə'pæsi,teitid/",adj. 不能行动的,-cept- = -cap- = -capt- = -ceiv-
incapacitating,"/,ɪnkə'pæsɪteɪt/",vt. 使无能力；使不能；使不适于[现在分词],-cept- = -cap- = -capt- = -ceiv-
incapacitation,"/,ɪnkə,pæsə'teʃən/",n. 无能力；使无能力；使无资格,-cept- = -cap- = -capt- = -ceiv-
high-capacity,/haɪ-kə'pæsɪtɪ/,n. 高容量；高功率,-cept- = -cap- = -capt- = -ceiv-
overcapacity,/əʊvəkə'pæsɪtɪ/,n. 生产能力过剩,-cept- = -cap- = -capt- = -ceiv-
nuclear-capable,/'nju:kliə'keipəbl/,adj. 可携带核武器的,-cept- = -cap- = -capt- = -ceiv-
large-capacity,/lɑːdʒ-kə'pæsɪtɪ/,n. 大容量,-cept- = -cap- = -capt- = -ceiv-
capsule,/'kæpsjuːl/,n. 太空舱；胶囊；航天舱； （植物的）荚；小容器 adj. 压缩的；概要的,-cept- = -cap- = -capt- = -ceiv-
capsular,/'kæpsjʊlə/,adj. 蒴的；蒴状的；被膜的[医]；胶囊状的,-cept- = -cap- = -capt- = -ceiv-
encapsulate,/ɪn'kæpsjʊleɪt/,vt. 压缩；将…装入胶囊；将…封进内部；概述 vi. 形成胶囊,-cept- = -cap- = -capt- = -ceiv-
encapsulation,"/ɪn,kæpsə'leɪʃən/",n. 封装；包装,-cept- = -cap- = -capt- = -ceiv-
encapsulated,/ɪn'kæpsəleɪtɪd/,adj. 密封的；包在荚膜内的,-cept- = -cap- = -capt- = -ceiv-
perceive,/pə'siːv/,v. 意识到；察觉，发觉；理解,-cept- = -cap- = -capt- = -ceiv-
perceivable,/pɚ'sivəbl/,adj. 可知觉的，可感知的,-cept- = -cap- = -capt- = -ceiv-
perceived,/pə'siːvd/,adj. 感知到的；感观的,-cept- = -cap- = -capt- = -ceiv-
perceiving,/pə'siːvɪŋ/,n. 感知；熟思型,-cept- = -cap- = -capt- = -ceiv-
perceiver,/pə'siːvə/,n. 感知者,-cept- = -cap- = -capt- = -ceiv-
self-perceived,/self-pə'siːvd/,adj. 自我感知的,-cept- = -cap- = -capt- = -ceiv-
misperceive,/mɪspə'siːv/,vt. 误解；看错,-cept- = -cap- = -capt- = -ceiv-
unperceived,/ʌnpə'siːvd/,adj. 未被察觉的；未被人看见的,-cept- = -cap- = -capt- = -ceiv-
conceive,/kən'siːv/,vt. 怀孕；构思；以为；持有 vi. 怀孕；设想；考虑,-cept- = -cap- = -capt- = -ceiv-
conceivable,/kən'siːvəb(ə)l/,adj. 可能的；想得到的，可想像的,-cept- = -cap- = -capt- = -ceiv-
conceivably,/kən'siːvəblɪ/,adv. 令人信服地；可相信地；想得到地,-cept- = -cap- = -capt- = -ceiv-
inconceivable,/ɪnkən'siːvəb(ə)l/,adj. 不可思议的；难以置信的；不能想象的；非凡的,-cept- = -cap- = -capt- = -ceiv-
inconceivably,"/,inkən'sivəbli/",adv. 不可思议地,-cept- = -cap- = -capt- = -ceiv-
misconceive,/mɪskən'siːv/,vt. 误解 vi. 产生误解,-cept- = -cap- = -capt- = -ceiv-
misconceived,"/,mɪskən'sivd/",adj. 设想错误的,-cept- = -cap- = -capt- = -ceiv-
preconceived,/ˌpriːkənˈsiːvd/,adj. 预想的； （思想或观点）事先形成的,-cept- = -cap- = -capt- = -ceiv-
ill-conceived,/'ilkən'si:vd/,adj. 构想拙劣的；计划不周的,-cept- = -cap- = -capt- = -ceiv-
well-conceived,/wel-'ilkən'si:vd/,adj. 策划周密的,-cept- = -cap- = -capt- = -ceiv-
receive,/rɪ'siːv/,vt. 受理； 欢迎； 承受 vi. 接到， 获得； 接见， 欢迎；[电子学]接收；[橄榄球]接球,-cept- = -cap- = -capt- = -ceiv-
receiver,/rɪ'siːvə/,n. 接收器；接受者；收信机；收款员，接待者,-cept- = -cap- = -capt- = -ceiv-
receiving,/rɪ'si:vɪŋ/,adj. 接受的 n. 接受,-cept- = -cap- = -capt- = -ceiv-
received,/rɪ'siːvd/,adj. 被一般承认的；被认为标准的,-cept- = -cap- = -capt- = -ceiv-
receivable,/rɪ'siːvəb(ə)l/,adj. 可接受的；可信的 n. 应收帐款,-cept- = -cap- = -capt- = -ceiv-
receivership,/rɪ'siːvəʃɪp/,n. [经管] 破产管理；破产管理人的职务；破产在管,-cept- = -cap- = -capt- = -ceiv-
well-received,/wel-rɪ'siːvd/,adj. 受到欢迎的；受到款待的,-cept- = -cap- = -capt- = -ceiv-
deceive,/dɪ'siːv/,v. 欺骗，蒙骗,-cept- = -cap- = -capt- = -ceiv-
deceiver,/dɪ'siːvə/,n. 骗子；欺诈者,-cept- = -cap- = -capt- = -ceiv-
deceived,/dɪ'siːvd/,adj. 被欺骗的,-cept- = -cap- = -capt- = -ceiv-
emancipate,/ɪ'mænsɪpeɪt/,vt. 解放；解脱（疑虑，迷信，偏见等） ,-cept- = -cap- = -capt- = -ceiv-
emancipation,"/ɪ,mænsɪ'peɪʃ(ə)n/",n. （从束缚、支配下）解放；释放,-cept- = -cap- = -capt- = -ceiv-
emanciptator,/ɪ'mænspetɚ/,n. 释放者；解放者,-cept- = -cap- = -capt- = -ceiv-
emancipatory,"/ɪ'mænsəpə,tɔri/",adj. 解放的；有助于解放的,-cept- = -cap- = -capt- = -ceiv-
cassette,/kə'set/,n. 盒式录音带；摄影胶卷暗匣，弹夹；珠宝箱，宝匣,-cept- = -cap- = -capt- = -ceiv-
suitcase,/'suːtkeɪs/,n.（旅行用）手提箱,-cept- = -cap- = -capt- = -ceiv-
showcase,/'ʃəʊkeɪs/,n.（商店或博物馆等的）玻璃柜台，玻璃陈列柜；显示优点的东西； <美俚>应接室,-cept- = -cap- = -capt- = -ceiv-
occupy,/'ɒkjʊpaɪ/,vt. 占领；使用，住在…；使从事，使忙碌；任职,-cept- = -cap- = -capt- = -ceiv-
occupation,/ɒkjʊ'peɪʃ(ə)n/,n. 职业， 工作； 占有， 占领； （土地、 房屋、 建筑等的） 使用,-cept- = -cap- = -capt- = -ceiv-
occupational,/ɒkjʊ'peɪʃ(ə)n(ə)l/,adj. 职业的；军事占领的,-cept- = -cap- = -capt- = -ceiv-
occupant,/'ɒkjʊp(ə)nt/,n. 居住者；占有者,-cept- = -cap- = -capt- = -ceiv-
occupancy,/'ɒkjəpənsɪ/,n. 占有，占领；居住；[物]占有率；占据期间,-cept- = -cap- = -capt- = -ceiv-
occupier,/'ɑkjupaɪɚ/,n. 居住人；占有者；占用者,-cept- = -cap- = -capt- = -ceiv-
occupied,/'ɒkjʊpaɪd/,adj. 已占用的；使用中的；无空闲的,-cept- = -cap- = -capt- = -ceiv-
unoccupied,/ʌn'ɒkjʊpaɪd/,adj. 空的；未被占用的；未被占领的；空闲的,-cept- = -cap- = -capt- = -ceiv-
reoccupy,/riː'ɒkjʊpaɪ/,vt. 再占领；使再从事；收复,-cept- = -cap- = -capt- = -ceiv-
reoccupation,"/'riː,ɒkjʊ'peɪʃən/",n. 再占领；再次任职；收复,-cept- = -cap- = -capt- = -ceiv-
preoccupy,/priː'ɒkjʊpaɪ/,vt. 迷住；使全神贯注,-cept- = -cap- = -capt- = -ceiv-
preoccupied,/priː'ɒkjʊpaɪd/,adj. 全神贯注的；心事重重的；被先占的,-cept- = -cap- = -capt- = -ceiv-
preoccupation,"/prɪ,ɒkjʊ'peɪʃ(ə)n/",n. 全神贯注，入神,-cept- = -cap- = -capt- = -ceiv-
Israeli-occupied,/iz'reili-'ɒkjʊpaɪd/,adj. 以色列占领的,-cept- = -cap- = -capt- = -ceiv-
owner-occupied,/'əunə'ɔkjupaid/,adj. 业主自住的,-cept- = -cap- = -capt- = -ceiv-
high-occupancy,/haɪ-'ɒkjəpənsɪ/,n. 高住 高入住率,-cept- = -cap- = -capt- = -ceiv-
double-occupancy,/'dʌbl'ɔkjupənsi/,adj. 双人房间,-cept- = -cap- = -capt- = -ceiv-
self-preoccupation,"/self-prɪ,ɒkjʊ'peɪʃ(ə)n/",n. 自我关注 自我审视,-cept- = -cap- = -capt- = -ceiv-
recipe,/'resɪpɪ/,n. 烹饪法；食谱,-cept- = -cap- = -capt- = -ceiv-
recipient,/rɪ'sɪpɪənt/,n. 容器，接受者；容纳者 adj. 容易接受的，感受性强的,-cept- = -cap- = -capt- = -ceiv-
recuperate,/rɪ'kuːpəreɪt/,vi. 恢复，复原,-cept- = -cap- = -capt- = -ceiv-
recuperation,/rɪkuːpə'reɪʃ(ə)n/,n. 恢复；复原,-cept- = -cap- = -capt- = -ceiv-
recuperator,"/rɪ'kjʊpə,retɚ/",n. 恢复者；同流换热器,-cept- = -cap- = -capt- = -ceiv-
recuperable,/rɪkuːpə'rəb(ə)l/,adj. 可以复原的,-cept- = -cap- = -capt- = -ceiv-
recuperative,/rɪ'kʊpərətɪv/,adj. 复原的；恢复的；有恢复力的,-cept- = -cap- = -capt- = -ceiv-
sceptical,/'skeptɪk(ə)l/,adj. 怀疑的；不相信的,-cept- = -cap- = -capt- = -ceiv-
deceit,/dɪ'siːt/,n. 欺骗；谎言；欺诈手段,-cept- = -cap- = -capt- = -ceiv-
deceitful,/dɪ'siːtfʊl/,adj. 欺骗的；欺诈的；谎言的；虚伪的,-cept- = -cap- = -capt- = -ceiv-
conceit,/kən'siːt/,n. 自负；幻想；思想，观点；巧妙构思 v. 幻想; 〈古〉理解,-cept- = -cap- = -capt- = -ceiv-
conceited,/kən'siːtɪd/,adj. 自负的；狂想的；逞能的,-cept- = -cap- = -capt- = -ceiv-
anticipate,/æn'tɪsɪpeɪt/,vt. 预期，期望；占先，抢先；提前使用,-cept- = -cap- = -capt- = -ceiv-
anticipation,/æntɪsɪ'peɪʃ(ə)n/,n. 希望；预感；先发制人；预支,-cept- = -cap- = -capt- = -ceiv-
anticipated,"/æn'tɪsə,peɪtɪd/",adj. 预期的；期望的,-cept- = -cap- = -capt- = -ceiv-
anticipatory,"/æn'tɪsɪpə,t(ə)rɪ/",adj. 预期的；提早发生的；期待着的,-cept- = -cap- = -capt- = -ceiv-
unanticipated,"/,ʌnæn'tɪsɪpetɪd/",adj. 意料之外的；不曾预料到的；未预料到的,-cept- = -cap- = -capt- = -ceiv-
much-anticipated,"/mʌtʃ-æn'tɪsə,peɪtɪd/",adj. 万众瞩目的，备受期待的,-cept- = -cap- = -capt- = -ceiv-
long-anticipated,"/lɒŋ-æn'tɪsə,peɪtɪd/",adj. 期待已久的,-cept- = -cap- = -capt- = -ceiv-
transceiver,/træn'siːvə/,n. [通信] 收发器，无线电收发两用机,-cept- = -cap- = -capt- = -ceiv-
municipal,/mjʊ'nɪsɪp(ə)l/,adj. 市政的，市的；地方自治的,-cept- = -cap- = -capt- = -ceiv-
municipality,"/mjʊ,nɪsɪ'pælɪtɪ/",n. 市民；市政当局；自治市或区,-cept- = -cap- = -capt- = -ceiv-
municipally,/mjʊ'nɪsəpli/,adv. 市制上；市政上；依市的规定,-cept- = -cap- = -capt- = -ceiv-
incipient,/ɪn'sɪpɪənt/,adj. 初期的；初始的；起初的；发端的,-cept- = -cap- = -capt- = -ceiv-
cupidity,/kjuː'pɪdɪtɪ/,n. 贪心，贪婪,-cept- = -cap- = -capt- = -ceiv-
concupiscence,/kən'kjuːpɪs(ə)ns/,n. 强烈的邪欲,-cept- = -cap- = -capt- = -ceiv-
desert,/'dezət/,n. 沙漠；荒地 adj. 沙漠的；荒芜的，无人的,-sert-
desertification,/dɪˌzɜ:tɪfɪˈkeɪʃn/,n.（土地的）沙漠化,-sert-
deserted,/dɪ'zɜːtɪd/,adj. （地方）无人居住的；空寂无人的；被抛弃的；被遗弃的,-sert-
deserter,/dɪ'zɜːtə/,n. 逃兵；背弃者；[劳经] 擅离职守者；脱党者,-sert-
desertion,/dɪ'zɜːʃn/,n. 遗弃；开小差；逃亡,-sert-
desert-like,/'dezət-laɪk/,adj. 荒凉的；沙漠般的,-sert-
insert,/ɪn'sɜːt/,n. 添入物（尤指一页印刷品图中插入或套印的小图） ； （书报的）插页；插入物；添加物,-sert-
insertion,/ɪn'sɜːʃ(ə)n/,n. 插入；嵌入；插入物,-sert-
inserted,/ɪn'sɜːtɪd/,adj. 插入的；[生物] 嵌入的；著生的；附着的,-sert-
reinsert,"/,riɪn'sɝt/",vt. 再插入，重新插入,-sert-
reinsertion,/'ri:in'sə:ʃən/,n. [计] 重新插入；[电] 再插入,-sert-
assert,/ə'sɜːt/,vt. 维护，坚持；断言,-sert-
asserted,/ə'sɝtɪd/,adj. 宣称的；声称的,-sert-
assertion,/ə'sɜːʃ(ə)n/,n. 断言，声明；主张，要求；坚持；认定,-sert-
assertive,/ə'sɜːtɪv/,adj. 肯定的；独断的；坚定而自信的,-sert-
assertiveness,/ə'sə:tivnis/,n. 魄力，自信,-sert-
assertively,/ə'sə:tivli/,adv. 独断地；断言地,-sert-
self-assertion,/'selfə'sə:ʃən/,n. 自信；自作主张；一意孤行,-sert-
self-assertive,/selfə'sə:tiv/,adj. 自作主张的，孤行专断的,-sert-
reassert,/riːə'sɜːt/,vt. 重复主张；再断言,-sert-
reassertion,"/,riːə'sɜːʃən/",n. 再主张,-sert-
unassertive,/ʌnə'sɜːtɪv/,adj. 不武断的；谦逊的；不过分自信的,-sert-
non-assertive,/nɔn-ə'sɜːtɪv/,adj. 非断言性的；谦逊温和的,-sert-
dissertation,"/,dɪsə'teɪʃ(ə)n/",n. 论文，专题；学术演讲,-sert-
series,/'sɪəriːz/,n. 系列，连续；[电] 串联,-sert-
exert,/ɪg'zɜːt/,vt. 运用，发挥；施以影响,-sert-
produce,/prə'djuːs/,vt. 制造；出示；引起；[经济学]生利,-duct- = -duc-
producer,/prə'djuːsə/,n. 生产者，制造者；制片人；煤气发生炉；自养有机体,-duct- = -duc-
producing,/prə'djuːsɪŋ/,adj. 生产的 n. 生产；制片,-duct- = -duc-
produced,/prəʊ'djuːst/,adj. 引长的；畸形地伸长的,-duct- = -duc-
product,/'prɒdʌkt/,n. 产品；结果；乘积；作品,-duct- = -duc-
production,/prə'dʌkʃ(ə)n/,n. 生产，制作；产品；产量；夸张的行动或形象，小题大做,-duct- = -duc-
productive,/prəu'dʌktiv/,adj. 富有成效的；多产的；生产性的；具有创造性的,-duct- = -duc-
productively,/prə'dʌktɪvli/,adv. 有结果地；有成果地；多产地,-duct- = -duc-
productivity,/prɒdʌk'tɪvɪtɪ/,n. 生产率，生产力；[经济学]生产率；[生态学]生产率,-duct- = -duc-
reproduce,/riːprə'djuːs/,vt. & vi. 复制，重现，再版；生殖，繁殖,-duct- = -duc-
reproduction,/riːprə'dʌkʃ(ə)n/,n. 繁殖，生殖；再生产，再现，[心]再生作用；复制品,-duct- = -duc-
reproductive,"/,riːprə'dʌktɪv/",adj. 生殖的；再生的；复制的,-duct- = -duc-
reproducible,"/,riprə'djʊsəbl/",adj. 可再生的；可繁殖的；可复写的,-duct- = -duc-
reproducibility,"/riprə,dju:sə'biliti/",n. 重复能力，再现性；可复演性；可重现性,-duct- = -duc-
reproduced,/riːprə'djuːst/,adj. 再生的；重制的,-duct- = -duc-
reproducer,"/,riprə'djʊsɚ/",n. 扬声器；复制程序；再生器,-duct- = -duc-
nonreproductive,"/'nɒn,riːprə'dʌktɪv/",adj. 无生殖力的；adj. 无生殖力的,-duct- = -duc-
counterproductive,"/,kaʊntəprə'dʌktɪv/",adj. 反生产的；使达不到预期目标的,-duct- = -duc-
preproduction,/'priːprə'dʌkʃən/,n. 试制，试验性生产,-duct- = -duc-
unproductive,/ʌnprə'dʌktɪv/,adj. 非生产性的；徒劳的；不毛的；不生产的,-duct- = -duc-
overproduce,/əʊvəprə'djuːs/,vt. 过度生产 vi. 过度生产,-duct- = -duc-
overproduction,"/,ovɚprə'dʌkʃən/",n. 生产过剩；过度产生,-duct- = -duc-
by-product,"/'baɪ,prɑdəkt/",n. 副产品；附带产生的结果；意外收获,-duct- = -duc-
mass-produced,"/,mæsprə'dju:st/",adj. 大量生产的，大批生产的,-duct- = -duc-
co-producer,/kəu-prə'djuːsə/,n. 联合制片,-duct- = -duc-
co-production,/kəu-prə'dʌkʃ(ə)n/,n. 合作生产；副产品生产；合拍片,-duct- = -duc-
oil-producing,/'ɔilprə'dju:siŋ/,adj. 产(石)油的,-duct- = -duc-
non-productive,/ˌnɒnprəˈdʌktɪv/,adj. (工人)非生产性的,-duct- = -duc-
new-product,/njuː-'prɒdʌkt/,n. 新产品,-duct- = -duc-
pre-production,"/,pri'prə'dʌkʃən/",n. 前期制作,-duct- = -duc-
writer-producer,/'raɪtə-prə'djuːsə/,n. 编剧兼制片人,-duct- = -duc-
revenue-producing,/'revənjuː-prə'djuːsɪŋ/,adj. 能生产收益的,-duct- = -duc-
post-production,/ˌpəʊstprəˈdʌkʃən/,n. (电影或电视)后期制作,-duct- = -duc-
limited-production,/'lɪmɪtɪd-prəˈdʌkʃən/,n. 有限生产；小批生产,-duct- = -duc-
self-produced,/'selfprəu'dju:st/,adj. 自己生产的，自产的；自身产生的，自生的,-duct- = -duc-
low-productivity,/ləʊ-prɒdʌk'tɪvɪtɪ/,n. 低生产力，低生产率,-duct- = -duc-
energy-producing,/'enədʒɪ-prə'djuːsɪŋ/,adj. 产生能量的,-duct- = -duc-
end-product,/end-'prɒdʌkt/,n. 最终产品,-duct- = -duc-
insulin-producing,/'ɪnsjʊlɪn-prə'djuːsɪŋ/,n. 胰岛素分泌,-duct- = -duc-
heat-producing,/hiːt-prə'djuːsɪŋ/,adj. 产生热量的 发热的 产生热量的，放热的,-duct- = -duc-
conduct,/'kɒndʌkt/,vi. 导电； 带领 vt. 管理； 引导； 表现 n. 进行； 行为； 实施,-duct- = -duc-
conductor,/kən'dʌktə/,n. <电>导体；售票员； （乐队）指挥；导管（套管的一种）,-duct- = -duc-
misconduct,"/,miskən'dʌktə/",n. 行为不正，不规矩；处理不当； （尤指官吏等的）胡作非为，渎职,-duct- = -duc-
semiconductor,"/,semikən'dʌktə/",n. 半导体,-duct- = -duc-
conduce,/kən'djuːs/,vi. 导致；有益，有贡献于,-duct- = -duc-
conduction,/kən'dʌkʃ(ə)n/,n.（热、电等的）传导，导热，导电；传导率；传导性；电导,-duct- = -duc-
conducive,/kən'djuːsɪv/,adj. 有益的；有助于…的,-duct- = -duc-
conductive,/kən'dʌktɪv/,adj. 传导的；传导性的；有传导力的,-duct- = -duc-
conductivity,/kɒndʌk'tɪvɪtɪ/,n. 导电性；[物][生理] 传导性,-duct- = -duc-
conducting,/kən'dʌktɪŋ/,adj. [物] 传导的 n. 指挥；执行；传导,-duct- = -duc-
conductance,/kən'dʌkt(ə)ns/,n. [电] 电导；导率；电导系数,-duct- = -duc-
air-conduction,/eə-kən'dʌkʃ(ə)n/,n. 气传导,-duct- = -duc-
superconductor,/'supɚkəndʌktɚ/,n. [低温] 超导体,-duct- = -duc-
superconducting,"/'sjʊpəkən,dʌktɪŋ/",adj. [低温] 超导的,-duct- = -duc-
superconductive,"/,sʊpɚkən'dʌktɪv/",adj. 超电导的；超传导现象的,-duct- = -duc-
superconductivity,"/,suːpəkɒndʌk'tɪvɪtɪ/",n. 超导电性,-duct- = -duc-
educate,/'edjʊkeɪt/,vt. 教育；培养；训练,-duct- = -duc-
education,"/,edju:'keiʃən/",n. 教育,-duct- = -duc-
educational,/edʒʊ'keɪʃən(ə)l/,adj. 教育的；有教育意义的,-duct- = -duc-
educationally,"/,edju'keiʃənəli/",adv. 教育上地,-duct- = -duc-
educable,/'edju(:)kəbl/,adj. 可教育的,-duct- = -duc-
educator,/'edʒʊkeɪtə/,n. 教育家；教育工作者；教师,-duct- = -duc-
educated,/'edjʊkeɪtɪd/,adj. 受过教育的；有教养的,-duct- = -duc-
uneducated,/ʌn'edjʊkeɪtɪd/,adj. 无知的；未受教育的,-duct- = -duc-
educative,/'edʒʊkətɪv/,adj. 教育的，教育上的,-duct- = -duc-
educationist,"/,edjuː'keɪʃənɪst/",n. 教育家；教育理论家,-duct- = -duc-
coeducation,"/'kəʊ,edjuːkeɪʃən/",n. 男女同校,-duct- = -duc-
coeducational,"/,koɛdʒə'keʃənl/",adj. 男女合校的,-duct- = -duc-
well-educated,/'wɛl'ɛdʒʊketɪd/,adj. 受过良好教育的,-duct- = -duc-
re-education,"/ri:,edju'keiʃən/",n. 再教育；再培训,-duct- = -duc-
college-educated,/'kɒlɪdʒ-ɛdʒʊketɪd/,adj. 受过大学教育的,-duct- = -duc-
special-education,/'speʃ(ə)l-edju'keiʃən/,n. (对弱智、残疾或天才儿童等的)特殊教育,-duct- = -duc-
re-educate,/riː'edjʊkeɪt/,vt. 再教育,-duct- = -duc-
higher-education,/ˈhaɪə(r)-'ɛdʒʊketɪd/,n. 高等教育（指含大学以上的教育）,-duct- = -duc-
psychoeducational,"/'psaɪkəʊ,edjuː'keɪʃənəl/",adj. 心理学教育的（评价学习能力等用智力测验等）,-duct- = -duc-
better-educated,/'betə-'edjʊkeɪtɪd/,adj. 得到更好教育的，教育程度更高的,-duct- = -duc-
undereducated,/ʌndər'edjʊkeɪtɪd/,adj. 受教育不足的；未受良好教育的,-duct- = -duc-
teacher-education,/'tiːtʃə-'ɛdʒʊketɪd/,n. 教师教育；师范教育,-duct- = -duc-
miseducation,"/'mis,edju:keiʃən/",n. 错误教育,-duct- = -duc-
self-educated,/'self'edju:keitid/,adj. 自修的，自学的；自我教育的,-duct- = -duc-
self-education,"/'self,edju:'keiʃən/",n. 自我教育；自修,-duct- = -duc-
paraeducator,/'pærə-'edʒʊkeɪtə/,n. 助教,-duct- = -duc-
less-educated,/les-'edju:keitid/,adj. 接受更少教育的,-duct- = -duc-
sex-education,"/seks,edju:'keiʃən/",n. 性教育,-duct- = -duc-
public-education,/'pʌblɪk-edʒʊˈkeɪʃn/,n. 公共教育；学校教育；大众宣传,-duct- = -duc-
physical-education,/'fɪzɪk(ə)l-edʒʊˈkeɪʃn/,n. 体育课；体育教育,-duct- = -duc-
adult-education,/'ædʌlt-edʒʊˈkeɪʃn/,n. 成人教育,-duct- = -duc-
continuing-education,/kən'tɪnjʊɪŋ-edʒʊˈkeɪʃn/,n. 继续教育；成人教育,-duct- = -duc-
over-educate,"/,əʊvər'edjuːkeɪt/",vt. 使接受过多教育,-duct- = -duc-
university-educated,/juːnɪ'vɜːsɪtɪ-'edju:keitid/,adj. 受过大学教育的,-duct- = -duc-
general-education,/'dʒen(ə)r(ə)l-edʒʊˈkeɪʃn/,n. 普通教育,-duct- = -duc-
reduce,/rɪ'djuːs/,vt. 减少，缩减,-duct- = -duc-
reducer,/rɪ'djuːsə/,n. [助剂] 还原剂；减径管,-duct- = -duc-
reduction,/ri'dʌkʃən/,n. 减少；降低；[数学]约简；[摄影术]减薄,-duct- = -duc-
reductor,/ri'dʌktə/,n. 减速器，减压器，还原器,-duct- = -duc-
reductive,/rɪ'dʌktɪv/,adj. 还原的；减少的 n. [助剂] 还原剂,-duct- = -duc-
reducing,/rɪ'dʊsɪŋ/,n. 减低；减轻体重法，减肥法,-duct- = -duc-
reduced,/rɪ'djuːst/,adj. 减少的；[数] 简化的；缩减的,-duct- = -duc-
reducible,/rɪ'dusəbl/,adj. [数] 可约的，可化简的；可还原的；可缩小的,-duct- = -duc-
irreducible,/ɪrɪ'djuːsɪb(ə)l/,adj. [数] 不可约的；不能削减的；不能复归的,-duct- = -duc-
irreducibly,"/,iri'dju:səbli/",adv. 不能减少地；不能简化地,-duct- = -duc-
reduced-fat,/rɪ'djuːst-fæt/,n. 减脂,-duct- = -duc-
reductionism,/rɪ'dʌkʃ(ə)nɪz(ə)m/,n. 还原论；简化论,-duct- = -duc-
reductionist,/rɪ'dʌkʃənɪst/,adj. 简化（法）的；分解成简单部分的 n. 还原论者；简化论,-duct- = -duc-
reductionistic,/rɪ'dʌkʃənɪstɪk/,n. 还原论；简化论；还原论者,-duct- = -duc-
deficit-reduction,/'defɪsɪt-rɪ'dʌkʃ(ə)n/,n. 赤字减少,-duct- = -duc-
reduced-price,/rɪ'djuːst-praɪs/,n. 降低价格；[物价] 处理价格,-duct- = -duc-
reductase,/rɪ'dʌkteɪz/,n. [生化] 还原酶,-duct- = -duc-
stress-reduction,/stress-rɪ'dʌkʃ(ə)n/,n. 应力减低,-duct- = -duc-
risk-reduction,/rɪsk-rɪ'dʌkʃ(ə)n/,n. [经]降低风险；风险降低,-duct- = -duc-
harm-reduction,/hɑːm-rɪ'dʌkʃ(ə)n/,n. 减少危害,-duct- = -duc-
stress-reducing,/stress-rɪ'dʊsɪŋ/,adj. 减轻压力的,-duct- = -duc-
weight-reduction,/weɪt-rɪ'dʌkʃ(ə)n/,n. 减重,-duct- = -duc-
noise-reduction,/nɔɪz-rɪ'dʌkʃ(ə)n/,n. [环境][电子]噪声降低，噪声消减,-duct- = -duc-
risk-reducing,/rɪsk-rɪ'dʊsɪŋ/,n. 抗风险,-duct- = -duc-
introduce,"/,intrə'dju:s/",vt. 提出；介绍；引进；作为…的开头,-duct- = -duc-
introduced,"/,intrə'dju:sd/",adj. 引进的；引种的,-duct- = -duc-
introduction,"/,intrə'dʌkʃən/",n. 介绍；引进；采用；入门；传入,-duct- = -duc-
introductory,"/,intrə'dʌktəri/",adj. 引导的，介绍的，导言的；开端的；序,-duct- = -duc-
reintroduce,"/'ri:,intrə'dju:s/",vt. 再引入；再提出；再介绍,-duct- = -duc-
reintroduction,"/,riɪntrə'dʌkʃən/",n. 再介绍；再引入,-duct- = -duc-
deduce,/dɪ'djuːs/,vt. 推论，推断；演绎出,-duct- = -duc-
deduct,/dɪ'dʌkt/,vt. 扣除，减去；演绎,-duct- = -duc-
deduction,/dɪ'dʌkʃ(ə)n/,n. 推理；推断,-duct- = -duc-
deductive,/dɪ'dʌktɪv/,adj. 演绎的；推论的；推断的,-duct- = -duc-
deductible,/dɪ'dʌktɪb(ə)l/,adj. 可扣除的；可减免的,-duct- = -duc-
deductibility,"/di,dʌktə'biləti/",n. 可抵扣程度；可演绎,-duct- = -duc-
tax-deductible,/'tæksdi'dʌktəbl/,adj. 可免税的,-duct- = -duc-
non-deductible,"/,nɑndɪ'dʌktəbəl/",adj. 不可扣除的,-duct- = -duc-
abduct,/əb'dʌkt/,vt. 诱拐，绑架，劫持,-duct- = -duc-
abduction,/æb'dʌkʃən/,n. 诱拐，动持,-duct- = -duc-
abductor,/æ b'dʌktə/,n. 诱拐者，拐子,-duct- = -duc-
abductee,"/,æbdʌk'ti:/",n. 被绑架者,-duct- = -duc-
seduce,/si'dju:s/,vt. 诱惑，诱使…堕落，勾引,-duct- = -duc-
seducer,/si'dju:sə/,n. 引诱者，勾引者,-duct- = -duc-
seduction,/si'dʌkʃən/,n. 勾引，诱惑,-duct- = -duc-
seductive,/sɪ'dʌktɪv/,adj. 有魅力的；性感的；引人注意的,-duct- = -duc-
seductively,/sɪ'dʌktɪv/,adv. 诱惑地；勾引地,-duct- = -duc-
seductress,/sɪ'dʌktrɪs/,n. 勾引男人的女子；富有魅力的女子,-duct- = -duc-
seductiveness,/sɪ'dʌktɪv/,n. 富有魅力；有诱惑力,-duct- = -duc-
induct,/ɪn'dʌkt/,vt. 引导；感应；使…就职；征召入伍,-duct- = -duc-
induce,/in'dju:s/,vt. 引诱，诱使，诱导,-duct- = -duc-
inducer,/in'dju:sə/,n. 引诱者，诱导者,-duct- = -duc-
inducement,/in'dju:smənt/,n. 引诱，劝诱,-duct- = -duc-
inductance,/ɪn'dʌkt(ə)ns/,n. 电感；感应系数；自感应,-duct- = -duc-
induction,/ɪn'dʌkʃ(ə)n/,n. [电磁] 感应；归纳法；感应现象；入门培训，入职仪式，就职；诱导,-duct- = -duc-
inductive,/ɪn'dʌktɪv/,adj. [数] 归纳的；[电] 感应的；诱导的,-duct- = -duc-
induced,/ɪn'djuːst/,adj. 感应的；诱发型,-duct- = -duc-
inductee,"/,ɪndʌk'tiː/",n. 应召入伍的士兵；就任者,-duct- = -duc-
drug-induced,/drʌg-ɪn'djuːst/,adj. 药物引起的,-duct- = -duc-
self-induced,/'selfin'dju:st/,adj. 自感应的；自诱导的,-duct- = -duc-
exercise-induced,/'eksəsaɪz-in'dju:st/,adj. 运动诱导的 动诱发室速 运动性 运动诱发,-duct- = -duc-
noise-induced,/nɔɪz-ɪn'djuːst/,adj. [生物物理] 噪声诱发的,-duct- = -duc-
alcohol-induced,/'ælkəhɒl-ɪn'djuːst/,n. 醇诱导效应,-duct- = -duc-
educe,/i:'dju:s/,vt. 引出; 唤起或开发出（潜能）；推断（出）；从数据中演绎（出）,-duct- = -duc-
educible,/i:'dju:səbl/,adj. 可引出的，可推断出的,-duct- = -duc-
duct,/dʌkt/,n. 输送管，导管 vt. 用导管输送；以导管封住,-duct- = -duc-
ductwork,"/'dʌkt,wɝk/",n. 管道系统,-duct- = -duc-
ductal,/dʌktɑːl/,adj. 管的；导管的,-duct- = -duc-
ductile,/'dʌktaɪl/,adj. 柔软的；易教导的；易延展的,-duct- = -duc-
duct-taped,/dʌkt-teɪp/,n. 牛皮胶布；布基胶带；管带,-duct- = -duc-
ductility,/dʌk'tɪlətɪ/,n. 延展性；柔软性；顺从,-duct- = -duc-
adduce,/ə'djuːs/,vt. 举出；引证,-duct- = -duc-
adductor,/ə'dʌktɚ/,n. [解剖] 内收肌；内转肌,-duct- = -duc-
adduction,/ə'dʌkʃən/,n. 引用，引证；内转；内收作用,-duct- = -duc-
transduce,/trænz'djuːs/,vt. 将从一种形态改变为另一形态；转换（信号等）,-duct- = -duc-
transducer,/trænz'djuːsə/,n. [自] 传感器，[电子] 变换器，[电子] 换能器,-duct- = -duc-
transduction,/trænz'dʌkʃən/,n. [遗] 转导；转换；换能；变频,-duct- = -duc-
aqueduct,/'ækwidʌkt/,n. 导水管，引水渠，沟渠，高架渠,-duct- = -duc-
ventiduct,/'ventidʌkt/,n. 通风管，通风道,-duct- = -duc-
experience,/ɪkˈspɪərɪəns/,n. 经验；经历；体验 vt. 经验；经历；体验,-peri- = -pert-
experienced,/ɪk'spɪərɪənst/,adj. 老练的，熟练的；富有经验的,-peri- = -pert-
inexperience,/ɪnɪk'spɪərɪəns/,n. 缺乏经验；无经验；不熟练,-peri- = -pert-
inexperienced,"/,ɪnɪk'spɪrɪənst/",adj. 无经验的；不熟练的,-peri- = -pert-
experiential,"/ɪk,spɪərɪ'entʃ(ə)l/",adj. 经验的；经验上的；根据经验的,-peri- = -pert-
experiencer,/ik'spiəriənsə/,n. 经验者；感受者,-peri- = -pert-
experience-based,/ɪkˈspɪərɪəns-beɪst/,adj. 基于经验的,-peri- = -pert-
less-experienced,/les-ɪk'spɪərɪənst/,adj. 缺乏经验的,-peri- = -pert-
experiment,/ɪk'sperɪm(ə)nt/,vi. 尝试；进行实验 n. 实验，试验；尝试,-peri- = -pert-
experimenter,"/ɪk'spɛrə,mɛntɚ/",n. 实验者，试验者,-peri- = -pert-
experimentation,"/ɪk,sperɪmen'teɪʃən/",n. 实验；试验；实验法；实验过程,-peri- = -pert-
experimental,"/ɪk,sperɪ'ment(ə)l/",adj. 实验的；根据实验的；试验性的,-peri- = -pert-
experimentally,"/ɪk,spɛrə'mɛntli/",adv. 实验上；用实验方法；实验式地,-peri- = -pert-
experimentalist,"/ɛk,spɛrɪ'mɛntəlɪst/",n. 实验主义者；经验主义者；实验者,-peri- = -pert-
quasi-experimental,"/'kweizai-ɪk,sperɪ'ment(ə)l/",adj. 类实验性的；准实验的,-peri- = -pert-
experimentalism,"/ɪk,sperɪ'mentəlɪzəm/",n. 经验主义,-peri- = -pert-
nonexperimental,"/nɒn-ɪk,sperɪ'ment(ə)l/",n. 非实验,-peri- = -pert-
pre-experimental,"/pri-ɪk,sperɪ'ment(ə)l/",n. 前实验,-peri- = -pert-
expert,/'ekspɜːt/,adj. 熟练的； 内行的 n. 专家； 行家 vt. 当专家； 在…中当行家,-peri- = -pert-
expertly,/'ɛkspɚtli/,adv. 熟练地；巧妙地,-peri- = -pert-
expertise,"/,ekspɜː/",n. 专门知识；专门技术；专家的意见,-peri- = -pert-
inexpert,/ɪn'ekspɜːt/,n. 生手 adj. 不熟练的,-peri- = -pert-
inexpertly,/in'ekspə:tli/,adv. 外行地；不熟练地,-peri- = -pert-
peril,/'perɪl/,n. 危险；冒险 vt. 危及；置…于险境,-peri- = -pert-
perilously,/'periləsli/,adv. 危机四伏地；充满危险地,-peri- = -pert-
imperil,/ɪm'perɪl/,vt. 危及；使陷于危险,-peri- = -pert-
scene,/siːn/,n. 景色；风景；活动领域；场景；场面,-scen-
scenery,/'siːn(ə)rɪ/,n. 风景；景色,-scen-
scenic,/'siːnɪk/,adj. 风景优美的；舞台的；戏剧 n. 风景胜地；风景照片,-scen-
scenario,/sɪ'nɑːrɪəʊ/,n. 方案；情节；剧本；设想,-scen-
behind-the-scenes,/bi'haindðə'si:nz/,adj. 幕后的,-scen-
crime-scene,/kraɪm-siːn/,n. 犯罪现场,-scen-
on-scene,/'ɔnsin/,n. 发生事情的地点 adj. 现场的,-scen-
scene-stealing,/'si:nsti:l/,vi. 抢镜头，抢戏(常与 from 连用),-scen-
anti-obscenity,"/,æntiɔb'si:nəti/",adj. 反淫秽的，反猥亵的，限制(或防止)猥亵材料传播的,-scen-
on-the-scene,/'ɔnðə'si:n/,adj. 现场的，当场的,-scen-
obscene,/əb'siːn/,adj. 淫秽的；猥亵的；可憎的,-scen-
obscenity,/əb'senɪtɪ/,n. 猥亵，淫秽；猥亵的言语（或行为）,-scen-
obscenely,/əb'si:nli/,adv. 下流地；淫秽地,-scen-
journey,/'dʒɜːnɪ/,n. 旅程,-journ-
journeyman,/'dʒɜːnɪmən/,n. [劳经] 熟练工人；短工；学徒期满的职工,-journ-
journal,/'dʒɜːn(ə)l/,n. 杂志；学报；期刊,-journ-
journaling,/'dʒə:nliŋ/,n. 日志；注册；登记,-journ-
journalism,/'dʒɜːn(ə)lɪz(ə)m/,n. 新闻业；新闻工作,-journ-
journalist,/'dʒɜːn(ə)lɪst/,n. 记者,-journ-
journalistic,"/,dʒɜːnə'lɪstɪk/",adj. 新闻业的，新闻工作者的,-journ-
journalistically,"/,dʒɜːnə'lɪstɪkli/",adv. 报刊地,-journ-
photojournalist,"/,fəu,təu'dʒɛnəlist/",n. 新闻摄影记者,-journ-
photojournalism,/fəʊtəʊ'dʒɜːn(ə)lɪz(ə)m/,n. 摄影报道，摄影新闻工作,-journ-
journalize,/'dʒɜːn(ə)laɪz/,vt. 写入日记，记入流水帐,-journ-
journalese,"/,dʒɜːnə'liːz/",n. 新闻文体；新闻笔调,-journ-
adjourn,/ə'dʒɜːn/,vi. 休会；延期；换地方 vt. 推迟；使…中止；使…延期,-journ-
adjournment,/ə'dʒɜːnm(ə)nt/,n. 休会，延期；休会期间,-journ-
sojourn,/'sɒdʒɜːn/,n. 逗留；旅居 vi. 逗留；旅居,-journ-
sojourner,/'sʌdʒɝnɚ/,n. 寄居者；旅居者,-journ-
circus,/'sɜːkəs/,n. 马戏团,-circ- = -cycl-
circularity,"/,sə:kju'lærəti/",n. 圆形性，环行性，圆，迂回,-circ- = -cycl-
circular,/'sɜːkjʊlə/,adj. 圆形的,-circ- = -cycl-
circularly,/'sɚkjəlɚli/,adv. 循环地；圆地,-circ- = -cycl-
circulatory,"/,sə:kju'leitəri/",adj. 循环的（指血液） ，循环上的,-circ- = -cycl-
circulation,"/,sə:kju'leiʃən/",n. 循环，环流，流通，流传,-circ- = -cycl-
noncircular,/nɒn'sɜːkjʊlə/,adj. 非圆形的,-circ- = -cycl-
semicircular,"/,sɛmaɪ'sɝkjʊlɚ/",adj. 半圆的,-circ- = -cycl-
circulate,/'sɜːkjʊleɪt/,vt. & vi.（使）循环；（使）流通；（使）流传；散布,-circ- = -cycl-
circulating,"/'sɝkjə,letɪŋ/",adj. 循环的；流通的,-circ- = -cycl-
circulator,/'sɜːkjʊleɪtə/,n. 传播者；循环器；循环小数,-circ- = -cycl-
mass-circulation,/mæs-sɜːkjʊ'leɪʃ(ə)n/,n. 大批量发行,-circ- = -cycl-
recirculate,/riː'sɜːkjʊleɪt/,vt. 再流通；再通行,-circ- = -cycl-
recirculation,"/rɪ,sɝkjə'leʃən/",n. 再循环，信息再循环；再流通,-circ- = -cycl-
recirculating,/riː'sɜːkjʊleɪtɪŋ/,adj. 再循环的；回路的,-circ- = -cycl-
recirculated,/riː'sɜːkjʊleɪtɪd/,adj. 再循环的,-circ- = -cycl-
circle,/'sə:kl/,n. 圆，圈，环状物,-circ- = -cycl-
circling,/'sɜ:klɪŋ/,n. 环骑,-circ- = -cycl-
circled,/'sɜːkld/,adj. 包围的，圆圈的,-circ- = -cycl-
semicircle,/'semɪsɜːkl/,n. 半圆,-circ- = -cycl-
encircle,/in'sə:kl/,vt. 包围，绕…行一周,-circ- = -cycl-
encircled,/ɪn'sɝrkld/,adj. 环绕的,-circ- = -cycl-
encirclement,/ɪn'sɝklmənt/,n. 包围；环绕,-circ- = -cycl-
circlet,/'sə:klit/,n. 小圈，小环,-circ- = -cycl-
circuit,/'sɜːkɪt/,n. 电路，线路；巡回；唤醒，环形道； 〔电〕电流 vt. 巡回，周游,-circ- = -cycl-
circuity,/sə'kju:iti/,n.（说话等的）转弯抹角，绕圈子,-circ- = -cycl-
circuitry,/'sɜːkɪtrɪ/,n. 电路；电路系统；电路学；一环路,-circ- = -cycl-
circuitous,/sə'kju:itəs/,adj. 迂回的，绕行的,-circ- = -cycl-
circuitously,/sə'kju:itəsli/,adv. 迂回地；曲折地,-circ- = -cycl-
closed-circuit,"/'kləuzd,sə:kit/",adj. 闭路式的,-circ- = -cycl-
short-circuited,"/,ʃɔ:t'sə:kitid/",adj. 发生短路的,-circ- = -cycl-
circumvent,/sɜːkəm'vent/,vt. 包围；智取；绕行，规避,-circ- = -cycl-
circumvention,"/,sɝkəm'vɛnʃən/",n. 规避；陷害；绕行,-circ- = -cycl-
circumference,/sə'kʌmf(ə)r(ə)ns/,n. 圆周；周长；胸围,-circ- = -cycl-
circumferential,"/sə,kʌmfə'renʃəl/",adj. 圆周的,-circ- = -cycl-
circumcise,/'sɜːkəmsaɪz/,vt. 割包皮；割除阴蒂；除去邪念,-circ- = -cycl-
circumcision,/sɜːkəm'sɪʒ(ə)n/,n. 割礼；净心；[外科] 包皮环割术,-circ- = -cycl-
uncircumcised,/ʌn'sɜːkəmsaɪzd/,adj. 未受割礼的；异邦人的；非犹太人的,-circ- = -cycl-
circumnavigate,/sɜːkəm'nævɪgeɪt/,vt. 环航,-circ- = -cycl-
circumnavigation,"/,sə:kəm,nævi'geiʃn/",n. 世界一周旅行；周游世界,-circ- = -cycl-
circumpolar,/sɜːkəm'pəʊlə/,adj. 极地附近的；天极附近的 n. 周极星；拱极星,-circ- = -cycl-
circumstellar,"/,sɜːkəm'stelə/",adj. 环绕恒星的,-circ- = -cycl-
circumlocution,"/,sɜːkəmlə'kjuːʃ(ə)n/",n. 婉转曲折的说法，累赘的陈述；遁辞,-circ- = -cycl-
circumflex,/'sɜːkəmfleks/,adj. 弯曲的；有声调符号的 n. 抑扬符号；长音符号,-circ- = -cycl-
circadian,/s ɜː'keɪdɪən/,adj. 生理节奏的（指与地球二十四小时运转联系的新陈代谢、内分泌作用及睡眠等节,-circ- = -cycl-
cycle,/'saɪk(ə)l/,n. 循环，周期；自行车；时代，一段时间；整套 vi. 周而复始，循环；骑自行车；轮转,-circ- = -cycl-
cycling,/ˈsaɪklɪŋ/,n. 骑脚踏车兜风，骑脚踏车消遣,-circ- = -cycl-
cyclist,/ˈsaɪklɪst/,n. 骑自行车（脚踏车）的人,-circ- = -cycl-
cyclo,/'si:kləʊ/,n. 出租机动三轮车，三轮人力车，三轮车,-circ- = -cycl-
epicycle,/'epɪsaɪkl/,n. 本轮，周转圆,-circ- = -cycl-
two-cycle,/'tu:s'aɪkl/,n. 二冲程,-circ- = -cycl-
four-cycle,/'fɔ:rs'aɪkl/,n. 四冲程循环,-circ- = -cycl-
deep-cycle,/di:p-ˈsaɪkl/,n. 深循环,-circ- = -cycl-
cycle-time,/ˈsaɪkl-taɪm/,n. 采集周期,-circ- = -cycl-
bicycle,/'baisikl/,n. 自行车；脚踏车 v. 骑自行车,-circ- = -cycl-
bicyclist,/ˈbaɪsɪklɪst/,n. 骑自行车的人,-circ- = -cycl-
bicycling,/'baisiklɪŋ/,n. 骑自行车,-circ- = -cycl-
tricycle,/'traɪsɪk(ə)l/,n. 三轮脚踏车,-circ- = -cycl-
tricyclic,/traɪ'saɪklɪk/,adj. 三环的，三轮列的,-circ- = -cycl-
recycle,/riː'saɪk(ə)l/,vt. 回收利用；使再循环 vi. 重复利用,-circ- = -cycl-
recycler,/ri:'saɪklə/,n. 反复循环器,-circ- = -cycl-
recycling,/ˌri:'saɪklɪŋ/,n. 再循环,-circ- = -cycl-
recyclable,/ˌri:ˈsaɪkləbl/,adj. 可循环再用的,-circ- = -cycl-
recyclability,/ri:sɪklə'bɪlɪtɪ/,n. [电] 再循环能力,-circ- = -cycl-
unicycle,/'ju:nisaikl/,n. 独轮脚踏车,-circ- = -cycl-
autocycle,/'ɔ:təusaikl/,n. 摩托车，机器脚踏车,-circ- = -cycl-
hemicycle,"/'hemi,saikl/",n. 半圆形，半圆形结构,-circ- = -cycl-
cyclic,/ˈsaɪklɪk/,adj. 周期的，循环的；轮转的,-circ- = -cycl-
cyclical,/'saiklikəl/,adj. 周期的，循环的，轮转的,-circ- = -cycl-
cyclically,/'saiklikəli/,adv. 循环地; 周期地,-circ- = -cycl-
polycyclic,/pɒlɪ'saɪklɪk/,adj. 多轮的；多环,-circ- = -cycl-
heterocyclic,/ˌhetərə'saɪklɪk/,adj. 杂环的，不同环式的,-circ- = -cycl-
counter-cyclical,/ˈkaʊntə(r)-'saiklikəl/,adj. 反周期的,-circ- = -cycl-
cyclone,/'saikləun/,n. 旋风，气旋,-circ- = -cycl-
cyclonic,/saɪ'klɒnɪk/,adj. 气旋的，飓风的,-circ- = -cycl-
encyclical,/ɪnˈsɪklɪkl/,n. 罗马教皇的通谕 adj. 传阅的，通谕的,-circ- = -cycl-
encyclopedia,/ɪnˌsaɪklə'pi:dɪə/,n. 百科全书,-circ- = -cycl-
encyclopedic,/ɪnˌsaɪkləˈpi:dɪk/,adj. 百科全书般的，学识渊博的；百科全书的,-circ- = -cycl-
encyclopaedia,/enˌsaɪkləʊ'pi:djə/,n. 百科全书，大全,-circ- = -cycl-
encyclopaedic,"/en,saikləu'pi:dik/",adj. 百科全书的,-circ- = -cycl-
cyclometer,/sai'klɔmitə/,n. 圆弧测定器，车轮转数记录器,-circ- = -cycl-
cyclograph,/'saikləuɡrɑ:f/,n. 圆弧规,-circ- = -cycl-
tetracycline,"/,tetrə'saiklain/",n. 四环素,-circ- = -cycl-
doxycycline,/dɒksɪ'saɪklɪn/,n. 多西环素,-circ- = -cycl-
cyclamen,/ˈsɪkləmən/,n. 樱草属植物,-circ- = -cycl-
cyclorama,/ˌsaɪklə'ræmə/,n. 圆形幻画，大风景画幕,-circ- = -cycl-
cyclotron,/ˈsaɪkləʊtrɒn/,n. 回旋加速器,-circ- = -cycl-
cyclops,/ˈsaɪklɒps/,n.（古希腊神话中的）库克罗普斯，独眼巨人,-circ- = -cycl-
cyclopean,/sai'kləupjən/,adj. 巨大的；巨石式的 n. 乱石堆,-circ- = -cycl-
cyclophosphamide,"/,saɪklə'fɑsfə,maɪd/",n. [药] 环磷酰胺,-circ- = -cycl-
acyclovir,/eɪˈsaɪkləvɪə(r)/,n. 无环鸟苷，开糖环鸟苷，羟乙氧甲鸟嘌呤（抗病毒药）,-circ- = -cycl-
part,/pɑːt/,n. 部分；角色；零件 vt. 分离；分配；分开,-part-
partly,/'pɑːtlɪ/,adv. 部分地；在一定程度上,-part-
parting,/'pɑːtɪŋ/,n. 分手；分离；分界点 adj. 离别的；分开的；逝去的,-part-
subpart,/sʌbpɑːt/,n. 子部件,-part-
parted,/'pɑːtɪd/,adj. 分开的,-part-
auto-parts,/'ɔːtəʊ-pɑːts/,n. 汽车配件；汽车零件,-part-
spare-parts,/speə-pɑːts/,n. 备品；备用配件,-part-
two-part,/'tu:pɑ:t/,n. 三分之二,-part-
four-part,"/'fɔ:,pɑ:t/",adj. 四声部的；合唱的,-part-
part-owner,/pɑːt-'əʊnə/,n.（船舶的）共有人,-part-
partible,/'pɑːtɪb(ə)l/,adj. 可分的,-part-
impartible,/ɪm'pɑːtəbl/,adj. 不可分的；不能分割的,-part-
partial,/'pɑːʃ(ə)l/,adj. 部分的；局部的,-part-
partially,/'pɑːʃ(ə)lɪ/,adv. 部分地；偏袒地,-part-
partiality,/pɑːʃɪ'ælɪtɪ/,n. 偏心；偏袒；偏爱；癖好,-part-
impartial,/ɪm'pɑːʃ(ə)l/,adj. 公平的，公正的,-part-
impartially,/im'pa:ʃəli/,adv. 公平地；无私地,-part-
impartiality,"/'ɪm,pɑːʃɪ'ælətɪ/",n. 公正，公平,-part-
part-time,"/,pɑ:t'taɪm/",adj. 部分时间的，兼职的,-part-
part-timer,/'pa:t'taimə/,n. 兼职的人,-part-
partial-birth,/'pɑːʃ(ə)l-bɜːθ/,n. 半生产式；部分生产式,-part-
party,/'pɑːtɪ/,n. 政党，党派；聚会，派对；当事人 vi. 参加社交聚会,-part-
intraparty,"/,ɪntrə'pɑːtɪ/",adj. 政党内的,-part-
counterparty,"/'kauntə,pɑ:ti/",n. 对手方；合约对方；交易对方,-part-
single-party,/'sɪŋg(ə)l-'pɑːtɪ/,n. 单身派对,-part-
party-line,/'pɑːtɪ-laɪn/,n. 共同线；汇流；多线组,-part-
after-party,/ˈ ɑːftəˌpɑːtɪ//,n. 小型聚会; 在较大事件如流行音乐会或者电影首映礼之后的小型聚会，通常只有,-part-
dinner-party,/'dɪnə-'pɑːtɪ/,n. 小型家庭宴会,-part-
major-party,/'meɪdʒə-'pɑːtɪ/,n. 主要政党，大政党,-part-
cocktail-party,/'kɒkteɪl-'pɑːtɪ/,n. 鸡尾酒晚宴,-part-
party-building,/'pɑːtɪ-'bɪldɪŋ/,n. 党的建设,-part-
one-party,/wʌn-'pɑːtɪ/,n. [法] 一方当事人,-part-
two-party,/'tu:'pɑ:ti/,adj. 两大政党的,-part-
multi-party,/mʌltɪ'pɑːtɪ/,adj. 多党的； 包括多党的； 导致多党并存的选举制度的； 包含多党党员的,-part-
third-party,"/,θɝd'pɑrtɪ/",adj. 第三方，第三方的,-part-
non-party,/nɔn-'pɑːtɪ/,adj. 无党派的，非党的,-part-
all-party,/ɔːl-'pɑːtɪ/,adj. 各党派的；各党派一致的；超党派的,-part-
particular,/pə'tɪkjʊlə/,adj. 特别的；详细的；独有的 n. 详细说明,-part-
particulars,/pə'tiku:ləz/,n. 细节；详情（particular 的复数）,-part-
particularly,/pə'tɪkjʊləlɪ/,adv. 特别地，独特地；详细地，具体地；明确地，细致地,-part-
particularity,"/pə,tɪkjʊ'lærɪtɪ/",n. 特质；个性；讲究,-part-
particularism,/pə'tɪkjʊlərɪz(ə)m/,n. 特殊神宠论；完全忠于一种理论,-part-
particularist,/pɚ'tɪkjələrɪst/,n. 同上主义者 adj. 排他主义的,-part-
particularistic,/pɚ'tɪkjələrɪstik/,adj. 特殊主义的,-part-
particularize,/pə'tɪkjʊləraɪz/,vt. 列举；使特殊 vi. 详细说明；大书特书,-part-
partner,/'pɑːtnə/,n. 合伙人，共同出资人,-part-
partnership,/'pɑːtnəʃɪp/,n. 合作关系，伙伴关系,-part-
co-partner,/kəʊˈpɑːtnə/,n. 合伙人; 尤指商业平等合伙人,-part-
apart,/ə'pɑːt/,adj. 分离的；与众不同的,-part-
apartment,/ə'pɑːtm(ə)nt/,n. （美）公寓；单元住宅,-part-
apartness,/ə'pa:tnis/,n. 冷漠；孤独,-part-
depart,/dɪ'pɑːt/,vi. 离开；出发,-part-
departed,/dɪ'pɑːtɪd/,adj. 过去的；死去的；以往的 n. 死者,-part-
departure,/dɪ'pɑːtʃə/,n. 启程；上路,-part-
department,/dɪ'pɑːtm(ə)nt/,n. （大学的）科、系,-part-
departmental,/diːpɑːt'ment(ə)l/,adj. 部门的；各县的；分科的,-part-
departmentalism,/diːpɑːt'ment(ə)lɪzm/,n. 分成部门；分科系,-part-
interdepartmental,"/,ɪntədiːpɑːt'ment(ə)l/",adj. 不同部门间的；不同学科间的,-part-
department-store,/dɪ'pɑːtm(ə)nt-stɔː/,n. 百货公司；百货商店,-part-
apartheid,/ə'pɑːtheɪt/,n. 种族隔离制度,-part-
apartheid-era,/ə'pɑːtheɪt-'ɪərə/,n. 种族隔离时代,-part-
anti-apartheid,"/,æntiə'pɑ:theit/",adj. 反种族隔离的,-part-
post-apartheid,/pəʊst-ə'pɑːtheɪt/,n. 后种族隔离,-part-
pro-apartheid,/prəʊ-ə'pɑːtheɪt/,adj. 赞成种族隔离的,-part-
participant,/pɑː'tɪsɪp(ə)nt/,n. 参与者；参加者,-part-
participial,"/,pɑːtɪ'sɪpɪəl/",adj. 分词的 n. 分词,-part-
participle,/'pɑːtɪsɪp(ə)l/,n. 分词,-part-
participate,/pɑː'tɪsɪpeɪt/,vi. 参与，参加；分享 vt. 分享；分担,-part-
participating,/pɑː'tɪsɪpeɪtɪŋ/,adj. 由多人一起参加的； （股票等）持有人有权分享利益的,-part-
participation,"/pɑː,tɪsɪ'peɪʃn/",n. 参与；分享；参股,-part-
participative,/pɑː'tɪsɪpeɪtɪv/,adj. 分担的；由多人一起参加的,-part-
participatory,/pɑ:tɪsɪ'peɪtərɪ/,adj. 供人分享的；吸引参与的,-part-
non-participant,"/,nɔnpɑ:'tisipənt/",n. 未参加者,-part-
non-participation,"/,nɔnpɑː,tɪsɪ'peɪʃn/",n. 不参加,-part-
non-participating,"/,nɒnpɑː'tɪsɪpeɪtɪŋ/",adj. 不付红利的；不参加的,-part-
compartment,/kəm'pɑːtm(ə)nt/,n. [建] 隔间；区划；卧车上的小客房 vt. 分隔；划分,-part-
compartmentalize,/kɒmpɑːt'ment(ə)laɪz/,vt. 划分，区分,-part-
compartmentalization,"/'kɔmpɑ:t,mentəlai'zeiʃən/",n. 知识局限性(尤指军事或科学发展方面),-part-
compartmentalized,"/,kɔmpɑ:t'mentəlaizd/",adj. 需要探知的,-part-
partition,/pɑː'tɪʃ(ə)n/,n. 划分， 分开；[数] 分割； 隔墙； 隔离物 vt. [数] 分割； 分隔； 区分,-part-
partitioning,/pɑr'tɪʃən/,n. 分割；分区,-part-
partitioned,/pɑr'tɪʃən/,adj. 分割的；分区的；分段的,-part-
particle,/'pɑːtɪk(ə)l/,n. 颗粒；[物] 质点；极小量；小品词,-part-
antiparticle,"/'æntɪ,pɑːtɪk(ə)l/",n. [高能] 反粒子,-part-
nanoparticle,/'nænopɑrtɪkl/,n. 纳米颗粒；毫微粒,-part-
particleboard,"/'pɑrtɪkəl,bɔrd/",n. 木屑板，碎料板，颗粒板；芯板材,-part-
partisan,/'pɑːtɪzæn/,adj. 党派的；效忠的；偏袒的；盲目推崇的,-part-
partisanship,"/'pɑrtəzən,ʃɪp/",n. 党派性；党派偏见；对党派的忠诚,-part-
bipartisan,"/,baɪpɑːtɪ'zæn/",adj. 两党连立的；代表两党的,-part-
bipartisanship,/bai'pa:tizənʃip/,n. 两党合作；两党制,-part-
nonpartisan,"/,nɒnpɑːtɪ'zæn/",adj. 无党派的；超党派的 n. 无党派的人,-part-
nonpartisanship,"/,nɒnpɑːtɪ'zæn/",n. 无党派；超党派；无党派,-part-
parthenogenesis,"/,pɑːθɪnə(ʊ)'dʒenɪsɪs/",n. [植] 单性生殖，[胚] 孤雌生殖,-part-
parthenogenetic,"/,pɑrθənodʒɪ'nɛtɪk/",adj. [胚] 孤雌生殖的；[植] 单性生殖的,-part-
impart,/ɪm'pɑːt/,vt. 给予（尤指抽象事物） ，传授；告知，透露,-part-
partake,/pɑː'teɪk/,vi. 吃，喝；分享；参与；分担；带有某种性质 vt. 分担；分享,-part-
repartee,"/,repɑː'tiː/",n. 机敏的应答；妙语；巧辩,-part-
partita,/pɑː'tiːtə/,n. 组曲；变奏曲,-part-
bipartite,/baɪ'pɑːtaɪt/,adj. 双边的；由两部分构成的；一式两份的；双方的,-part-
tripartite,/traɪ'pɑːtaɪt/,adj. 三重的；分成三部分的；一式三份的,-part-
counterpart,/'kaʊntəpɑːt/,n. 副本；配对物；极相似的人或物,-part-
parturition,"/,pɑːtjʊ'rɪʃ(ə)n/",n. 分娩，生产,-part-
mouthpart,/'məʊθpɑːt/,n. 昆虫等的口器,-part-
event,/ɪ'vent/,n. 事件，大事; 活动，经历；结果；运动项目,-ven- = -vent-
eventual,/ɪ'ven(t)ʃʊəl/,adj.（事件）最终发生的，结果的；可能的；终于的,-ven- = -vent-
eventually,/ɪ'ventʃʊəlɪ/,adv. 最后；终于；最终,-ven- = -vent-
eventuality,"/ɪ,ven(t)ʃʊ'ælɪtɪ/",n. 可能性；可能发生的事；不测的事,-ven- = -vent-
eventful,/i'ventful/,adj. 多事的，充满大事的，多变故的,-ven- = -vent-
uneventful,/ʌnɪ'ventfʊl/,adj. 平凡的；平静无事的,-ven- = -vent-
uneventfully,"/,ʌnɪ'vɛntfəli/",adv. 太平无事地,-ven- = -vent-
eventuate,/ɪ'ven(t)ʃʊeɪt/,vi. 结果为；发生，终于发生,-ven- = -vent-
non-event,/nɔni'vent/,n. 大肆宣传而结果并未举办的事；无效的事件；虚张之事,-ven- = -vent-
pre-event,/pri-i'vent/,n. 活动前；事件前,-ven- = -vent-
post-event,/pəust-i'vent/,n. 事件后,-ven- = -vent-
event-driven,/i'vent-'drɪvn/,n. [计] 事件驱动,-ven- = -vent-
convene,/kən'vi:n/,vt. 召集，集合；传唤 vi. 聚集，集合,-ven- = -vent-
convener,/kən'vi:nə(r)/,n. 会议召集人,-ven- = -vent-
covenant,/'kʌv(ə)nənt/,n. 契约， 盟约； 圣约； 盖印合同 vi. 订立盟约、 契约 vt. 立约承诺,-ven- = -vent-
covenantal,/'kʌv(ə)nəntəl/,adj. 盟约的,-ven- = -vent-
reconvene,"/,ri:kən'vi:n/",vi. 再聚会；再集会 vt. 再召集；再召开,-ven- = -vent-
convention,/kən'venʃən/,n. 集会，会议，大会,-ven- = -vent-
conventioneer,"/kən,venʃə'niə/",n. 参加会议的人，到会的人,-ven- = -vent-
conventional,/kən'venʃ(ə)n(ə)l/,adj. 常规的； 按惯例的； 因袭的； 传统的； 普通的,-ven- = -vent-
conventionally,/kən'vɛnʃənəli/,adv. 照惯例，照常套,-ven- = -vent-
unconventional,/ʌnkən'venʃ(ə)n(ə)l/,adj. 非常规的；非传统的；不依惯例的,-ven- = -vent-
unconventionally,"/,ʌnkən'vɛnʃənəli/",adv. 异常地；不依惯例地,-ven- = -vent-
conventionality,"/kən,venʃə'nælɪtɪ/",n. 惯例；习俗；老套,-ven- = -vent-
unconventionality,"/,ʌnkən,vɛnʃə'næləti/",n. 非常规；异常,-ven- = -vent-
conventionalism,"/kən'vɛnʃənl,ɪzəm/",n. 墨守成规；传统主义,-ven- = -vent-
conventionalize,/kən'venʃənəlaɪz/,vt. 使习俗化；使样式化；使照惯例,-ven- = -vent-
conventionalized,/kən'venʃənəlaɪzid/,adj. 定型化的；约定俗成的,-ven- = -vent-
non-conventional,/ˌnɒnkənˈvɛnʃənəl/,adj. 非常规的; 非传统的,-ven- = -vent-
pre-convention,"/,pri:kən'venʃən/",n. 大会前,-ven- = -vent-
post-convention,/pəust-kən'venʃən/,n. 大会之后,-ven- = -vent-
convent,/'kɒnv(ə)nt/,n. 女修道院,-ven- = -vent-
invent,/ɪn'vent/,vt. 发明，创造；虚构,-ven- = -vent-
inventor,/ɪn'ventə/,n. 发明家；创造者；发明者,-ven- = -vent-
invention,/ɪn'venʃ(ə)n/,n. 发明物；捏造；内心捏造的东西，特指谎言；发明才能,-ven- = -vent-
inventory,/'ɪnv(ə)nt(ə)rɪ/,n. 存货，存货清单；详细目录；财产清册,-ven- = -vent-
inventive,/ɪn'ventɪv/,adj. 发明的；有发明才能的；独出心裁的,-ven- = -vent-
inventiveness,/ɪn'ventɪvnɪs/,n. 创造性；发明的才能,-ven- = -vent-
inventively,/in'ventivli/,adv. 有创造力地；率先的,-ven- = -vent-
invented,/ɪn'ventɪd/,adj. 发明的,-ven- = -vent-
reinvent,/ˌri:ɪnˈvent/,vt. 重新使用；彻底改造；重复发明（在不知他人已发明的情况下）,-ven- = -vent-
reinvention,"/,riːɪn'venʃən/",n. 重塑；再造,-ven- = -vent-
co-inventor,"/,kəuin'ventə/",n. 共同发明人,-ven- = -vent-
self-invention,/self-ɪn'venʃ(ə)n/,n. 自我创造 自创性,-ven- = -vent-
intervene,"/,intə'vi:n/",vi. 阻碍；出面；插嘴；介于…之间,-ven- = -vent-
intervener,"/,intə'vi:nə/",n. 干涉者；介入者；调停者（等于 intervenor）,-ven- = -vent-
intervenor,"/,intə'vi:nə/",n. 干涉者，介入者,-ven- = -vent-
intervening,"/,ɪntɚ'vinɪŋ/",adj. 介于中间的,-ven- = -vent-
intervention,"/,intə'venʃən/",n. 干预，干涉，介入,-ven- = -vent-
interventional,"/,intə'venʃənəl/",n. 介入性,-ven- = -vent-
intervenient,"/,intə'vi:njənt/",adj. 干预的，干涉的，介入的,-ven- = -vent-
interventionist,/ɪntə'venʃ(ə)nɪst/,adj. 干涉主义的 n. 干涉主义者,-ven- = -vent-
interventionism,/'ɪntɚ'vɛnʃə'nɪzəm/,n. 干涉主义（尤指主张干预国际事务）,-ven- = -vent-
non-intervention,/nɔn-ɪntə'venʃ(ə)n/,n. 不干预，不干涉,-ven- = -vent-
post-intervention,/pəust-ɪntə'venʃ(ə)n/,n. 干预阶段后,-ven- = -vent-
prevent,/pri'vent/,vt. 预防；阻碍；阻止；[宗教]引领 vi. 阻挠，阻止,-ven- = -vent-
preventer,/pri'vɛntɚ/,n. 妨碍物；妨碍者；预防物,-ven- = -vent-
prevention,/pri'venʃən/,n. 预防，预防法；阻止，制止，妨碍，阻碍物；[谚]治病不如防病,-ven- = -vent-
preventive,/pri'ventiv/,n. 预防；防止；预防措施；预防药 adj. 预防的；防止的,-ven- = -vent-
preventively,/pri'ventivli/,adv. 预防地；防病地；防止地,-ven- = -vent-
preventable,/pri'vɛntəbl/,adj. 可预防的；可阻止的；可防止的,-ven- = -vent-
preventative,/prɪ'ventətɪv/,n. 预防法；预防物 adj. 预防性的；防止的,-ven- = -vent-
crime-prevention,/kraɪm-pri'venʃən/,n. 犯罪预防,-ven- = -vent-
disease-prevention,/dɪ'ziːz-pri'venʃən/,n. 疾病预防,-ven- = -vent-
pollution-prevention,/pə'luːʃ(ə)n-pri'venʃən/,n. 污染预防,-ven- = -vent-
hiv-prevention,"/,eitʃai'vi:-pri'venʃən/",n. 艾滋病预防,-ven- = -vent-
circumventer,"/,sə:kəm'ventə/",n. 包围者，用计取胜者,-ven- = -vent-
revenue,/'revənju:/,n.（国家的）岁入，税收， （土地，财产等的）收入，收益，所得， （个人的）固定收入,-ven- = -vent-
revenuer,/'revənjuːə/,n. 税务官员；缉私船,-ven- = -vent-
revenant,/'rev(ə)nənt/,adj. 归来的；亡魂的 n. 亡魂,-ven- = -vent-
revenue-sharing,/'revənju:-'ʃɛrɪŋ/,n. 收入分享,-ven- = -vent-
non-revenue,/nɒn-'revənju:/,n. 非税款收入,-ven- = -vent-
low-revenue,/ləʊ-'revənju:/,n. 低收入,-ven- = -vent-
contravene,"/,kɔntrə'vi:n/",vt. 违反，触犯，抵触，与…相冲突，反驳,-ven- = -vent-
contravention,"/,kɔntrə'venʃən/",n. 违反，触犯，抵触，反驳,-ven- = -vent-
supervene,"/,sju:pə'vi:n/",vt. 意外发生,-ven- = -vent-
supervention,"/,sju:pə'venʃən/",n. 意外发生，意外发生的事件,-ven- = -vent-
advent,/'ædvɛnt/,n. 到来；出现；基督降临；基督降临节,-ven- = -vent-
adventure,/əd'ventʃə/,n. 冒险；冒险精神；投机活动 vt. 冒险；大胆说出 vi. 冒险,-ven- = -vent-
adventurer,/əd'ventʃ(ə)rə/,n. 冒险家；投机商人,-ven- = -vent-
adventuress,/əd'ventʃəres/,n. 女冒险家；女投机者,-ven- = -vent-
adventuresome,/əd'ventʃəs(ə)m/,adj. 冒险性的；爱冒险的,-ven- = -vent-
misadventure,/mɪsəd'ventʃə/,n. 灾难；不幸遭遇,-ven- = -vent-
adventurous,/əd'ventʃ(ə)rəs/,adj. 爱冒险的；大胆的；充满危险的,-ven- = -vent-
adventurousness,/əd'ventʃ(ə)rəsnɪs/,n. 喜欢冒险；敢作敢为,-ven- = -vent-
unadventurous,/ʌnəd'ventʃ(ə)rəs/,adj. 不冒险的；无冒险精神的；安然无恙的,-ven- = -vent-
adventist,/'ædvəntist/,n. 基督复临论者，耶稣再生论者,-ven- = -vent-
adventurism,/əd'ventʃərɪz(ə)m/,n. 冒险主义,-ven- = -vent-
adventitious,"/,ædv(ə)n'tɪʃəs/",adj. 外来的，偶然的,-ven- = -vent-
adventure-travel,/əd'ventʃə-'træv(ə)l/,n. 探险旅游,-ven- = -vent-
action-adventure,/'ækʃ(ə)n-əd'ventʃə/,n. 动作冒险,-ven- = -vent-
convenient,/kən'viːnɪənt/,adj. 方便的；[废语]适当的；[口语]近便的；实用的,-ven- = -vent-
convenience,/kən'viːnɪəns/,n. 便利；厕所；便利的事物,-ven- = -vent-
conveniently,/kən'vi:njəntli/,adv. 便利地；合宜地,-ven- = -vent-
inconvenient,/ɪnkən'viːnɪənt/,adj. 不便的；打扰的,-ven- = -vent-
inconvenience,/ɪnkən'viːnɪəns/,n. 不便；麻烦 vt. 麻烦；打扰,-ven- = -vent-
inconveniently,"/,ɪnkən'vinjəntli/",adv. 不方便地,-ven- = -vent-
convenience-store,/kən'viːnɪəns-stɔː/,n. [贸易] 便利商店,-ven- = -vent-
venture,/'ventʃə/,vt. 敢于 vi. 冒险；投机 n. 企业；风险；冒险,-ven- = -vent-
venturesome,/'ventʃəs(ə)m/,adj. 冒险的；危险的；好冒险的,-ven- = -vent-
venture-backed,/'ventʃə-bækt/,adj. 获创投资金支持的,-ven- = -vent-
venue,/'venjuː/,n. 审判地；犯罪地点；发生地点；集合地点,-ven- = -vent-
avenue,/'ævənju:/,n. 道路，林荫道，大街,-ven- = -vent-
souvenir,"/,suːvə'nɪə/",n. 纪念品；礼物 vt. 把…留作纪念,-ven- = -vent-
provenance,/'prɒv(ə)nəns/,n. 出处，起源,-ven- = -vent-
provenience,/prə'viːnɪəns/,n. 来源，原始,-ven- = -vent-
subvention,/səb'venʃ(ə)n/,n. 津贴；补助金；援助,-ven- = -vent-
exhaust,/ɪgˈzɔ:st/,vt. 用尽，耗尽；使精疲力尽；排出；彻底探讨 vi. 排气,-haust-
exhausted,/ɪɡ'zɔːstɪd/,adj. 耗尽的；用完的；筋疲力尽的；精疲力竭的,-haust-
exhaustion,/ɪg'zɔːstʃ(ə)n/,n. 疲惫，衰竭；枯竭，用尽；排空；彻底的研究,-haust-
exhaustive,/ɪg'zɔːstɪv/,adj. 彻底的，透彻的；消耗的，使枯竭的；详尽的，无遗的；详尽无遗,-haust-
exhausting,/ɪg'zɔːstɪŋ/,adj. 使筋疲力尽的；使耗尽的,-haust-
exhaustible,/ɪɡ'zɔːstəbl/,adj. 可被用尽的；会枯竭的,-haust-
exhaustively,/ɪg'zɔstɪvli/,adv. 耗尽一切地,-haust-
inexhaustible,/ɪnɪg'zɔːstɪb(ə)l/,adj. 用不完的；不知疲倦的,-haust-
inhaust,/in'hɔ:st/,vt. 吸；饮,-haust-
attract,/ə'trækt/,vt. 吸引；引起 vi. 吸引；有吸引力,-tra- = -tract- = -treat-
attraction,/ə'trækʃən/,n. 吸引，吸引力；引力；吸引人的事物,-tra- = -tract- = -treat-
attractive,/ə'træktɪv/,adj. 吸引人的；有魅力的；引人注目的,-tra- = -tract- = -treat-
attractively,/ə'træktivli/,adv. 迷人地；有吸引力地；动人地,-tra- = -tract- = -treat-
attractor,/ə'træktɚ/,n. [自] 吸引子；引起注意的人,-tra- = -tract- = -treat-
attracted,/ə'træktɪd/,adj. 吸引兴趣的；被吸引的,-tra- = -tract- = -treat-
attracting,/ə'trækt/,n. 吸引,-tra- = -tract- = -treat-
attractant,/ə'trækt(ə)nt/,n. 具有诱引力的物质；[昆] 引诱剂 adj. 具有诱引力的,-tra- = -tract- = -treat-
attractiveness,/ə'træktɪvnɪs/,n. 吸引力；迷惑力,-tra- = -tract- = -treat-
unattractive,/ʌnə'træktɪv/,adj. 不吸引人注意的；没有魅力的；不美丽的,-tra- = -tract- = -treat-
unattractiveness,/ʌnə'træktɪvnɪs/,n. 缺乏吸引力,-tra- = -tract- = -treat-
contract,/'kɒntrækt/,vi. 收缩； 订约 vt. 订约； 使缩短 n. 合同,-tra- = -tract- = -treat-
contraction,/kən'trækʃən/,n. 收缩，紧缩；缩写式；害病,-tra- = -tract- = -treat-
contractionary,/kən'trækʃənərɪ/,adj. 紧缩的,-tra- = -tract- = -treat-
contractive,/kən'træktiv/,adj. 收缩的；有收缩性的,-tra- = -tract- = -treat-
contractual,/kən'træktʃʊəl/,adj. 契约的，合同的,-tra- = -tract- = -treat-
contractually,/kən'træktʃʊəli/,adv. 合约地；合同性地；契约规定地,-tra- = -tract- = -treat-
ccontracted,/kən'træktid/,adj. 收缩的，缩小的；已定约的，已订婚的,-tra- = -tract- = -treat-
contractile,/kən'træktail/,adj. 可收缩的，有收缩力的,-tra- = -tract- = -treat-
contractible,/kən'træktibəl/,adj. 缩小的；[物] 可收缩的,-tra- = -tract- = -treat-
contracture,/kən'træktʃə/,n. (医)挛缩，痉挛,-tra- = -tract- = -treat-
contractor,/kən'træktə/,n. 承包人；立契约者,-tra- = -tract- = -treat-
contracting,/kən'trækt/,adj. 缔约的；承包的；收缩的,-tra- = -tract- = -treat-
ontractility,/kəntræk'tiləti/,n. 收缩性，伸缩力；缩小性,-tra- = -tract- = -treat-
subcontract,/sʌbkən'trækt/,n. 分包合同；[经] 转包合同 vi. 转包；分包 vt. 转包,-tra- = -tract- = -treat-
subcontractor,/sʌbkən'træktə(r)/,n. 转包商，分包者,-tra- = -tract- = -treat-
subcontracting,/sʌbkən'træktɪŋ/,n. 分包，工业转包,-tra- = -tract- = -treat-
extract,/ˈekstrækt/,vt. 提取； 取出； 摘录； 榨取 n. 摘录； 榨出物； 选粹,-tra- = -tract- = -treat-
extraction,/ik'strækʃən/,n. 取出；抽出；拔出；抽出物；出身,-tra- = -tract- = -treat-
extractor,/ik'stræktə/,n. 抽出器，拔取的人，[计]抽取字；[化]浸取器；萃取器，[医]拔出器,-tra- = -tract- = -treat-
extractive,/ɪk'stræktɪv/,n. 提取物；抽出物；精华 adj. 提取的；可萃取的；精萃的,-tra- = -tract- = -treat-
extracted,/iks'træktid/,adj. 萃取的；引出的,-tra- = -tract- = -treat-
extractable,/ɪk'stræktəbl/,adj. 可抽出的，可榨出的；可推断出的,-tra- = -tract- = -treat-
distract,/dɪ'strækt/,vt. 转移；分心,-tra- = -tract- = -treat-
distraction,/dɪ'strækʃ(ə)n/,n. 注意力分散；消遣；心烦意乱,-tra- = -tract- = -treat-
distracting,/dɪ'stræktɪŋ/,adj. 分心的；分散注意力的,-tra- = -tract- = -treat-
distracted,/dis'træktid/,adj. 心烦意乱的；思想不集中的,-tra- = -tract- = -treat-
distractedly,/dis'træktidli/,adv. 心烦意乱地,-tra- = -tract- = -treat-
distractor,/dɪ'stræktə/,n. 错误选择；诱导答案,-tra- = -tract- = -treat-
distracter,/dis'træktə/,n. 误选项；干扰项,-tra- = -tract- = -treat-
distractive,/dɪ'stræktɪv/,adj. 分散注意力的；扰乱的,-tra- = -tract- = -treat-
abstract,/'æbstrækt/,n. 摘要；抽象；抽象的概念 adj. 抽象的；深奥的 vi. 做摘要；写梗概,-tra- = -tract- = -treat-
abstraction,/æb'strækʃən/,n. 抽象(化)，提取，抽出，分离,-tra- = -tract- = -treat-
abstractionist,/æb'strækʃənist/,n. 抽象派艺术家；理想主义者 adj. 抽象派艺术的,-tra- = -tract- = -treat-
abstractly,/æb'stræktli/,adv. 抽象地；理论上地,-tra- = -tract- = -treat-
abstracted,/əb'stræktɪd/,adj. 心不在焉的；出神的；分离出来的；抽出的,-tra- = -tract- = -treat-
abstractedly,/æb'stræktɪdlɪ/,adv. 茫然地；抽象地；心不在焉地,-tra- = -tract- = -treat-
abstractness,/'æbstræktnɪs/,n. 抽象性,-tra- = -tract- = -treat-
protract,/prə'trækt/,vt. 绘制；延长；伸展,-tra- = -tract- = -treat-
protraction,/prə'trækʃən/,n. 伸长，延长；制图,-tra- = -tract- = -treat-
protractor,/prəu'træktə/,n. 伸肌；分度器；伤处异物摘出器,-tra- = -tract- = -treat-
protractile,/prə'træktail/,adj. 伸出的，突出的,-tra- = -tract- = -treat-
protracted,/prəu'træktid/,adj. 拖延的,-tra- = -tract- = -treat-
retract,/ik'stræktə/,vt. 缩回；缩进；取消 vi. 缩回；缩进；撤消 n. 收缩核,-tra- = -tract- = -treat-
retraction,/ri'trækʃən/,n. 撤回，撤销；收回,-tra- = -tract- = -treat-
retractive,/ri'træktiv/,adj. 缩进的,-tra- = -tract- = -treat-
retractable,/rɪ'træktəbl/,adj. 可取消的，可缩回的；伸缩自如的,-tra- = -tract- = -treat-
retractor,/rɪ'træktə/,n. [外科] 牵开器；收缩筋；食言的人,-tra- = -tract- = -treat-
retracted,/rɪ'trækt/,adj. 可伸缩的,-tra- = -tract- = -treat-
tract,/trækt/,n. 束；大片土地，地带；小册子,-tra- = -tract- = -treat-
tractor,/'træktə/,n. 拖拉机；牵引机,-tra- = -tract- = -treat-
traction,/'trækʃən/,n. 牵引；[机][车辆] 牵引力,-tra- = -tract- = -treat-
tractive,/'træktiv/,adj. 牵引的；拖的；曳引的,-tra- = -tract- = -treat-
tractate,/'trækteɪt/,n. 论文；小册子,-tra- = -tract- = -treat-
tractable,/'træktəb(ə)l/,adj. 易于管教的；易驾驭的；易处理的；驯良的,-tra- = -tract- = -treat-
tractor-trailer,/'træktə'treilə/,n. 牵引式挂车,-tra- = -tract- = -treat-
traction-control,/'trækʃən-kən'trəʊl/,n. 牵引力控制系统；循迹控制系统,-tra- = -tract- = -treat-
urinary-tract,/'jʊərɪn(ə)rɪ-trækt/,n. 尿路；[解剖] 泌尿道,-tra- = -tract- = -treat-
subtract,/səb'trækt/,vt. 减去；扣掉,-tra- = -tract- = -treat-
subtraction,/səb'trækʃən/,n. [数] 减法；减少；差集,-tra- = -tract- = -treat-
subtractive,/səbːtræktɪv/,adj. 减去的；负的；有负号的,-tra- = -tract- = -treat-
subtrahend,/'sʌbtrəhend/,n. [数] 减数,-tra- = -tract- = -treat-
detract,/dɪ'trækt/,vt. 转移，使分心 vi. 贬低；减去,-tra- = -tract- = -treat-
detractor,/dɪ'træktɚ/,n. 贬低者；诽谤者,-tra- = -tract- = -treat-
track,/træk/,n. 轨道， 踪迹； 小道 vt. 追踪； 通过； 循路而行； 用纤拉 vi. 追踪； 走； 留下足迹,-tra- = -tract- = -treat-
tracksuit,/'træksut/,n. 运动服；运动套装,-tra- = -tract- = -treat-
treat,/triːt/,vt. 治疗；对待；探讨；视为 vi. 探讨；请客；协商 n. 请客；款待,-tra- = -tract- = -treat-
treater,/'tri:tə/,n. [化工] 处理器；精制器,-tra- = -tract- = -treat-
treatment,/'triːtm(ə)nt/,n. 治疗,-tra- = -tract- = -treat-
treated,/tri:tid/,adj. 治疗的；已处理过的,-tra- = -tract- = -treat-
untreated,"/,ʌn'tritɪd/",adj. 未经处理的；未经治疗的,-tra- = -tract- = -treat-
treatable,"/,ʌn'tritəbl/",adj. 能治疗的；好对付的；能处理的,-tra- = -tract- = -treat-
untreatable,/'tritəbl/,adj. 无法医治的,-tra- = -tract- = -treat-
intractable,/ɪn'træktəb(ə)l/,adj. 棘手的；难治的；倔强的；不听话的,-tra- = -tract- = -treat-
intractability,"/ɪn,træktə'bɪləti/",n. 棘手；难驾驭,-tra- = -tract- = -treat-
retreat,/rɪ'triːt/,vi. 撤退，后退；撤销，作罢； （眼睛等）凹进；[航]向后倾斜,-tra- = -tract- = -treat-
treaty,/'triːtɪ/,n.（国家或政府间的）条约，公约,-tra- = -tract- = -treat-
treatise,/'triːtɪs/,n. 论述；论文；专著,-tra- = -tract- = -treat-
mistreat,/mɪs'triːt/,vt. 虐待；不公正地对待,-tra- = -tract- = -treat-
mistreated,/mɪs'tri:tid/,adj. 被虐待的,-tra- = -tract- = -treat-
mistreatment,/mɪs'tritmənt/,n. 虐待,-tra- = -tract- = -treat-
retreating,/rɪ'tritɪŋ/,adj. 再精制的；再处理的,-tra- = -tract- = -treat-
maltreatment,/mæl'tritmənt/,n. 虐待；粗暴对待,-tra- = -tract- = -treat-
entreat,/ɪn'triːt/,vt. 恳求；请求 vi. 恳求；乞求,-tra- = -tract- = -treat-
entreaty,/ɪn'triːtɪ/,n. 恳求；乞求,-tra- = -tract- = -treat-
maltreat,/mæl'triːt/,vt. 虐待；滥用；粗暴对待,-tra- = -tract- = -treat-
post-treatment,/pəʊst-'triːtm(ə)nt/,n. 后处理,-tra- = -tract- = -treat-
water-treatment,/'wɔːtə-'triːtm(ə)nt/,n. 水处理,-tra- = -tract- = -treat-
drug-treatment,/drʌg-'triːtm(ə)nt/,n. 药物疗法,-tra- = -tract- = -treat-
trick-or-treat,"/,trikə'tri:t/",n. 不招待就使坏（指万圣节孩子们挨家逐户要糖果等礼物，如不遂愿便恶作剧一番,-tra- = -tract- = -treat-
trick-or-treater,"/,trikə'tri:tə/",n. 玩“不招待就使坏”的恶作剧者,-tra- = -tract- = -treat-
trick-or-treating,"/,trikə'tri:tiŋ/",n. 不给糖就捣乱（美国万圣夜时孩子们玩的一种游戏）,-tra- = -tract- = -treat-
sewage-treatment,/'suːɪdʒ-'triːtm(ə)nt/,n. 废水处理；[环境] 污水处理法,-tra- = -tract- = -treat-
intention-to-treat,/ɪn'tenʃ(ə)n-tuː-triːt/,n. 意向性治疗,-tra- = -tract- = -treat-
no-treatment,/nəʊ-'triːtm(ə)nt/,n. 未处理,-tra- = -tract- = -treat-
pre-treatment,/pri-'triːtm(ə)nt/,n. 预处理,-tra- = -tract- = -treat-
ill-treatment,/ɪl-'triːtm(ə)nt/,n. 虐待,-tra- = -tract- = -treat-
waste-treatment,/weɪst-'triːtm(ə)nt/,n. [环境] 废物处理,-tra- = -tract- = -treat-
portray,/pɔː'treɪ/,vt. 描绘；扮演,-tra- = -tract- = -treat-
portrait,/'pɔːtrɪt/,n. 肖像；描写；半身雕塑像,-tra- = -tract- = -treat-
portraitist,/'pɔːtrɪtɪst/,n. 肖像画家；人像摄影师,-tra- = -tract- = -treat-
portraiture,/'pɔːtrɪtʃə/,n. 肖像画；肖像绘制；人像摄影,-tra- = -tract- = -treat-
self-portrait,/'self'pɔ:tr(e)it/,n. 自画像,-tra- = -tract- = -treat-
self-portraiture,/self-'pɔːtrɪtʃə/,n. 自画像,-tra- = -tract- = -treat-
trait,/treɪt; treɪ/,n. 特性，特点；品质；少许,-tra- = -tract- = -treat-
traitor,/'treɪtə/,n. 叛徒；卖国贼；背信弃义的人,-tra- = -tract- = -treat-
traitorous,/'treɪt(ə)rəs/,adj. 叛逆的；不忠的；背叛的,-tra- = -tract- = -treat-
trail,/treɪl/,vt. 追踪；拖；蔓延；落后于 n. 小径；痕迹；尾部；踪迹；一串，一系列,-tra- = -tract- = -treat-
trailer,/'treɪlə/,n. 拖车；[电视] 预告片；追踪者 vi. 乘拖车式活动房屋旅行 vt. 用拖车载运,-tra- = -tract- = -treat-
trailing,/'treɪlɪŋ/,adj. 后面的；拖尾的；牵引的；被拖动的；蔓延的 n. 拖尾；泥浆彩饰,-tra- = -tract- = -treat-
trailhead,/'treilhed/,n. 小道的起点,-tra- = -tract- = -treat-
contrail,/'kɒntreɪl/,n. 凝结尾；航迹云；凝迹（飞机飞过留下的尾迹）,-tra- = -tract- = -treat-
off-trail,/ɒf-treɪl/,adj. 脱轨的，小径,-tra- = -tract- = -treat-
semi-trailer,/ˌsɛmɪˈtreɪlə/,n. 半拖车,-tra- = -tract- = -treat-
star-trail,/stɑː-treɪl/,n. 星轨；星迹,-tra- = -tract- = -treat-
trailer-park,/ˈtreɪlə-pɑːk/,n. 活动住屋或（家庭拖车的）停车场,-tra- = -tract- = -treat-
trailblazer,/'treɪlbleɪzə/,n. 开拓者；开路的人；先驱者,-tra- = -tract- = -treat-
trailblazing,"/'treɪl,bleɪzɪŋ/",adj. 开拓性的 n. 开拓,-tra- = -tract- = -treat-
trailerable,/'treɪlərəbl/,adj. 可放在拖车上载运的,-tra- = -tract- = -treat-
trace,/treɪs/,vi. 追溯；沿路走 vt. 追踪，查探；描绘；回溯 n. 痕迹，踪迹；微量；缰绳,-tra- = -tract- = -treat-
tracer,/'treɪsə/,n. [核] 示踪物；追踪者；描图者； （铁笔等）绘图工具,-tra- = -tract- = -treat-
tracing,/'treɪsɪŋ/,n. 追踪；追查；描摹；摹图；显迹,-tra- = -tract- = -treat-
traceable,/'treɪsəbl/,adj. 起源于；可追踪的；可描绘的,-tra- = -tract- = -treat-
retrace,/rɪ'treɪs/,vt. 追溯；折回；重描,-tra- = -tract- = -treat-
train,/treɪn/,n. 火车；行列；长队；裙裾 v. 培养；训练；瞄准,-tra- = -tract- = -treat-
training,/'treɪnɪŋ/,n. 训练；培养；瞄准；整枝,-tra- = -tract- = -treat-
trainer,/'treɪnə/,n. 助理教练；训练员；驯马师；飞行练习器；运动鞋,-tra- = -tract- = -treat-
trained,/treɪnd/,adj. 培训；训练过的，受过培训的,-tra- = -tract- = -treat-
trainee,/treɪ'niː/,n. 练习生，实习生；受训者；新兵；训练中的动物,-tra- = -tract- = -treat-
well-trained,/'wel'treind/,adj. 训练有素的；良好训练,-tra- = -tract- = -treat-
untrained,/ʌn'treɪnd/,adj. 未经训练的,-tra- = -tract- = -treat-
retrain,"/,ri'tren/",vt. 重新教育；再教育 vi. 再训练；再教育,-tra- = -tract- = -treat-
retraining,"/,ri'trenɪŋ/",n. 再训练,-tra- = -tract- = -treat-
drivetrain,/'draivtrein/,n. 动力传动系统,-tra- = -tract- = -treat-
powertrain,/'paʊətreɪn/,n. 动力系统；传动系统,-tra- = -tract- = -treat-
entrain,/ɪn'treɪn/,vt. 使乘火车 vi. 乘火车,-tra- = -tract- = -treat-
trainload,/'treɪnləʊd/,n. 列车载重；装载量,-tra- = -tract- = -treat-
job-training,/dʒɒb-'treɪnɪŋ/,n. 职业培训,-tra- = -tract- = -treat-
strength-training,/streŋθ-'treɪnɪŋ/,n. 力量训练,-tra- = -tract- = -treat-
teacher-training,/'tiːtʃə-'treɪnɪŋ/,n. 教师培训；师资训练,-tra- = -tract- = -treat-
cross-training,/krɔs-'treɪnɪŋ/,n. 交叉培训；岗位轮换培训,-tra- = -tract- = -treat-
weight-training,/weɪt-'treɪnɪŋ/,n. 举重训练,-tra- = -tract- = -treat-
spring-training,/sprɪŋ-'treɪnɪŋ/,n. 春训（一般从 3 月初到 4 月中旬）,-tra- = -tract- = -treat-
post-training,/pəust-'treɪnɪŋ/,n. 岗位培训,-tra- = -tract- = -treat-
pre-training,/priː-'treɪnɪŋ/,n. 预锻炼,-tra- = -tract- = -treat-
ill-trained,/ɪl-treɪnd/,n. 训练不良的,-tra- = -tract- = -treat-
better-trained,/'betə-treɪnd/,adj. 受过较好训练的,-tra- = -tract- = -treat-
best-trained,/best-treɪnd/,adj. 训练最有素的,-tra- = -tract- = -treat-
self-trained,/self-treɪnd/,adj. 自主训练的,-tra- = -tract- = -treat-
highly-trained,/'haɪlɪ-treɪnd/,adj. 训练有素的；经严格训练的,-tra- = -tract- = -treat-
university-trained,/juːnɪ'vɜːsɪtɪ-treɪnd/,adj. 大学培养的,-tra- = -tract- = -treat-
tracking,/'trækɪŋ/,n. 追踪，跟踪,-tra- = -tract- = -treat-
tracker,/'trækə/,n. 拉纤者，纤夫；追踪系统，[自] 跟踪装置；追踪者,-tra- = -tract- = -treat-
tracked,/'trækt/,adj. 有履带的,-tra- = -tract- = -treat-
untracked,/ʌn'trækt/,adj. 无足迹的；无路径的； （经济萧条以后）开始回升的,-tra- = -tract- = -treat-
trackless,/'træklɪs/,adj. 无路的；无足迹的；不在轨道上行驶的,-tra- = -tract- = -treat-
trackball,"/'træk,bɔl/",n. 轨迹球；追踪球,-tra- = -tract- = -treat-
coatrack,/'kəutræk/,n. 衣帽架,-tra- = -tract- = -treat-
soundtrack,/'saʊn(d)træk/,n. 声带；声道；声迹；电影配音,-tra- = -tract- = -treat-
racetrack,/'restræk/,n. 跑道；赛马场,-tra- = -tract- = -treat-
backtrack,/'bæktræk/,vi. [计] 回溯；由原路返回；放弃 vt. 追踪；循迹调查,-tra- = -tract- = -treat-
backtracking,"/'bæk,træk/",n. [计] 回溯；回溯法,-tra- = -tract- = -treat-
sidetrack,/'saɪdtræk/,vt. 将（火车）[建] 转到侧线；转变（话题） n. （铁路）侧线；次要地位,-tra- = -tract- = -treat-
tenure-track,/'tɛnjətræk/,adj. 终身职位的,-tra- = -tract- = -treat-
trackside,/'træksaid/,n.轨道附近 adj. 轨道附近的，位于轨道附近的,-tra- = -tract- = -treat-
off-track,/'ɔftræk/,adj. 偏远的；场外下注的；正常铁道业务以外的 n. 偏离磁道,-tra- = -tract- = -treat-
half-track,/'hɑ:ftræk/,n. 半履带；半履带车,-tra- = -tract- = -treat-
single-track,/'siŋɡl'træk/,adj. 单向的,-tra- = -tract- = -treat-
one-track,/'wʌn'træk/,adj. 单轨的；偏狭的；范围狭小的,-tra- = -tract- = -treat-
two-track,/tuː'træk/,n. 双声迹；双轨,-tra- = -tract- = -treat-
track-and-field,/'trækən'fi:ld/,n. 田径运动,-tra- = -tract- = -treat-
fast-track,/fɑːst-'træk/,n. 快通道；快速跟踪,-tra- = -tract- = -treat-
short-track,/ʃɔːt-'træk/,n. 短道,-tra- = -tract- = -treat-
on-track,/ɒn-'træk/,n. 走上正轨,-tra- = -tract- = -treat-
distraught,/dɪ'strɔːt/,adj. 发狂的；心烦意乱的,-tra- = -tract- = -treat-
local,/'ləʊk(ə)l/,n. [计] 局部；当地居民；本地新闻,-loc-
locally,/'ləʊkəlɪ/,adv. 在附近；在本地；当地地；本地地,-loc-
localism,/'ləukəlizəm/,n.（思想等）地方主义；地方观念；土语；对风土习俗的偏爱（喜好）,-loc-
localize,/ˈləʊkəlaɪz/,vt. 使地方化；使局部化；停留在一地方 vi. 局部化；集中,-loc-
localization,"/,ləʊkəlaɪˈzeɪʃən/",n. [计] 定位；局限；地方化,-loc-
localised,/'lokə'laɪzd/,adj. 限局性的，局部的,-loc-
localized,/'lokə'laɪzd/,adj. 局部的；地区的；小范围的,-loc-
locale,/ləʊ'kɑːl/,n. 场所，现场,-loc-
locality,/lə(ʊ)'kælɪtɪ/,n. 所在；位置；地点,-loc-
virilocal,"/,vɪrɪ'ləʊk(ə)l/",adj. 以男方家庭为中心的；居住在男方的,-loc-
uxorilocal,"/ʌk,sɔrɪ'lokl/",adj. 婚后居住在女方的；入赘的,-loc-
matrilocal,"/,mætri'ləukəl/",adj.（婚后）居住在女方的；入赘的,-loc-
non-local,/nɒnˈləʊkəl/,adj. 非局部的,-loc-
local-level,/ləʊ'kɑːl-'lev(ə)l/,n. 地方层面；[水运] 当地水平面,-loc-
local-scale,/ləʊ'kɑːl-skeɪl/,n. 局部比例尺,-loc-
local-area,/ləʊ'kɑːl-'eərɪə/,n. 局部地区,-loc-
locate,/ləʊˈkeɪt/,vt. 位于；查找…的地点 vi. 定位；定居,-loc-
locator,/ləʊ'keɪtə/,n. 定位器，探测器（等于 locater）,-loc-
located,/'loketɪd/,adj. 位于,-loc-
location,/lə(ʊ)'keɪʃ(ə)n/,n. 位置；所在地,-loc-
locational,/lo'keʃənl/,adj. 位置上的,-loc-
locus,/'ləʊkəs/,n. [数] 轨迹；地点，所在地,-loc-
on-location,/'ɔnlo'keʃən/,adj. 现场的；拍摄外景的,-loc-
location-based,/lə(ʊ)'keɪʃ(ə)n-beɪst/,adj. 基于位置的,-loc-
dislocate,/ˈdisləukeit/,vt. 使不在原来位置，使位置错乱，脱臼,-loc-
dislocation,"/,dɪslə(ʊ)'keɪʃ(ə)n/",n. 转位；混乱；[医] 脱臼,-loc-
dislocated,/ˈdisləukeitɪd/,adj. 脱位的；离位的，移位的,-loc-
collocate,/ˈkɔləkeit/,vt. 布置；排列；使成搭配 vi. 搭配；组合,-loc-
collocation,"/,kɔleˈkeiʃən/",n. 搭配；配置；排列,-loc-
translocate,/trᴂnsləˈkeit/,vt. 改变位置，易位,-loc-
translocation,"/,trænsləʊ'keɪʃən/",n. [遗] 易位；迁移，移动；改变位置（半透明性） ；置换,-loc-
relocate,"/,ri:ləuˈkeit/",vt. 重新安置；迁移 vi. 重新安置；迁移新址 n. 浮动,-loc-
relocation,"/,riːləʊ'keɪʃən/",n. 重新安置；再布置，变换布置,-loc-
relocated,"/,ri:ləuˈkeitɪd/",adj. 迁移的；重新装置的；重定位的,-loc-
allocate,/'æləkeɪt/,vt. 分配；拨出；使坐落于 vi. 分配；指定,-loc-
allocator,/'æləukeitə/,n. 分配算符,-loc-
allocated,/'æləkeitid/,adj. 分配的，指派的,-loc-
allocative,"/,ælə'ketɪv/",adj. 配置的,-loc-
allocation,/ælə'keɪʃ(ə)n/,n. 分配，配置；安置,-loc-
misallocation,"/mis,æləu'keiʃən/",n. 错误的分配，分配不当；不合理分配,-loc-
reallocate,/riː'æləkeɪt/,v. 重新分配；再指派,-loc-
reallocation,/ˌriːˌælə'keʃn/,n. 再分配,-loc-
asset-allocation,/'æset-ælə'keɪʃ(ə)n/,n. 资产调配；资产配置,-loc-
co-locate,/kəuˈləukeit/,vt. (使)驻扎在同一地点,-loc-
urban,/'ɜːb(ə)n/,adj. 都市的；城市的,-urb-
urbanite,/'ə:bənait/,n. 城市居民；都市人,-urb-
urbanity,/ə:'bænəti/,n. 都市风格；雅致；有礼貌,-urb-
urbanist,/'ʌrbənɪst/,n. 城市规划专家,-urb-
urbanism,/'ɜːbənɪzəm/,n. 都市生活；都市集中,-urb-
urbanize,/'ə:bənaiz/,vt. 使都市化；使文雅,-urb-
urbanized,/'ə:bənaizd/,adj. 城市化的,-urb-
urbanization,"/,ə:bənai'zeiʃən/",n. 都市化；文雅化,-urb-
urbanology,"/,ə:bə'nɔlədʒi/",n. 城市学，都市学,-urb-
urbane,/ə:'bein/,adj. 文雅的，有礼貌的,-urb-
inurbane,"/,inə:'bein/",adj. 不文雅的，粗野的，不礼貌的,-urb-
inurbanity,/inə:'bæniti/,n. 不文雅，粗野,-urb-
semi-urban,"/,semi'ə:bən/",adj. 半城市的，半城市化的,-urb-
urban-planning,/'ɜːb(ə)n-'plænɪŋ/,n. 城市规划,-urb-
rural-urban,/'rʊər(ə)l-'ɜːb(ə)n/,n. 城乡,-urb-
suburb,/'sʌbɜːb/,n. 城郊；郊区,-urb-
suburbia,/sə'bɜːbɪə/,n. 郊区；郊区居民,-urb-
suburban,/sə'bɜːb(ə)n/,adj. 郊区的；市郊的,-urb-
suburbanite,"/sə'bə:bə,nait/",n. 郊区居民,-urb-
suburbanize,/sə'bə:bənaiz/,v. (使)市郊化,-urb-
suburbanization,"/,səbɝbənaɪ'zeʃn/",n. 市郊化，郊区化；近郊化,-urb-
exurb,/'eksə:b/,n. 城市远郊地区,-urb-
exurban,/eks'ə:bən/,adj. 城市远郊的,-urb-
exurbanite,/eks'ə:bənait/,n. 城市远郊区居民,-urb-
interurban,"/,intə'ə:bən/",adj. 城市与城市之间的；都市间的 n. 市间铁路,-urb-
conurbation,"/,kɔnə:'beiʃən/",n. 集合城市(拥有卫星城市的大都市，如伦敦等),-urb-
fortune,/'fɔːtʃuːn/,n. 运气；命运；财富；大笔的钱；巨款,-fortun-
fortunate,/'fɔːtʃ(ə)nət/,adj. 幸运的；吉祥的,-fortun-
fortunately,/ˈfɔːtʃənətli/,adv. 幸运地；幸亏,-fortun-
unfortunate,/ʌn'fɔːtʃ(ə)nət/,adj. 不幸的；遗憾的,-fortun-
unfortunately,/ʌnˈfɔːtʃənətli/,adv. 不幸地,-fortun-
misfortune,/mɪs'fɔːtʃuːn/,n. 不幸；灾祸，灾难,-fortun-
fortune-teller,"/'fɔ:tʃən,telə/",n. 算命者；占卜者；用算命来欺诈的人,-fortun-
fortune-telling,"/'fɔ:tʃən,'telɪŋ/",n. 打卦 预言占卜,-fortun-
fortuitous,/fɔː'tjuːɪtəs/,adj. 偶然的，意外的；幸运的,-fortun-
fortuitously,/fɔ:'tjuətəsli/,adv. 偶然地，意外地,-fortun-
tour,/tʊə/,vt. 巡回演出,-torn- = -tour- = -tourn-
tourist,/'tʊərɪst/,n. 旅游者；观光客,-torn- = -tour- = -tourn-
touristic,/tuə'ristik/,adj. 旅游的；观光客的,-torn- = -tour- = -tourn-
touristy,/'tʊərɪstɪ/,adj. 适宜游览的；游览者喜欢的；旅游者常去的,-torn- = -tour- = -tourn-
tourism,/'tʊərɪz(ə)m/,n. 旅游业,-torn- = -tour- = -tourn-
touring,/'tʊərɪŋ/,adj. 游览的；游客的 n. 游览；转动,-torn- = -tour- = -tourn-
tourer,/'tʊərə/,n. 游览车；巡回演出者；观光客,-torn- = -tour- = -tourn-
tour-de-force,"/,tuədə'fɔ:s/",n. 绝技；精心杰作,-torn- = -tour- = -tourn-
tourist-oriented,/'tʊərɪst-'orɪɛntɪd/,adj. 面向游客的,-torn- = -tour- = -tourn-
ecotourism,/'ikotʊrɪzəm/,n. 生态旅游，生态旅行（前往生态资源未被破坏的地方旅行）,-torn- = -tour- = -tourn-
ecotourist,/'ikotʊərɪst/,n. 生态旅游，生态旅行（前往生态资源未被破坏的地方旅行）,-torn- = -tour- = -tourn-
detour,/'diːtʊə/,n. 迂路；绕行之路,-torn- = -tour- = -tourn-
contour,/'kɔntuə/,n. 画轮廓，画外形，轮廓，外形,-torn- = -tour- = -tourn-
contoured,/'kɑntʊrd/,adj. 波状外形的,-torn- = -tour- = -tourn-
tournament,/'tʊənəm(ə)nt/,n. 锦标赛，联赛；比赛,-torn- = -tour- = -tourn-
tourniquet,/'tʊənɪkeɪ/,n. [外科] 止血带；压脉器；压血带,-torn- = -tour- = -tourn-
war-torn,/'wɔ:tɔ:n/,adj. 遭受战争破坏的,-torn- = -tour- = -tourn-
torn-up,/tɔ:n-ʌp/,adj. 磨耗的,-torn- = -tour- = -tourn-
strife-torn,/straɪf-tɔ:n/,adj. 饱受战火折磨的,-torn- = -tour- = -tourn-
tourney,/'tʊənɪ/,n. 锦标赛 vi. 参加比赛,-torn- = -tour- = -tourn-
attorney,/ə'tɜːnɪ/,n. 律师；代理人；检查官,-torn- = -tour- = -tourn-
attorney-general,/ə'tɜːnɪ-'dʒen(ə)r(ə)l/,n. 司法部长；总检察长；首席检察官,-torn- = -tour- = -tourn-
tornado,/tɔː'neɪdəʊ/,n. [气象] 龙卷风；旋风；暴风；大雷雨,-torn- = -tour- = -tourn-
tornadic,/tɔ'nedɪk/,adj. 龙卷风的，飓风的；旋风的,-torn- = -tour- = -tourn-
entourage,/'ɒntʊrɑːʒ/,n. 随从；周围；环境,-torn- = -tour- = -tourn-
nocent,/'nəusənt/,adj. 有害的，有毒的，加害的，有罪的,-noc- = -nox(i)- = -nui- = -nec-
nocuous,/'nɔkjuəs/,adj. 有害的，有毒的,-noc- = -nox(i)- = -nui- = -nec-
innocent,/'inəsənt/,adj. 无罪的，清白的，天真的，无害的；阅世不深的,-noc- = -nox(i)- = -nui- = -nec-
innocently,/'ɪnəsəntli/,adv. 纯洁地；无罪地,-noc- = -nox(i)- = -nui- = -nec-
innocence,/'inəsəns/,n. 无罪，清白，天真，无害,-noc- = -nox(i)- = -nui- = -nec-
innocuous,/i'nɔkjuəs/,adj. 无害的，无毒的,-noc- = -nox(i)- = -nui- = -nec-
innocuity,"/,inə'kju:əti/",n. 无毒，无害,-noc- = -nox(i)- = -nui- = -nec-
innocent-looking,/'inəsənt-'lʊkɪŋ/,adj. 看上去无恶意的；看上去无害的,-noc- = -nox(i)- = -nui- = -nec-
noxious,/'nɔkʃəs/,adj. 有害的，无毒的，不卫生的,-noc- = -nox(i)- = -nui- = -nec-
noxiousness,/'nɔkʃəsnis/,n. 有害，有毒；不卫生,-noc- = -nox(i)- = -nui- = -nec-
obnoxious,/əb'nɒkʃəs/,adj. 讨厌的；可憎的；不愉快的,-noc- = -nox(i)- = -nui- = -nec-
obnoxiously,/əb'nɔkʃəsli/,adv. 可憎地；惹人讨厌地,-noc- = -nox(i)- = -nui- = -nec-
nuisance,/'njuːs(ə)ns/,n. 令人讨厌的人或事,-noc- = -nox(i)- = -nui- = -nec-
internecine,"/,ɪntə'niːsaɪn/",adj. 两败俱伤的；互相残杀的；致命的,-noc- = -nox(i)- = -nui- = -nec-
approach,/ə'prəʊtʃ/,n. 方法；途径；接近 vt. 接近；着手处理 vi. 靠近,-proach- = -proxim-
approachable,/ə'prəʊtʃəb(ə)l/,adj. 亲切的；可接近的,-proach- = -proxim-
approachability,"/ə,protʃə'bɪləti/",n. 可接近性；易接近,-proach- = -proxim-
unapproachable,/ʌnə'prəʊtʃəb(ə)l/,adj. 无与伦比的；不可亲的； （地方）不能接近的,-proach- = -proxim-
reproach,/rɪ'prəʊtʃ/,n. 责备；耻辱 vt. 责备；申斥,-proach- = -proxim-
reproachful,/rɪ'prəʊtʃfʊl/,adj. 责备的；申斥的；非难的,-proach- = -proxim-
reproachfully,/rɪ'protʃfəli/,adv. 责备地,-proach- = -proxim-
self-reproach,/'selfri'prəutʃ/,n. 自我谴责，自责；良心责备,-proach- = -proxim-
irreproachable,/ɪrɪ'prəʊtʃəb(ə)l/,adj. 无可指责的；无过失的,-proach- = -proxim-
proximal,/'prɒksɪm(ə)l/,adj. 最接近的，邻近的；近身体中央的,-proach- = -proxim-
proximate,/'prɒksɪmət/,adj. 近似的；最近的,-proach- = -proxim-
proximity,/prɒk'sɪmɪtɪ/,n. 接近，[数]邻近；接近；接近度，距离；亲近,-proach- = -proxim-
approximate,/ə'prɒksɪmət/,vt. 近似；使…接近；粗略估计 vi. 接近于；近似于 adj. [数] 近似的；大概的,-proach- = -proxim-
approximately,/ə'prɒksɪmətlɪ/,adv. 大约，近似地；近于,-proach- = -proxim-
approximation,"/ə,prɒksɪ'meɪʃn/",n. [数] 近似法；接近；[数] 近似值,-proach- = -proxim-
gorge,/gɔːdʒ/,n. 峡谷,-gorg-
gorgeous,/'gɔːdʒəs/,adj. 美丽的；宜人的,-gorg-
gorgeously,/'gɔrdʒəsli/,adv. 华美地；辉煌地,-gorg-
disgorge,/dɪs'gɔːdʒ/,vt. 吐出；被迫交出,-gorg-
engorge,/ɪn'gɔːdʒ/,vt. 大吃；使充血；狼吞虎咽 vi. 大吃；充血,-gorg-
engorged,/en'gɔ:dʒd/,adj. 过饱的；塞得满满的,-gorg-
engorgement,/ɪn'gɔrdʒmənt/,n. [病理] 充血；暴饮暴食；肿胀,-gorg-
architect,/'ɑːkɪtekt/,n. 建筑师,-arch- = -archa(e)-
architecture,/'ɑːkɪtektʃə/,n. 建筑,-arch- = -archa(e)-
architectural,"/,ɑːkɪ'tektʃərəl/",adj. 建筑学的；建筑上的；符合建筑法的,-arch- = -archa(e)-
architecturally,"/,ɑrkə'tɛktʃərəli/",adv. 建筑上地；关于建筑地,-arch- = -archa(e)-
architectonic,"/,ɑːkɪtek'tɒnɪk/",adj. 建筑术的；组织的；知识体系的 n. 体系论；建筑学,-arch- = -archa(e)-
archaean,/ɑ:'ki:ən/,adj. 太古代的 n. [地质] 太古代,-arch- = -archa(e)-
archeology,"/,ɑːkɪ'ɒlədʒɪ/",n. 考古学（等于 archaeology）,-arch- = -archa(e)-
archaeology,"/,ɑːkɪ'ɒlədʒɪ/",n. 考古学；考古学的,-arch- = -archa(e)-
archeologist,"/,ɑːkɪ'ɒlədʒɪst/",n. 考古学家,-arch- = -archa(e)-
archaeologist,"/,ɑːkɪ'ɒlədʒɪst/",n. 考古学家,-arch- = -archa(e)-
archeological,"/,ɑ:kiə'lɔdʒikəl/",adj. 考古学的,-arch- = -archa(e)-
archaeological,"/,ɑrkɪə'lɑdʒɪkl/",adj. [古] 考古学的；[古] 考古学上的,-arch- = -archa(e)-
archaeologically,"/,ɑːkɪə'lɒdʒɪkəlɪ/",从考古学的角度来说,-arch- = -archa(e)-
archaeoastronomy,"/,ɑrkioə'strɑnəmi/",n. 考古天文学（指对古代天文学进行研究的考古学科）,-arch- = -archa(e)-
archaic,/ɑː'keɪɪk/,adj. 古代的；陈旧的；古体的；古色古香的,-arch- = -archa(e)-
archaism,/'ɑːkeɪɪz(ə)m/,n. 古语；拟古主义；古体,-arch- = -archa(e)-
archaistic,"/,ɑ:kei'istik/",adj. 古风的；仿古的,-arch- = -archa(e)-
archaize,/'ɑːkeɪaɪz/,vi. 仿古，用古体 vt. 使有古风,-arch- = -archa(e)-
archive,/'ɑrkaɪv/,n. 档案馆；档案文件 vt. 把…存档,-arch- = -archa(e)-
archivist,/'ɑːkɪvɪst/,n. 案卷保管人；档案保管员,-arch- = -archa(e)-
archival,/ɑː'kaɪvəl/,adj. 档案的,-arch- = -archa(e)-
archived,/'a:rkaivd/,adj. 存档的；已归档的,-arch- = -archa(e)-
archiving,/ɑː'kəvɪŋ/,n. 归档,-arch- = -archa(e)-
monarch,/'mɒnək/,n. 君主，帝王；最高统治者,-arch- = -archa(e)-
monarchy,/'mɒnəkɪ/,n. 君主政体；君主国；君主政治,-arch- = -archa(e)-
monarchist,/'mɑnɚkɪst/,n. 君主主义者,-arch- = -archa(e)-
monarchic,/mɔ'nɑ:kik/,adj. 君主政体的；君主的；赞成君主政体的,-arch- = -archa(e)-
monarchical,/mə'nɑrkɪkl/,adj. 君主的，国王的；君主政治的,-arch- = -archa(e)-
patriarch,/'peɪtrɪɑːk/,n. 家长；族长；元老；创始人,-arch- = -archa(e)-
patriarchy,/'peɪtrɪɑːkɪ/,n. 父权制；家长统治；父系社会,-arch- = -archa(e)-
patriarchal,/peɪtrɪ'ɑːk(ə)l/,adj. 家长的；族长的；由族长统治的,-arch- = -archa(e)-
patriarchate,/'peɪtrɪɑːkət/,n. 任期；宗主教区；主教的职位,-arch- = -archa(e)-
matriarch,/'meɪtrɪɑːk/,n. 女家长；女统治者；女负责人；受人尊敬的妇女,-arch- = -archa(e)-
matriarchy,/'meɪtrɪɑːkɪ/,n. 母权制；女家长制；女族长制；母系氏族,-arch- = -archa(e)-
matriarchal,/ˌmeɪtriˈɑ:kl/,adj. 母系氏族的；女家长的,-arch- = -archa(e)-
oligarch,/'ɒlɪgɑːk/,n. 寡头政治执政者,-arch- = -archa(e)-
oligarchy,/'ɒlɪgɑːkɪ/,n. 寡头政治,-arch- = -archa(e)-
oligarchic,"/,ɑlɪ'gɑrkɪk/",adj. 寡头政治的；主张寡头政治的,-arch- = -archa(e)-
anarchy,/'ænəkɪ/,n. 无政府状态；混乱；无秩序,-arch- = -archa(e)-
anarchic,/ə'nɑːkɪk/,adj. 无政府的；无政府主义的；无法无天的,-arch- = -archa(e)-
anarchical,/æ'nɑ:kik/,adj. 无政府主义的,-arch- = -archa(e)-
anarchist,/'ænəkɪst/,n. 无政府主义者；无政府主义的,-arch- = -archa(e)-
anarchism,/'ænəkɪz(ə)m/,n. 无政府主义,-arch- = -archa(e)-
anarchistic,"/,ænɚ'kɪstɪk/",adj. 无政府主义的,-arch- = -archa(e)-
archetype,/'ɑːkɪtaɪp/,n. 原型,-arch- = -archa(e)-
archetypal,"/,ɑːkɪ'taɪp(ə)l/",adj. [生物] 原型的,-arch- = -archa(e)-
archetypical,"/,ɑ:ki'tipikəl/",adj. 典型的,-arch- = -archa(e)-
archbishop,/ɑːtʃ'bɪʃəp/,n. 大主教；总教主,-arch- = -archa(e)-
archipelago,"/,ɑːkɪ'peləgəʊ/",n. 群岛，列岛；多岛的海区,-arch- = -archa(e)-
archduke,/'ɑːtʃdjuːk/,n. 大公，皇太子,-arch- = -archa(e)-
archenemy,/'ɑːtʃ'enəmɪ/,n. 主要敌人，大敌；撒旦，魔王,-arch- = -archa(e)-
archdeacon,/ɑːtʃ'diːk(ə)n/,n. 领班神父；副监督,-arch- = -archa(e)-
arch-nemesis,/ɑːtʃ'nɛməsɪs/,n. 主要劲敌（非正式）,-arch- = -archa(e)-
archangel,/'ɑːkeɪndʒ(ə)l/,n. 大天使；天使长；第八级天使,-arch- = -archa(e)-
archrival,/'ɑːtʃ'raɪvəl/,n. 主要竞争对手,-arch- = -archa(e)-
archdiocese,/ɑːtʃ'daɪəsɪs/,n. 大主教之管区,-arch- = -archa(e)-
overarching,"/,əʊvər'ɑːtʃɪŋ/",adj. 首要的；支配一切的；包罗万象的,-arch- = -archa(e)-
archly,/'ɑːtʃlɪ/,adv. 狡猾地；顽皮地；主要地；淘气地,-arch- = -archa(e)-
menarche,/me'nɑːkɪ/,n. 初潮（少女的第一次月经来潮）,-arch- = -archa(e)-
profess,/prə'fes/,vt. 自称；公开表示；宣称信奉；正式准予加入 vi. 声称；承认；当教授,-fess-
professed,/prə'fest/,adj. 声称的；公开承认的；伪称的,-fess-
professor,/prə'fesə/,n. 教授；教师；公开表示信仰的人,-fess-
professorship,/prə'fɛsɚʃɪp/,n. [劳经] 教授职位,-fess-
professorate,/prə'fesərit/,n. 全体教授；教授任期；教授职务,-fess-
professoriate,"/,prəʊfɪ'sɔːrɪət/",n. 教授会；教授职位,-fess-
profession,/prə'feʃ(ə)n/,n. 职业，专业；声明，宣布，表白,-fess-
professional,/prə'feʃ(ə)n(ə)l/,adj. 专业的；职业的；职业性的,-fess-
professionally,/prə'fɛʃənəli/,adv. 专业地；内行地,-fess-
professionalism,/prə'feʃ(ə)n(ə)lɪz(ə)m/,n. 专业主义；专家的地位；特性或方法,-fess-
professionalized,/prə'feʃ(ə)n(ə)laɪz/,vi. 专业化；职业化 vt. 使…专业化；使…专业化,-fess-
professionalization,/prəˌfɛʃənəlaɪz'eʃn/,n. 专业化；职业化,-fess-
unprofessional,/ʌnprə'feʃ(ə)n(ə)l/,adj. 非职业性的，非专业的；外行的,-fess-
unprofessionally,"/,ʌnprə'feʃənəli/",adv. 非职业性地；非专业性地,-fess-
paraprofessional,/pærəprə'feʃ(ə)n(ə)l/,adj. 辅助专职人员的；专业人员的助手的,-fess-
non-professional,/ˌnɒnprəˈfɛʃənəl/,adj. 非专业的,-fess-
self-professed,/self-prə'fest/,adj. 自称的,-fess-
semi-professional,"/,semɪprə'feʃənəl/",n. 半职业性选手或运动员 adj. 半职业性的,-fess-
pre-professional,"/,priːprə'feʃənəl/",adj. 为从事职业作准备的，职前的,-fess-
professional-quality,/prə'feʃ(ə)n(ə)l-ˈkwɒlətɪ/,n. 专业素质,-fess-
professional-looking,/prə'feʃ(ə)n(ə)l-'lʊkɪŋ/,n. 专业外观 专业型式,-fess-
professional-level,/prə'feʃ(ə)n(ə)l-'lev(ə)l/,n. 专业水平；专业水准,-fess-
professional-grade,/prə'feʃ(ə)n(ə)l-greɪd/,n. 专业等级,-fess-
fess,/fes/,vt. 供认；坦白 vi. 交代；供认,-fess-
confess,/kən'fes/,vt. 承认；坦白；忏悔；供认 vi. 承认；坦白；忏悔；供认,-fess-
confessor,/kən'fesə/,n. 忏悔者；为信教而被迫害的教徒,-fess-
confession,/kən'feʃ(ə)n/,n. 忏悔，告解；供认；表白,-fess-
confessional,/kən'feʃ(ə)n(ə)l/,n. 忏悔室；告解室 adj. 忏悔的；自白的,-fess-
confessed,/kən'fest/,adj. 坦白的，认罪的；众所公认的，不容怀疑的；公开的，众所周知的,-fess-
self-confessed,/'selfkən'fest/,adj. 公开承认的,-fess-
manual,/'mænjʊ(ə)l/,adj. 手工的；体力的 n. 手册，指南,-manu- = -man-
manually,/'mænjʊəli/,adv. 手动地；用手,-manu- = -man-
non-manual,/nɔn-'mænjʊ(ə)l/,adj. 非体力劳动的,-manu- = -man-
manual-shift,/'mænjʊ(ə)l-ʃɪft/,n. 手动换档,-manu- = -man-
manner,/'mænə/,n. 方式；习惯；种类；规矩；风俗,-manu- = -man-
mannerly,/'mænəlɪ/,adj. 彬彬有礼的；客气的 adv. 客气地；彬彬有礼地,-manu- = -man-
mannered,/'mænəd/,adj. 矫饰的；守规矩的；矫揉造作的,-manu- = -man-
mannerism,/'mænərɪz(ə)m/,n. 特殊习惯；矫揉造作；怪癖,-manu- = -man-
mild-mannered,"/,maild'mænəd/",adj. 温良恭谨的；温柔的,-manu- = -man-
well-mannered,/'wel'mænəd/,adj. 有礼貌的；行为端正的；文雅的,-manu- = -man-
ill-mannered,/'il'mænəd/,adj. 无礼的；粗野的；态度恶劣的,-manu- = -man-
manage,/'mænidʒ/,vt. 管理；经营；控制；设法 vi. 处理；应付过去,-manu- = -man-
manager,/'mænidʒə/,n. 掌管者，管理人，经理,-manu- = -man-
management,/'mænɪdʒm(ə)nt/,n. 管理；管理人员；管理部门；操纵；经营手段,-manu- = -man-
managing,/'mænɪdʒɪŋ/,adj. 管理的；节约的；爱管闲事的,-manu- = -man-
managed,/'mænɪdʒd/,adj. 托管的；与中央化计划及管制有关的,-manu- = -man-
unmanaged,/'mænɪdʒd/,adj. 非托管的,-manu- = -man-
managed-care,/'mænɪdʒd-keə/,n. 管理式医疗,-manu- = -man-
managerial,/mænə'dʒiːrɪəl/,adj. [管理] 管理的；经理的,-manu- = -man-
manageable,/'mænɪdʒəb(ə)l/,adj. 易管理的；易控制的；易办的,-manu- = -man-
mismanage,/mɪs'mænɪdʒ/,vt. 办错；处置失当；对…管理不善,-manu- = -man-
mismanagement,/mɪs'mænɪdʒmənt/,n. 管理不善；处置失当,-manu- = -man-
micromanage,/maɪkrəʊ'mænɪdʒ/,n. 微观管理,-manu- = -man-
co-manager,/kəu-'mænidʒə/,n. 共同经理人,-manu- = -man-
co-management,/kəu-'mænɪdʒmənt/,n. 共同管理,-manu- = -man-
well-managed,/wel-'mænɪdʒd/,adj. 管理有方的,-manu- = -man-
self-managed,/self-'mænɪdʒd/,adj. 自我管理的,-manu- = -man-
manageability,"/,mænɪdʒə'bɪləti/",n. 易处理；易办；顺从,-manu- = -man-
management-consulting,/'mænɪdʒmənt-kən'sʌltɪŋ/,n. 企业管理咨询；经常咨询,-manu- = -man-
money-management,/'mʌnɪ-'mænɪdʒmənt/,n. 货币管理,-manu- = -man-
labor-management,/'leɪbə(r)-'mænɪdʒmənt/,n. 劳动管理,-manu- = -man-
risk-management,/rɪsk-'mænɪdʒmənt/,n. 风险管理,-manu- = -man-
middle-management,/'mɪd(ə)l-'mænɪdʒmənt/,n. 中层管理；中级管理人员,-manu- = -man-
time-management,/taɪm-'mænɪdʒmənt/,n. 时间管理,-manu- = -man-
stress-management,/stres-'mænɪdʒmənt/,n. 压力管理,-manu- = -man-
anger-management,/'æŋgə-'mænɪdʒmənt/,n. 愤怒管理,-manu- = -man-
land-management,/lænd-'mænɪdʒmənt/,n. [经] 土地管理,-manu- = -man-
waste-management,/weɪst-'mænɪdʒmənt/,n. 废物管理；废物处理,-manu- = -man-
asset-management,/'æset-'mænɪdʒmənt/,n. 资产管理,-manu- = -man-
weight-management,/weɪt-'mænɪdʒmənt/,n. 体重控制,-manu- = -man-
manacle,/'mænəkl/,n. 束缚；手铐 vt. 束缚；给…上手铐,-manu- = -man-
manufacture,"/,mænju'fæktʃə/",n. 制造；产品；制造业 vt. 制造；加工；捏造 vi. 制造,-manu- = -man-
manufacturer,"/,mænjʊ'fæktʃ(ə)rə(r)/",n. 制造商；[经] 厂商,-manu- = -man-
manufacturing,"/,mænjʊ'fæktʃərɪŋ/",adj. 制造的；制造业的 n. 制造业；工业,-manu- = -man-
manufactured,"/,mænjə'fæktʃɚ/",adj. 制造的，已制成的,-manu- = -man-
manufactory,/mænjʊ'fækt(ə)rɪ/,n. 制造厂，工厂,-manu- = -man-
manufacturable,"/,mænjə'fæktʃərəbl/",adj. 可制造的,-manu- = -man-
maintain,/mein'tein/,vt. 维持；继续；维修；主张；供养,-manu- = -man-
maintainable,/mein'teinəbl/,adj. 可维持的；可主张的；可维修的,-manu- = -man-
maintenance,/'meintənəns/,n. 维护，维修；保持；生活费用,-manu- = -man-
manipulate,/mə'nɪpjʊleɪt/,vt. 操纵；操作；巧妙地处理；篡改,-manu- = -man-
manipulation,"/mə,nɪpjʊ'leɪʃ(ə)n/",n. 操纵；操作；处理；篡改,-manu- = -man-
manipulative,/mə'nɪpjʊlətɪv/,adj. 巧妙处理的；操纵的，用手控制的,-manu- = -man-
manipulator,/mə'nɪpjʊleɪtə(r)/,n. [机] 操纵器，调制器；操作者,-manu- = -man-
manipulable,/mə'nɪpjələbəl/,adj. 可操纵自如的；可以操作的,-manu- = -man-
manifest,/'mænɪfest/,vt. 证明，表明；显示 vi. 显示，出现 n. 载货单，货单；旅客名单,-manu- = -man-
manifestation,"/,mænɪfe'steɪʃ(ə)n/",n. 表现；显示；示威运动,-manu- = -man-
manifesto,/mænɪ'festəʊ/,n. 宣言；声明；告示 vi. 发表宣言,-manu- = -man-
manifestly,/'mænifestli/,adv. 显然地；明白地,-manu- = -man-
emancipated,"/ɪ'mænsə,petɪd/",adj. 被解放的,-manu- = -man-
emancipator,/ɪ'mænspetɚ/,n. 释放者；解放者,-manu- = -man-
maneuver,/mə'nʊvə/,n. [军] 机动；演习；策略；调遣 vi. [军] 机动；演习；调遣；用计谋,-manu- = -man-
maneuvering,/mə'nu:vəriŋ/,v. [军] 机动；操纵；演习 n. [军] 机动,-manu- = -man-
maneuverable,/mə'nu:vərəbl/,adj. 有机动性的；容易操作的；可调动的,-manu- = -man-
maneuverability,"/mə,nʊvə'bɪlətɪ/",n. 可操作性；[航][车辆][船] 机动性,-manu- = -man-
outmaneuver,"/,aʊtmə'nuːvə/",vt. 以计谋胜过；运用策略击败,-manu- = -man-
manoeuvre,/mə'nuːvə/,vi. 调动；演习；用策略 vt. 诱使；操纵；耍花招 n. 策略,-manu- = -man-
manure,/mə'njʊə/,vt. 施肥于；耕种 n. 肥料；粪肥,-manu- = -man-
amanuensis,"/ə,mænjʊ'ensɪs/",n. 抄写员；文书助理,-manu- = -man-
manus,/'meɪnəs/,n. 手；前肢；丈夫对妻子之权威,-manu- = -man-
emanation,/emə'neɪʃ(ə)n/,n. 发出，散发,-manu- = -man-
manicure,/'mænɪkjʊə/,vt. 修剪，美甲 n. 修指甲，美甲,-manu- = -man-
fascine,/fæ'siːn/,n. 柴捆， （护堤岸用的）柴笼,-fasc-
fascinate,/'fæsɪneɪt/,vt. 使着迷，使神魂颠倒,-fasc-
fascination,"/,fæsɪ'neɪʃ(ə)n/",n. 着迷，迷恋；吸引力,-fasc-
fascinating,/'fæsɪneɪtɪŋ/,adj. 迷人的；吸引人的,-fasc-
fascinated,/'fæsɪneɪtɪd/,adj. 着迷的；被深深吸引的,-fasc-
fascinatingly,/'fæsineitiŋli/,adv. 极有吸引力地；迷人地,-fasc-
fasciate,/'fæʃieit/,adj. 用带子束住的,-fasc-
fasciation,"/,fæʃɪ'eɪʃən/",n. [植保] 扁化；簇生,-fasc-
fascinator,/'fæsɪneɪtə(r)/,n. 迷人的人或物,-fasc-
fascicle,/'fæsɪk(ə)l/,n. 束；分册；一簇,-fasc-
fascicular,/fə'sɪkjʊlɚ/,adj. 丛生的；群生的,-fasc-
fascia,/'feɪʃɪə/,n. 招牌；[医] 筋膜；绷带；饰带,-fasc-
fascist,/'fæʃɪst/,n. 法西斯主义者；法西斯党员 adj. 法西斯主义的，法西斯党的,-fasc-
fascistic,/fə'ʃɪstɪk/,adj. 法西斯党的；法西斯主义的（等于 fascist）,-fasc-
anti-fascist,/ˌæntɪˈfæʃɪst/,adj. 反法西斯主义的,-fasc-
fascism,/'fæʃɪz(ə)m/,n. 法西斯主义；极端国家主义,-fasc-
fasciitis,"/,fæʃɪ'aɪtɪs/",n. 筋膜炎,-fasc-
neo-fascist,"/,niːəʊ'fæʃɪst/",n. 新法西斯主义者；新法西斯主义的,-fasc-
fascial,"/,fæʃɪ(ə)l/",adj. 筋膜的,-fasc-
survive,/sə'vaɪv/,vt. 幸存；生还；幸免于；比...活得长 vi. 幸存；活下来,-viv- = -vit- = -veg-
survivor,/sə'vaɪvə/,n. 幸存者；生还者；残存物,-viv- = -vit- = -veg-
surviving,/sɚ'vaɪv/,adj. 继续存在的；未死的；依然健在的,-viv- = -vit- = -veg-
survival,/sə'vaivəl/,n. 幸存，残存；幸存者，残存物,-viv- = -vit- = -veg-
survivalist,/sɚ'vaɪvəlɪst/,n. 活命主义者；成功地活下来的人,-viv- = -vit- = -veg-
survivable,/sɚ'vaɪvəbl/,adj. 可生存的,-viv- = -vit- = -veg-
survivability,"/,sɚvaɪvə'bɪləti/",n. 存活的能力，生命力,-viv- = -vit- = -veg-
vivid,/'vɪvɪd/,adj.（描述）生动的；逼真的,-viv- = -vit- = -veg-
vividly,/'vɪvɪdli/,adv. 生动地；强烈地,-viv- = -vit- = -veg-
vividness,/'vɪvɪdnɪs/,n. 生动；活泼；明亮,-viv- = -vit- = -veg-
vivify,/'vivifai/,vt. 使生动；使活跃；给与生气,-viv- = -vit- = -veg-
vivacity,/vi'væsəti/,n. 活泼；快活；精神充沛,-viv- = -vit- = -veg-
vivacious,/vi'veiʃəs/,adj. 活泼的，有生气的,-viv- = -vit- = -veg-
revive,/rɪ'vaɪv/,vi. 复兴； 复活； 苏醒； 恢复精神 vt. 使复兴； 使苏醒； 回想起； 重演， 重播,-viv- = -vit- = -veg-
revivify,/ri:'vivifai/,vt. 使再生，使复活；使振奋精神 vi. 复活，再生；振奋精神,-viv- = -vit- = -veg-
revival,/ri'vaivəl/,adj. 再生，复活，复苏,-viv- = -vit- = -veg-
revived,/ri'vaivd/,adj. 复活的，再生的,-viv- = -vit- = -veg-
reviving,/rɪ'vaɪvɪŋ/,n. 振兴,-viv- = -vit- = -veg-
revivalist,/rɪ'vaɪvəlɪst/,n. 领导宗教复兴运动的人；复旧者,-viv- = -vit- = -veg-
revivalism,/rɪ'vaɪv(ə)lɪz(ə)m/,n. 信仰复兴运动；复兴倾向,-viv- = -vit- = -veg-
convivial,/kən'vɪvɪəl/,adj. 欢乐的；欢宴的；酒宴的,-viv- = -vit- = -veg-
conviviality,"/kən,vɪvɪ'æləti/",n. 欢乐；高兴；宴乐；宴饮交际,-viv- = -vit- = -veg-
vivarium,/vai'vεəriəm/,n. (造成自然环境状态的)动物(或植物)园,-viv- = -vit- = -veg-
vivisect,"/,vivi'sekt/",vt. 解剖(动物活体)，进行动物活体解剖,-viv- = -vit- = -veg-
vivisection,"/,vivi'sekʃən/",n. 活体解剖,-viv- = -vit- = -veg-
vital,/'vaitəl/,adj. 生命的，有生命的，致命的，生命攸关的,-viv- = -vit- = -veg-
vitally,/'vaɪtəli/,adv. 极其；紧要地；生死攸关地,-viv- = -vit- = -veg-
vitality,/vai'tæləti/,n. 生命力，生气，活力,-viv- = -vit- = -veg-
vitalize,/'vaitəlaiz/,vt. 赋予…生命；激发；使有生气,-viv- = -vit- = -veg-
vitalism,/'vaɪt(ə)lɪz(ə)m/,n. [生物] 活力论；[生物] 生机说,-viv- = -vit- = -veg-
revitalize,"/,ri:'vaitəlaiz/",vt. 使再生，使新生，使恢复元气,-viv- = -vit- = -veg-
revitalization,/riːˌvaɪtəlaɪ'zeɪʃən/,n. 复兴；复苏；新生,-viv- = -vit- = -veg-
devitalize,"/,di:'vaitəlaiz/",vt. 使失去生命(力)，使伤元气,-viv- = -vit- = -veg-
vitaminology,"/,vaitəmi'nɔlədʒi/",n. 维生素学,-viv- = -vit- = -veg-
avitaminosis,"/ei,vaitəmi'nəusis/",n. 维生素缺乏症,-viv- = -vit- = -veg-
devitaminize,/di:'vitəminaiz/,vt. 使(食物)失去维生素,-viv- = -vit- = -veg-
multivitamin,"/,mʌltɪ'vaɪ'/",adj. 多种维他命的 n. 多种维他命剂,-viv- = -vit- = -veg-
viva,/ˈviːvə/,n. 口头测验 int. 万岁（表示祝愿或赞成的欢呼声）,-viv- = -vit- = -veg-
vivo,/'vi:vəʊ/,adv. 活泼地；生动地 adj. 生动的；活泼的；充满活力的（等于 vivace）,-viv- = -vit- = -veg-
in-vivo,/in'vi:vəu/,（拉）[生物] 在活的有机体内,-viv- = -vit- = -veg-
viviparous,/vɪ'vɪp(ə)rəs/,adj. [脊椎] 胎生的；在母体上发芽的,-viv- = -vit- = -veg-
vita,/ˈviːtə/,n. 生活；生命；个人简历（复数 vitae）,-viv- = -vit- = -veg-
vegetal,/'vedʒɪt(ə)l/,adj. 植物的，植物性的；生长的 n. 植物；蔬菜,-viv- = -vit- = -veg-
vegetable,/ˈvedʒtəbl/,n. 蔬菜；植物；植物人 adj. 蔬菜的；植物的,-viv- = -vit- = -veg-
vegetate,/'vedʒɪteɪt/,vi. 过单调呆板的生活,-viv- = -vit- = -veg-
vegetated,/'vedʒɪteɪt/,vi. 过单调呆板的生活,-viv- = -vit- = -veg-
vegetation,/vedʒɪ'teɪʃ(ə)n/,n. 植被；植物，草木；呆板单调的生活,-viv- = -vit- = -veg-
vegetative,/'vedʒɪtətɪv/,adj. 植物的； 植物人状态的， 无所作为的； 促使植物生长的； 有生长力的,-viv- = -vit- = -veg-
vegetarian,/ˌvedʒɪˈteərɪən/,n. 素食者；食草动物 adj. 素食的,-viv- = -vit- = -veg-
vegetarianism,"/,vedʒɪ'teərɪənɪzəm/",n. 素食主义,-viv- = -vit- = -veg-
veg,/vɛdʒ/,n. 蔬菜 vi. 虚度,-viv- = -vit- = -veg-
veggie,/'vedʒɪ/,n. 素食者,-viv- = -vit- = -veg-
vegan,/'viːg(ə)n/,n. （英）严格的素食主义者 adj. 严守素食主义的,-viv- = -vit- = -veg-
contact,/'kɒntækt/,n. 接触，联系 vt. 使接触，联系 vi. 使接触，联系,-tact- = -tang- = -tag- = -ting- = -tig- = -tast-
non-contact,/nɒn-'kɒntækt/,n. 非接触；[电] 无触点,-tact- = -tang- = -tag- = -ting- = -tig- = -tast-
pre-contact,/pri-'kɒntækt/,adj. 本地人与外来文化接触之前时期的,-tact- = -tang- = -tag- = -ting- = -tig- = -tast-
eye-contact,/aɪ-'kɒntækt/,n. 目光接触；眼神交会,-tact- = -tang- = -tag- = -ting- = -tig- = -tast-
contact-lens,/'kɒntækt-lenz/,n. 隐形眼镜；接触镜片,-tact- = -tang- = -tag- = -ting- = -tig- = -tast-
tactual,/'tæktjuəl/,adj. 触觉器官的，触觉的,-tact- = -tang- = -tag- = -ting- = -tig- = -tast-
tactile,/'tæktail/,adj. 触觉的，有触觉的，能触知的,-tact- = -tang- = -tag- = -ting- = -tig- = -tast-
tactility,/tæk-'tiləti/,n. 触觉，有触觉,-tact- = -tang- = -tag- = -ting- = -tig- = -tast-
intact,/ɪn'tækt/,adj. 完好无损的，完整的，未经触动的,-tact- = -tang- = -tag- = -ting- = -tig- = -tast-
intactness,/ɪn'tæktnɪs/,n. 未受损伤；完整无缺,-tact- = -tang- = -tag- = -ting- = -tig- = -tast-
contagion,/kən'teidʒən/,n. 接触传染；传染病,-tact- = -tang- = -tag- = -ting- = -tig- = -tast-
contagium,/kən'teidʒiəm/,n. 接触传染物,-tact- = -tang- = -tag- = -ting- = -tig- = -tast-
contagious,/kən'teidʒəs/,adj. 接触传染的，有传染性的,-tact- = -tang- = -tag- = -ting- = -tig- = -tast-
contagiosity,"/kən,tædʒi'ɔsiti/",n. 接触传染率,-tact- = -tang- = -tag- = -ting- = -tig- = -tast-
anticontagious,"/,ᴂntikən’teidʒəs/",adj. 预防传染的,-tact- = -tang- = -tag- = -ting- = -tig- = -tast-
contingency,/kən'tɪndʒ(ə)nsɪ/,n. 偶然性；[安全]意外事故；可能性；[审计] 意外开支,-tact- = -tang- = -tag- = -ting- = -tig- = -tast-
contingent,/kən'tɪndʒ(ə)nt/,adj. 因情况而异的；偶然发生的；可能的；依情况而定的；[逻]有条件的,-tact- = -tang- = -tag- = -ting- = -tig- = -tast-
non-contingent,/nɒn-kən'tɪndʒ(ə)nt/,n. 非偶然,-tact- = -tang- = -tag- = -ting- = -tig- = -tast-
entangle,/ɪn'tæŋg(ə)l/,vt. 使纠缠；卷入；使混乱,-tact- = -tang- = -tag- = -ting- = -tig- = -tast-
entangled,/ɪn'tæŋgld/,adj. 卷入的；被缠住的,-tact- = -tang- = -tag- = -ting- = -tig- = -tast-
entanglement,/ɪn'tæŋg(ə)lm(ə)nt/,n. 纠缠；铁丝网；缠绕物；牵连,-tact- = -tang- = -tag- = -ting- = -tig- = -tast-
disentangle,/dɪsɪn'tæŋg(ə)l/,vi. 解决；松开；解开纠结；解决（纠纷） vt. 解开；松开；使解脱,-tact- = -tang- = -tag- = -ting- = -tig- = -tast-
tact,/tækt/,n. 机智；老练；圆滑；鉴赏力,-tact- = -tang- = -tag- = -ting- = -tig- = -tast-
tactless,/'tæktlɪs/,adj. 不机智的；不老练的；笨拙的,-tact- = -tang- = -tag- = -ting- = -tig- = -tast-
tactful,/'tæktfʊl/,adj. 机智的；圆滑的；老练的,-tact- = -tang- = -tag- = -ting- = -tig- = -tast-
tactfully,/'tæktfəli/,adv. 巧妙地；机智地,-tact- = -tang- = -tag- = -ting- = -tig- = -tast-
tactic,/'tæktɪk/,n. 策略，战略 adj. 按顺序的，依次排列的,-tact- = -tang- = -tag- = -ting- = -tig- = -tast-
tactical,/'tæktɪk(ə)l/,adj. 战术的；策略的；善于策略的,-tact- = -tang- = -tag- = -ting- = -tig- = -tast-
tactically,/'tæktikli/,adv. 战术性地；策略高明地,-tact- = -tang- = -tag- = -ting- = -tig- = -tast-
tactician,/tæk'tɪʃən/,n. 战术家；谋士,-tact- = -tang- = -tag- = -ting- = -tig- = -tast-
syntactic,/sɪn'tæktɪk/,adj. 句法的；语法的；依据造句法的,-tact- = -tang- = -tag- = -ting- = -tig- = -tast-
syntactical,/sɪn'tæktɪkəl/,adj. 句法的；依照句法的（等于 syntactic）,-tact- = -tang- = -tag- = -ting- = -tig- = -tast-
syntactically,/sɪn'tæktɪkli/,adv. 依照句法地；在语句构成上,-tact- = -tang- = -tag- = -ting- = -tig- = -tast-
stereotactic,"/,stɪərɪo'tæktɪk/",adj. 立体定位的；趋实体性,-tact- = -tang- = -tag- = -ting- = -tig- = -tast-
tang,/tæŋ/,n. 特性； 强烈的味道； 柄脚 vt. 使声尖锐； 装刀柄于 vi. 发出铿锵声； 发出当的一声,-tact- = -tang- = -tag- = -ting- = -tig- = -tast-
tangent,/ˈtændʒənt/,adj. 切线的，相切的；接触的；离题的 n. [数] 切线，[数] 正切,-tact- = -tang- = -tag- = -ting- = -tig- = -tast-
tangential,/tæn'dʒenʃ(ə)l/,adj. [数] 切线的，[数] 正切的；离题的，扯远的 n. 正切，切线,-tact- = -tang- = -tag- = -ting- = -tig- = -tast-
tangentially,/tæn'dʒɛnʃəli/,adv. 无关地；切线地,-tact- = -tang- = -tag- = -ting- = -tig- = -tast-
tangible,/'tæn(d)ʒɪb(ə)l/,adj. 有形的；切实的；可触摸的 n. 有形资产,-tact- = -tang- = -tag- = -ting- = -tig- = -tast-
tangibly,/'tændʒəbli/,adv. 可触知地；明白地,-tact- = -tang- = -tag- = -ting- = -tig- = -tast-
intangible,/ɪn'tæn(d)ʒɪb(ə)l/,adj. 无形的，触摸不到的；难以理解的,-tact- = -tang- = -tag- = -ting- = -tig- = -tast-
intangibles,/ɪn'tæn(d)ʒɪb(ə)lz/,n. 无形资产,-tact- = -tang- = -tag- = -ting- = -tig- = -tast-
tangle,/'tæŋg(ə)l/,n. 纠纷；混乱状态 vt. 使纠缠；处于混乱状态 vi. 缠结；乱作一团,-tact- = -tang- = -tag- = -ting- = -tig- = -tast-
tangled,/'tæŋgld/,adj. 紊乱的；纠缠的；缠结的；复杂的,-tact- = -tang- = -tag- = -ting- = -tig- = -tast-
untangle,/ʌn'tæŋg(ə)l/,vt. 清理；整顿；解开…纠结,-tact- = -tang- = -tag- = -ting- = -tig- = -tast-
tag,/tæg/,n. 标签； 名称； 结束语； 附属物 vt. 尾随， 紧随； 连接； 起浑名； 添饰 vi. 紧随,-tact- = -tang- = -tag- = -ting- = -tig- = -tast-
tango,/'tæŋgəʊ/,n. 探戈舞；探戈舞曲 vi. 跳探戈舞,-tact- = -tang- = -tag- = -ting- = -tig- = -tast-
tangy,/'tæŋɪ/,adj. 扑鼻的；有刺激性的；强烈的；咸的,-tact- = -tang- = -tag- = -ting- = -tig- = -tast-
contiguity,"/,kɒntɪ'gjuːɪtɪ/",n. 邻近，接触,-tact- = -tang- = -tag- = -ting- = -tig- = -tast-
contiguous,/kən'tɪgjʊəs/,adj. 连续的；邻近的；接触的,-tact- = -tang- = -tag- = -ting- = -tig- = -tast-
taste,/teɪst/,n. 味道；品味；审美 vt. 尝；体验 vi. 尝起来；有…的味道,-tact- = -tang- = -tag- = -ting- = -tig- = -tast-
taster,/'teɪstə/,n. 尝味道者；审阅人,-tact- = -tang- = -tag- = -ting- = -tig- = -tast-
tasty,/'teɪstɪ/,adj. 美味的；高雅的；有趣的 n. 可口的东西；引人入胜的东西,-tact- = -tang- = -tag- = -ting- = -tig- = -tast-
tasting,/'teɪstɪŋ/,n. 品尝，尝味,-tact- = -tang- = -tag- = -ting- = -tig- = -tast-
tasteful,/'teɪs(t)fʊl/,adj. 雅观的；有鉴赏力的；趣味高雅的；有滋味的,-tact- = -tang- = -tag- = -ting- = -tig- = -tast-
tastefully,/'testfəli/,adv. 雅致地；高雅地,-tact- = -tang- = -tag- = -ting- = -tig- = -tast-
tasteless,/'teɪs(t)lɪs/,adj. 无味的；无鉴赏力的,-tact- = -tang- = -tag- = -ting- = -tig- = -tast-
tastemaker,"/'teɪst,meɪkə/",n. 创造时髦风尚的人,-tact- = -tang- = -tag- = -ting- = -tig- = -tast-
taste-bud,/'teɪst-bʌd/,n. [解剖] 味蕾,-tact- = -tang- = -tag- = -ting- = -tig- = -tast-
distaste,/dɪs'teɪst/,n. 厌恶；讨厌 vt. 厌恶；不喜欢 vi. 不喜欢,-tact- = -tang- = -tag- = -ting- = -tig- = -tast-
distasteful,/dɪs'teɪstf(ʊ)l/,adj. 令人不快的；不合口味的；表示厌恶的,-tact- = -tang- = -tag- = -ting- = -tig- = -tast-
distastefully,/dɪs'teɪstf(ʊ)li/,adv. 味道差地；不愉快地,-tact- = -tang- = -tag- = -ting- = -tig- = -tast-
aftertaste,/'ɑːftəteɪst/,n. 回味；余韵,-tact- = -tang- = -tag- = -ting- = -tig- = -tast-
foretaste,/'fɔːteɪst/,n. 先试；预示；先尝；试吃 vt. 先试；预尝；快乐地期待,-tact- = -tang- = -tag- = -ting- = -tig- = -tast-
wine-tasting,/-'teɪstɪŋ/,n. 品酒,-tact- = -tang- = -tag- = -ting- = -tig- = -tast-
good-tasting,/gʊd-'teɪstɪŋ/,adj. 高品味的；味道纯正的,-tact- = -tang- = -tag- = -ting- = -tig- = -tast-
bitter-tasting,/'bɪtə-'teɪstɪŋ/,adj. 味苦的，苦味的,-tact- = -tang- = -tag- = -ting- = -tig- = -tast-
great-tasting,/greɪt-'teɪstɪŋ/,adj. 绝佳美味的,-tact- = -tang- = -tag- = -ting- = -tig- = -tast-
liquid,/'lɪkwɪd/,adj. 液体的；清澈的；明亮的；易变的 n. 液体，流体；流音,-liqu-
liquidly,/'lɪkwɪdli/,adv. 流畅地；清脆地,-liqu-
liquidate,/'lɪkwɪdeɪt/,vt. 清算；偿付；消除,-liqu-
liquidated,"/'lɪkwɪ,det/",adj. 已偿付的,-liqu-
liquidation,/lɪkwɪ'deɪʃ(ə)n/,n. 清算；偿还；液化；清除,-liqu-
liquidator,/'lɪkwɪdeɪtə/,n. 清算人；公司资产清理人,-liqu-
liquidity,/lɪ'kwɪdɪtɪ/,n. 流动性；流动资产；[金融] 偿债能力,-liqu-
semiliquid,"/,semɪ'lɪkwɪd/",n. 半流体 adj. 半流体的,-liqu-
semiliquidity,"/,semɪ'lɪkwɪdɪtɪ/",n. 半流体 (semiliquid 的变形),-liqu-
illiquid,/ɪ'lɪkwɪd/,adj. 无流动资金的；非现金的,-liqu-
illiquidity,"/,ɪlɪ'kwɪdəti/",n. [金融] 非流动性；非现金的；不能立即付现,-liqu-
liquid-crystal,/'lɪkwɪd-'krɪst(ə)l/,n. [晶体] 液晶,-liqu-
liquid-fuel,/'lɪkwɪd-fjʊəl/,adj. [能源] 液体燃料；液态燃料,-liqu-
liquid-cooled,/'likwidku:ld/,adj. 液体冷却的；液冷的,-liqu-
liquefy,/'lɪkwɪfaɪ/,vt. 液化；溶解（等于 liquify）,-liqu-
liquefied,/'lɪkwɪfaɪd/,adj. 液化的,-liqu-
liquefaction,"/,lɪkwɪ'fækʃən/",n. 液化；熔解,-liqu-
liquefiable,"/'lɪkwɪ,faɪəbl/",adj. 液化的；可溶解的,-liqu-
liquesce,/lɪˈkwɛs/,vt. 使液化,-liqu-
liquescent,/lɪ'kwes(ə)nt/,adj. 可液化的,-liqu-
deliquesce,"/,delɪ'kwes/",vi. 液化；溶解；潮解,-liqu-
deliquescent,"/,dɛlə'kwɛsnt/",adj. 溶解的；易潮解的,-liqu-
liquate,/lɪ'kweɪt/,vt. 熔解；熔析 vi. 熔融,-liqu-
liquation,/lai'kweiʃən/,n. 熔融,-liqu-
liqueur,/lɪ'kjʊə/,n. 利口酒；白酒；烧酒；香酒,-liqu-
liquor,/'lɪkə/,n. 酒，含酒精饮料；溶液；液体；烈酒,-liqu-
expand,/ɪk'spænd/,vt. 扩张；使膨胀；详述 vi. 发展；张开，展开,-pand- = -pans-
expandable,/ɪk'spændəbl/,adj. 可膨胀的；可张开的,-pand- = -pans-
expanded,/ɪk'spændɪd/,adj. 扩充的；展开的,-pand- = -pans-
expander,/ɪk'spændɚ/,n. 扩展器；膨胀器,-pand- = -pans-
expanse,/ɪk'spæns/,n. 宽阔；广阔的区域,-pand- = -pans-
expansible,/ɪk'spænsəbl/,adj. 能扩张的；会膨胀的,-pand- = -pans-
expansive,/ɪk'spænsɪv/,adj. 广阔的；扩张的,-pand- = -pans-
expansively,/ɪks'pænsɪvli/,adv. 辽阔地；可扩张地,-pand- = -pans-
expansiveness,/ɪk'spænsɪvnɪs/,n. 豪爽；广阔；可膨胀性,-pand- = -pans-
expansion,/ɪk'spænʃ(ə)n/,n. 膨胀；阐述；扩张物,-pand- = -pans-
expansionism,/ɪk'spænʃənɪzəm/,n. 扩张主义；扩张政策,-pand- = -pans-
expansionist,/ɪk'spænʃənɪst/,n. 领土扩张论者；扩张主义者,-pand- = -pans-
expansionary,/ɪk'spænʃ(ə)n(ə)rɪ/,adj. 扩张性的；膨胀的,-pand- = -pans-
expanding,/ɪk'spændɪŋ/,adj. 扩大的；扩展的,-pand- = -pans-
ever-expanding,/'evə-ɪk'spændɪŋ/,adj. 不断发展壮大的；不断扩张的,-pand- = -pans-
mix,/mɪks/,vt. 配制；混淆；使混和；使结交 vi. 参与；相混合；交往,-mix- = -misc- = -mixt-
mixer,/'mɪksə/,n. 混合器；搅拌器；[电子] 混频器,-mix- = -misc- = -mixt-
mixture,/'mɪkstʃə/,n. 混合；混合物；混合剂,-mix- = -misc- = -mixt-
mixing,/'mɪksɪŋ/,n. 混合；[电子]混频,-mix- = -misc- = -mixt-
mixed,/mɪkst/,adj. 混合的；形形色色的；弄糊涂的,-mix- = -misc- = -mixt-
unmixed,/ʌn'mɪkst/,adj. 纯粹的；未混杂他物的,-mix- = -misc- = -mixt-
mix-up,/'miksʌp/,n. 混战；杂乱；打架,-mix- = -misc- = -mixt-
mixed-use,/'mikstju:s/,n. 混合使用；混合用途,-mix- = -misc- = -mixt-
mixed-race,/mɪkst-reɪs/,adj. 混种的；混血的,-mix- = -misc- = -mixt-
mixed-up,/'mikst'ʌp/,adj. 头脑不清楚的，混乱的；迷惑不解的,-mix- = -misc- = -mixt-
mixed-blood,/mɪkst-blʌd/,n. 混血儿,-mix- = -misc- = -mixt-
mixed-sex,/mɪkst-seks/,adj. 男女混合的,-mix- = -misc- = -mixt-
mixed-gender,/mɪkst-'dʒendə/,n. 混合性别,-mix- = -misc- = -mixt-
well-mixed,/wel-mɪkst/,adj. 混合均匀的；充分混合的,-mix- = -misc- = -mixt-
admix,/'ædmɪks/,vt. 使混合 vi. 混合；掺和,-mix- = -misc- = -mixt-
admixture,/əd'mɪkstʃə/,n. 混合；添加物；掺和剂,-mix- = -misc- = -mixt-
intermix,/ɪntə'mɪks/,vt. 使…混杂；使…混合,-mix- = -misc- = -mixt-
intermixture,"/,ɪntə'mɪkstʃə/",n. 混合；混合物,-mix- = -misc- = -mixt-
immix,/ɪ'mɪks/,vt. 搀合，混合,-mix- = -misc- = -mixt-
immixture,/ɪ'mɪkstʃɚ/,n. 混合；卷入,-mix- = -misc- = -mixt-
miscible,/'mɪsɪb(ə)l/,adj. [化学] 易混合的；可溶混的；能混溶的,-mix- = -misc- = -mixt-
miscibility,"/,mɪsə'bɪləti/",n. 可混和性,-mix- = -misc- = -mixt-
immiscible,/ɪ'mɪsɪb(ə)l/,adj. 不融和的；不能混合的,-mix- = -misc- = -mixt-
commix,/kɒ'mɪks/,vt. 使混合 vi. 混合,-mix- = -misc- = -mixt-
endomixis,"/,endə'miksis/",n.(某些纤毛类原生动物中核的)内合，内融合[参较 conjugation],-mix- = -misc- = -mixt-
miscegenation,"/,mɪsɪdʒɪ'neɪʃ(ə)n/",n. 种族混合；杂婚,-mix- = -misc- = -mixt-
anti-miscegenation,"/'æntaɪ,mɪsɪdʒɪ'neɪʃ(ə)n/",n. 种族混合；杂婚,-mix- = -misc- = -mixt-
promiscuity,/ˌprɒmɪˈskju:ətɪ/,n. 乱交；混乱,-mix- = -misc- = -mixt-
promiscuous,/prə'mɪskjʊəs/,adj. 混杂的；杂乱的,-mix- = -misc- = -mixt-
promiscuously,/prə'mɪskjʊəsli/,adv. 混杂地，杂乱地,-mix- = -misc- = -mixt-
miscellaneous,"/,mɪsə'leɪnɪəs/",adj. 混杂的，各种各样的；多方面的，多才多艺的,-mix- = -misc- = -mixt-
remix,/riː'mɪks/,vt. 使再混合；再搅拌；重新合成（乐曲等）n. 混录版歌曲,-mix- = -misc- = -mixt-
mix-and-match,/mɪks-ænd-mætʃ/,n. 混合搭配,-mix- = -misc- = -mixt-
mixed-income,/mɪkst-'ɪnkʌm/,n. 混合收入,-mix- = -misc- = -mixt-
premix,/'priːmɪks/,n. 预混合料 vt. 预混合,-mix- = -misc- = -mixt-
premixed,"/,pri:'miksɪd/",adj. 预混合的；预先拌合的,-mix- = -misc- = -mixt-
electric,/ɪ'lektrɪk/,adj. 电的；电动的；发电的；导电的；令人震惊的,-electr-
electricity,"/,ɪlek'trɪsɪtɪ/",n. 电力；电流；强烈的紧张情绪,-electr-
electrical,/ɪ'lektrɪk(ə)l/,adj. 与电有关的；用电的,-electr-
electrically,/ɪ'lektrɪkəlɪ/,adv. 电力地；有关电地,-electr-
electrician,"/,ɪlek'trɪʃ(ə)n/",n. 电工；电器技师,-electr-
hydroelectric,/haɪdrəʊɪ'lektrɪk/,adj. 水力发电的,-electr-
hydroelectricity,"/,haɪdroɪ,lɛk'trɪsəti/",n. 水力电气,-electr-
electric-blue,/ɪ'lektrɪk-bluː/,n. 钢青色；铁蓝色,-electr-
electric-power,/ɪ'lektrɪk-'paʊə/,n. [电] 电力；电功率,-electr-
electric-car,/ɪ'lektrɪk-kɑː/,n. 电车,-electr-
non-electric,/nɔn-ɪ'lektrɪk/,adj. 非电的,-electr-
all-electric,/'ɔ:li'lektrik/,adj. 全电气化的,-electr-
diesel-electric,/'di:zəli'lektrik/,adj. [机] 内燃电力传动的；装上电动柴油引擎的,-electr-
hybrid-electric,/'haɪbrɪd-ɪ'lektrɪk/,adj. 混合电能的,-electr-
dielectric,"/,daɪɪ'lektrɪk/",adj. 非传导性的；诱电性的 n. 电介质；绝缘体,-electr-
piezoelectric,"/piː,eɪzəʊɪ'lektrɪk/",adj. [电] 压电的,-electr-
photoelectric,"/,fəʊtəʊɪ'lektrɪk/",adj. [电子] 光电的,-electr-
thermoelectric,"/,θɜːməʊɪ'lektrɪk/",adj. [电] 热电的（等于 thermoelectrical）,-electr-
myoelectric,"/,maɪəʊɪ'lektrɪk/",adj. 肌电的（等于 myoelectrical）,-electr-
electron,/ɪ'lektrɒn/,n. 电子,-electr-
electronic,/ɪˌlekˈtrɒnɪk/,adj. 电子的，电子化的，计算机化的,-electr-
electronica,"/,ilek'trɔnikə/",n. 电子乐，电子音乐,-electr-
electronics,/ɪlek'trɒnɪks/,n. 电子学；电子工业,-electr-
electronically,"/,ɪlek'trɒnɪklɪ/",adv. 电子地,-electr-
microelectronic,"/,maɪkrəʊɪ,lek'trɒnɪk/",adj. [电子] 微电子的,-electr-
microelectronics,"/,maɪkrəʊɪlek'trɒnɪks/",n. 微电子学,-electr-
optoelectronic,"/,ɒptəʊɪ,lek'trɒnɪk/",adj. 光电子的,-electr-
electronystagmography,"/i'lektrəu,nistæɡ'mɔɡ-rəfi/",n. [眼科] 眼震电流描记法,-electr-
consumer-electronics,/kən'sjuːmə-ɪlek'trɒnɪks/,n. 消费性电子产品；家用电子产品,-electr-
non-electronic,/'nɔnilek'trɔnik/,adj. 非电子的,-electr-
electron-beam,/ɪ'lektrɒn-biːm/,n. 电子束；电子雪崩；阴极射线,-electr-
electron-hole,/ɪ'lektrɒn-həʊl/,n. 空穴；[电子] 电子空穴,-electr-
electron-positron,/ɪ'lektrɒn-'pɒzɪtrɒn/,n. 正负电子对撞,-electr-
electrify,/ɪ'lektrɪfaɪ/,vt. 使电气化；使充电；使触电；使激动,-electr-
electrified,/ɪ'lɛktrəfaɪd/,adj. 电气化的,-electr-
electrifying,/ɪ'lɛktrɪfaɪɪŋ/,adj. 令人振奋的；惊人的 n. 毛绒电光整理,-electr-
electrification,"/ɪ,lɛktrɪfɪ'keʃən/",n. 电气化；带电；充电,-electr-
electrophysiology,"/ɪ,lektrəʊfɪzɪ'ɒlədʒɪ/",n. 电生理学；电生理现象,-electr-
electrophysiologist,"/ɪ,lektrəʊfɪzɪ'ɒlədʒɪst/",n. 电生理学家,-electr-
electrophysiologic,"/i'lektrəu,fiziə'lɔdʒik/",adj. 电生理学的,-electr-
electrophysiological,"/i'lektrəu,fiziəlɔdʒikəl/",adj. 电生理学的,-electr-
electromagnet,"/ɪ,lektrə(ʊ)'mægnɪt/",n. 电磁体，[电] 电磁铁；电磁石,-electr-
electromagnetic,"/ɪ,lektrə(ʊ)mæg'netɪk/",adj. 电磁的,-electr-
electromagnetics,"/ɪ,lektrəʊmæɡ'netɪks/",n. [电磁] 电磁学,-electr-
electromagnetism,"/ɪ,lektrəʊ'mægnɪtɪz(ə)m/",n. 电磁；电磁学,-electr-
electrolyte,/ɪ'lektrəlaɪt/,n. 电解液，电解质；电解,-electr-
electrolytic,"/ɪ,lektrəʊ'lɪtɪk/",adj. 电解的；电解质的；由电解产生的,-electr-
electrolysis,"/,ɪlek'trɒlɪsɪs/",n. [化学] 电解，[化学] 电解作用；以电针除痣,-electr-
electrocute,/ɪ'lektrəkjuːt/,vt.（美）以电椅处死；使触电致死,-electr-
electrocution,"/ɪ,lɛktrə'kjʊʃən/",n. 电刑；电死,-electr-
electrode,/ɪ'lektrəʊd/,n. [电] 电极；电焊条,-electr-
electrodermal,"/ɪ,lektrə(ʊ)'dɜːməl/",adj. 皮电活动的；皮电性质的,-electr-
electrodynamic,"/ɪ,lɛktrodaɪ'næmɪk/",adj. 电力学的,-electr-
electrodynamics,"/ɪ,lektrəʊdaɪ'næmɪks/",n. [电磁] 电动力学,-electr-
electrocardiogram,"/ɪ,lektrəʊ'kɑːdɪəgræm/",n. [内科] 心电图,-electr-
electrocardiographic,"/i'lektrəu,kɑ:diəu'ɡræfik/",adj. 心电图描记的（electrocardiograph 的形容词）,-electr-
electroshock,"/ɪ'lɛktro,ʃɑk/",n. 电击疗法,-electr-
electrochemical,"/ɪ,lɛktro'kɛmɪkl/",adj. [物化] 电化学的；[物化] 电气化学的,-electr-
electromechanical,"/ɪ,lektrəʊmɪ'kænɪk(ə)l/",adj. [电][机] 电动机械的，[机] 机电的,-electr-
electrophoresis,"/ɪ,lektrə(ʊ)fə'riːsɪs/",n. [化学] 电泳,-electr-
electroencephalogram,"/ɪ,lektrəʊɪn'sef(ə)ləgræm/",n. [内科] 脑电图，[内科] 脑动电流图,-electr-
electromyography,"/ɪ,lɛktromaɪ'ɑgrəfi/",n. [临床] 肌电描记术；肌电图学,-electr-
electro-optical,"/i,lektrəu'ɔptik/",adj. 电光的,-electr-
electrocautery,"/ɪ,lɛktro'kɔtəri/",n. 电烙器；电烙术,-electr-
electroplate,/ɪ'lektrə(ʊ)pleɪt/,vt. 电镀 n. 电镀物品,-electr-
electroactive,/ɪˌlɛktrəʊˈæktɪv/,adj. (活组织的)电活性,-electr-
electrochromic,/ɪ'lektrə(ʊ)'krəʊmɪk/,adj. [物理化学]电致变色的,-electr-
include,/in'klu:d/,vt. 包含，包括，包住，关住,-clud- = -clus- = -clos- = -clois- = -claus- = -clot-
inclusion,/in'klu:ʒən/,n. 包含，包括，内含物,-clud- = -clus- = -clos- = -clois- = -claus- = -clot-
inclusionary,/ɪn'skluʒənri/,n. 包容性,-clud- = -clus- = -clos- = -clois- = -claus- = -clot-
included,/ɪn'kluːdɪd/,adj. 包括的；[植] 内藏的,-clud- = -clus- = -clos- = -clois- = -claus- = -clot-
including,/ɪn'kluːdɪŋ/,prep. 包含，包括,-clud- = -clus- = -clos- = -clois- = -claus- = -clot-
inclusive,/in'klu:siv/,adj. 包括在内的，包括的，包含的,-clud- = -clus- = -clos- = -clois- = -claus- = -clot-
all-inclusive,/'ɔ:lin'klu:siv/,adj. 包括一切的；广泛的；详尽的,-clud- = -clus- = -clos- = -clois- = -claus- = -clot-
inclusiveness,/ɪnˈklu:sɪvnɪz/,n. 包容；包容性,-clud- = -clus- = -clos- = -clois- = -claus- = -clot-
inclusively,/ɪn'klʊsɪvli/,adv. 包含地；在内地,-clud- = -clus- = -clos- = -clois- = -claus- = -clot-
exclude,/iks'klu:d/,vt. 排斥，拒绝接纳，把…排除在外,-clud- = -clus- = -clos- = -clois- = -claus- = -clot-
excluding,/ɪk'skluːdɪŋ/,prep. 将……排除在外；不包括……,-clud- = -clus- = -clos- = -clois- = -claus- = -clot-
excluded,/ɪk'skluːdɪd/,adj. 排除的,-clud- = -clus- = -clos- = -clois- = -claus- = -clot-
excluder,/ɪk'sklʊd/,n. 排除器（等于封隔器）,-clud- = -clus- = -clos- = -clois- = -claus- = -clot-
exclusion,/ik'sklu:ʒən/,n. 排斥，拒绝，排除，排外,-clud- = -clus- = -clos- = -clois- = -claus- = -clot-
exclusionary,/ɪk'skluʒənri/,adj. 排他的,-clud- = -clus- = -clos- = -clois- = -claus- = -clot-
exclusive,/ik'sklu:siv/,adj. 排外的，排他的，除外的,-clud- = -clus- = -clos- = -clois- = -claus- = -clot-
exclusionism,/ik'sklu:ʒənizəm/,n. 排外主义,-clud- = -clus- = -clos- = -clois- = -claus- = -clot-
exclusively,/ɪk'skluːsɪvlɪ/,adv. 唯一地；专有地；排外地,-clud- = -clus- = -clos- = -clois- = -claus- = -clot-
exclusivity,"/,ekskluː'sɪvətɪ/",n. 排外性；独占权,-clud- = -clus- = -clos- = -clois- = -claus- = -clot-
exclusiveness,/ɪk'sklʊsɪvnɪs/,n. 排他性；排外性；独占,-clud- = -clus- = -clos- = -clois- = -claus- = -clot-
non-exclusive,/nɑnɪk'sklusɪv/,adj. 非排他的；非独占的,-clud- = -clus- = -clos- = -clois- = -claus- = -clot-
conclude,/kən'kluːd/,vt. 推断；决定，作结论；结束 vi. 推断；断定；决定,-clud- = -clus- = -clos- = -clois- = -claus- = -clot-
conclusion,/kən'klu:ʒən/,n. 完结，结束，结局，结论,-clud- = -clus- = -clos- = -clois- = -claus- = -clot-
concluding,/kən'klʊdɪŋ/,adj. 结束的；最后的,-clud- = -clus- = -clos- = -clois- = -claus- = -clot-
conclusory,/kən'kluːsərɪ/,adj. 推断性的；没有证据的,-clud- = -clus- = -clos- = -clois- = -claus- = -clot-
conclusive,/kən'kluːsɪv/,adj. 决定性的；最后的；确实的；确定性的,-clud- = -clus- = -clos- = -clois- = -claus- = -clot-
conclusively,/kən'klu:sivli/,adv. 最后地；决定性地,-clud- = -clus- = -clos- = -clois- = -claus- = -clot-
inconclusive,/ɪnkən'kluːsɪv/,adj. 不确定的；非决定性的；无结果的,-clud- = -clus- = -clos- = -clois- = -claus- = -clot-
inconclusively,"/,ɪnkən'klʊsɪvli/",adv. 非决定性地,-clud- = -clus- = -clos- = -clois- = -claus- = -clot-
seclude,/si'klu:d/,vt. 使隔离，孤立，隐居，退隐,-clud- = -clus- = -clos- = -clois- = -claus- = -clot-
seclusion,/sɪ'kluːʒ(ə)n/,n. 隔离；隐退；隐蔽的地方,-clud- = -clus- = -clos- = -clois- = -claus- = -clot-
seclusive,/si'klu:siv/,adj. 隐居性的，爱隐居的,-clud- = -clus- = -clos- = -clois- = -claus- = -clot-
secluded,/si'klu:did/,adj. 隔离的，隐退的，僻静的,-clud- = -clus- = -clos- = -clois- = -claus- = -clot-
recluse,/ri'klu:s/,adj. 退居的，隐居的 n. 隐士，遁世者,-clud- = -clus- = -clos- = -clois- = -claus- = -clot-
reclusive,/ri'klu:siv/,adj. 隐退的，隐居的，遁世的,-clud- = -clus- = -clos- = -clois- = -claus- = -clot-
occlude,/ə'klu:d/,vt. 使堵塞，使闭塞,-clud- = -clus- = -clos- = -clois- = -claus- = -clot-
occlusion,/ə'klu:ʒən/,n. 堵塞，闭塞,-clud- = -clus- = -clos- = -clois- = -claus- = -clot-
occlusive,/ə'klu:siv/,adj. 闭塞的，堵塞的,-clud- = -clus- = -clos- = -clois- = -claus- = -clot-
preclude,/pri'klu:d/,vt. 阻止，预防，排除，消除,-clud- = -clus- = -clos- = -clois- = -claus- = -clot-
preclusion,/pri'klu:ʒən/,n. 预防，防止，排除,-clud- = -clus- = -clos- = -clois- = -claus- = -clot-
preclusive,/pri'klu:siv/,adj. 预防（性）的，排除的，阻止的,-clud- = -clus- = -clos- = -clois- = -claus- = -clot-
close,/kləʊs/,adj. 紧密的；亲密的；亲近的 vt. 关；结束；使靠近 vi. 关；结束；关闭 adv. 紧密地,-clud- = -clus- = -clos- = -clois- = -claus- = -clot-
closed,/kləʊzd/,adj. 关着的；不公开的,-clud- = -clus- = -clos- = -clois- = -claus- = -clot-
closeness,/'klosnɪs/,n. 亲密；接近；密闭；严密,-clud- = -clus- = -clos- = -clois- = -claus- = -clot-
closing,/'kləʊzɪŋ/,adj. 收盘的；结束的；结尾的 n. 结尾辞,-clud- = -clus- = -clos- = -clois- = -claus- = -clot-
closely,/'kləʊslɪ/,adv. 紧密地；接近地；严密地；亲近地,-clud- = -clus- = -clos- = -clois- = -claus- = -clot-
closer,/'kləuzə(r)/,adj. 靠近的 n. [自] 闭合器；最后的节目,-clud- = -clus- = -clos- = -clois- = -claus- = -clot-
closest,/kləusɪst/,adj. 最靠近的（close 的最高级）,-clud- = -clus- = -clos- = -clois- = -claus- = -clot-
disclose,/dɪs'kləʊz/,vt. 公开；揭露,-clud- = -clus- = -clos- = -clois- = -claus- = -clot-
undisclosed,"/,ʌndɪs'klozd/",adj. 未泄露的；身分不明的；保持秘密的,-clud- = -clus- = -clos- = -clois- = -claus- = -clot-
cloture,/'kləʊtjʊə/,vt. 结束辩论 n. 讨论终结,-clud- = -clus- = -clos- = -clois- = -claus- = -clot-
closure,/'kləʊʒə/,n. 关闭；终止，结束 vt. 使终止,-clud- = -clus- = -clos- = -clois- = -claus- = -clot-
disclosure,/dɪs'kləʊʒə/,n. [审计] 披露；揭发；被揭发出来的事情,-clud- = -clus- = -clos- = -clois- = -claus- = -clot-
self-disclosure,/self-dɪs'kləʊʒə/,n. 自我表露；自我揭露；自我开放,-clud- = -clus- = -clos- = -clois- = -claus- = -clot-
enclose,/ɪn'kləʊz/,vt. 围绕；装入；放入封套,-clud- = -clus- = -clos- = -clois- = -claus- = -clot-
enclosure,/ɪn'kləʊʒə/,n. 附件；围墙；围场,-clud- = -clus- = -clos- = -clois- = -claus- = -clot-
enclosed,/ɪn'klozd/,adj. 被附上的；与世隔绝的,-clud- = -clus- = -clos- = -clois- = -claus- = -clot-
self-enclosed,/self-ɪn'klozd/,adj. 自闭合的,-clud- = -clus- = -clos- = -clois- = -claus- = -clot-
closet,/'klɒzɪt/,n. 壁橱；议事室，密室；小房间 adj. 秘密的，私下的；空谈的,-clud- = -clus- = -clos- = -clois- = -claus- = -clot-
closeted,/'klɔzitid/,adj. 私下密谈的,-clud- = -clus- = -clos- = -clois- = -claus- = -clot-
foreclose,/fɔː'kləʊz/,vt. 阻止；排除；取消抵押品赎回权 vi. 取消抵押品赎回权,-clud- = -clus- = -clos- = -clois- = -claus- = -clot-
foreclosure,/fɔː'kləʊʒə/,n. 丧失抵押品赎回权,-clud- = -clus- = -clos- = -clois- = -claus- = -clot-
cloister,/'klɒɪstə/,n. 回廊； 修道院； 修道院生活； 隐居地 vt. 使与尘世隔绝； 用回廊环绕,-clud- = -clus- = -clos- = -clois- = -claus- = -clot-
cloistered,/'klɔɪstɚd/,adj. 隐居的，与世隔绝的,-clud- = -clus- = -clos- = -clois- = -claus- = -clot-
clause,/klɔːz/,n. 条款；[计] 子句,-clud- = -clus- = -clos- = -clois- = -claus- = -clot-
claustrophobia,"/,klɔːstrə'fəʊbɪə/",n. [心理] 幽闭恐怖症,-clud- = -clus- = -clos- = -clois- = -claus- = -clot-
claustrophobic,/klɔːstrə'fəʊbɪk/,adj. 患幽闭恐怖症的；导致幽闭恐怖症的 n. 幽闭恐怖症患者,-clud- = -clus- = -clos- = -clois- = -claus- = -clot-
close-up,/'kləuzʌp/,n. [电影] 特写镜头，特写；小传,-clud- = -clus- = -clos- = -clois- = -claus- = -clot-
close-down,/'kləuz daun/,n. 关机；停业,-clud- = -clus- = -clos- = -clois- = -claus- = -clot-
close-knit,/'kləus'nit/,adj. 紧密的；严谨的；紧密结合着的,-clud- = -clus- = -clos- = -clois- = -claus- = -clot-
close-cropped,/'kləus'krɔpt/,adj. 剪短的；短发的,-clud- = -clus- = -clos- = -clois- = -claus- = -clot-
closeout,/'klozaʊt/,n. 出清存货,-clud- = -clus- = -clos- = -clois- = -claus- = -clot-
close-fitting,"/'kləuz,fitiŋ/",adj. 贴身的；紧身的,-clud- = -clus- = -clos- = -clois- = -claus- = -clot-
close-range,/'kləuz-reɪn(d)ʒ/,n. 近距离,-clud- = -clus- = -clos- = -clois- = -claus- = -clot-
close-set,/‚kləʊs 'set/,adj. (两眼之间)靠得近的，间距小的,-clud- = -clus- = -clos- = -clois- = -claus- = -clot-
close-minded,/'kləuz-'maɪndɪd/,adj. 思想保守的,-clud- = -clus- = -clos- = -clois- = -claus- = -clot-
close-quarters,/'kləuz-'kwɔtə(r)z/,n. 近距离,-clud- = -clus- = -clos- = -clois- = -claus- = -clot-
close-end,/'kləuz-end/,n. 固定金额,-clud- = -clus- = -clos- = -clois- = -claus- = -clot-
close-mouthed,/‚kləʊs'maʊð d/,adj. 守口如瓶的； （对某事）保持沉默的,-clud- = -clus- = -clos- = -clois- = -claus- = -clot-
closed-door,/'kləuzd'dɔ:/,adj. 非公开的,-clud- = -clus- = -clos- = -clois- = -claus- = -clot-
closed-end,/'kləuzd'end/,adj. 资本额固定的；闭锁式的,-clud- = -clus- = -clos- = -clois- = -claus- = -clot-
closed-loop,/'kləuzdlu:p/,n. 封闭环，闭合回路,-clud- = -clus- = -clos- = -clois- = -claus- = -clot-
closed-ended,/'kləuzd-endid/,adj. 封闭端的；封闭式的,-clud- = -clus- = -clos- = -clois- = -claus- = -clot-
closed-cell,/'kləuzd-sel/,n.闭路电池,-clud- = -clus- = -clos- = -clois- = -claus- = -clot-
closed-minded,/'kləuzd-'maɪndɪd/,adj. 思想保守的；有成见的,-clud- = -clus- = -clos- = -clois- = -claus- = -clot-
closed-off,/'kləuzd-ɒf/,n. 封锁；隔绝；使隔离；结帐,-clud- = -clus- = -clos- = -clois- = -claus- = -clot-
closed-in,/kləʊz'ɪn/,adj. 近战的；接近中心的,-clud- = -clus- = -clos- = -clois- = -claus- = -clot-
up-close,/ʌp-'kləuz/,adj. 在很近距离内的,-clud- = -clus- = -clos- = -clois- = -claus- = -clot-
act,/ækt/,vt. 扮演；装作，举动像 vi. 行动；扮演，充当；表现，举止；假装，演戏；起作用，见效,-ag- = -act- = -ig-
actor,/'æktə/,n. 演员,-ag- = -act- = -ig-
actress,/'æktrɪs/,n. 女演员,-ag- = -act- = -ig-
acting,/'æktɪŋ/,adj. 代理的，临时的,-ag- = -act- = -ig-
action,/'ækʃ(ə)n/,n. 行动，行为,-ag- = -act- = -ig-
actionable,/'ækʃ(ə)nəb(ə)l/,adj. 可控告的；可提起诉讼的,-ag- = -act- = -ig-
active,/'æktɪv/,adj. 积极的；活跃的,-ag- = -act- = -ig-
actively,/'æktivli/,adv. 积极地；活跃地,-ag- = -act- = -ig-
activity,/æk'tɪvɪtɪ/,n. 活动,-ag- = -act- = -ig-
activist,/'æktɪvɪst/,n. 行动主义者,-ag- = -act- = -ig-
activism,/'æktɪvɪz(ə)m/,n. 行动主义；激进主义,-ag- = -act- = -ig-
activate,/'æktɪveɪt/,vt. 刺激；使活动；使活泼；使产生放射性 vi. 激活；有活力,-ag- = -act- = -ig-
activator,/'æktɪveɪtə/,n. 催化剂；[助剂] 活化剂；[助剂] 激活剂；触媒剂,-ag- = -act- = -ig-
activation,"/,æktɪ'veɪʃən/",n. [电子][物] 激活；活化作用,-ag- = -act- = -ig-
activated,/'æktɪveɪtɪd/,adj. 活性化的；活泼的,-ag- = -act- = -ig-
inaction,/ɪn'ækʃ(ə)n/,n. 不活动，无行为,-ag- = -act- = -ig-
inactive,/ɪn'æktɪv/,adj. 不活动的，无行为的,-ag- = -act- = -ig-
inactivity,"/,ɪnæk'tɪvɪtɪ/",n. 静止；不活泼；休止状态；不放射性,-ag- = -act- = -ig-
inactivate,/ɪn'æktɪveɪt/,vt. 使无法活动,-ag- = -act- = -ig-
inactivated,/ɪn'æktɪveɪtɪd/,adj. 灭活的,-ag- = -act- = -ig-
inactivation,"/in,ækti'veiʃən/",n. [生物] 失活；[化学] 钝化（作用）,-ag- = -act- = -ig-
overact,/əʊvər'ækt/,vt. 将…表演得过火；行动过火 vi. 夸张表演；表演过火,-ag- = -act- = -ig-
overactive,"/,ovɚ'æktɪv/",adj. 过于活跃的；活跃得不正常的,-ag- = -act- = -ig-
actinic,/æk'tɪnɪk/,adj. 化学线作用的；化学线的,-ag- = -act- = -ig-
counteract,/kaʊntər'ækt/,vt. 抵消；中和；阻碍,-ag- = -act- = -ig-
counteraction,"/,kaʊntɚ'ækʃən/",n. 中和；反对的行动；抵抗；反动,-ag- = -act- = -ig-
retroactive,/retrəʊ'æktɪv/,adj. 追溯的；有追溯效力的；反动的,-ag- = -act- = -ig-
retroactively,"/,rɛtro'æktɪvli/",adv. 追溯地；逆动地,-ag- = -act- = -ig-
retroactivity,"/,rɛtroæk'tɪvɪti/",n. 追溯既往；追溯效力,-ag- = -act- = -ig-
proactive,/prəʊ'æktɪv/,adj. 前摄的（前一活动中的因素对后一活动造成影响的） ；有前瞻性的,-ag- = -act- = -ig-
proactively,/prəʊ'æktɪvli/,adv. 前摄地；主动地,-ag- = -act- = -ig-
hyperactive,/haɪpər'æktɪv/,adj. 极度活跃的；活动过度的,-ag- = -act- = -ig-
hyperactivity,"/,haɪpəræk'tɪvəti/",n. 极度活跃；活动过度,-ag- = -act- = -ig-
deactivate,/diː'æktɪveɪt/,vt. 使无效；使不活动；遣散；复员,-ag- = -act- = -ig-
deactivation,"/di:,ækti'veiʃən/",n. [物化] 减活化作用；钝化作用,-ag- = -act- = -ig-
playact,/'pleɪækt/,vi. 做作；演戏；假装 vt. 表演；演出,-ag- = -act- = -ig-
bioactive,"/,baɪo'æktɪv/",adj. 生物活性的，对活质起作用的,-ag- = -act- = -ig-
psychoactive,/saɪkəʊ'æktɪv/,adj. 影响心理状态的；作用于精神的,-ag- = -act- = -ig-
underactive,"/,ʌndə'æktɪv/",adj. (甲状腺或肾上腺)不够活跃的,-ag- = -act- = -ig-
one-act,/wʌn-ækt/,n. 一幕；一个举动,-ag- = -act- = -ig-
three-act,/'θri:ækt/,adj. 三幕的,-ag- = -act- = -ig-
play-act,/'pleɪækt/,vi. 做作；演戏；假装 vt. 表演；演出,-ag- = -act- = -ig-
bolt-action,"/'bəulæk,ʃən/",adj. 直动式枪机的,-ag- = -act- = -ig-
political-action,/pə'lɪtɪk(ə)l-'ækʃ(ə)n/,n. 政治行动,-ag- = -act- = -ig-
class-action,/klɑːs-'ækʃ(ə)n/,n. 集体诉讼,-ag- = -act- = -ig-
live-action,"/laiv-æk,ʃən/",n. (与动画等相区别的)真人(或实景)电影,-ag- = -act- = -ig-
after-action,/'ɑːftə-'ækʃ(ə)n/,n. 后作用,-ag- = -act- = -ig-
pump-action,/pʌmp-'ækʃ(ə)n/,n. 压动式枪机,-ag- = -act- = -ig-
single-action,/'sɪŋg(ə)l-'ækʃ(ə)n/,n. (枪支)单动击发,-ag- = -act- = -ig-
double-action,/'dʌbl'ækʃən/,n. 双动，复动式；黑漆双弹簧铰链,-ag- = -act- = -ig-
non-action,/nɔn-'ækʃ(ə)n/,n. 无为；不作为,-ag- = -act- = -ig-
lever-action,/'liːvə-'ækʃ(ə)n/,n. [力] 杠杆作用,-ag- = -act- = -ig-
fast-acting,/fɑːst-æktɪŋ/,adj. 快速的 n. 快速作用；快断,-ag- = -act- = -ig-
long-acting,"/'lɔŋ,æktɪŋ/",adj. [药] 长效的,-ag- = -act- = -ig-
short-acting,"/ʃɔːt,æktɪŋ/",adj. [药] 短效的,-ag- = -act- = -ig-
slow-acting,"/sləʊ,æktɪŋ/",慢转的；延迟动作,-ag- = -act- = -ig-
still-active,/stɪl-'æktɪv/,adj. 仍然活跃的,-ag- = -act- = -ig-
best-actor,/best-'æktə/,n. 最佳男主角；最佳男演员,-ag- = -act- = -ig-
best-actress,/best-'æktrɪs/,n. 最佳女主角；最佳女演员,-ag- = -act- = -ig-
active-duty,/'æktɪv-'djuːtɪ/,n. [美国英语] 现役 [亦作 active service],-ag- = -act- = -ig-
activity-based,/ækˈtɪvətɪ-beɪst/,n. 基于活动 作业成本法 基础 制度,-ag- = -act- = -ig-
action-packed,/'ækʃənpækt/,adj. 内容丰富有趣的；令人激动的,-ag- = -act- = -ig-
voice-activated,/'vɔis'æktiveitid/,adj. 声控的；通过声音启动的,-ag- = -act- = -ig-
actual,/'æktʃʊəl/,adj. 实际的，事实上的,-ag- = -act- = -ig-
actually,/'æktjʊəlɪ/,adv. 实际上，事实上,-ag- = -act- = -ig-
actuality,/æktjʊ'ælɪtɪ/,n. 现状；现实；事实,-ag- = -act- = -ig-
actualize,/'æktjʊəlaɪz/,vt. 实施，实行；实现,-ag- = -act- = -ig-
actualization,"/,æktʃʊəlaɪ'zeɪʃən/",n. 实现；现实化,-ag- = -act- = -ig-
self-actualization,"/'sɛlf,æktjʊəlɪ'zeɪʃən/",n. 自我实现,-ag- = -act- = -ig-
self-actualized,/'æktjʊəlaɪzɪd/,adj. 自我实现的；自我实践的,-ag- = -act- = -ig-
actuate,/'æktʃʊeɪt/,vt. 开动（机器等） ；促使，驱使；激励（人等）,-ag- = -act- = -ig-
actuator,/'æktjʊeɪtə/,n. [自] 执行机构；激励者；促动器,-ag- = -act- = -ig-
actuation,"/,æktjʊ'eɪʃən/",n. 冲动，驱使；刺激；行动,-ag- = -act- = -ig-
actuary,/'æktʃʊərɪ/,n. [保险] 保险计算员；保险精算师,-ag- = -act- = -ig-
actuarial,"/,æktjʊ'eərɪəl/",adj. [保险] 保险精算的；[保险] 保险统计的,-ag- = -act- = -ig-
react,/rɪ'ækt/,[rɪ'ækt] vi. 反应； 影响； 反抗 vt. 使发生相互作用； 使起化学反应,-ag- = -act- = -ig-
reaction,/rɪ'ækʃ(ə)n/,n. 反应，感应；反动，复古；反作用,-ag- = -act- = -ig-
reactor,/rɪ'æktə/,n. [化工] 反应器；[核] 反应堆；起反应的人,-ag- = -act- = -ig-
reactive,/rɪ'æktɪv/,adj. 反应的；电抗的；反动的,-ag- = -act- = -ig-
reactivity,"/,riæk'tɪvɪti/",n. 反应；反动,-ag- = -act- = -ig-
reactivate,/rɪ'æktɪveɪt/,vt. 使恢复活动；使恢复现役；使再开工 vi. 再度活动；使恢复活力,-ag- = -act- = -ig-
reactivation,/ri(:)ækti'veiʃən/,n. [物化] 再活化；再生；复能的情况；[核] 重激活,-ag- = -act- = -ig-
reactionary,/rɪ'ækʃ(ə)n(ə)rɪ/,adj. 保守的，反动的；反动主义的；反对改革的,-ag- = -act- = -ig-
overreact,/əʊvərɪ'ækt/,vi. 反应过度；反作用过强,-ag- = -act- = -ig-
overreaction,"/,ovɚrɪ'ækʃən/",n. 过度反应,-ag- = -act- = -ig-
nonreactive,/'nɑnri'æktɪv/,adj. [化学] 不反应的；无电抗的,-ag- = -act- = -ig-
reactant,/rɪ'ækt(ə)nt/,n. [化学] 反应物；反应剂,-ag- = -act- = -ig-
reactance,/rɪ'ækt(ə)ns/,n. [电] 电抗；感应抵抗,-ag- = -act- = -ig-
bioreactor,"/'baɪori,æktɚ/",n. [细胞] 生物反应器,-ag- = -act- = -ig-
quick-reaction,/kwɪk-rɪ'ækʃ(ə)n/,n. [电] 快速反应,-ag- = -act- = -ig-
exact,/ɪg'zækt/,adj. 正确的，准确的,-ag- = -act- = -ig-
exactly,/ɪg'zæk(t)lɪ/,adv. 准确地，确切的,-ag- = -act- = -ig-
exaction,/ɪg'zækʃ(ə)n/,n. 强求；勒索；榨取；苛捐杂税,-ag- = -act- = -ig-
exactness,/ɪg'zæktnɪs/,n. 正确；精确,-ag- = -act- = -ig-
exacting,/ɪg'zæktɪŋ/,adj. 苛刻的，严格的,-ag- = -act- = -ig-
exactitude,/ɪɡ'zæktɪtjuːd/,n. 正确，精确；严格，规规矩矩,-ag- = -act- = -ig-
inexact,"/,ɪnɪg'zækt/",adj. 不精确的；不严格的；不正确的,-ag- = -act- = -ig-
enact,/ɪ'nækt/,vt. 颁布；制定法律；扮演；发生,-ag- = -act- = -ig-
enactment,/ɪ'næktm(ə)nt/,n. 制定，颁布；通过；法令,-ag- = -act- = -ig-
re-enact,/'ri:i'nækt/,vt. 重新制定；再扮演,-ag- = -act- = -ig-
re-enactor,/'ri:i'næktə/,n. 重新制定者,-ag- = -act- = -ig-
re-enactment,/ˈriːɪˌnæktmənt/,n.  ( 人们对一个场景或一场戏的)再扮演,-ag- = -act- = -ig-
interact,/ɪntər'ækt/,vt. 互相影响；互相作用 vi. 互相影响；互相作用 n. 幕间剧；幕间休息,-ag- = -act- = -ig-
interacting,/ˌɪntərˈæktɪŋ/,n. 相互作用；相互制约,-ag- = -act- = -ig-
interactive,/ɪntər'æktɪv/,adj. 交互式的；相互作用的,-ag- = -act- = -ig-
interactively,/ɪntər'æktɪvli/,adv. 交互式地；互勤地,-ag- = -act- = -ig-
interaction,/ɪntər'ækʃ(ə)n/,n. 相互作用，相互影响,-ag- = -act- = -ig-
interactional,"/,intər'ækʃənl/",adj. 相互作用的,-ag- = -act- = -ig-
interactionism,/ɪntər'ækʃ(ə)nɪz(ə)m/,n. 交互作用论；身心交互影响说,-ag- = -act- = -ig-
radioactive,"/,reɪdɪəʊ'æktɪv/",adj. [核] 放射性的；有辐射的,-ag- = -act- = -ig-
radioactivity,"/,reɪdɪəʊæk'tɪvɪtɪ/",n. 放射性；[核] 放射能力；[核] 放射现象,-ag- = -act- = -ig-
radioactively,"/,reɪdɪəʊ'æktɪvli/",adv. 放射性地,-ag- = -act- = -ig-
agent,/'eɪdʒ(ə)nt/,n. 代理人， 代理商； 药剂； 特工 vt. 由…作中介； 由…代理 adj. 代理的,-ag- = -act- = -ig-
agency,/'eidʒənsi/,n. 代理，代理处，机构，作用,-ag- = -act- = -ig-
agential,/ei'dʒenʃəl/,adj. 代理人的；代理商的,-ag- = -act- = -ig-
subagent,/sʌb'eidʒənt/,n. 副代理人,-ag- = -act- = -ig-
coagent,/kəu'eidʒənt/,n. 共事者，合作者；帮手；伙伴,-ag- = -act- = -ig-
coagency,/kəu'eidʒənsi/,n. 共事，协作，合作；联合社；联合机构,-ag- = -act- = -ig-
agenda,/ə'dʒendə/,n. 议程；日常工作事项；日程表,-ag- = -act- = -ig-
agentry,/'eidʒəntri/,n. 代理人业务；代理人职责,-ag- = -act- = -ig-
agent-based,/'eɪdʒ(ə)nt-beɪst/,adj. 基于主体的,-ag- = -act- = -ig-
agile,/'ædʒail/,adj. 敏捷的；机敏的；活泼的,-ag- = -act- = -ig-
agility,/ə'dʒiləti/,n. 敏捷；灵活；机敏,-ag- = -act- = -ig-
agitate,/'ædʒiteit/,vt. 摇动；骚动；使…激动 vi. 煽动,-ag- = -act- = -ig-
agitation,"/,ædʒi'teiʃən/",n. 激动；搅动；煽动；烦乱,-ag- = -act- = -ig-
agitator,/'ædʒiteitə/,n. 搅拌器；鼓动者；煽动者,-ag- = -act- = -ig-
agitatress,/'ædʒiteitris/,n. 女鼓动家,-ag- = -act- = -ig-
agitated,/'ædʒiteitid/,adj. 激动的；焦虑的；表现不安的,-ag- = -act- = -ig-
agitating,/'ædʒiteiting/,adj. 搅拌的，搅动的；不安的；鼓动的,-ag- = -act- = -ig-
counteragent,"/,kauntə'reidʒənt/",n. 反作用剂；中和力；反对的东西,-ag- = -act- = -ig-
transact,/træn'zækt/,vi. 交易；谈判 vt. 办理；处理,-ag- = -act- = -ig-
transaction,/træn'zækʃ(ə)n/,n. 交易；事务；办理；会报，学报,-ag- = -act- = -ig-
transactional,/træn'zækʃnəl/,adj. 交易型的；事务性的；事务处理的,-ag- = -act- = -ig-
exigent,/'eksɪdʒ(ə)nt/,adj. 迫切的；紧急的；苛求的,-ag- = -act- = -ig-
exigency,/'eksɪdʒ(ə)nsɪ/,n. 紧急；紧急事件,-ag- = -act- = -ig-
exigence,/'eksɪdʒ(ə)ns/,n. 紧急；紧急事件,-ag- = -act- = -ig-
intransigent,/ɪn'trænsɪdʒ(ə)nt/,adj. 不妥协的；不让步的 n. 不妥协的人,-ag- = -act- = -ig-
intransigence,/in'trænsidʒəns/,n. 不妥协；不让步；不调和,-ag- = -act- = -ig-
litigate,/'lɪtɪgeɪt/,vt. 在法庭相争；提出诉讼 vi. 对簿法庭,-ag- = -act- = -ig-
litigator,/'litigeitə/,n. 诉讼律师；诉讼人,-ag- = -act- = -ig-
litigation,/lɪtɪ'geɪʃ(ə)n/,n. 诉讼；起诉,-ag- = -act- = -ig-
litigant,/'lɪtɪg(ə)nt/,n. 诉讼当事人 adj. 诉讼的,-ag- = -act- = -ig-
litigious,/lɪ'tɪdʒəs/,adj. 好诉讼的；好争论的,-ag- = -act- = -ig-
navigate,/'nævɪgeɪt/,vt. 驾驶，操纵；使通过；航行于 vi. 航行，航空,-ag- = -act- = -ig-
navigator,/'nævɪgeɪtə/,n. 航海家；领航员；驾驶员,-ag- = -act- = -ig-
navigation,/nævɪ'geɪʃ(ə)n/,n. 航行；航海,-ag- = -act- = -ig-
navigational,"/,nævɪ'geɪʃnəl/",adj. 航行的，航运的,-ag- = -act- = -ig-
navigable,/'nævɪgəb(ə)l/,adj. 可航行的；可驾驶的；适于航行的,-ag- = -act- = -ig-
order,/'ɔːdə/,n. 命令；顺序；规则；[贸易] 定单 vt. 命令；整理；定购,-order- = -ord- = -ordin- = -ordain-
orderly,/'ɔːd(ə)lɪ/,adj. 有秩序的；整齐的；值班的 n. 勤务兵；传令兵；护理员,-order- = -ord- = -ordin- = -ordain-
ordering,/'ɔːdərɪŋ/,n. 订购；[计] 排序；[计] 定序,-order- = -ord- = -ordin- = -ordain-
ordered,/'ɔːdəd/,adj. [数] 有序的；整齐的；安排好的,-order- = -ord- = -ordin- = -ordain-
unordered,/ʌn'ɔːdəd/,adj. 无序的,-order- = -ord- = -ordin- = -ordain-
orderliness,/'ɔrdɚlɪnɪs/,n. 整洁，整齐；秩序井然,-order- = -ord- = -ordin- = -ordain-
disorder,/dɪs'ɔːdə/,n. 混乱，失调；紊乱,-order- = -ord- = -ordin- = -ordain-
disordered,/dɪs'ɔːdəd/,adj. 混乱的；害了病的；发狂的；失调的,-order- = -ord- = -ordin- = -ordain-
disorderly,/dɪs'ɔːdəlɪ/,adj. 混乱的，无秩序的；骚乱的；无法无天的 adv. 杂乱地，无秩序地,-order- = -ord- = -ordin- = -ordain-
reorder,/riː'ɔːdə/,vt. 再订购；重新整理 vi. 再订购 n. 再订购,-order- = -ord- = -ordin- = -ordain-
reordering,/ri'ɔrdrɪŋ/,n. 重排序,-order- = -ord- = -ordin- = -ordain-
zero-order,/'zɪərəʊ'ɔrdɚ/,n. [数] 零阶,-order- = -ord- = -ordin- = -ordain-
first-order,/fɜ:st'ɔrdɚ/,n. 一级，一阶,-order- = -ord- = -ordin- = -ordain-
second-order,"/,sɛkənd'ɔrdɚ/",n. 二阶,-order- = -ord- = -ordin- = -ordain-
third-order,/θɜːd'ɔrdɚ/,n. 三等；第三级的（三阶的） ；第三修道会,-order- = -ord- = -ordin- = -ordain-
mail-order,"/,meil'ɔ:də/",vi. 邮购；函购 adj. 邮购的,-order- = -ord- = -ordin- = -ordain-
short-order,/'ʃɔ:t'ɔ:də/,adj. 快餐的,-order- = -ord- = -ordin- = -ordain-
low-order,/'ləu'ɔ:də/,n. 低位,-order- = -ord- = -ordin- = -ordain-
law-and-order,/'lɔ:ənd'ɔ:də/,adj. 宣扬法治的；严肃法纪的,-order- = -ord- = -ordin- = -ordain-
high-order,/haɪ'ɔ:də/,n. 高位 adj. 高位高级的，高价的,-order- = -ord- = -ordin- = -ordain-
rank-order,/ræŋk'ɔ:də/,n. 等级次序,-order- = -ord- = -ordin- = -ordain-
made-to-order,/'meidtə'ɔ:də/,adj. 定做的；完全合适的,-order- = -ord- = -ordin- = -ordain-
out-of-order,/'autəv'ɔ:də/,adj. 无序的；原次序被打乱了的；发生故障,-order- = -ord- = -ordin- = -ordain-
court-order,/kɔːt'ɔ:də/,n. 法院命令；法院指令,-order- = -ord- = -ordin- = -ordain-
well-ordered,/'wel'ɔ:dəd/,adj. 秩序井然的，良序的,-order- = -ord- = -ordin- = -ordain-
ordinary,/'ɔːdɪn(ə)rɪ/,adj. 普通的；平凡的；平常的 n. 普通；平常的人（或事）,-order- = -ord- = -ordin- = -ordain-
ordinarily,"/'ɔːd(ə),n(ə)rɪlɪ/",adv. 通常地；一般地,-order- = -ord- = -ordin- = -ordain-
ordinariness,/'ɔːdɪn(ə)rɪnɪs/,n. 平凡；平常,-order- = -ord- = -ordin- = -ordain-
ordinary-looking,/'ɔːdɪn(ə)rɪ-'lʊkɪŋ/,adj. 相貌平常的,-order- = -ord- = -ordin- = -ordain-
out-of-the-ordinary,/aʊt-ɒv-ðə-'ɔːdɪn(ə)rɪ/,adj. 不平常的,-order- = -ord- = -ordin- = -ordain-
extraordinary,/ɪkˈstrɔ:dnrɪ/,adj. 非凡的；特别的；离奇的；临时的；特派的,-order- = -ord- = -ordin- = -ordain-
extraordinarily,/ɪk'strɔːd(ə)n(ə)rəlɪ/,adv. 非常；格外地；非凡地,-order- = -ord- = -ordin- = -ordain-
coordinate,/kəʊ'ɔ:dɪneɪt/,n. 坐标； 同等的人或物 adj. 并列的 vt. 调整 vi. 协调,-order- = -ord- = -ordin- = -ordain-
coordinator,/kəʊ'ɔ:dɪneɪtə/,n. 协调者；[自] 协调器；同等的人或物,-order- = -ord- = -ordin- = -ordain-
coordination,/kəʊˌɔː.dɪˈneɪʃən/,n. 协调，调和；对等，同等,-order- = -ord- = -ordin- = -ordain-
coordinated,/kəʊ'ɔ:dɪneɪtɪd/,adj. 协调的,-order- = -ord- = -ordin- = -ordain-
coordinating,/kəʊ'ɔːdneɪtɪŋ/,adj. 协调的,-order- = -ord- = -ordin- = -ordain-
uncoordinated,/ʌnkəʊ'ɔːdɪneɪtɪd/,adj. 不协调的；不对等的；不同位的,-order- = -ord- = -ordin- = -ordain-
color-coordinated,/'kʌlə(r)-kəʊ'ɔ:dɪneɪtɪd/,n. 色彩搭配,-order- = -ord- = -ordin- = -ordain-
well-coordinated,/wel-kəʊ'ɔ:dɪneɪtɪd/,adj. 协调配合的,-order- = -ord- = -ordin- = -ordain-
ordinator,/'ɔ:dneɪtə/,n. 协调者,-order- = -ord- = -ordin- = -ordain-
ordination,/ɔːdɪ'neɪʃ(ə)n/,n. 分类；任命；神职授任；排成等级,-order- = -ord- = -ordin- = -ordain-
inordinate,/ɪ'nɔːdɪnət/,adj. 过度的；无节制的；紊乱的,-order- = -ord- = -ordin- = -ordain-
inordinately,/ɪn'ɔrdnɪtli/,adv. 非常地；无度地,-order- = -ord- = -ordin- = -ordain-
superordinate,"/,s(j)uːpər'ɔːdɪnət/",adj. 上级的，地位高的；高级的,-order- = -ord- = -ordin- = -ordain-
ordinance,/'ɔːdɪnəns/,n. 条例；法令；圣餐礼,-order- = -ord- = -ordin- = -ordain-
subordinate,/sə'bɔːdɪnət/,n. 下属，下级；部属，属下 adj. 从属的；次要的,-order- = -ord- = -ordin- = -ordain-
subordination,"/sə,bɔːdɪ'neɪʃn/",n. 从属；附属；主从关系,-order- = -ord- = -ordin- = -ordain-
subordinated,"/sə'bɔrdn,et/",adj. 次级债券的,-order- = -ord- = -ordin- = -ordain-
insubordinate,"/,ɪnsə'bɔːdɪnət/",adj. 不听话的；不顺从的,-order- = -ord- = -ordin- = -ordain-
insubordination,/'ɪnsə'bɔrdə'neʃən/,n. 反抗，不服从,-order- = -ord- = -ordin- = -ordain-
ordinal,/'ɔːdɪn(ə)l/,adj. 顺序的，依次的 n. [数] 序数,-order- = -ord- = -ordin- = -ordain-
ordain,/ɔː'deɪn/,vt. 任命某人为牧师； 授某人以圣职； （上帝、 法律等） 命令； 注定 vi. 颁布命令,-order- = -ord- = -ordin- = -ordain-
preordain,"/,priːɔː'deɪn/",vt. 注定；预先决定,-order- = -ord- = -ordin- = -ordain-
preordained,"/,priɔr'dend/",adj. 注定的；天命的,-order- = -ord- = -ordin- = -ordain-
ordnance,/'ɔːdnəns/,n. 军火；大炮；军械署,-order- = -ord- = -ordin- = -ordain-
solve,/sɒlv/,vt. 解决；解答；溶解 vi. 作解答,-solv- = -solu- = -solut-
solver,/'sɒlvə/,n. 解决者；[计] 解算机；[数] 求解程序,-solv- = -solu- = -solut-
solvable,/'sɒlvəbl/,adj. 可以解决的；可以解的；可溶的,-solv- = -solu- = -solut-
solvent,/'sɒlv(ə)nt/,adj. 有偿付能力的；有溶解力的 n. 溶剂；解决方法,-solv- = -solu- = -solut-
solvency,/'sɒlvənsɪ/,n. 偿付能力；溶解力,-solv- = -solu- = -solut-
solved,/sɒlvd/,adj. 解决了的,-solv- = -solu- = -solut-
unsolved,/ʌn'sɒlvd/,adj. 未解决的；未解答的,-solv- = -solu- = -solut-
absolve,/əb'zɒlv/,vt. 免除；赦免；宣告…无罪,-solv- = -solu- = -solut-
insolvent,/ɪn'sɒlv(ə)nt/,n. 破产者；无力偿还者 adj. 破产的；无力偿还的,-solv- = -solu- = -solut-
insolvency,/ɪn'sɒlv(ə)nsɪ/,n. 破产，无力偿还；倒闭,-solv- = -solu- = -solut-
unsolvable,"/,ʌn'sɔlvəbl/",adj. 不能解决的；不能溶解的,-solv- = -solu- = -solut-
problem-solver,/'prɒbləm-'sɒlvə/,n. 问题解决者；[计] 问题求解程序,-solv- = -solu- = -solut-
problem-solving,/'prɒbləm-'sɒlvɪŋ/,adj. 问题解决的 n. 解决问题；找出问题的答案,-solv- = -solu- = -solut-
solvent-based,/'sɒlv(ə)nt-beɪst/,adj. 溶剂型的,-solv- = -solu- = -solut-
dissolve,/dɪ'zɒlv/,vt. 使溶解；使分解；使液化 vi. 溶解；解散；消失 n. 叠化画面,-solv- = -solu- = -solut-
dissolved,/dɪ'zɑlv/,adj. 溶解的；溶化的,-solv- = -solu- = -solut-
dissolving,/dɪ'zɑlvɪŋ/,adj. 消溶的；毁灭性的,-solv- = -solu- = -solut-
resolve,/rɪ'zɒlv/,vt. 决定；溶解；使…分解；决心要做 vi. 解决；决心；分解,-solv- = -solu- = -solut-
resolved,/rɪ'zɒlvd/,adj. 下定决心的；已解决的；断然的,-solv- = -solu- = -solut-
resolvable,/rɪ'zɒlvəbl/,adj. 可分解的；可解决的；可溶解的,-solv- = -solu- = -solut-
irresolvable,/ɪrɪ'zɒlvəb(ə)l/,adj. 不能解决的；不能分解的,-solv- = -solu- = -solut-
unresolved,/ʌnrɪ'zɒlvd/,adj. 未解决的；无决断力的；不果断的,-solv- = -solu- = -solut-
unresolvable,/ʌnrɪ'zɒlvəb(ə)l/,无法解决的,-solv- = -solu- = -solut-
solute,/'sɒljuːt; sɒ'ljuːt/,n. [化学] 溶质；[化学] 溶解物 adj. 溶解的,-solv- = -solu- = -solut-
solution,/sə'luːʃ(ə)n/,n. 解答；答案,-solv- = -solu- = -solut-
dissolute,/'dɪsəluːt/,adj. 放荡的；风流的,-solv- = -solu- = -solut-
dissolution,/dɪsə'luːʃ(ə)n/,n. 分解，溶解； （议会等的）解散； （契约等的）解除；死亡,-solv- = -solu- = -solut-
absolute,/'æbsəluːt/,adj. 绝对的；完全的；专制的 n. 绝对；绝对事物,-solv- = -solu- = -solut-
absolutely,/'æbsəluːtlɪ/,adv. 绝对地；完全地,-solv- = -solu- = -solut-
absolutist,/'æbsəlʊtɪst/,n. 绝对论者；专制主义者,-solv- = -solu- = -solut-
absolution,/æbsə'luːʃ(ə)n/,n. 赦免；免罪,-solv- = -solu- = -solut-
absolutism,/'æbsəluːtɪz(ə)m/,n. 专制主义；绝对论,-solv- = -solu- = -solut-
absoluteness,"/'æbsə,lʊtnɪs/",n. 绝对，完全；无限制,-solv- = -solu- = -solut-
resolute,/'rezəluːt/,adj. 坚决的；果断的,-solv- = -solu- = -solut-
resolution,/rezə'luːʃ(ə)n/,n. 决议案，决议,-solv- = -solu- = -solut-
resolutely,/'rezəlu:tlɪ/,adv. 坚决地；毅然地,-solv- = -solu- = -solut-
irresolute,/ɪ'rezəluːt/,adj. 优柔寡断的；踌躇不定的；无决断的,-solv- = -solu- = -solut-
irresolution,"/'i,rezə'lju:ʃən/",n. 优柔寡断；犹豫不决,-solv- = -solu- = -solut-
resoluteness,"/'rezə,lutnis/",坚定地,-solv- = -solu- = -solut-
low-resolution,"/ləʊ,rezə'lu:ʃən/",n. 低分辨率,-solv- = -solu- = -solut-
high-resolution,"/'hai,rezə'lu:ʃən/",n. 高分辨率,-solv- = -solu- = -solut-
higher-resolution,"/'haiə(r),rezə'lu:ʃən/",n. 更高的分辨率；更高的清晰度,-solv- = -solu- = -solut-
conflict-resolution,"/'kɒnflɪkt,rezə'lu:ʃən/",n. 冲突解决；冲突消除,-solv- = -solu- = -solut-
dispute-resolution,"/dɪ'spjuːt,rezə'lu:ʃən/",n. 调解纠纷,-solv- = -solu- = -solut-
soluble,/'sɒljʊb(ə)l/,adj. [化学] 可溶的，可溶解的；可解决的,-solv- = -solu- = -solut-
solubility,"/,sɒljʊ'bɪlətɪ/",n. 溶解度；可解决性,-solv- = -solu- = -solut-
insoluble,/ɪn'sɒljʊb(ə)l/,adj. 不能解决的；[化学] 不能溶解的；难以解释的,-solv- = -solu- = -solut-
indissoluble,"/,ɪndɪ'sɒljʊb(ə)l/",adj. 不能分解的；不能溶解的；坚固的；牢固持久的,-solv- = -solu- = -solut-
indissolubly,/indi'sɔljubli/,adv. 不能溶解地；不可分解地,-solv- = -solu- = -solut-
fat-soluble,"/'fæt,sɔljubl/",adj. 脂溶性的，可溶于油脂的,-solv- = -solu- = -solut-
water-soluble,"/'wɔ:tə,sɔlju'bl/",adj. 可溶于水的,-solv- = -solu- = -solut-
flame,/fleɪm/,n. 火焰；热情；光辉 v. 焚烧；泛红,-flagr- = -flam-
flaming,/'fleɪmɪŋ/,adj. 燃烧的；火红的；激昂的,-flagr- = -flam-
flammable,/'flæməb(ə)l/,adj. 易燃的；可燃的；可燃性的 n. 易燃物,-flagr- = -flam-
flammability,"/,flæmə'bɪlətɪ/",n. 可燃性，易燃性,-flagr- = -flam-
aflame,/ə'fleɪm/,adj. 燃烧的；激动的；火一般红的；昂然的 adv. 燃烧中；昂然,-flagr- = -flam-
flamboyance,/flæm'bɔiəns/,n. 华丽；炫耀,-flagr- = -flam-
flamboyant,/flæm'bɒɪənt/,adj. 艳丽的；火焰似的；炫耀的 n. 凤凰木,-flagr- = -flam-
flamboyantly,/flæm'bɒɪəntli/,adv. 艳丽地；奢华地；火焰似地,-flagr- = -flam-
flameout,/'fleɪməʊt/,n. [热][动力][车辆] 熄火； （喷气发动机）燃烧中断,-flagr- = -flam-
flameproof,/'fleɪmpruːf/,adj. 防火的,-flagr- = -flam-
inflame,/ɪn'fleɪm/,vt. 激怒；使燃烧；使发炎 vi. 燃烧；发炎；激动,-flagr- = -flam-
inflamed,/ɪn'flemd/,adj. 发炎的；红肿的,-flagr- = -flam-
inflammation,/ɪnflə'meɪʃ(ə)n/,n. [病理] 炎症；[医] 发炎；燃烧；发火,-flagr- = -flam-
inflammatory,/ɪn'flæmət(ə)rɪ/,adj. 炎症性的；煽动性的；激动的,-flagr- = -flam-
inflammable,/ɪn'flæməb(ə)l/,adj. 易燃的；易怒的；易激动的 n. 易燃物,-flagr- = -flam-
anti-inflammatory,"/,æntiinflə'meitəri/",adj. 抗炎的 n. 抗炎药,-flagr- = -flam-
pro-inflammatory,"/prəu-,æntiinflə'meitəri/",adj. 促炎的,-flagr- = -flam-
non-flammable,/ˌnɒnˈflæməbəl/,adj. 不燃烧的; 不易燃的,-flagr- = -flam-
flagrant,/'fleɪgr(ə)nt/,adj. 公然的；不能容忍的；非常的；臭名远扬的；明目张胆的；恶名昭著的,-flagr- = -flam-
flagrancy,/'fleɪɡrənsɪ/,n. 极恶昭彰；明目张胆,-flagr- = -flam-
flagrantly,/'flegrəntli/,adv. 千真万确地；罪大恶极地,-flagr- = -flam-
conflagrate,/'kɒnfləɡreɪt/,vi. 燃烧，着火 vt. 使燃烧起来；烧掉,-flagr- = -flam-
conflagration,"/,kɒnflə'greɪʃ(ə)n/",n. 大火；快速燃烧；突发；冲突,-flagr- = -flam-
flamingo,/flə'mɪŋgəʊ/,n. [鸟] 火烈鸟,-flagr- = -flam-
fact,/fækt/,n. 事实；实际；真相,-fac(t)- = -fec(t)- = -fic(t)-
factor,/'fæktə/,n. 因素；要素；[物] 因数；代理人 vi. 做代理商,-fac(t)- = -fec(t)- = -fic(t)-
factoring,/'fæktərɪŋ/,n. [数] 因子分解，[数] 因式分解；保付代理,-fac(t)- = -fec(t)- = -fic(t)-
factorial,/fæk'tɔːrɪəl/,adj. 因子的，阶乘的 n. [数] 阶乘,-fac(t)- = -fec(t)- = -fic(t)-
fact-checking,/fækt-'tʃekɪŋ/,n. 核实；真相核查,-fac(t)- = -fec(t)- = -fic(t)-
single-factor,/'sɪŋg(ə)l-'fæktə/,n.单因子,-fac(t)- = -fec(t)- = -fic(t)-
one-factor,/wʌn-'fæktə/,n. 单因子 一因子 单因素,-fac(t)- = -fec(t)- = -fic(t)-
two-factor,/tuː'fæktə/,n. 两因素,-fac(t)- = -fec(t)- = -fic(t)-
three-factor,/θriː-'fæktə/,n. 三要素,-fac(t)- = -fec(t)- = -fic(t)-
four-factor,/fɔː-'fæktə/,n. 四因素法,-fac(t)- = -fec(t)- = -fic(t)-
five-factor,/faɪv'fæktə/,n. 五因素,-fac(t)- = -fec(t)- = -fic(t)-
cofactor,"/'ko,fæktɚ/",n. [生化] 辅因子,-fac(t)- = -fec(t)- = -fic(t)-
multifactor,"/'mʌltɪ,fæktə/",adj. 多因子的；多种因素的 n. 复因子,-fac(t)- = -fec(t)- = -fic(t)-
multifactorial,"/,mʌltɪfæk'tɔːrɪəl/",adj. 多因子的,-fac(t)- = -fec(t)- = -fic(t)-
factorization,"/,fæktərai'zeiʃən/",n. [数] 因子分解；[数] 因式分解,-fac(t)- = -fec(t)- = -fic(t)-
factoid,/'fæktɔɪd/,n. 仿真陈述 （仅因出现在出版物上而被信以为真） adj. 虚构的； 似是而非的,-fac(t)- = -fec(t)- = -fic(t)-
x-factor,/ɛks'fæktə/,n. x 因子,-fac(t)- = -fec(t)- = -fic(t)-
artefact,/'ɑːtɪfækt/,n. 工艺品；人工制品，加工品,-fac(t)- = -fec(t)- = -fic(t)-
factious,/'fækʃəs/,adj. 好捣乱的；好搞派系的；源于派别的,-fac(t)- = -fec(t)- = -fic(t)-
putrefaction,"/,pjuːtrɪ'fækʃ(ə)n/",n. 腐败；腐败物,-fac(t)- = -fec(t)- = -fic(t)-
stupefaction,"/,stʃuːpɪ'fækʃn/",n. 麻醉；昏迷；麻木状态,-fac(t)- = -fec(t)- = -fic(t)-
fact-base,/fækt-beɪs/,n. [计] 事实库,-fac(t)- = -fec(t)- = -fic(t)-
fact-finding,"/'fækt,faindiŋ/",n. 实情调查；调解 adj. 实情调查的,-fac(t)- = -fec(t)- = -fic(t)-
fact-finder,"/'fækt,faində/",n. 实情调查者； （案件等的）检察员,-fac(t)- = -fec(t)- = -fic(t)-
matter-of-fact,/'mætərəv'fækt/,adj. 实事求是的；讲求实际的；不带感情的；平淡的,-fac(t)- = -fec(t)- = -fic(t)-
matter-of-factly,"/,mætərəf'fæktli/",adv. 实事求是地,-fac(t)- = -fec(t)- = -fic(t)-
after-the-fact,/'ɑːftə-ðə-fækt/,n. 犯罪之后,-fac(t)- = -fec(t)- = -fic(t)-
factual,/'fæktʃʊəl/,adj. 实际的，事实的，确实的,-fac(t)- = -fec(t)- = -fic(t)-
factually,/'fæktʃuəli/,adv. 真实地；确实地,-fac(t)- = -fec(t)- = -fic(t)-
factuality,"/,fæktʃʊ'æləti/",n. 实在性；事实性,-fac(t)- = -fec(t)- = -fic(t)-
counterfactual,"/,kaʊntə'fæktʃʊəl/",adj. 反事实的,-fac(t)- = -fec(t)- = -fic(t)-
facture,/'fæktʃə/,n. 制作；发票；制作法,-fac(t)- = -fec(t)- = -fic(t)-
faction,/'fækʃ(ə)n/,n. 派别；内讧；小集团；纪实小说,-fac(t)- = -fec(t)- = -fic(t)-
factional,/'fækʃnəl/,adj. 小派别的，造成派系分裂的,-fac(t)- = -fec(t)- = -fic(t)-
factionalism,/'fækʃənəlɪzəm/,n. 党派之争；党派主义；派别活动,-fac(t)- = -fec(t)- = -fic(t)-
factory,/'fæktəri/,n. 工厂；制造厂；代理店,-fac(t)- = -fec(t)- = -fic(t)-
factory-installed,/'fæktəri-ɪn'stɔld/,adj. 安装的,-fac(t)- = -fec(t)- = -fic(t)-
factory-made,/'fæktəri-meɪd/,adj. 工厂预制,-fac(t)- = -fec(t)- = -fic(t)-
factory-built,/'fæktəri-bɪlt/,adj. 工厂制,-fac(t)- = -fec(t)- = -fic(t)-
factory-like,/'fæktəri-laɪk/,adj. 工厂般的,-fac(t)- = -fec(t)- = -fic(t)-
facile,/'fæsail/,adj. （言语或理论）轻率的，未经深思熟虑的 adj. 温和的；灵巧的；易做到的,-fac(t)- = -fec(t)- = -fic(t)-
facility,/fə'sɪləti/,n. 设施；设备；容易；灵巧,-fac(t)- = -fec(t)- = -fic(t)-
factitious,/fæk'tiʃəs/,adj. 人为的，人工的；不自然的；虚假的,-fac(t)- = -fec(t)- = -fic(t)-
facilitate,/fə'siliteit/,vt. 使容易做，使容易，使便利，促进,-fac(t)- = -fec(t)- = -fic(t)-
facilitation,/fəsɪlɪ'teɪʃn/,n. 简易化；[生理] 助长；容易,-fac(t)- = -fec(t)- = -fic(t)-
facilitator,/fə'sɪlɪteɪtə/,n. 服务商；促进者,-fac(t)- = -fec(t)- = -fic(t)-
facilitative,"/fə'sili,teitiv/",adj. 使便利的,-fac(t)- = -fec(t)- = -fic(t)-
abortifacient,"/ə,bɔːtɪ'feɪʃ(ə)nt/",adj. 堕胎的 n. [药] 堕胎药,-fac(t)- = -fec(t)- = -fic(t)-
rarefaction,"/,rɛrə'fækʃən/",n. [声] 稀疏； （气体）稀薄,-fac(t)- = -fec(t)- = -fic(t)-
faculty,/'fæk(ə)ltɪ/,n. 天赋，能力，本领科，系，全体教员,-fac(t)- = -fec(t)- = -fic(t)-
facultative,"/'fæk(ə)l,tətɪv/",adj. 授权的，特许的,-fac(t)- = -fec(t)- = -fic(t)-
faculty-student,/'fæk(ə)ltɪ-'stjuːd(ə)nt/,n. 师生,-fac(t)- = -fec(t)- = -fic(t)-
student-faculty,/'stjuːd(ə)nt-'fæk(ə)ltɪ/,n. 学生教师,-fac(t)- = -fec(t)- = -fic(t)-
artifact,/'ɑ:təˌfækt/,n. 人工制品；手工艺品,-fac(t)- = -fec(t)- = -fic(t)-
artifactual,"/,ɑ:ti'fæktʃuəl/",adj. 人造的，人工制造的，加工的,-fac(t)- = -fec(t)- = -fic(t)-
olfactory,/ɒl'fækt(ə)rɪ/,adj. 嗅觉的；味道的 n. 嗅觉器官,-fac(t)- = -fec(t)- = -fic(t)-
olfaction,/ɒl'fækʃ(ə)n/,n. 嗅觉,-fac(t)- = -fec(t)- = -fic(t)-
refectory,/rɪ'fekt(ə)rɪ/,n. 食堂； （修道院，学院等处的）餐厅,-fac(t)- = -fec(t)- = -fic(t)-
benefactor,/'benifæktə/,n. 施恩者，恩人，捐助者,-fac(t)- = -fec(t)- = -fic(t)-
benefaction,"/,beni'fækʃən/",n. 施恩，行善，善行，捐助物,-fac(t)- = -fec(t)- = -fic(t)-
benefactress,/'benifæktris/,n. 女施主；女恩人,-fac(t)- = -fec(t)- = -fic(t)-
malefactor,/'mælifæktə/,n. 作恶者，坏分子，犯罪分子,-fac(t)- = -fec(t)- = -fic(t)-
malefaction,"/,mæli'fækʃən/",n. 罪行；罪恶；犯罪行为,-fac(t)- = -fec(t)- = -fic(t)-
perfect,/ˈpəːfɪkt; (for v.) pəˈfekt/,adj. 完美的；最好的；精通的 vt. 使完美；使熟练,-fac(t)- = -fec(t)- = -fic(t)-
perfective,/pə'fektɪv/,adj. 完成的；完成式的 n. 完成式；完成式的动词,-fac(t)- = -fec(t)- = -fic(t)-
perfectly,/'pɜːfɪk(t)lɪ/,adv. 完美地；完全地,-fac(t)- = -fec(t)- = -fic(t)-
perfection,/pə'fekʃ(ə)n/,n. 完善；完美,-fac(t)- = -fec(t)- = -fic(t)-
perfectionism,/pə'fekʃ(ə)nɪz(ə)m/,n. 至善论；十全十美主义,-fac(t)- = -fec(t)- = -fic(t)-
perfectionist,/pə'fekʃ(ə)nɪst/,n. 完美主义者，追求完美的人；至善论者,-fac(t)- = -fec(t)- = -fic(t)-
perfectionistic,/pə'fekʃ(ə)nɪstɪk/,adj. 完美主义的,-fac(t)- = -fec(t)- = -fic(t)-
perfectibility,"/,pəfektə'biliti/",n. 完全性；可改善性；可完美性,-fac(t)- = -fec(t)- = -fic(t)-
perfecta,/pə'fektə/,n.（美） （赛马等的）正序连赢,-fac(t)- = -fec(t)- = -fic(t)-
perfecting,/'pɝfɪkt/,adj. 完美的；理想的,-fac(t)- = -fec(t)- = -fic(t)-
imperfect,/ɪm'pɜːfɪkt/,adj. 有缺点的；未完成的；半过去的；未完成时的,-fac(t)- = -fec(t)- = -fic(t)-
imperfection,/ɪmpə'fekʃ(ə)n/,n. 不完美；瑕疵；缺点,-fac(t)- = -fec(t)- = -fic(t)-
imperfectly,/ɪm'pɝfɪktli/,adv. 有缺点地；不完美地；未完成地,-fac(t)- = -fec(t)- = -fic(t)-
near-perfect,/nɪə-pə'fekt/,adj. 近乎完美的,-fac(t)- = -fec(t)- = -fic(t)-
picture-perfect,/'piktʃə-'pə:fekt/,adj.（美）完美无瑕的；样子好的；正好合适的,-fac(t)- = -fec(t)- = -fic(t)-
postcard-perfect,/'pəʊs(t)kɑːd-pə'fekt/,adj. 明信片完美的,-fac(t)- = -fec(t)- = -fic(t)-
pitch-perfect,/pɪtʃ-pə'fekt/,adj. 准确的；完美的,-fac(t)- = -fec(t)- = -fic(t)-
less-than-perfect,/les-ð æn-pə'fekt/,adj. 不够完美的,-fac(t)- = -fec(t)- = -fic(t)-
pluperfect,/pluː'pɜːfɪkt/,adj. 过去完成时的；极好的 n. 过去完成时,-fac(t)- = -fec(t)- = -fic(t)-
prefecture,/'priːfektjʊə/,n. 县；管区，辖区；地方官的任期,-fac(t)- = -fec(t)- = -fic(t)-
prefectural,/pri'fektjurəl/,adj. 县的，府的；地方行政长官的,-fac(t)- = -fec(t)- = -fic(t)-
effect,/ɪ'fekt/,n. 影响；效果；作用 vt. 产生；达到目的,-fac(t)- = -fec(t)- = -fic(t)-
effector,/ɪ'fektə/,n. [生理] 效应器；[遗] 效应物；操纵装置,-fac(t)- = -fec(t)- = -fic(t)-
effective,/ɪ'fektɪv/,adj. 有效的，起作用的；实际的，实在的；给人深刻印象,-fac(t)- = -fec(t)- = -fic(t)-
ineffective,/ɪnɪ'fektɪv/,adj. 无效的，失效的；不起作用的,-fac(t)- = -fec(t)- = -fic(t)-
effectively,/ɪ'fektɪvlɪ/,adv. 有效地，生效地；有力地；实际上,-fac(t)- = -fec(t)- = -fic(t)-
ineffectively,/ɪnɪ'fektɪvlɪ/,adv. 无效地；无用地；无能地,-fac(t)- = -fec(t)- = -fic(t)-
effectiveness,/ɪ'fektɪvnɪs/,n. 效力,-fac(t)- = -fec(t)- = -fic(t)-
ineffectiveness,"/,ɪnə'fɛktɪvnɪs/",n. 无效；不起作用,-fac(t)- = -fec(t)- = -fic(t)-
effectual,/ɪ'fektʃʊəl/,adj. 奏效的；会应验的；有法律效力的,-fac(t)- = -fec(t)- = -fic(t)-
ineffectual,/ɪnɪ'fektʃʊəl/,adj. 无效的，不起作用的；徒劳无益的 n. 无用的人；无一技之长者,-fac(t)- = -fec(t)- = -fic(t)-
effectually,/ɪ'fektʃʊəlɪ/,adv. 有效地；全然；实质上,-fac(t)- = -fec(t)- = -fic(t)-
ineffectually,/ɪnə'fɛktʃʊəli/,adv. 无益地；无效地,-fac(t)- = -fec(t)- = -fic(t)-
effectuate,/ɪ'fektʃʊeɪt/,vt. 完成；实行；招致,-fac(t)- = -fec(t)- = -fic(t)-
effectuation,/ə'fɛktʃʊ'eʃən/,n. 实行；完成；招致,-fac(t)- = -fec(t)- = -fic(t)-
aftereffect,/ɪnə'fɛktʃʊəli/,adv. 无益地；无效地,-fac(t)- = -fec(t)- = -fic(t)-
side-effect,/saɪd-ɪ'fekt/,n. 副作用；附带后果,-fac(t)- = -fec(t)- = -fic(t)-
field-effect,/fiːld-ɪ'fekt/,adj. 场效应的,-fac(t)- = -fec(t)- = -fic(t)-
more-effective,/mɔː-ɪ'fektɪv/,adj. 增效的,-fac(t)- = -fec(t)- = -fic(t)-
ground-effect,/graʊnd-ɪ'fekt/,n. 地面效应,-fac(t)- = -fec(t)- = -fic(t)-
cost-effective,/'kɔ:stə'fektɪv/,adj. 划算的；成本效益好的（等于 cost-efficient）,-fac(t)- = -fec(t)- = -fic(t)-
cost-effectiveness,/ɪ'fektɪvnɪs/,n. 效力,-fac(t)- = -fec(t)- = -fic(t)-
cost-effectively,/kɒst-ɪ'fektʃʊəlɪ/,adv. 成本效益高地；划算地,-fac(t)- = -fec(t)- = -fic(t)-
cause-effect,/'kɔ:z-i'fekt/,n. [经] 因果效应,-fac(t)- = -fec(t)- = -fic(t)-
cause-and-effect,/'kɔ:zəndi'fekt/,adj. 有因果关系的,-fac(t)- = -fec(t)- = -fic(t)-
defect,/'diːfekt; dɪ'fekt/,n. 缺点，缺陷；不足之处 vi. 变节；叛变,-fac(t)- = -fec(t)- = -fic(t)-
defective,/dɪ'fektɪv/,adj. 有缺陷的；不完美的 n. 有缺陷的人；不完全变化词,-fac(t)- = -fec(t)- = -fic(t)-
defection,/dɪ'fekʃn/,n. 背叛；缺点；变节；脱党,-fac(t)- = -fec(t)- = -fic(t)-
defector,/dɪ'fektə/,n. 背叛者；逃兵；叛离者,-fac(t)- = -fec(t)- = -fic(t)-
affect,/ə'fekt/,vt. 影响；感染；感动；假装 vi. 倾向；喜欢 n. 情感；引起感情的因素,-fac(t)- = -fec(t)- = -fic(t)-
affectless,/ə'fektlis/,adj. 冷酷无情的；缺乏感情的,-fac(t)- = -fec(t)- = -fic(t)-
affective,/ə'fektɪv/,adj. 情感的；表达感情的,-fac(t)- = -fec(t)- = -fic(t)-
affectively,/ə'fektɪvlɪ/,adv. 情感地,-fac(t)- = -fec(t)- = -fic(t)-
affection,/ə'fekʃ(ə)n/,n. 喜爱，感情；影响；感染,-fac(t)- = -fec(t)- = -fic(t)-
affectional,/ə'fɛkʃənəl/,adj. 情感上的；爱情的,-fac(t)- = -fec(t)- = -fic(t)-
affecting,/ə'fektɪŋ/,adj. 动人的；感人的,-fac(t)- = -fec(t)- = -fic(t)-
affected,/ə'fektɪd/,adj. 受到影响的；做作的；假装的,-fac(t)- = -fec(t)- = -fic(t)-
unaffected,/ʌnə'fektɪd/,adj. 不受影响的；自然的；真挚的；不矫揉造作的,-fac(t)- = -fec(t)- = -fic(t)-
affectation,/æfek'teɪʃ(ə)n/,n. 做作；矫揉造作；假装,-fac(t)- = -fec(t)- = -fic(t)-
affectionate,/ə'fekʃ(ə)nət/,adj. 深情的；adj. 充满爱的,-fac(t)- = -fec(t)- = -fic(t)-
affectionately,/ə'fekʃənətlɪ/,adv. 亲切地；挚爱地,-fac(t)- = -fec(t)- = -fic(t)-
disaffected,"/,dɪsə'fɛktɪd/",adj. 不满的；有叛意的；愤愤不平的,-fac(t)- = -fec(t)- = -fic(t)-
disaffection,"/,dɪsə'fɛkʃən/",n. 不满；背叛,-fac(t)- = -fec(t)- = -fic(t)-
infect,/ɪn'fekt/,vt. 感染，传染,-fac(t)- = -fec(t)- = -fic(t)-
infected,/ɪn'fektɪd/,adj. 被感染的,-fac(t)- = -fec(t)- = -fic(t)-
uninfected,/ˌʌnɪnˈfɛktɪd/,adj. 未感染的,-fac(t)- = -fec(t)- = -fic(t)-
infection,/ɪn'fekʃ(ə)n/,n. 感染；传染；影响；传染病,-fac(t)- = -fec(t)- = -fic(t)-
infective,/ɪn'fektɪv/,adj. 有传染性的，感染别人的,-fac(t)- = -fec(t)- = -fic(t)-
infectious,/ɪn'fekʃəs/,adj. 传染的；传染性的；易传染的,-fac(t)- = -fec(t)- = -fic(t)-
infectiously,/in'fekʃəsli/,adv. 传染地；有感染力地,-fac(t)- = -fec(t)- = -fic(t)-
disinfect,/dɪsɪn'fekt/,vt. 将…消毒,-fac(t)- = -fec(t)- = -fic(t)-
disinfection,"/,dɪsɪn'fekʃən/",n. 消毒，杀菌,-fac(t)- = -fec(t)- = -fic(t)-
disinfectant,/dɪsɪn'fekt(ə)nt/,n. 消毒剂 adj. 消毒的,-fac(t)- = -fec(t)- = -fic(t)-
coinfection,/kəu-ɪn'fekʃ(ə)n/,n. 同时感染；共感染,-fac(t)- = -fec(t)- = -fic(t)-
aids-infected,/edz-ɪn'fektɪd/,adj. 艾滋病感染的,-fac(t)- = -fec(t)- = -fic(t)-
infection-fighting,/ɪn'fekʃ(ə)n-'faɪtɪŋ/,adj. 避免传染的,-fac(t)- = -fec(t)- = -fic(t)-
infectious-disease,/ɪn'fekʃəs-dɪ'ziːz/,n. 传染病,-fac(t)- = -fec(t)- = -fic(t)-
confect,/kən'fekt/,vt. 混合；调制 n. 糖果；西点,-fac(t)- = -fec(t)- = -fic(t)-
confection,/kən'fekʃ(ə)n/,n. 糖果，蜜饯；调制；糖膏（剂） ；精制工艺品,-fac(t)- = -fec(t)- = -fic(t)-
confectioner,/kən'fekʃ(ə)nə/,n. 糖果制造人；糖果店；甜食商,-fac(t)- = -fec(t)- = -fic(t)-
confectionery,/kən'fekʃ(ə)n(ə)rɪ/,n. 糕点糖果；糖果店,-fac(t)- = -fec(t)- = -fic(t)-
confectionary,/kən'fekʃənərɪ/,n. 糖果；糖果店；糕饼 adj. 糖果的；糖果商的；糕饼的,-fac(t)- = -fec(t)- = -fic(t)-
office,/'ɒfɪs/,n. 办公室；政府机关；官职；营业处,-fac(t)- = -fec(t)- = -fic(t)-
officer,/'ɒfɪsə/,n. 军官，警官；公务员，政府官员；船长 vt. 指挥,-fac(t)- = -fec(t)- = -fic(t)-
official,/ə'fɪʃ(ə)l/,adj. 官方的；正式的；公务的 n. 官员；公务员；高级职员,-fac(t)- = -fec(t)- = -fic(t)-
officially,/ə'fɪʃəlɪ/,adv. 正式地；官方地；作为公务员,-fac(t)- = -fec(t)- = -fic(t)-
unofficial,"/,ʌnə'fɪʃl/",adj. 非官方的；非正式的,-fac(t)- = -fec(t)- = -fic(t)-
unofficially,"/,ʌnə'fɪʃəli/",adv. 非正式地；非公认地,-fac(t)- = -fec(t)- = -fic(t)-
officiant,/ə'fɪʃɪənt/,n. 主祭；司仪牧师,-fac(t)- = -fec(t)- = -fic(t)-
officiate,/ə'fɪʃɪeɪt/,vt. 主持（仪式） ；行使（职务） ；担任裁判,-fac(t)- = -fec(t)- = -fic(t)-
officiating,/ə'fɪʃɪeɪtɪŋ/,n. 主持宗教仪式；行使职责（officiating 是 officiate 的现在分词）,-fac(t)- = -fec(t)- = -fic(t)-
officious,/ə'fɪʃəs/,adj. 多管闲事的；非官方的,-fac(t)- = -fec(t)- = -fic(t)-
officiously,/ə'fɪʃəsli/,adv. 过分殷勤地；非官方地,-fac(t)- = -fec(t)- = -fic(t)-
officemate,/ə'fɪʃəsmeɪt/,n. 办公伙伴 办公室恋情,-fac(t)- = -fec(t)- = -fic(t)-
officialese,/əfɪʃə'liːz/,n. 公文用语；官样文章,-fac(t)- = -fec(t)- = -fic(t)-
officialism,/ə'fɪʃəlɪzəm/,n. 官僚作风；文牍主义； （总称）官员,-fac(t)- = -fec(t)- = -fic(t)-
officialdom,/ə'fɪʃəldəm/,n. 官场；官员（总称） ；官僚作风,-fac(t)- = -fec(t)- = -fic(t)-
officeholder,"/'ɒfɪs,həʊldə/",n. 公务员；官员；办公人员,-fac(t)- = -fec(t)- = -fic(t)-
official-looking,/ə'fɪʃ(ə)l-'lʊkɪŋ/,adj. 貌似官方的,-fac(t)- = -fec(t)- = -fic(t)-
box-office,"/'bɔks,ɔfis/",adj. 票房的；受欢迎的,-fac(t)- = -fec(t)- = -fic(t)-
front-office,/'frʌnt'ɔfis/,adj. 行政的；管理的,-fac(t)- = -fec(t)- = -fic(t)-
back-office,"/beɪk-,ɔfis/",n. 后勤办公室；后勤部门；股票或证券交易清算室,-fac(t)- = -fec(t)- = -fic(t)-
home-office,"/həʊm-,ɔfis/",（英国）内政部,-fac(t)- = -fec(t)- = -fic(t)-
post-office,"/'pəust,ɔfis/",adj. 邮局的；邮政部的,-fac(t)- = -fec(t)- = -fic(t)-
in-office,"/ɪn-,ɔfis/",n. 执政，在位,-fac(t)- = -fec(t)- = -fic(t)-
semi-official,"/'sem(a)i-,ɔfis/",adj. 半官方的,-fac(t)- = -fec(t)- = -fic(t)-
non-official,/ˌnɒnəˈfɪʃəl/,adj. 非官方的; 非正式的,-fac(t)- = -fec(t)- = -fic(t)-
quasi-official,/'kwa:zi:ə'fiʃəl/,adj. 半官方的,-fac(t)- = -fec(t)- = -fic(t)-
office-supply,"/,ɔfis-sə'plaɪ/",n. 办公用品；办公室费用；事务用品；办公用品供应,-fac(t)- = -fec(t)- = -fic(t)-
office-based,"/,ɔfis-beɪst/",adj. 以办公室为主的；基于办公室的,-fac(t)- = -fec(t)- = -fic(t)-
efficient,/ɪ'fɪʃ(ə)nt/,adj. 有效率的；有能力的；生效的,-fac(t)- = -fec(t)- = -fic(t)-
inefficient,/ɪnɪ'fɪʃ(ə)nt/,adj. 无效率的，效率低的；无能的,-fac(t)- = -fec(t)- = -fic(t)-
inefficiently,/ɪnə'fɪʃəntli/,adv. 无效率地；缺乏能力地,-fac(t)- = -fec(t)- = -fic(t)-
efficiently,/ɪ'fɪʃəntli/,adv. 有效地；效率高地（efficient 的副词形式）,-fac(t)- = -fec(t)- = -fic(t)-
efficiency,/ɪ'fɪʃ(ə)nsɪ/,n. 效率；效能；功效,-fac(t)- = -fec(t)- = -fic(t)-
inefficiency,"/,ɪnɪ'fɪʃənsɪ/",n. 效率低；无效率；无能,-fac(t)- = -fec(t)- = -fic(t)-
efficacy,/'efɪkəsɪ/,n. 功效，效力,-fac(t)- = -fec(t)- = -fic(t)-
inefficacy,/ɪn'efɪkəsɪ/,n. 无效；无效力,-fac(t)- = -fec(t)- = -fic(t)-
efficacious,"/,efɪ'keɪʃəs/",adj. 有效的；灵验的,-fac(t)- = -fec(t)- = -fic(t)-
coefficient,"/,kəʊɪ'fɪʃ(ə)nt/",n. [数] 系数；率；协同因素 adj. 合作的；共同作用的,-fac(t)- = -fec(t)- = -fic(t)-
self-efficacy,/self-'efɪkəsɪ/,n. 自我效能,-fac(t)- = -fec(t)- = -fic(t)-
high-efficiency,/self-ɪ'fɪʃ(ə)nsɪ/,adj. 高效的 n. 高效,-fac(t)- = -fec(t)- = -fic(t)-
fuel-efficiency,/fjʊəl-ɪ'fɪʃ(ə)nsɪ/,n. 燃料功率，[能源] 燃料效率；燃油效率,-fac(t)- = -fec(t)- = -fic(t)-
fuel-efficient,/fjʊəl-ɪ'fɪʃənt/,adj. 节能高效的；省油的,-fac(t)- = -fec(t)- = -fic(t)-
cost-efficient,/'kɔsti'fiʃənt/,adj. 有成本效益的；合算的,-fac(t)- = -fec(t)- = -fic(t)-
super-efficient,/'suːpə-ɪ'fɪʃ(ə)nt/,adj. 超高效的,-fac(t)- = -fec(t)- = -fic(t)-
more-efficient,/mɔː-ɪ'fɪʃ(ə)nt/,adj. 更加有效率的,-fac(t)- = -fec(t)- = -fic(t)-
tax-efficient,/tæks-ɪ'fɪʃ(ə)nt/,adj. 节税；税收效率,-fac(t)- = -fec(t)- = -fic(t)-
time-efficient,/taɪm-ɪ'fɪʃ(ə)nt/,adj. 具有时效性的,-fac(t)- = -fec(t)- = -fic(t)-
ultra-efficient,/'ʌltrə-ɪ'fɪʃ(ə)nt/,adj. 超高效率的,-fac(t)- = -fec(t)- = -fic(t)-
less-efficient,/les-ɪ'fɪʃ(ə)nt/,adj. 效率更低（efficient 的比较级形式）,-fac(t)- = -fec(t)- = -fic(t)-
resource-efficient,/rɪ'sɔːs-ɪ'fɪʃ(ə)nt/,adj. 节约型；资源效率的,-fac(t)- = -fec(t)- = -fic(t)-
deficit,/'defɪsɪt/,n. 赤字；不足额,-fac(t)- = -fec(t)- = -fic(t)-
deficiency,/dɪ'fɪʃ(ə)nsɪ/,n. 缺陷，缺点；缺乏；不足的数额,-fac(t)- = -fec(t)- = -fic(t)-
deficient,/dɪ'fɪʃ(ə)nt/,adj. 不足的；有缺陷的；不充分的,-fac(t)- = -fec(t)- = -fic(t)-
iron-deficient,/'aɪən-dɪ'fɪʃ(ə)nt/,adj. 缺铁的,-fac(t)- = -fec(t)- = -fic(t)-
benefice,/'benɪfɪs/,n. 圣俸；有俸圣职；僧侣之禄,-fac(t)- = -fec(t)- = -fic(t)-
beneficent,/bɪ'nefɪs(ə)nt/,adj. 慈善的；善行的,-fac(t)- = -fec(t)- = -fic(t)-
beneficence,/bɪ'nefɪsəns/,n. 慈善；善行；捐款,-fac(t)- = -fec(t)- = -fic(t)-
beneficial,/benɪ'fɪʃ(ə)l/,adj. 有益的，有利的；可享利益的,-fac(t)- = -fec(t)- = -fic(t)-
beneficially,/bɛnə'fɪʃəli/,adv. 受益地；获利地；有使用权地,-fac(t)- = -fec(t)- = -fic(t)-
beneficiary,/benɪ'fɪʃ(ə)rɪ/,n. [金融] 受益人，受惠者；封臣 adj. 拥有封地的；受圣俸的,-fac(t)- = -fec(t)- = -fic(t)-
profit,/'prɒfɪt/,n. 利润；利益 vi. 获利；有益 vt. 有益于,-fac(t)- = -fec(t)- = -fic(t)-
nonprofit,"/,nɑn'prɑfɪt/",adj. 非盈利的；不以盈利为目的的,-fac(t)- = -fec(t)- = -fic(t)-
profitable,/'prɒfɪtəb(ə)l/,adj. 盈利的，有利可图的,-fac(t)- = -fec(t)- = -fic(t)-
profitably,/'prɔfitəbli/,adv. 有利地；有益地,-fac(t)- = -fec(t)- = -fic(t)-
profitability,"/,prɑfɪtə'bɪləti/",n. 盈利能力；收益性；利益率,-fac(t)- = -fec(t)- = -fic(t)-
unprofitable,/ʌn'prɒfɪtəb(ə)l/,adj. 无益的，没有用的；没有利润的,-fac(t)- = -fec(t)- = -fic(t)-
profiteer,/prɒfɪ'tɪə/,vi. 赚大钱；牟取暴利 n. [贸易] 奸商；牟取暴利的人,-fac(t)- = -fec(t)- = -fic(t)-
profiteering,"/,prɑfə'tɪrɪŋ/",n. 暴利；不正当利益 adj. 牟取暴利的,-fac(t)- = -fec(t)- = -fic(t)-
profiterole,/prə'fitərəul/,n. 空心甜饼，空心咸饼,-fac(t)- = -fec(t)- = -fic(t)-
profitless,/'prɒfɪtləs/,adj. 无益的,-fac(t)- = -fec(t)- = -fic(t)-
for-profit,/fɔ:(r)-'prɒfɪt/,adj. 以盈利为目的,-fac(t)- = -fec(t)- = -fic(t)-
not-for-profit,"/,nɔtfə'prɔfit/",adj. 非营利的；无利可图的,-fac(t)- = -fec(t)- = -fic(t)-
high-profit,/haɪ-'prɒfɪt/,adj. 高收益的；高利润的,-fac(t)- = -fec(t)- = -fic(t)-
profit-driven,/'prɒfɪt-'drɪvn/,n. 获利导向，利润驱动,-fac(t)- = -fec(t)- = -fic(t)-
profit-and-loss,/'prɒfɪt-ənd-lɒs/,n. 盈亏帐目，损益,-fac(t)- = -fec(t)- = -fic(t)-
profit-seeking,/'prɒfɪt-si:kɪŋ/,n. 寻利活动，追逐利润,-fac(t)- = -fec(t)- = -fic(t)-
profit-taking,"/'prɔfit,teikiŋ/",n. 见利抛售,-fac(t)- = -fec(t)- = -fic(t)-
profit-making,"/'prɔfit,meikiŋ/",adj. 营利的；有利可图的 n. 营利；赚钱,-fac(t)- = -fec(t)- = -fic(t)-
profit-sharing,/'prɒfɪt-'ʃɛrɪŋ/,n. 分红制，利益分配,-fac(t)- = -fec(t)- = -fic(t)-
profit-maximizing,/'prɒfɪt-ˈmæksɪˌmaɪzɪŋ/,n. 利润最大化,-fac(t)- = -fec(t)- = -fic(t)-
profit-oriented,/'prɒfɪt-'ɔːrɪentɪd/,adj. 利润导向；效益导向；盈利性的,-fac(t)- = -fec(t)- = -fic(t)-
fiction,/'fikʃən/,n. 小说；虚构，编造；谎言；虚构或幻想出来的事,-fac(t)- = -fec(t)- = -fic(t)-
nonfiction,/nɒn'fɪkʃən/,n. 非小说的散文文学,-fac(t)- = -fec(t)- = -fic(t)-
fictive,/'fiktiv/,adj. 虚构的；想象上的；虚伪的,-fac(t)- = -fec(t)- = -fic(t)-
fictionist,/'fikʃənist/,n. 小说家；创作家,-fac(t)- = -fec(t)- = -fic(t)-
fictional,/'fikʃənl/,adj. 虚构的；小说的,-fac(t)- = -fec(t)- = -fic(t)-
non-fictional,/nɒn-'fikʃənl/,adj. 非虚构的,-fac(t)- = -fec(t)- = -fic(t)-
fictionally,/'fɪkʃənəli/,adv. 编造地，杜撰地,-fac(t)- = -fec(t)- = -fic(t)-
fictionalize,/'fikʃənəlaiz/,vt. 使小说化；把…编成小说,-fac(t)- = -fec(t)- = -fic(t)-
fictionalized,/'fikʃənəlaizd/,adj. 小说化的,-fac(t)- = -fec(t)- = -fic(t)-
fictionalization,"/,fɪkʃənəlɪ'zeʃən/",n. 小说化,-fac(t)- = -fec(t)- = -fic(t)-
fictitious,/fik'tiʃəs/,adj. 虚构的；假想的；编造的；假装的,-fac(t)- = -fec(t)- = -fic(t)-
fictile,/'fiktail/,adj. 塑造的；陶土制的；可塑造性的 n. 陶制品,-fac(t)- = -fec(t)- = -fic(t)-
metafiction,/'mɛtəfɪkʃən/,n. 超小说,-fac(t)- = -fec(t)- = -fic(t)-
metafictional,/'mɛtəfɪkʃənəl/,n. 超小说(现代小说流派或其作品；有意强调作者的媒介作用和写作技巧,-fac(t)- = -fec(t)- = -fic(t)-
figure,/'fiɡə/,n. 数字；人物；图形；价格； （人的）体形；画像 vi. 计算；出现；扮演角色,-fac(t)- = -fec(t)- = -fic(t)-
figurative,/'fɪg(ə)rətɪv/,adj. 比喻的；修饰丰富的；形容多的,-fac(t)- = -fec(t)- = -fic(t)-
figuration,/fiɡju'reiʃən/,n. 成形；外形；定形；比喻表达法；图案装饰法,-fac(t)- = -fec(t)- = -fic(t)-
figurable,/'fiɡjurəbl/,adj. 能成形的，能定形的,-fac(t)- = -fec(t)- = -fic(t)-
figural,/'fiɡjurəl/,adj. 借喻的；具有人的形象的；比喻的,-fac(t)- = -fec(t)- = -fic(t)-
figurine,/'fiɡjuri:n/,n. 小塑像，小雕像,-fac(t)- = -fec(t)- = -fic(t)-
figment,/'fiɡmənt/,n. 虚构的事，臆造的事物,-fac(t)- = -fec(t)- = -fic(t)-
configure,/kən'fiɡə/,vt. 安装；使成形使成形，构形，使具形体,-fac(t)- = -fec(t)- = -fic(t)-
disfigure,/dis'fiɡə/,vt. 使变丑；损毁…的外形；使大为减色,-fac(t)- = -fec(t)- = -fic(t)-
disfigurement,/dis'fiɡəmənt/,n. 缺陷；毁容；外形的损毁,-fac(t)- = -fec(t)- = -fic(t)-
prefigure,/pri:'fiɡə/,vt. 预示；预想,-fac(t)- = -fec(t)- = -fic(t)-
prefiguration,/pri:fiɡju'reiʃən/,n. 预示；预想；征兆,-fac(t)- = -fec(t)- = -fic(t)-
transfigure,/træns'fiɡə/,vt. 使变形；使改观；美化；理想化,-fac(t)- = -fec(t)- = -fic(t)-
transfiguration,"/,trænsfiɡju'reiʃən/",n. 变形；变容；变貌,-fac(t)- = -fec(t)- = -fic(t)-
difficult,/ˈdɪfɪkəlt/,adj. 困难的；不随和的；执拗的,-fac(t)- = -fec(t)- = -fic(t)-
difficulty,/'dɪfɪk(ə)ltɪ/,n. 困难，困境,-fac(t)- = -fec(t)- = -fic(t)-
traffic,/'træfɪk/,n. 交通；运输；贸易；[通信] 通信量 vt. 用…作交换；在…通行,-fac(t)- = -fec(t)- = -fic(t)-
traffic-choked,/'træfɪk-tʃəʊkt/,adj. 交通堵塞的,-fac(t)- = -fec(t)- = -fic(t)-
high-traffic,/haɪ-'træfɪk/,n. [通信] 大业务量,-fac(t)- = -fec(t)- = -fic(t)-
air-traffic,/eə-'træfɪk/,n. 空中交通，航空运输；飞航,-fac(t)- = -fec(t)- = -fic(t)-
air-traffic-control,/eə-'træfɪk-kən'trəʊl/,n. 空中交通管制；空中交通管制队,-fac(t)- = -fec(t)- = -fic(t)-
suffice,/sə'faɪs/,vt. 使满足；足够…用；合格 vi. 足够；有能力,-fac(t)- = -fec(t)- = -fic(t)-
sufficiency,/sə'fɪʃ(ə)nsɪ/,n. 足量，充足；自满,-fac(t)- = -fec(t)- = -fic(t)-
sufficient,/sə'fɪʃ(ə)nt/,adj. 足够的；充分的,-fac(t)- = -fec(t)- = -fic(t)-
sufficiently,/sə'fɪʃəntlɪ/,adv. 充分地；足够地,-fac(t)- = -fec(t)- = -fic(t)-
self-sufficient,/'selfsə'fiʃənt/,adj. 自给自足的；极为自负的；过于自信的,-fac(t)- = -fec(t)- = -fic(t)-
self-sufficiency,/'selfsə'fiʃənsi/,n. 自给自足；自负,-fac(t)- = -fec(t)- = -fic(t)-
insufficient,/ɪnsə'fɪʃ(ə)nt/,n. 不足；缺乏 adj. 不足的，不充足的；不胜任的；缺乏能力的,-fac(t)- = -fec(t)- = -fic(t)-
insufficiently,"/,ɪnsə'fɪʃəntli/",adv. 不够地；不能胜任地,-fac(t)- = -fec(t)- = -fic(t)-
insufficiency,/ɪnsə'fɪʃ(ə)nsɪ/,n. 不足，不充分；机能不全；不适当,-fac(t)- = -fec(t)- = -fic(t)-
proficiency,/prə'fɪʃ(ə)nsɪ/,n. 精通，熟练,-fac(t)- = -fec(t)- = -fic(t)-
proficient,/prə'fɪʃ(ə)nt/,adj. 熟练的，精通的 n. 精通；专家，能手,-fac(t)- = -fec(t)- = -fic(t)-
proficiently,/prə'fiʃəntli/,adv. 精通地,-fac(t)- = -fec(t)- = -fic(t)-
artifice,/'ɑːtɪfɪs/,n. 诡计；欺骗；巧妙的办法,-fac(t)- = -fec(t)- = -fic(t)-
artificer,/ɑː'tɪfɪsə/,n. 技工，巧匠；发明家，发明者,-fac(t)- = -fec(t)- = -fic(t)-
artificial,/ɑːtɪ'fɪʃ(ə)l/,adj. 人造的；仿造的；虚伪的；非原产地的；武断的,-fac(t)- = -fec(t)- = -fic(t)-
artificially,"/,a:ti'fiʃəli/",adv. 人工地；人为地；不自然地,-fac(t)- = -fec(t)- = -fic(t)-
artificiality,"/,ɑːtɪfɪʃɪ'ælətɪ/",n. 人工；不自然；不自然之物；人造物,-fac(t)- = -fec(t)- = -fic(t)-
feast,/fiːst/,vt. 享受；款待，宴请 n. 筵席，宴会；节日 vi. 享受；参加宴会,-fac(t)- = -fec(t)- = -fic(t)-
feasible,/'fiːzɪb(ə)l/,adj. 可行的；可能的；可实行的,-fac(t)- = -fec(t)- = -fic(t)-
feasibly,/'fiːzɪb(ə)l/,adv. 可行地,-fac(t)- = -fec(t)- = -fic(t)-
feasibility,/fiːzɪ'bɪlɪtɪ/,n. 可行性；可能性,-fac(t)- = -fec(t)- = -fic(t)-
unfeasible,/ʌn'fiːzɪb(ə)l/,adj. 难实施的，不能实行的,-fac(t)- = -fec(t)- = -fic(t)-
infeasible,/ɪn'fiːzɪb(ə)l/,adj. 不可实行的,-fac(t)- = -fec(t)- = -fic(t)-
misfeasance,/mɪs'fiːz(ə)ns/,n. 过失；行为失检；不当行为,-fac(t)- = -fec(t)- = -fic(t)-
malfeasance,/mæl'fiːz(ə)ns/,n. 渎职，违法行为；不正当，坏事,-fac(t)- = -fec(t)- = -fic(t)-
forfeit,/'fɔːfɪt/,n. 罚金；没收物；丧失的东西 adj. 因受罚而丧失的；被没收的,-fac(t)- = -fec(t)- = -fic(t)-
forfeiture,/'fɔːfɪtʃə(r)/,n.（财产等的）没收； （权利、名誉等的）丧失,-fac(t)- = -fec(t)- = -fic(t)-
surfeit,/'sɜːfɪt/,n. 过度；饮食过度；恶心（由于饮食过度所引起） vt. 使饮食过度；使厌腻；使过度沉溺于,-fac(t)- = -fec(t)- = -fic(t)-
counterfeit,/'kaʊntəfɪt/,vt. 伪造，仿造；假装，伪装 vi. 仿造；假装 n. 赝品；冒牌货；伪造品,-fac(t)- = -fec(t)- = -fic(t)-
counterfeiter,/'kaʊntɚ'fɪtɚ/,n. [法] 伪造者；货币伪造者,-fac(t)- = -fec(t)- = -fic(t)-
counterfeiting,"/,kauntəfeitiŋ/",n. 伪造,-fac(t)- = -fec(t)- = -fic(t)-
anti-counterfeiting,"/'æntɪ,kauntəfeitiŋ/",n. 防伪,-fac(t)- = -fec(t)- = -fic(t)-
defeat,/dɪ'fiːt/,vt. 击败，战胜；挫败；使…失败,-fac(t)- = -fec(t)- = -fic(t)-
defeated,/dɪ'fiːtɪd/,adj. 挨打的，被打败的,-fac(t)- = -fec(t)- = -fic(t)-
defeatist,/dɪ'fiːtɪst/,n. 失败主义者 adj. 失败主义（者）的,-fac(t)- = -fec(t)- = -fic(t)-
defeatism,/dɪ'fiːtɪzəm/,n. 失败主义,-fac(t)- = -fec(t)- = -fic(t)-
undefeated,/'ʌndɪ'fitɪd/,adj. 未被击败的,-fac(t)- = -fec(t)- = -fic(t)-
self-defeating,"/,selfdi'fi:tiŋ/",adj. 弄巧成拙的；不利于自己的企图的,-fac(t)- = -fec(t)- = -fic(t)-
feat,/fiːt/,n. 功绩，壮举；技艺表演 adj. 合适的；灵巧的,-fac(t)- = -fec(t)- = -fic(t)-
feature,/'fiːtʃə/,n. 特色，特征；容貌；特写或专题节目 vi. 起重要作用,-fac(t)- = -fec(t)- = -fic(t)-
featured,/'fiːtʃəd/,adj. 特定的；被作为特色的；有…的面貌特征的,-fac(t)- = -fec(t)- = -fic(t)-
featureless,/'fitʃɚləs/,adj. 无特色的,-fac(t)- = -fec(t)- = -fic(t)-
feature-length,/'fi:tʃəleŋθ/,adj. 长篇的；电影达到正片应有的长度的,-fac(t)- = -fec(t)- = -fic(t)-
feature-film,/'fiːtʃə-fɪlm/,n. 正片，故事片；长片,-fac(t)- = -fec(t)- = -fic(t)-
feature-rich,/'fiːtʃə-rɪtʃ/,adj. 功能多样的；特性丰富的,-fac(t)- = -fec(t)- = -fic(t)-
full-featured,/fʊl-'fiːtʃəd/,adj. 全功能的；功能全面的,-fac(t)- = -fec(t)- = -fic(t)-
sharp-featured,/ʃɑːp-'fiːtʃəd/,adj. 尖锐特征的,-fac(t)- = -fec(t)- = -fic(t)-
benefit,/'benɪfɪt/,n. 利益，好处；救济金 vt. 有益于，对…有益 vi. 受益，得益,-fac(t)- = -fec(t)- = -fic(t)-
benefit-cost,/'benɪfɪt-kɒst/,n. 成本效益,-fac(t)- = -fec(t)- = -fic(t)-
cost-benefit,/'kɔst'benifit/,adj. 成本效益的,-fac(t)- = -fec(t)- = -fic(t)-
risk-benefit,/rɪsk-'benɪfɪt/,n. 风险收益,-fac(t)- = -fec(t)- = -fic(t)-
defined-benefit,/dɪˈfaɪnd-'benɪfɪt/,n. 确定受益制；固定收益；养老金福利的; 指企业年金计划，通常是基于雇,-fac(t)- = -fec(t)- = -fic(t)-
outfit,/'aʊtfɪt/,n. 机构；用具；全套装备 vi. 得到装备 vt. 配备；供应,-fac(t)- = -fec(t)- = -fic(t)-
outfitter,/'aʊtfɪtə/,n. [贸易] 旅行用品商；运动用具商；[贸易] 装饰用品商店；机器安装工,-fac(t)- = -fec(t)- = -fic(t)-
outfitted,/'aʊtfɪt/,n. 机构；用具；全套装备 vi. 得到装备 vt. 配备；供应,-fac(t)- = -fec(t)- = -fic(t)-
outfitting,"/'aʊt,fɪt/",n. 码头舾装；舾装设备,-fac(t)- = -fec(t)- = -fic(t)-
fit,/fɪt/,vt. 安装；使……适应；使……合身；与……相符 vi. 符合，配合；适合；合身,-fac(t)- = -fec(t)- = -fic(t)-
unfit,/ʌn'fɪt/,adj. 不适宜的；不合格的；不健康的 vt. 使不合格；使不相宜；使不胜任,-fac(t)- = -fec(t)- = -fic(t)-
fitted,/'fɪtɪd/,adj. 合适的；订做的；有…设备的,-fac(t)- = -fec(t)- = -fic(t)-
unfitted,/ʌn'fɪtɪd/,adj. 不适合的，宽的,-fac(t)- = -fec(t)- = -fic(t)-
fitness,/'fɪtnəs/,n. 健康；适当；适合性,-fac(t)- = -fec(t)- = -fic(t)-
unfitness,/ʌn'fɪtnəs/,n. 不胜任；不适当,-fac(t)- = -fec(t)- = -fic(t)-
fitter,/'fɪtə/,n. 装配工 adj. 胜任的；适当的,-fac(t)- = -fec(t)- = -fic(t)-
fitful,/'fɪtfʊl/,adj. 一阵阵的；断断续续的；不规则的；间歇的,-fac(t)- = -fec(t)- = -fic(t)-
fitfully,/'fɪtfəli/,adv. 断断续续地；发作地,-fac(t)- = -fec(t)- = -fic(t)-
fitting,/'fɪtɪŋ/,n. 装配，装置；试穿，试衣 adj. 适合的，适宜的；相称的,-fac(t)- = -fec(t)- = -fic(t)-
fittingly,/'fitiŋli/,adv. 适切地，适合地,-fac(t)- = -fec(t)- = -fic(t)-
one-size-fits-all,/wʌn-saɪz-fɪt-ɔːl/,n. 一刀切；一体适用；万全之策,-fac(t)- = -fec(t)- = -fic(t)-
goodness-of-fit,/'gʊdnɪs-ɒv-ɪt/,n. 拟合优度,-fac(t)- = -fec(t)- = -fic(t)-
health-fitness,/helθ-'fɪtnəs/,n. 体质健康；健康的身体素质；健康身体素质；健康素质,-fac(t)- = -fec(t)- = -fic(t)-
ill-fitting,/'il'fitiŋ/,adj. 不合的,-fac(t)- = -fec(t)- = -fic(t)-
tight-fitting,"/tait,fitiŋ/",adj. 紧身的,-fac(t)- = -fec(t)- = -fic(t)-
loose-fitting,/'lu:s'fitiŋ/,adj. 宽大的,-fac(t)- = -fec(t)- = -fic(t)-
snug-fitting,"/snʌg-,fitiŋ/",adj. 温暖的拟合,-fac(t)- = -fec(t)- = -fic(t)-
well-fitting,"/wel-,fitiŋ/",adj. 合身的,-fac(t)- = -fec(t)- = -fic(t)-
best-fitting,"/best-,fitiŋ/",adj. 最优拟合；最佳配合,-fac(t)- = -fec(t)- = -fic(t)-
slim-fitting,"/slɪm-,fitiŋ/",adj. 修身款,-fac(t)- = -fec(t)- = -fic(t)-
custom-fit,/'kʌstəm-fɪt/,n. 量身订做；合身,-fac(t)- = -fec(t)- = -fic(t)-
custom-fitted,/'kʌstəm-'fɪtɪd/,adj. 客户化订制的,-fac(t)- = -fec(t)- = -fic(t)-
refit,/riː'fɪt/,vi. 改装；整修 n. 改装；整修 vt. 改装；整修,-fac(t)- = -fec(t)- = -fic(t)-
retrofit,/'retrəʊfɪt/,vt. 改进；[计] 更新；式样翻新 n. 式样翻新；花样翻新,-fac(t)- = -fec(t)- = -fic(t)-
retrofitting,/'retrəfɪtɪŋ/,n. 改装,-fac(t)- = -fec(t)- = -fic(t)-
discomfit,/dɪs'kʌmfɪt/,vt. 挫败；扰乱，破坏；使…为难；使…破灭,-fac(t)- = -fec(t)- = -fic(t)-
discomfiture,/dɪs'kʌmfɪtʃə/,n. 狼狈；挫败，崩溃,-fac(t)- = -fec(t)- = -fic(t)-
befit,/bɪ'fɪt/,vt. 适合于；为…该做的；对…适当,-fac(t)- = -fec(t)- = -fic(t)-
misfit,/'mɪsfɪt/,n. 不适合；不适应环境的人 vt. 对…不适合,-fac(t)- = -fec(t)- = -fic(t)-
soffit,/'sɒfɪt/,n. 拱腹；下端背面,-fac(t)- = -fec(t)- = -fic(t)-
aficionado,"/ə,fɪsjə'nɑːdəʊ/",n. 迷；狂热爱好者,-fac(t)- = -fec(t)- = -fic(t)-
maleficent,/mə'lefɪsənt/,adj. 有害的；犯罪的；做坏事的,-fac(t)- = -fec(t)- = -fic(t)-
tune,/tjuːn/,n. 曲调；和谐；心情 vt. 调整；使一致；为…调音,-ton- = -tun-
tuning,/'tjuːnɪŋ/,n. [电子][通信] 调谐；调音，起弦；协调一致；起音，定音,-ton- = -tun-
tuned,/tjuːnd/,adj. 经调谐的；谱好曲的；调好台的,-ton- = -tun-
tuner,/'tjuːnə/,n. [电子] 调谐器；调音师,-ton- = -tun-
tuneful,/'tjuːnfʊl/,adj. 和谐的；音调优美的；悦耳的,-ton- = -tun-
tuneless,/'tjuːnlɪs/,adj. 不和谐的；不成调子的,-ton- = -tun-
tunable,/'tjuːnəbl/,adj. 可调谐的；可调音的；和谐的；音调美的,-ton- = -tun-
tunelessly,/'tju:nlisli/,adv. 不入调地；不悦耳地,-ton- = -tun-
attune,/ə'tjuːn/,vt. 使协调；使合拍；为…调音；调合波长,-ton- = -tun-
attuned,/ə'tund/,adj. 理解的；音感好的,-ton- = -tun-
attunement,/ə'tju:nmənt;/,n. 协调；调音；调和,-ton- = -tun-
fine-tune,/'faintju:n/,vt. 调整；使有规则；对进行微调,-ton- = -tun-
fine-tuning,/'fain'tju:niŋ/,n. 微调；细调,-ton- = -tun-
tune-up,"/'tju:n,ʌp;/",n. 发动机的调整,-ton- = -tun-
tunesmith,/'tjuːnsmɪθ/,n. 流行歌曲作曲者,-ton- = -tun-
retune,/ri'tʊn/,vt. 重新调整； （为乐器）重新调音； （对收音机等）重新调谐,-ton- = -tun-
well-tuned,/wel-tjuːnd/,adj. 调整好的,-ton- = -tun-
out-of-tune,/aʊt-ɒv-tjuːn/,n. 走调；不协调； （对某事）没有兴趣,-ton- = -tun-
tone,/təʊn/,n. 语气；色调；音调；音色 vt. 增强；用某种调子说,-ton- = -tun-
toned,/təʊnd/,adj. 年久变色的；有声调的，具有……音质的,-ton- = -tun-
toning,/ton/,n. 化妆水，爽肤水；过调；调色,-ton- = -tun-
tonic,/'tɒnɪk/,n. 补药；主调音或基音 adj. 滋补的；声调的；使精神振作的,-ton- = -tun-
tonal,/'təʊn(ə)l/,adj. 色调的；音调的,-ton- = -tun-
tonality,/tə(ʊ)'nælɪtɪ/,n. 音调；色调,-ton- = -tun-
toner,/'təʊnə/,n. 调色剂，增色剂；色粉,-ton- = -tun-
tony,/'təʊnɪ/,adj. 时髦的，漂亮的；贵族化的,-ton- = -tun-
tonier,/'təʊnɪə/,adj. 高贵的；时髦的（tony 的比较级）,-ton- = -tun-
toniest,/'təʊnɪst/,adj. 高贵的；时髦的（tony 的最高级）,-ton- = -tun-
toneless,/'təʊnlɪs/,adj. 沉闷的；单调的；缺乏声调的；无声的,-ton- = -tun-
tonelessly,/'təunlisli/,adv. 单调地，沉闷地,-ton- = -tun-
halftone,"/'hæf,ton/",n. 半音；中间色；网板,-ton- = -tun-
overtone,/'əʊvətəʊn/,n. [声] 泛音；暗示，寓意；弦外之音,-ton- = -tun-
atonal,/eɪ'təʊn(ə)l/,adj.（音乐）无调的,-ton- = -tun-
atonality,"/,eɪtəʊ'nælətɪ/",n. 无调性,-ton- = -tun-
diatonic,"/,daɪə'tɒnɪk/",adj. 全音阶的；自然音阶的,-ton- = -tun-
baritone,/'bærɪtəʊn/,n. 男中音；男中音歌手 adj. 男中音的,-ton- = -tun-
bass-baritone,/beɪs-'bærɪtəʊn/,n. 低男中音,-ton- = -tun-
two-ton,/'tu:təu:n/,n. 双混色,-ton- = -tun-
two-tone,/'tu:təu:n/,adj. 两颜色的；同色而浓淡不同的；两种色调的,-ton- = -tun-
pure-tone,/pjʊə-təu:n/,n. 纯音,-ton- = -tun-
touch-tone,/'tʌtʃtəun/,adj. 按键式的,-ton- = -tun-
earth-tone,/ɜːθ-təu:n/,n. 褐土色；茶色,-ton- = -tun-
two-toned,/'tu:təund/,adj. (颜料等)有两种色彩的；有两种色调的；(汽车喇叭等)发双音的,-ton- = -tun-
high-toned,/'hai'təund/,adj. 调子高的；高尚的；高洁的,-ton- = -tun-
jewel-toned,/'dʒuːəl-təund/,adj. 上宝石色的,-ton- = -tun-
well-toned,/wel-təund/,adj. 线条良好的,-ton- = -tun-
sepia-toned,/'siːpɪə-təund/,adj. 棕黑色调；墨色调,-ton- = -tun-
earth-toned,/ɜːθ-təund/,adj. 褐土色；茶色,-ton- = -tun-
toned-down,/təund-daʊn/,adj. 缓和下来；淡化,-ton- = -tun-
tone-deaf,/'təundef/,adj. 音盲的；不能辩别音高的,-ton- = -tun-
tone-on-tone,/təu:n-ɒn-təu:n/,n. 同系配色,-ton- = -tun-
intone,/ɪn'təʊn/,vt. 吟诵；吟咏 vi. 吟诵；吟咏,-ton- = -tun-
intonation,/ɪntə'neɪʃ(ə)n/,n. 语调,-ton- = -tun-
monotone,/'mɒnətəʊn/,n. 单调；单音调 adj. 单调的 vt. 单调地读,-ton- = -tun-
monotony,/mə'nɒt(ə)nɪ/,n. 单调；千篇一律,-ton- = -tun-
monotonous,/mə'nɒt(ə)nəs/,adj. 单调的，无抑扬顿挫的；无变化的,-ton- = -tun-
monotonously,/mə'nɔtənəsli/,adv. 无变化地，单调地,-ton- = -tun-
monotonic,/mɒnə(ʊ)'tɒnɪk/,adj. 单调的；无变化的；产生单音调的,-ton- = -tun-
monotonically,/mɒnə'tɒnɪklɪ/,adv. 单调地,-ton- = -tun-
tongue,/tʌŋ/,n. 舌头；语言 vt. 舔；斥责；用舌吹 vi. 说话；吹管乐器,-ton- = -tun-
tongued,/tʌŋd/,adj. 有…舌头的；说话…的,-ton- = -tun-
tongueless,/'tʌŋlɪs/,adj. 哑的；缄默的，沉默的；没有舌头的,-ton- = -tun-
tongue-lashing,"/'tʌŋ,læʃiŋ/",n. 谴责；斥责,-ton- = -tun-
tongue-twisting,"/'tʌŋ,twistiŋ/",adj. 绕口令的；难以流利说出的；拗口的,-ton- = -tun-
tongue-tied,/'tʌŋtaid/,adj. 结结巴巴的；发音不清的；缄默的,-ton- = -tun-
tongue-in-cheek,/'tʌŋin'tʃi:k/,adj. 不认真的，半开玩笑的；不当真的 adv. 无诚意地,-ton- = -tun-
tongue-and-groove,/'tʌŋ-ənd-gruːv/,n. 舌榫,-ton- = -tun-
silver-tongued,/'silvə'tʌŋd/,adj. 雄辩的， 有说服力的,-ton- = -tun-
tart-tongued,/'tɑ:t'tʌŋd/,adj. 讲话刻薄的，说话尖刻的,-ton- = -tun-
sharp-tongued,/'ʃɑ:p'tʌŋd/,adj. 刻薄嘴的，说话尖酸的,-ton- = -tun-
cantonese,"/,kæntə'ni:z/",n. 广东话；广东人 adj. 广州的，广州人的,-ton- = -tun-
attain,/ə'teɪn/,vt. 达到，实现；获得；到达 vi. 达到；获得；到达 n. 成就,-tain- = -ten- = -tin- = -tent-
attainment,/ə'teɪnm(ə)nt/,n. 达到；成就；学识,-tain- = -ten- = -tin- = -tent-
attainable,/ə'teɪnəbl/,adj. 可得到的；可达到的；可到达的,-tain- = -ten- = -tin- = -tent-
unattainable,/ʌnə'teɪnəb(ə)l/,adj. 做不到的；难到达的,-tain- = -ten- = -tin- = -tent-
attainder,/ə'teɪndə/,n. 被剥夺财产和公民权；剥夺公权,-tain- = -ten- = -tin- = -tent-
contain,/kən'teɪn/,vt. 包含；控制；容纳；牵制（敌军） vi. 含有；自制,-tain- = -ten- = -tin- = -tent-
container,/kən'teɪnə/,n. 集装箱；容器,-tain- = -ten- = -tin- = -tent-
containment,/kən'teɪnm(ə)nt/,"n. 包含；牵制；容量；密闭度；抑制, 牵制；牵制 [遏制] 政策",-tain- = -ten- = -tin- = -tent-
containing,/kən'teɪnɪŋ/,n. 包含 adj. 包含的；封闭的,-tain- = -ten- = -tin- = -tent-
contained,/kən'teɪnd/,adj. 泰然自若的，从容的；被控制的,-tain- = -ten- = -tin- = -tent-
uncontained,/ʌnkən'teɪnd/,adj. 非包容的；此外,-tain- = -ten- = -tin- = -tent-
containable,/kən'teɪnəbḷ/,adj. 可控制的；可容纳的,-tain- = -ten- = -tin- = -tent-
uncontainable,/kən'teɪn/,adj. 不受限制的；压抑不住的,-tain- = -ten- = -tin- = -tent-
containerize,/kən'teɪnəraɪz/,vt. 用集装箱装；以货柜运送,-tain- = -ten- = -tin- = -tent-
containerization,"/kən,tenərɪ'zeʃən/",n. 集装箱化,-tain- = -ten- = -tin- = -tent-
countenance,/'kaʊnt(ə)nəns/,n. 面容，表情；支持 vt. 支持，赞同,-tain- = -ten- = -tin- = -tent-
self-contained,/'selfkən'teɪnd/,adj. 独立的；设备齐全的；沉默寡言的,-tain- = -ten- = -tin- = -tent-
cost-containment,/kɒst-kən'teɪnm(ə)nt/,n. 费用遏制,-tain- = -ten- = -tin- = -tent-
asbestos-containing,/æz'bestɒs-kən'teɪnɪŋ/,adj. 含有石棉的,-tain- = -ten- = -tin- = -tent-
entertain,/entə'teɪn/,vt. 娱乐；招待；怀抱；容纳 vi. 款待,-tain- = -ten- = -tin- = -tent-
entertainer,/entə'teɪnə/,n. 演艺人员，表演者,-tain- = -ten- = -tin- = -tent-
entertainment,/entə'teɪnm(ə)nt/,n. 娱乐；消遣；款待,-tain- = -ten- = -tin- = -tent-
entertaining,/entə'teɪnɪŋ/,adj. 有趣的；令人愉快的,-tain- = -ten- = -tin- = -tent-
entertainingly,"/,entə'teiniŋli/",adv. 有趣地；使人愉快地,-tain- = -ten- = -tin- = -tent-
obtain,/əb'teɪn/,vi. 获得；流行 vt. 获得,-tain- = -ten- = -tin- = -tent-
obtainable,/əb'teinəbl/,adj. 可获得的，可取得的，可买到的,-tain- = -ten- = -tin- = -tent-
unobtainable,/ʌnəb'teɪnəb(ə)l/,adj. 难获得的；不能得到的,-tain- = -ten- = -tin- = -tent-
sustain,/sə'stein/,vt. 维持；支撑，承担；忍受；供养；证实,-tain- = -ten- = -tin- = -tent-
sustainer,/sə'stenɚ/,n. 支持者，维持者；主发动机；支撑的人物,-tain- = -ten- = -tin- = -tent-
sustainment,/sə'steinmənt/,n. 支持物；支持,-tain- = -ten- = -tin- = -tent-
sustained,/sə'steɪnd/,adj. 持续的；持久的；持久不变的,-tain- = -ten- = -tin- = -tent-
sustenance,/'sʌstenəns/,n. 食物；生计；支持,-tain- = -ten- = -tin- = -tent-
sustainable,/sə'steɪnəb(ə)l/,adj. 可以忍受的；足可支撑的；养得起的；可持续的,-tain- = -ten- = -tin- = -tent-
sustainability,/sə'steɪnəbɪlətɪ/,n. 持续性；永续性；能维持性,-tain- = -ten- = -tin- = -tent-
unsustainable,/ʌnsə'steɪnəb(ə)l/,adj. 无法支撑的；不可证实的；不能成立的,-tain- = -ten- = -tin- = -tent-
unsustainability,/ʌnsə'steɪnəb(ə)lɪtɪ/,n. 不可持续性,-tain- = -ten- = -tin- = -tent-
self-sustaining,/'selfsəs'teiniŋ/,adj. 自立的；自谋生活的；自撑的,-tain- = -ten- = -tin- = -tent-
life-sustaining,/laɪf-səs'teiniŋ/,adj. 维持生命的,-tain- = -ten- = -tin- = -tent-
abstain,/əb'steɪn/,vi. 自制；放弃；避免,-tain- = -ten- = -tin- = -tent-
abstainer,/əb'stenɚ/,n. 节制者；戒酒者；弃权者,-tain- = -ten- = -tin- = -tent-
abstention,/æb'stenʃən/,n. 弃权；节制；戒绝,-tain- = -ten- = -tin- = -tent-
maintainer,/men'teinə/,n. 维修工；保持器,-tain- = -ten- = -tin- = -tent-
maintained,/meɪn'teɪnd/,adj. 被保持的,-tain- = -ten- = -tin- = -tent-
unmaintained,/ʌnmeɪn'teɪnd/,adj. 未维护的,-tain- = -ten- = -tin- = -tent-
well-maintained,/wel-meɪn'teɪnd/,adj. 保养良好的；维护完善的,-tain- = -ten- = -tin- = -tent-
maintenance-free,/'meintənəns-fri:/,n. 不需维护的，不用维护的 adj. 免费维修,-tain- = -ten- = -tin- = -tent-
low-maintenance,/ləʊ-'meintənəns/,n. 少量维护保养；维修费用低；工作量不大的技术维护,-tain- = -ten- = -tin- = -tent-
high-maintenance,/haɪ-'meintənəns/,n. 高维护；难伺候,-tain- = -ten- = -tin- = -tent-
health-maintenance,/helθ-'meintənəns/,n. 保健,-tain- = -ten- = -tin- = -tent-
retain,/rɪ'teɪn/,vt. 保持；雇；记住,-tain- = -ten- = -tin- = -tent-
retainer,/rɪ'teɪnə/,n. 保持器；家臣；保持者；[机] 护圈；预付费用,-tain- = -ten- = -tin- = -tent-
retaining,/rɪ'tenɪŋ/,adj. 留住的；定位的；使固定的,-tain- = -ten- = -tin- = -tent-
retained,/rɪ'teɪnd/,adj. 保留的,-tain- = -ten- = -tin- = -tent-
retention,/rɪ'tenʃ(ə)n/,n. 保留；扣留，滞留；记忆力；闭尿,-tain- = -ten- = -tin- = -tent-
detain,/dɪ'teɪn/,vt. 拘留；留住；耽搁,-tain- = -ten- = -tin- = -tent-
detainment,/dɪ'tenmənt/,n. 扣留；延误；挽留,-tain- = -ten- = -tin- = -tent-
detainee,"/,dɪteɪ'niː/",n. 未判决囚犯；被扣押者,-tain- = -ten- = -tin- = -tent-
pertain,/pə'teɪn/,vi. 属于；关于；适合,-tain- = -ten- = -tin- = -tent-
pertaining,/pɜː'teɪnɪŋ/,adj. 附属的；与…有关的,-tain- = -ten- = -tin- = -tent-
chieftain,/'tʃiːft(ə)n/,n. 酋长；首领,-tain- = -ten- = -tin- = -tent-
chieftaincy,/'tʃi:ftənsi/,n. 酋长或首领的地位或职位,-tain- = -ten- = -tin- = -tent-
chieftainship,"/'tʃiftɪn,ʃɪp/",n. 首领或酋长的地位,-tain- = -ten- = -tin- = -tent-
continue,/kən'tinju:/,vi. 继续，延续；仍旧，连续 vt. 继续说…；使…继续；使…延长,-tain- = -ten- = -tin- = -tent-
continuity,"/,kɒntɪ'njuːɪtɪ/",n. 连续性；一连串；分镜头剧本,-tain- = -ten- = -tin- = -tent-
continuation,"/kən,tinju'eiʃən/",n. 继续；续集；延长；附加部分；扩建物,-tain- = -ten- = -tin- = -tent-
continued,/kən'tinju:d/,adj. 继续的；持久的,-tain- = -ten- = -tin- = -tent-
continuing,/kən'tɪnjʊɪŋ/,adj. 继续的；持续的；连续的,-tain- = -ten- = -tin- = -tent-
continuous,/kən'tɪnjʊəs/,adj. 连续的，持续的；继续的；连绵不断的,-tain- = -ten- = -tin- = -tent-
continuously,/kən'tɪnjʊəsli/,adv. 连续不断地,-tain- = -ten- = -tin- = -tent-
continual,/kən'tɪnjʊəl/,adj. 持续不断的；频繁的,-tain- = -ten- = -tin- = -tent-
continually,/kən'tɪnjʊəlɪ/,adv. 不断地；频繁地,-tain- = -ten- = -tin- = -tent-
continuum,/kən'tɪnjʊəm/,n. [数] 连续统；[经] 连续统一体；闭联集,-tain- = -ten- = -tin- = -tent-
discontinue,/dɪskən'tɪnjuː/,vt. 停止；使中止 vi. 停止，中断,-tain- = -ten- = -tin- = -tent-
discontinuity,"/dɪs,kɒntɪ'njuːɪtɪ/",n. 不连续；中断；间断性；断绝,-tain- = -ten- = -tin- = -tent-
discontinued,"/,dɪskən'tɪnjʊ/",adj. 停止使用的；不连续的,-tain- = -ten- = -tin- = -tent-
discontinuous,/dɪskən'tɪnjʊəs/,adj. 不连续的；间断的,-tain- = -ten- = -tin- = -tent-
discontinuation,"/'dɪskən,tɪnjʊ'eɪʃən/",n. 中止（等于 discontinuance） ；停止；废止,-tain- = -ten- = -tin- = -tent-
discontinuance,"/,dɪskən'tɪnjʊəns/",n. 废止，中止；撤销诉讼,-tain- = -ten- = -tin- = -tent-
continent,/'kɒntɪnənt/,n. 大陆，洲，陆地 adj. 自制的，克制的,-tain- = -ten- = -tin- = -tent-
continental,/kɒntɪ'nent(ə)l/,adj. 大陆的；大陆性的 n. 欧洲人,-tain- = -ten- = -tin- = -tent-
continence,/'kɒntɪnəns/,n. 自制，克制；节欲（尤指禁欲）,-tain- = -ten- = -tin- = -tent-
continuance,/kən'tɪnjʊəns/,n. 持续；停留；续篇；诉讼延期,-tain- = -ten- = -tin- = -tent-
incontinent,/ɪn'kɒntɪnənt/,adj. 失禁的；不能自制的，无节制的；荒淫的 adv. 立即，即刻,-tain- = -ten- = -tin- = -tent-
incontinence,/ɪn'kɑntɪnəns/,n. [医] 失禁；无节制；不能自制,-tain- = -ten- = -tin- = -tent-
intercontinental,"/,ɪntəkɒntɪ'nent(ə)l/",adj. 洲际的；大陆间的,-tain- = -ten- = -tin- = -tent-
supercontinent,/'suːpəkɒntɪnənt/,n. 超大陆,-tain- = -ten- = -tin- = -tent-
subcontinent,"/,sʌb'kɑntɪnənt/",n. 次大陆,-tain- = -ten- = -tin- = -tent-
subcontinental,"/,sʌbkɔnti'nəntl/",adj. 次大陆的,-tain- = -ten- = -tin- = -tent-
transcontinental,"/,trænzkɒntɪ'nent(ə)l/",adj. 横贯大陆的；大陆那边的,-tain- = -ten- = -tin- = -tent-
continent-wide,/'kɒntɪnənt-waɪd/,n. 全洲,-tain- = -ten- = -tin- = -tent-
content,/kən'tent/,n. 内容，目录；满足；容量 adj. 满意的 vt. 使满足,-tain- = -ten- = -tin- = -tent-
contender,/kən'tɛndɚ/,n. 竞争者；争夺者,-tain- = -ten- = -tin- = -tent-
contention,/kən'tenʃ(ə)n/,n. 争论，争辩；争夺；论点,-tain- = -ten- = -tin- = -tent-
contentious,/kən'tenʃəs/,adj. 诉讼的；有异议的，引起争论的；爱争论的,-tain- = -ten- = -tin- = -tent-
contentment,/kən'tentm(ə)nt/,n. 满足；满意,-tain- = -ten- = -tin- = -tent-
discontent,/dɪskən'tent/,n. 不满 adj. 不满的 vt. 使不满,-tain- = -ten- = -tin- = -tent-
tenant,/'tenənt/,n. 承租人；房客；佃户；居住者 vt. 租借（常用于被动语态）,-tain- = -ten- = -tin- = -tent-
tenancy,/'tenənsi/,n. 租赁，租用，租佃,-tain- = -ten- = -tin- = -tent-
tenement,/'tenəm(ə)nt/,n. 房屋；住户，租户；租房子,-tain- = -ten- = -tin- = -tent-
landlord-tenant,/'læn(d)lɔːd-'tenənt/,n. 租屋纠纷,-tain- = -ten- = -tin- = -tent-
tenacity,/ti'næsiti/,n. 韧性；固执；不屈不挠；黏性,-tain- = -ten- = -tin- = -tent-
tenacious,/tɪ'neɪʃəs/,adj. 顽强的；坚韧的；固执的；紧握的；黏着力强的,-tain- = -ten- = -tin- = -tent-
tenaciously,/ti'neiʃəsli/,adv. 坚持地,-tain- = -ten- = -tin- = -tent-
tenable,/'tenəbl/,adj. 可保持的，可防守的，守得住的,-tain- = -ten- = -tin- = -tent-
untenable,/ʌn'tenəb(ə)l/,adj. （论据等）站不住脚的；不能维持的；不能租赁的；难以防守的,-tain- = -ten- = -tin- = -tent-
detent,/dɪ'tent/,n. 止动装置；[机] 棘爪,-tain- = -ten- = -tin- = -tent-
detention,/dɪ'tenʃ(ə)n/,n. 拘留；延迟；挽留,-tain- = -ten- = -tin- = -tent-
detente,/de'tɑnt/,n. （国际关系中紧张局面的）缓和,-tain- = -ten- = -tin- = -tent-
pertinent,/'pɜːtɪnənt/,adj. 相关的，相干的；中肯的；切题的,-tain- = -ten- = -tin- = -tent-
pertinently,/'pɝtnəntli/,adv. 适切地,-tain- = -ten- = -tin- = -tent-
pertinence,/'pɜːtɪnəns/,n. 针对性；有关性，相关性,-tain- = -ten- = -tin- = -tent-
impertinent,/ɪm'pɜːtɪnənt/,adj. 不恰当的；无礼的；粗鲁的；不相干的,-tain- = -ten- = -tin- = -tent-
impertinence,/ɪm'pɜːt(ə)nəns/,n. 鲁莽，无理；不恰当,-tain- = -ten- = -tin- = -tent-
tenet,/'tenɪt/,n. 原则；信条；教义,-tain- = -ten- = -tin- = -tent-
tenure,/'tenjə/,n. 任期；占有 vt. 授予…终身职位,-tain- = -ten- = -tin- = -tent-
lieutenant,/lef'tenənt/,n. 中尉；副官；助理人员,-tain- = -ten- = -tin- = -tent-
lieutenant-colonel,/lef'tenənt-'kɜːn(ə)l/,n. 陆军中校；陆军或空军、海军陆战队中校,-tain- = -ten- = -tin- = -tent-
edutainment,/'ɛdʒə'tenmənt/,n. 寓教于乐的出版物,-tain- = -ten- = -tin- = -tent-
infotainment,"/,ɪnfo'tenmənt/",n. 娱乐信息节目（兼具教育及娱乐功能的电视节目，电影或书籍）,-tain- = -ten- = -tin- = -tent-
appurtenance,/ə'pɜːt(ɪ)nəns/,n. 附属物；配件,-tain- = -ten- = -tin- = -tent-
capital,/'kæpɪt(ə)l/,n. 首都， 省会； 资金； 大写字母； 资本家 adj. 首都的； 重要的； 大写的,-capit- = -cap(t)- = -cep(s)- = -chapt- = -cip-
capitalism,/'kæpɪt(ə)lɪz(ə)m/,n. 资本主义,-capit- = -cap(t)- = -cep(s)- = -chapt- = -cip-
capitalist,/'kæpɪt(ə)lɪst/,n. 资本家；资本主义者 adj. 资本主义的；资本家的,-capit- = -cap(t)- = -cep(s)- = -chapt- = -cip-
capitalistic,"/,kæpɪtə'lɪstɪk/",adj. 资本主义的；资本家的,-capit- = -cap(t)- = -cep(s)- = -chapt- = -cip-
capitalize,/'kæpɪtəlaɪz/,vt. 使资本化；以大写字母写；估计…的价值 vi. 利用；积累资本,-capit- = -cap(t)- = -cep(s)- = -chapt- = -cip-
capitalized,/'kæpɪtəlɑɪzd/,adj. 大写的,-capit- = -cap(t)- = -cep(s)- = -chapt- = -cip-
capitalization,"/,kæpɪt(ə)laɪ'zeɪʃ(ə)n/",n. 资本化；资本总额；用大写,-capit- = -cap(t)- = -cep(s)- = -chapt- = -cip-
recapitalize,/riː'kæpɪt(ə)laɪz/,vt. 调整资本,-capit- = -cap(t)- = -cep(s)- = -chapt- = -cip-
recapitalization,"/ri,kæpɪtəlɪ'zeʃən/",n. 资本结构之改变；资本额的调整,-capit- = -cap(t)- = -cep(s)- = -chapt- = -cip-
capital-gains,/'kæpɪt(ə)l-'ɡeɪnz/,n. 资本收益,-capit- = -cap(t)- = -cep(s)- = -chapt- = -cip-
capital-gains-tax,/'kæpɪt(ə)l-'ɡeɪnz-tæks/,n. [税收] 资本利得税，[税收] 资本收益税,-capit- = -cap(t)- = -cep(s)- = -chapt- = -cip-
capital-intensive,/'kæpitəlin'tensiv/,adj. 资本密集的；投资密集的,-capit- = -cap(t)- = -cep(s)- = -chapt- = -cip-
well-capitalized,/wel-'kæpɪtəlɑɪzd/,adj. 资本充足的；资本雄厚的,-capit- = -cap(t)- = -cep(s)- = -chapt- = -cip-
anti-capitalist,"/,æntɪ'kæpɪtəlɪst/",adj. 反对资本主义的 n. 反对资本主义的人,-capit- = -cap(t)- = -cep(s)- = -chapt- = -cip-
capitate,/'kæpɪteɪt/,adj. 头状花序的,-capit- = -cap(t)- = -cep(s)- = -chapt- = -cip-
capitation,/kæpɪ'teɪʃ(ə)n/,n. 人头税；按人收费；每人均摊费,-capit- = -cap(t)- = -cep(s)- = -chapt- = -cip-
capitated,/'kæpɪteɪtɪd/,adj. 头状（槌形）的,-capit- = -cap(t)- = -cep(s)- = -chapt- = -cip-
decapitate,/dɪ'kæpɪteɪt/,vt. 斩首；解雇；使无效,-capit- = -cap(t)- = -cep(s)- = -chapt- = -cip-
decapitator,/di'kæpiteitə/,n. 刽子手；斩首者；解雇者；免去他人职务者,-capit- = -cap(t)- = -cep(s)- = -chapt- = -cip-
decapitation,"/dɪ,kæ pə'teʃən/",n. 斩首；解雇；撤职,-capit- = -cap(t)- = -cep(s)- = -chapt- = -cip-
captain,/'kæptɪn/,n. 队长，首领；船长；上尉；海军上校 vt. 指挥；率领,-capit- = -cap(t)- = -cep(s)- = -chapt- = -cip-
captaincy,/'kæptənsi/,n. 舰长（上尉）的地位,-capit- = -cap(t)- = -cep(s)- = -chapt- = -cip-
co-captain,/'kɒ-'kæptɪn/,n. 副队长；联合队长,-capit- = -cap(t)- = -cep(s)- = -chapt- = -cip-
capitol,/'kæpɪtl/,n. 美国国会大厦； （美国）州议会大厦,-capit- = -cap(t)- = -cep(s)- = -chapt- = -cip-
capitulate,/kə'pɪtjʊleɪt/,vi. 认输，屈服；屈从，停止反抗；有条件投降；让步,-capit- = -cap(t)- = -cep(s)- = -chapt- = -cip-
capitulation,/kəpɪtjʊ'leɪʃ(ə)n/,n. （有条件的）投降；投降协定； （文件、声明等的）要点；条约,-capit- = -cap(t)- = -cep(s)- = -chapt- = -cip-
recapitulate,"/,riːkə'pɪtjʊleɪt/",vi. 概括；重述要点；摘要 vt. 概括；重述要点；摘要,-capit- = -cap(t)- = -cep(s)- = -chapt- = -cip-
recapitulation,"/,riːkəpɪtjʊ'leɪʃ(ə)n/",n. 概括；重述要点；再现部,-capit- = -cap(t)- = -cep(s)- = -chapt- = -cip-
per-capita,/pə'kæpɪtə/,adj. [统计] 人均； （拉丁）每人；按人口计算,-capit- = -cap(t)- = -cep(s)- = -chapt- = -cip-
handicap,/'hændɪkæ p/,n. 障碍；不利条件，不利的因素 vt. 妨碍，阻碍；使不利,-capit- = -cap(t)- = -cep(s)- = -chapt- = -cip-
handicapper,"/'hændɪ,kæpə/",n. 裁判人员； （赛马时）决定优劣条件之人,-capit- = -cap(t)- = -cep(s)- = -chapt- = -cip-
handicapped,/'hændɪkæpt/,adj. 残废的；有生理缺陷的 n. 残疾人；缺陷者,-capit- = -cap(t)- = -cep(s)- = -chapt- = -cip-
handicapping,/'hændɪkæpɪŋ/,n. 障碍；不利条件,-capit- = -cap(t)- = -cep(s)- = -chapt- = -cip-
escape,/ɪ'skeɪp/,vt. 逃避，避开，避免；被忘掉；被忽视 vi. 逃脱；避开；溜走； （气体，液体等）漏出,-capit- = -cap(t)- = -cep(s)- = -chapt- = -cip-
escapism,/ɪ'skeɪpɪz(ə)m/,n. 逃避现实，空想；逃避主义,-capit- = -cap(t)- = -cep(s)- = -chapt- = -cip-
escapist,/ɪ'skeɪpɪst/,n. 逃避现实者 adj. 逃避现实的,-capit- = -cap(t)- = -cep(s)- = -chapt- = -cip-
escaping,/ə'skep/,adj. 溢出的；[计] 换码,-capit- = -cap(t)- = -cep(s)- = -chapt- = -cip-
escaped,/ɪ'skeɪpt/,adj. 逃走的；逸出的,-capit- = -cap(t)- = -cep(s)- = -chapt- = -cip-
escapee,"/,eskeɪ'piː/",n. 逃避者；逃亡者,-capit- = -cap(t)- = -cep(s)- = -chapt- = -cip-
inescapable,/ɪnɪ'skeɪpəb(ə)l/,adj. 不可避免的；逃脱不了的,-capit- = -cap(t)- = -cep(s)- = -chapt- = -cip-
inescapably,/ini'skeipəbli/,adv. 逃不掉地,-capit- = -cap(t)- = -cep(s)- = -chapt- = -cip-
escapade,/'eskəpeɪd/,n. 越轨行为；恶作剧,-capit- = -cap(t)- = -cep(s)- = -chapt- = -cip-
precipitate,/prɪ'sɪpɪteɪt/,n. [化学] 沉淀物 vt. 使沉淀；促成；猛抛；使陷入,-capit- = -cap(t)- = -cep(s)- = -chapt- = -cip-
precipitation,"/prɪ,sɪpɪ'teɪʃ(ə)n/",n. [化学] 沉淀，[化学] 沉淀物；降水；冰雹；坠落；鲁莽,-capit- = -cap(t)- = -cep(s)- = -chapt- = -cip-
precipitator,/pri'sipiteitə/,n. [化学] 沉淀剂，[矿业] 沉淀器；催促的人,-capit- = -cap(t)- = -cep(s)- = -chapt- = -cip-
precipitating,"/prɪ'sɪpə,tet/",adj. 起沉淀作用的；急落的；猛冲的,-capit- = -cap(t)- = -cep(s)- = -chapt- = -cip-
precipitous,/prɪ'sɪpɪtəs/,adj. 险峻的；急躁的，鲁莽的,-capit- = -cap(t)- = -cep(s)- = -chapt- = -cip-
precipitously,/pri'sipitəsli/,adv. 陡峭地；出乎意料地；陡然地,-capit- = -cap(t)- = -cep(s)- = -chapt- = -cip-
precipitant,/prɪ'sɪpɪt(ə)nt/,adj. 勇往直前的；急促的；突如其来的 n. [化学] 沉淀剂,-capit- = -cap(t)- = -cep(s)- = -chapt- = -cip-
precipitately,"/prɪ'sɪpə,tetli/",adv. 猛进地,-capit- = -cap(t)- = -cep(s)- = -chapt- = -cip-
precipice,/'presɪpɪs/,n. 悬崖；绝壁；险境,-capit- = -cap(t)- = -cep(s)- = -chapt- = -cip-
chef,/ʃef/,n. 厨师,-capit- = -cap(t)- = -cep(s)- = -chapt- = -cip-
sous-chef,/'su:ʃef/,n. 助理厨师,-capit- = -cap(t)- = -cep(s)- = -chapt- = -cip-
chief,/tʃiːf/,n. 首领；酋长；主要部分 adj. 首席的；主要的；主任的 adv. 主要地；首要地,-capit- = -cap(t)- = -cep(s)- = -chapt- = -cip-
chapter,/'tʃæptə/,n. 章，回； （俱乐部、协会等的）分会；人生或历史上的重要时期,-capit- = -cap(t)- = -cep(s)- = -chapt- = -cip-
subchapter,/'sʌbtʃæptə/,n. (尤指法律文件等的)分章；分节,-capit- = -cap(t)- = -cep(s)- = -chapt- = -cip-
cephalopod,/'sef(ə)lə(ʊ)pɒd/,n. 头足类动物 头足类动物的,-capit- = -cap(t)- = -cep(s)- = -chapt- = -cip-
anencephaly,/ænən'sɛfəli/,n. 先天无脑畸形,-capit- = -cap(t)- = -cep(s)- = -chapt- = -cip-
anencephalic,"/æn,ənsə'fælɪk/",adj. 无脑畸型的；无脑的,-capit- = -cap(t)- = -cep(s)- = -chapt- = -cip-
autocephalous,"/,ɔːtə(ʊ)'sef(ə)ləs/",adj. 独立的；自治的,-capit- = -cap(t)- = -cep(s)- = -chapt- = -cip-
encephalitis,"/en,sefə'laɪtɪs/",n. [内科] 脑炎,-capit- = -cap(t)- = -cep(s)- = -chapt- = -cip-
hydrocephalus,"/,haɪdrə'sef(ə)ləs/",n. [内科] 脑积水,-capit- = -cap(t)- = -cep(s)- = -chapt- = -cip-
microcephaly,"/,maɪkrəʊ'sefəlɪ/",n. 头小畸型（复数 microcephalies）,-capit- = -cap(t)- = -cep(s)- = -chapt- = -cip-
microcephalic,/ˌmaɪkrəʊsɪˈfælɪk/,adj. 畸形小头的；小头的,-capit- = -cap(t)- = -cep(s)- = -chapt- = -cip-
cephalosporin,"/,sefələ(ʊ)'spɔːrɪn/",n. [药] 头孢菌素,-capit- = -cap(t)- = -cep(s)- = -chapt- = -cip-
cap,/kæ p/,n. 盖；帽子 vi. 脱帽致意 vt. 覆盖；胜过；给…戴帽；加盖于,-capit- = -cap(t)- = -cep(s)- = -chapt- = -cip-
cape,/keɪp/,n. [地理] 海角，岬；披肩,-capit- = -cap(t)- = -cep(s)- = -chapt- = -cip-
caped,/keɪpt/,adj. 带披肩的；披斗篷的,-capit- = -cap(t)- = -cep(s)- = -chapt- = -cip-
capping,/'kæpiŋ/,n. 加盖； （美） （拍卖时）使用假买手诱骗哄抬；雷管接上引线；[岩] 盖层岩,-capit- = -cap(t)- = -cep(s)- = -chapt- = -cip-
capped,/kæpt/,adj. 包过的；加盖的；去蒂的,-capit- = -cap(t)- = -cep(s)- = -chapt- = -cip-
capper,/'kæpə/,n. 封口机；帽商；制造器具的盖子的人；诱饵；装盖的人；托儿,-capit- = -cap(t)- = -cep(s)- = -chapt- = -cip-
capful,/'kæpfʊl/,n. 一帽子；一帽子的量,-capit- = -cap(t)- = -cep(s)- = -chapt- = -cip-
uncap,/ʌn'kæp/,vt. 脱掉帽子；打开盖 vi. 脱帽致意,-capit- = -cap(t)- = -cep(s)- = -chapt- = -cip-
uncapped,"/,ʌn'kæpt/",adj. 非国家队队员的,-capit- = -cap(t)- = -cep(s)- = -chapt- = -cip-
recap,/'riːkæp/,n. 翻新的轮胎 vt. 翻新胎面；扼要重述,-capit- = -cap(t)- = -cep(s)- = -chapt- = -cip-
capon,/'keɪp(ə)n/,n. 阉（公）鸡（尤指养肥供食用的） ；女人气的男人；男同性恋者,-capit- = -cap(t)- = -cep(s)- = -chapt- = -cip-
capstone,/'kæpstəʊn/,n. 顶石；顶点,-capit- = -cap(t)- = -cep(s)- = -chapt- = -cip-
capsize,/kæ p'saɪz/,vt. 倾覆（特指船） ；翻覆；弄翻 vi. 翻；倾覆；翻覆,-capit- = -cap(t)- = -cep(s)- = -chapt- = -cip-
capsized,/kæp'saɪzɪd/,adj. 翻覆的,-capit- = -cap(t)- = -cep(s)- = -chapt- = -cip-
kneecap,/'niːkæp/,n. 膝盖骨；护膝,-capit- = -cap(t)- = -cep(s)- = -chapt- = -cip-
hubcap,/'hʌbkæp/,n. 毂盖；轮毂罩,-capit- = -cap(t)- = -cep(s)- = -chapt- = -cip-
nightcap,/'naɪtkæp/,n. 睡帽；临睡前喝的酒,-capit- = -cap(t)- = -cep(s)- = -chapt- = -cip-
skullcap,/'skʌlkæp/,n. 并头草属的植物；无边便帽,-capit- = -cap(t)- = -cep(s)- = -chapt- = -cip-
whitecaps,/'waɪtkæp/,n. 白帽队队员；浪端的白泡沫,-capit- = -cap(t)- = -cep(s)- = -chapt- = -cip-
moonscape,/'muːnskeɪp/,n. 月球表面；月面景色,-capit- = -cap(t)- = -cep(s)- = -chapt- = -cip-
madcap,/'mædkæp/,adj. 狂妄的；鲁莽的 n. 鲁莽的人,-capit- = -cap(t)- = -cep(s)- = -chapt- = -cip-
icecap,/'aɪskæp/,n. 冰冠，冰帽,-capit- = -cap(t)- = -cep(s)- = -chapt- = -cip-
skycap,/'skaɪkæp/,n. 机场行李搬运工,-capit- = -cap(t)- = -cep(s)- = -chapt- = -cip-
black-capped,/'blækkæpt/,adj. (鸟)黑冠的，黑顶的；(人)戴黑帽的,-capit- = -cap(t)- = -cep(s)- = -chapt- = -cip-
whitecap,/'waɪtkæp/,n. 白帽队队员；浪端的白泡沫,-capit- = -cap(t)- = -cep(s)- = -chapt- = -cip-
cap-and-trade,/kæp-ænd-treɪd/,n. 限额交易；总量管制与交易制度,-capit- = -cap(t)- = -cep(s)- = -chapt- = -cip-
big-cap,/bɪg-kæp/,n. 大盘股,-capit- = -cap(t)- = -cep(s)- = -chapt- = -cip-
small-cap,/smɔːl-kæp/,n. 小盘,-capit- = -cap(t)- = -cep(s)- = -chapt- = -cip-
large-cap,"/'lɑ:dʒ,kæp/",n. (市场资本总额超过 50 亿美元的)大盘股(股票),-capit- = -cap(t)- = -cep(s)- = -chapt- = -cip-
salary-cap,/'sælərɪ-kæp/,n. 工资上限,-capit- = -cap(t)- = -cep(s)- = -chapt- = -cip-
snow-capped,/'snəukæpt/,adj. 积雪盖顶的,-capit- = -cap(t)- = -cep(s)- = -chapt- = -cip-
white-cap,/ˈwaɪtˌkæp/,n. 浪端的白泡沫,-capit- = -cap(t)- = -cep(s)- = -chapt- = -cip-
occipital,/ɒk'sɪpɪtəl/,adj. 枕骨的，枕部的 n. 枕骨,-capit- = -cap(t)- = -cep(s)- = -chapt- = -cip-
scapegoat,/'skeɪpgəʊt/,n. 替罪羊，替人顶罪者；替身 vt. 使成为…的替罪羊,-capit- = -cap(t)- = -cep(s)- = -chapt- = -cip-
access,/'ækses/,vt. 使用；存取；接近 n. 进入；使用权；通路,-ced- = -ceed- = -cess-
accession,/ək'seʃ(ə)n/,n. 增加；就职；到达 vt. 登记入册,-ced- = -ceed- = -cess-
accessory,/ək'ses(ə)rɪ/,n. 首饰，服装搭配物，装饰品,-ced- = -ceed- = -cess-
accessorize,/ək'sesəraɪz/,vi. 穿戴装饰品 vt. 装饰；补充,-ced- = -ceed- = -cess-
accessible,/ək'sesɪb(ə)l/,adj. 易接近的；可进入的；可理解的,-ced- = -ceed- = -cess-
accessibility,"/ək,sesə'bɪlətɪ/",n. 材料的质量和可获得性,-ced- = -ceed- = -cess-
inaccessible,/ɪnək'sesɪb(ə)l/,adj. 难达到的；难接近的；难见到的,-ced- = -ceed- = -cess-
inaccessibility,"/,ɪnæk,sɛsə'bɪləti/",n. 难达到；难接近；无法理解,-ced- = -ceed- = -cess-
all-access,/ɔːl-'ækses/,n. 完整享有动漫和戏剧内容,-ced- = -ceed- = -cess-
easy-access,/'iːzɪ-'ækses/,n.便于检修；容易接近,-ced- = -ceed- = -cess-
limited-access,/'lɪmɪtɪd-'ækses/,n.有限享用；受限访问,-ced- = -ceed- = -cess-
public-access,/'pʌblɪk-'ækses/,n. (电视台根据法律特别提供给某些独立社会团体、 公众部门的非营利性的)公共,-ced- = -ceed- = -cess-
open-access,/'əʊp(ə)n-'ækses/,n. 开放获取,-ced- = -ceed- = -cess-
random-access,/'rændəm-'ækses/,adj. 随机存取的,-ced- = -ceed- = -cess-
wheelchair-accessible,/'wiːltʃeə-'ækses/,adj. 残疾人专用,-ced- = -ceed- = -cess-
proceed,/prə'siːd/,vi. 开始；继续进行；发生；行进 n. 收入，获利,-ced- = -ceed- = -cess-
proceeds,/'prəʊsiːdz/,n. 收入，收益；实收款项,-ced- = -ceed- = -cess-
proceedings,/prə'siːdɪŋz/,n. 诉讼；行动；会议记录；议程,-ced- = -ceed- = -cess-
process,/'prəʊses/,n. 进程；过程,-ced- = -ceed- = -cess-
processual,/'prəʊsedʒə/,n. 过程式,-ced- = -ceed- = -cess-
processor,/'prəʊsesə/,n. [计] 处理器；处理程序；加工者,-ced- = -ceed- = -cess-
processional,/prə'seʃ(ə)n(ə)l/,adj. 游行的；列队行进的 n. 游行圣歌,-ced- = -ceed- = -cess-
procession,/prəu'seʃən/,n. 进行，行进的行列，队伍,-ced- = -ceed- = -cess-
processed,/p'rəsest/,adj. 处理的，加工过的,-ced- = -ceed- = -cess-
unprocessed,/ʌnˈprəʊsɛst/,adj. (食品、油等)未加工的；未提纯的,-ced- = -ceed- = -cess-
microprocessor,/maɪkrə(ʊ)'prəʊsesə/,n. [计] 微处理器,-ced- = -ceed- = -cess-
procedure,/prə'siːdʒə/,n. 程序,-ced- = -ceed- = -cess-
procedural,/prə'siːdʒərəl/,adj. 程序上的,-ced- = -ceed- = -cess-
procedurally,/prə'siːdʒərəli/,adv. 程序上地,-ced- = -ceed- = -cess-
reprocess,/riː'prəʊses/,vt. 再加工；使…再生,-ced- = -ceed- = -cess-
coprocessor,"/'ko,prɑsɛsɚ/",n. [计] 协处理器,-ced- = -ceed- = -cess-
multiprocessor,/mʌltɪ'prəʊsesə/,n. 多重处理器,-ced- = -ceed- = -cess-
process-oriented,/'prəʊses-'orɪɛntɪd/,adj. 面向过程的；以过程为导向；流程导向；过程论,-ced- = -ceed- = -cess-
due-process,/djuː-prəˈses/,n.正当程序；法定诉讼程序,-ced- = -ceed- = -cess-
food-processing,/fuːd-prəˈsesɪŋ/,n. 食品加工，食品处理；进食，食品热杀菌,-ced- = -ceed- = -cess-
image-processing,/'ɪmɪdʒ-prəˈsesɪŋ/,n. [计][遥感] 图像处理；图象加工,-ced- = -ceed- = -cess-
data-processing,/'deɪtə-prəˈsesɪŋ/,n. 数据处理,-ced- = -ceed- = -cess-
signal-processing,/'sɪgn(ə)l-prəˈsesɪŋ/,n. [通信] 信号处理,-ced- = -ceed- = -cess-
meat-processing,/miːt-prəˈsesɪŋ/,n. 肉品加工,-ced- = -ceed- = -cess-
word-processor,/'wə:dprəusesə(r)/,n. 文字处理器,-ced- = -ceed- = -cess-
in-process,/ɪn'prɑsɛs/,adj. 进程内的；同进程的,-ced- = -ceed- = -cess-
process-based,/'prɑsɛs-beɪst/,adj. 基于流程的,-ced- = -ceed- = -cess-
pre-processing,/pri-prəˈsesɪŋ/,n. 预处理；预加工,-ced- = -ceed- = -cess-
transaction-processing,/træn'zækʃ(ə)n-prəˈsesɪŋ/,n. 事务处理,-ced- = -ceed- = -cess-
r-process,/ɑː-'prɑsɛs/,n. 快过程(r-process)中子俘获过程比 β 衰变快,-ced- = -ceed- = -cess-
precede,/prɪ'siːd/,vt. 领先，在…之前；优于，高于 vi. 领先，在前面,-ced- = -ceed- = -cess-
preceding,/pri'si:diŋ/,adj. 在前的；前述的,-ced- = -ceed- = -cess-
precedent,/‘presidənt/,n. 先例；前例 adj. 在前的；在先的,-ced- = -ceed- = -cess-
precedented,/'presidentid/,adj. 有先例的，有前例的,-ced- = -ceed- = -cess-
precession,/prɪ'seʃ(ə)n/,n. 岁差；先行；优先,-ced- = -ceed- = -cess-
unprecedented,"/,ʌn'presidəntid/",adj. 无先例的，空前的,-ced- = -ceed- = -cess-
precedential,"/,presɪ'denʃəl/",adj. 有先例的；优先的,-ced- = -ceed- = -cess-
precedence,/'presɪd(ə)ns/,n. 优先；居先,-ced- = -ceed- = -cess-
precedent-setting,/‘presidənt-'setɪŋ/,adj. 开先例的,-ced- = -ceed- = -cess-
unprecedentedly,"/,ʌn'presidəntidli/",adv. adv. 空前地,-ced- = -ceed- = -cess-
exceed,/ɪk'siːd/,vt. 超过；胜过 vi. 超过其他,-ced- = -ceed- = -cess-
excess,/ik'ses/,n. 超过，超额；过度，过量；无节制 adj. 额外的，过量的；附加的,-ced- = -ceed- = -cess-
exceedingly,/ɪk'siːdɪŋlɪ/,adv. 非常；极其；极度地；极端,-ced- = -ceed- = -cess-
excessive,/ik'sesiv/,adj. 过分的，过度的，过火的；极端的，极其的；容易走极端的,-ced- = -ceed- = -cess-
excessively,/ek'sesɪvlɪ/,adv. 过分地；极度,-ced- = -ceed- = -cess-
excessiveness,/ik'sesivnis/,n. 过度（非常，格外） ；冗余,-ced- = -ceed- = -cess-
successor,/sək'sesə/,n. 继承者；后续的事物,-ced- = -ceed- = -cess-
succession,/sək'seʃən/,n. 连续；继位；继承权；[生态] 演替,-ced- = -ceed- = -cess-
successional,/sək'sɛʃənl/,adj. 连续性的；继续的，接连的,-ced- = -ceed- = -cess-
successive,/sək'sesiv/,adj. 连续的；继承的；依次的；接替的,-ced- = -ceed- = -cess-
successively,/sək'sɛsɪvli/,adv. 相继地；接连着地,-ced- = -ceed- = -cess-
succeeding,/sək'si:diŋ/,adj. 随后的，以后的,-ced- = -ceed- = -cess-
antecede,"/,ænti'si:d/",vt. 在...之前；胜过；居前,-ced- = -ceed- = -cess-
antecedent,"/,ænti'si:dənt/",n. 前情；先行词；祖先 adj. 先行的；前驱的；先前的,-ced- = -ceed- = -cess-
antecessor,"/,æ nti'sesə/",n. 祖先；先行者,-ced- = -ceed- = -cess-
recede,/ri'si:d/,vi. 后退；减弱 vt. 撤回,-ced- = -ceed- = -cess-
recession,/ri'seʃən/,n. 衰退；不景气；后退；凹处,-ced- = -ceed- = -cess-
recess,/rɪ'ses/,n. 休息；休会；凹处 vt. 使凹进；把…放在隐蔽处 vi. 休息；休假,-ced- = -ceed- = -cess-
receding,/rɪ'siːd/,vi. 后退；减弱 vt. 撤回,-ced- = -ceed- = -cess-
recessed,/rɪ'sɛst/,adj. 嵌壁式的；深底的,-ced- = -ceed- = -cess-
recessional,/rɪ'seʃ(ə)n(ə)l/,adj. 后退的； （英）议会休会的,-ced- = -ceed- = -cess-
recessive,/rɪ'sesɪv/,adj. 隐性的；逆行的；后退的 n. 隐性性状,-ced- = -ceed- = -cess-
recessionary,/rɪ'seʃənərɪ/,adj. （经济）衰退的；衰退期的,-ced- = -ceed- = -cess-
recession-proof,/rɪ'seʃ(ə)n-pruːf/,n. 抗衰退；经济衰退的证据,-ced- = -ceed- = -cess-
retrocede,"/,retrəu'si:d/",vt. 交还 vi. 后退,-ced- = -ceed- = -cess-
retrocession,"/,retrəu'seʃən/",n. 后退；缩回； （领土等的）交还,-ced- = -ceed- = -cess-
intercede,"/,intə'si:d/",vi. 调解，调停；求情，说项,-ced- = -ceed- = -cess-
intercession,"/,intə'seʃən/",n. 调解；说情；仲裁,-ced- = -ceed- = -cess-
intercessor,"/,intə'sesə/",n. 居间调停者，调解者，说情者,-ced- = -ceed- = -cess-
intercessory,"/,intə'sesəri/",adj. 调解的；仲裁的,-ced- = -ceed- = -cess-
succeed,/sək'siːd/,vi. 成功；继承；继任；兴旺 vt. 继承；接替；继…之后,-ced- = -ceed- = -cess-
success,/sək'ses/,n. 成功，成就；胜利；大获成功的人或事物,-ced- = -ceed- = -cess-
successful,/sək'sesfʊl/,adj. 成功的；一帆风顺的,-ced- = -ceed- = -cess-
successfully,/sək'sesfəlɪ/,adv. 成功地；顺利地,-ced- = -ceed- = -cess-
unsuccessful,/ʌnsək'sesfʊl/,adj. 不成功的；失败的,-ced- = -ceed- = -cess-
unsuccessfully,"/,ʌnsək'sɛsfəli/",adv. 失败地；无用,-ced- = -ceed- = -cess-
success-oriented,/sək'ses-'orɪɛntɪd/,adj. 成功定向者 向的,-ced- = -ceed- = -cess-
necessary,/ˈnesəsərɪ/,adj. 必要的；必需的；必然的 n. 必需品,-ced- = -ceed- = -cess-
necessity,/nɪ'sesɪtɪ/,n. 需要；必然性；必需品,-ced- = -ceed- = -cess-
necessarily,/'nesəs(ə)rɪlɪ/,adv. 必要地；必定地，必然地,-ced- = -ceed- = -cess-
necessitate,/nɪ'sesɪteɪt/,vt. 使成为必需，需要；迫使,-ced- = -ceed- = -cess-
unnecessary,/ʌn'nesəs(ə)rɪ/,adj. 不必要的；多余的，无用的,-ced- = -ceed- = -cess-
unnecessarily,"/ʌn'nɛsə,sɛrɪli/",adv. 不必要地；多余地,-ced- = -ceed- = -cess-
concede,/kən'siːd/,vt. 承认；退让；给予，容许 vi. 让步,-ced- = -ceed- = -cess-
concession,/kən'seʃ(ə)n/,n. 让步；特许（权） ；承认；退位,-ced- = -ceed- = -cess-
concessioner,/kən'seʃənə/,n. 受让人（等于 concessionaire） ；特许权所有人,-ced- = -ceed- = -cess-
concessionary,/kən'seʃənərɪ/,n. 特许；让步；特许权获得者 adj. 特许的；让步的,-ced- = -ceed- = -cess-
concessionaire,"/kən,seʃə'neə/",n. 特许权获得者，受让人,-ced- = -ceed- = -cess-
secede,/sɪ'siːd/,vi. 脱离；退出 vt. 从…中脱离；割让,-ced- = -ceed- = -cess-
secession,/sɪ'seʃ(ə)n/,n. 脱离；分离,-ced- = -ceed- = -cess-
secessionist,/sɪ'seʃənɪst/,n. 脱离论者；分离主义者,-ced- = -ceed- = -cess-
abscess,/'æbsɪs/,n. 脓肿；脓疮 vi. 形成脓肿,-ced- = -ceed- = -cess-
abscessed,/'æbsɪst/,adj. 长脓疮的；成溃疡的,-ced- = -ceed- = -cess-
incessant,/ɪn'ses(ə)nt/,adj. 不断的；不停的；连续的,-ced- = -ceed- = -cess-
incessantly,/ɪn'sesntlɪ/,adv. 不停地，不间断地,-ced- = -ceed- = -cess-
decedent,/dɪ'siːd(ə)nt/,n. 死者；已故者,-ced- = -ceed- = -cess-
predecessor,/'priːdɪsesə/,n. 前任，前辈,-ced- = -ceed- = -cess-
cess,/ses/,n. 税，税率；地方税； （爱）运气（等于luck）,-ced- = -ceed- = -cess-
cession,/'seʃ(ə)n/,n. （权利的）转让，出让； （领土的）割让,-ced- = -ceed- = -cess-
cessation,/se'seɪʃ(ə)n/,n. 停止；中止；中断,-ced- = -ceed- = -cess-
smoking-cessation,/'sməʊkɪŋ-se'seɪʃ(ə)n/,n. 戒烟,-ced- = -ceed- = -cess-
cede,/siːd/,vt. 放弃；割让（领土）,-ced- = -ceed- = -cess-
accede,/ək'siːd/,vi. 加入；同意；就任,-ced- = -ceed- = -cess-
supercede,"/,sju:pə'si:d/",vt. 取代；延期；紧接着…而到来 vi. 推迟行动,-ced- = -ceed- = -cess-
cesspool,/'sespuːl/,n. 污水坑；粪坑；污秽场所,-ced- = -ceed- = -cess-
log,/lɒg/,vi. 伐木 vt. 切；伐木；航行 n. 记录；航行日志；原木,-log(ue)- = -loqu- = -locut-
logo,/'lɒgəʊ/,n. 商标，徽标；标识语,-log(ue)- = -loqu- = -locut-
logger,/'lɒgə/,n. （美）樵夫，伐木工；记录器,-log(ue)- = -loqu- = -locut-
logging,/'lɒgɪŋ/,n. 记录；伐木工作,-log(ue)- = -loqu- = -locut-
loggerhead,/'lɒgəhed/,n. 笨蛋；铁球棒；红海龟,-log(ue)- = -loqu- = -locut-
logbook,"/'lɒɡ,bʊk/",n. 航海日志；航空日志,-log(ue)- = -loqu- = -locut-
trilogy,/'trɪlədʒɪ/,n. 三部曲；三部剧,-log(ue)- = -loqu- = -locut-
backlog,/'bæklɒg/,n. [管理] 积压的工作；积压待办的事务；大木材 vt. 储备；把…积压起来,-log(ue)- = -loqu- = -locut-
waterlog,/'wɔtəlɔɡ/,n. 涝灾 vt. 使(船等)进水；使浸透水,-log(ue)- = -loqu- = -locut-
waterlogged,/'wɔːtəlɒgd/,adj. 涝的；浸满水的，吸饱水的,-log(ue)- = -loqu- = -locut-
logarithm,/'lɒgərɪð(ə)m/,n. [数] 对数,-log(ue)- = -loqu- = -locut-
logarithmic,"/,lɒgə'rɪðmɪk/",adj. 对数的,-log(ue)- = -loqu- = -locut-
logarithmically,"/,lɒgə'rɪðmɪkli/",adv. 用对数,-log(ue)- = -loqu- = -locut-
syllogism,"/'sɪlə,dʒɪz(ə)m/",n. 三段论；推论,-log(ue)- = -loqu- = -locut-
syllogistic,"/,sɪlə'dʒɪstɪk/",adj. 三段论法的；用演绎推理的,-log(ue)- = -loqu- = -locut-
log-linear,/lɒg-'lɪnɪə/,n. 对数线性,-log(ue)- = -loqu- = -locut-
blog,/blɒɡ/,n. 博客；部落格；网络日志,-log(ue)- = -loqu- = -locut-
blogger,/'blɔgə/,n. 写博客的人；博客使用者,-log(ue)- = -loqu- = -locut-
blogging,/blɒɡɪŋ/,n. 博客；写网志,-log(ue)- = -loqu- = -locut-
weblog,/'weblɔg/,n. 网络日志,-log(ue)- = -loqu- = -locut-
ideologue,/'aɪdɪəlɒg/,n. 思想家，理论家，空想家,-log(ue)- = -loqu- = -locut-
travelogue,/'trævəlɒg/,n. 旅行见闻讲演,-log(ue)- = -loqu- = -locut-
homologue,/'hɒməlɒg/,n. 同族体；相当或相同的事物,-log(ue)- = -loqu- = -locut-
decalogue,/'dekəlɔg/,n. 摩西的十诫（等于 decalog）,-log(ue)- = -loqu- = -locut-
apology,/ə'pɒlədʒɪ/,n. 道歉；谢罪；辩护；勉强的替代物,-log(ue)- = -loqu- = -locut-
apologise,/ə'pɒlədʒaɪz/,vi. 道歉；辩解；赔不是 vt. 道歉；谢罪；辩白,-log(ue)- = -loqu- = -locut-
apologist,/ə'pɒlədʒɪst/,n. 辩护者；护教论者；辨惑学专家（等于 apologete）,-log(ue)- = -loqu- = -locut-
apologetic,/əpɒlə'dʒetɪk/,adj. 道歉的；赔罪的,-log(ue)- = -loqu- = -locut-
apologetics,/əpɒlə'dʒetɪks/,n. 护教学（基督教神学的一部分，研究教条的辨证） ；辩惑学,-log(ue)- = -loqu- = -locut-
apologetically,"/ə,pɑlə'dʒɛtɪkli/",adv. 道歉地，认错地；辩解地,-log(ue)- = -loqu- = -locut-
unapologetic,/ʌnəpɒlə'dʒetɪk/,adj. 不愿道歉的；不认错的,-log(ue)- = -loqu- = -locut-
unapologetically,"/ʌnə,pɑlə'dʒɛtɪkli/",adv. 不认错地；不道歉地,-log(ue)- = -loqu- = -locut-
apologia,"/,æ pə'ləʊdʒɪə/",n. 辩解书；辩解文；辩解,-log(ue)- = -loqu- = -locut-
dialog,/'daɪəlɒɡ/,n. 对话；会话,-log(ue)- = -loqu- = -locut-
dialogue,/'daɪəlɒg/,n. 对话；意见交换 vi. 对话 vt. 用对话表达,-log(ue)- = -loqu- = -locut-
dialogist,/daɪ'ælədʒɪst/,n. 对话者，问答者；对话体的作者,-log(ue)- = -loqu- = -locut-
dialogic,"/,daɪə'lɑdʒɪk/",adj. 对话的,-log(ue)- = -loqu- = -locut-
dialogical,"/,daiə'lɔdʒik/",adj. 对话（体）的；问答的 n. 对话式，对话型,-log(ue)- = -loqu- = -locut-
logic,/'lɒdʒɪk/,n. 逻辑；逻辑学；逻辑性 adj. 逻辑的,-log(ue)- = -loqu- = -locut-
logician,/ləʊ'dʒɪʃən/,n. 逻辑学家；论理学者,-log(ue)- = -loqu- = -locut-
logical,/'lɒdʒɪk(ə)l/,adj. 合逻辑的，合理的；逻辑学的,-log(ue)- = -loqu- = -locut-
logically,/'lɑdʒɪkli/,adv. 逻辑上；合乎逻辑,-log(ue)- = -loqu- = -locut-
illogical,/ɪ'lɒdʒɪk(ə)l/,adj. 不合逻辑的；不合常理的,-log(ue)- = -loqu- = -locut-
illogically,/ɪ'lɑdʒɪkli/,adv. 不合逻辑地,-log(ue)- = -loqu- = -locut-
logistically,/lɔ'dʒistikəli/,adv. 逻辑地，运筹地；在后勤方面,-log(ue)- = -loqu- = -locut-
monologue,/'mɒn(ə)lɒg/,n. 独白,-log(ue)- = -loqu- = -locut-
monologist,/mɔ'nɔlədʒist/,n. 独白者；自言自语者,-log(ue)- = -loqu- = -locut-
monologic,"/,mɑnə'lɑdʒɪk/",adj. 独白的；独白式的,-log(ue)- = -loqu- = -locut-
monological,/mɔnə'lɔdʒikl/,adj. 单一的；单向的；独白的,-log(ue)- = -loqu- = -locut-
catalog,/'kætəlɒɡ/,n. [图情][计] 目录；登记 vt. 登记；为…编目录,-log(ue)- = -loqu- = -locut-
catalogue,/'kæt(ə)lɒg/,n. 目录； （美）大学情况一览 vt. 把…编入目录,-log(ue)- = -loqu- = -locut-
cataloging,/'kætəlɔg/,n. 图书编目；目录,-log(ue)- = -loqu- = -locut-
cataloger,/'kætə'lɔgɚ/,n. 编制目录的人,-log(ue)- = -loqu- = -locut-
eulogy,/'ju:lədʒi/,n. 悼词；颂词；颂扬；赞词,-log(ue)- = -loqu- = -locut-
eulogize,/'ju:lədʒaiz/,vt. 颂扬；称赞,-log(ue)- = -loqu- = -locut-
epilogue,/'epilɔɡ/,n. 结语，收场白；尾声，后记,-log(ue)- = -loqu- = -locut-
epilogize,/e'pilədʒaiz/,n. 作结束语,-log(ue)- = -loqu- = -locut-
neologize,/ni:'ɔlədʒaiz/,vi. 创造新语；使用新语；倡导新教义,-log(ue)- = -loqu- = -locut-
neologism,/ni:'ɔlədʒizəm/,n. 新词；新义；新词的使用,-log(ue)- = -loqu- = -locut-
slogan,/'sləʊg(ə)n/,n. 标语；呐喊声,-log(ue)- = -loqu- = -locut-
sloganeer,"/,sləʊɡə'nɪə/",n. 标语口号作者 vi. 使用标语口号；大量使用标语,-log(ue)- = -loqu- = -locut-
sloganeering,"/,sləʊɡə'nɪə/",n. 标语口号作者 vi. 使用标语口号；大量使用标语,-log(ue)- = -loqu- = -locut-
philology,/fi'lɔlədʒi/,n. 文献学；语言学,-log(ue)- = -loqu- = -locut-
philologist,/fi'lɔlədʒist/,n. 文献学者；语言学者,-log(ue)- = -loqu- = -locut-
analog,/'ænəlɒɡ/,n. [自] 模拟；类似物 adj. [自] 模拟的；有长短针的,-log(ue)- = -loqu- = -locut-
analogy,/ə'nælədʒɪ/,n. 类比；类推；类似,-log(ue)- = -loqu- = -locut-
analogize,/ə'nælədʒaɪz/,vt. 类推；以类推来说明 vi. 类推；作类比推理,-log(ue)- = -loqu- = -locut-
analogue,/'ænəlɒg/,n. 类似物；类似情况；对等的人,-log(ue)- = -loqu- = -locut-
analogical,/'ænə'lɒdʒɪkəl/,adj. 相似的；类推的,-log(ue)- = -loqu- = -locut-
analogous,/ə'næləgəs/,adj. 类似的；[昆] 同功的；可比拟的,-log(ue)- = -loqu- = -locut-
analogously,/ə'næləgəsli/,adv. 类似地；近似地,-log(ue)- = -loqu- = -locut-
digital-to-analog,/'dɪdʒɪt(ə)l-tuː-'ænəlɒɡ/,n. 同功指,-log(ue)- = -loqu- = -locut-
eloquence,/'eləkwəns/,n. 口才；雄辩；雄辩术；修辞,-log(ue)- = -loqu- = -locut-
eloquent,/'eləkwənt/,adj. 意味深长的；雄辩的，有口才的；有说服力的；动人的,-log(ue)- = -loqu- = -locut-
eloquently,/'ɛləkwəntli/,adv. 善辩地；富于表现力地,-log(ue)- = -loqu- = -locut-
colloquy,/'kɒləkwɪ/,n. 以对话体写的文章；谈话，会话,-log(ue)- = -loqu- = -locut-
colloquium,/kə'ləʊkwɪəm/,n. 讨论会；专题座谈会,-log(ue)- = -loqu- = -locut-
colloquial,/kə'ləʊkwɪəl/,adj. 白话的；通俗的；口语体的,-log(ue)- = -loqu- = -locut-
colloquially,/kə'lokwɪəli/,adv. 口语地；用通俗语,-log(ue)- = -loqu- = -locut-
colloquialism,/kə'ləʊkwɪəlɪz(ə)m/,n. 白话，口语；口语体；方言用语,-log(ue)- = -loqu- = -locut-
ventriloquist,/ven'trɪləkwɪst/,n. 腹语术者；口技艺人,-log(ue)- = -loqu- = -locut-
ventriloquism,/ven'trɪləkwɪzəm/,n. 口技；腹语术,-log(ue)- = -loqu- = -locut-
locution,/lə'kjuːʃ(ə)n/,n. 说话风格；惯用语,-log(ue)- = -loqu- = -locut-
illocutionary,/iləu'kju:ʃənəri/,adj. 言外行为的；言之行言语行为的,-log(ue)- = -loqu- = -locut-
elocution,"/,elə'kjuːʃ(ə)n/",n. 朗诵法；演说法；雄辩术,-log(ue)- = -loqu- = -locut-
soliloquy,/sə'lɪləkwɪ/,n. 独白；自言自语,-log(ue)- = -loqu- = -locut-
loquacious,/lə'kweɪʃəs/,adj. 饶舌的，多话的,-log(ue)- = -loqu- = -locut-
grandiloquent,/græn'dɪləkwənt/,adj. 夸张的；夸大的；大言不惭的,-log(ue)- = -loqu- = -locut-
interlocutor,"/,ɪntə'lɒkjʊtə/",n. 对话者；谈话者,-log(ue)- = -loqu- = -locut-
phonological,"/,fəʊnə'lɒdʒɪkəl/",adj. 音韵学的,-log(ue)- = -loqu- = -locut-
genealogical,"/,dʒiːnɪə'lɒdʒɪk(ə)l/",adj. 宗谱的；系谱的；家系的,-log(ue)- = -loqu- = -locut-
tautological,"/,tɔːtə'lɒdʒɪkəl/",adj. 赘述的；同义反复的；类语叠用的,-log(ue)- = -loqu- = -locut-
prologue,/'prəʊlɒg/,n. 开场白；序言 vt. 加上…前言；为…作序,-log(ue)- = -loqu- = -locut-
pseudology,/psjuː'dɒlədʒɪ/,n. 谎话；说谎,-log(ue)- = -loqu- = -locut-
antilogy,/æn'tilədʒi/,n. 前后矛盾，自相矛盾,-log(ue)- = -loqu- = -locut-
dyslogy,/'dislədʒi/,n. 非难，非议，指责，咒骂,-log(ue)- = -loqu- = -locut-
fend,/fend/,vt. 谋生；保护；挡开；供养 vi. 照料；供养；力争,-fend- = -fens-
fender,/'fendə/,n. （汽车等的）挡泥板；防卫物； （暖炉的）炉围； （船只的）碰垫,-fend- = -fens-
fencing,/'fensɪŋ/,n. 剑术；围墙；筑栅栏的材料,-fend- = -fens-
fence,/fens/,n. 栅栏；围墙；剑术 vt. 防护；用篱笆围住；练习剑术,-fend- = -fens-
fender-bender,/'fendə-'bendə/,n. 小车祸,-fend- = -fens-
defend,/dɪ'fend/,vt. 辩护；防护 vi. 保卫；防守,-fend- = -fens-
defence,/dɪ'fens/,n. 防御；防卫；答辩；防卫设备,-fend- = -fens-
defense,/dɪ'fens/,n. 防卫，防护；防御措施；防守 vt. 谋划抵御,-fend- = -fens-
defender,/dɪ'fendə(r)/,n. 防卫者，守卫者；辩护者；拥护者；卫冕者,-fend- = -fens-
defensible,/dɪ'fensɪb(ə)l/,adj. 可防御的；可辩护的；可拥护的,-fend- = -fens-
defendable,/dɪ'fendəbl/,adj. 可防御的,-fend- = -fens-
indefensible,/ɪndɪ'fensɪb(ə)l/,adj. 站不住脚的；不能防卫的；无辩护余地的,-fend- = -fens-
defensive,/dɪ'fensɪv/,adj. 自卫的；防御用的 n. 防御；守势,-fend- = -fens-
defensively,/di'fɛnsivli/,adv. 防御地；守势地,-fend- = -fens-
defenceless,/di'fenslis/,adj. （英）无防御的；无保护的,-fend- = -fens-
defendant,/dɪ'fend(ə)nt/,adj. 辩护的；为自己辩护的 n. 被告,-fend- = -fens-
defending,/dɪ'fɛnd/,adj. 卫冕的；防御中的；防守型的,-fend- = -fens-
undefended,/ʌndɪ'fendɪd/,adj. 无防备的；[法] 无辩护人的；无论据证实的,-fend- = -fens-
defenseman,/dɪ'fensmən/,n. 防守队员（尤指冰上曲棍球中的）,-fend- = -fens-
co-defendant,/kəu-dɪ'fend(ə)nt/,n. 共同被告人,-fend- = -fens-
self-defense,"/,selfdi'fens/",n. 自卫；正当防卫；自卫权,-fend- = -fens-
air-defense,/eə-di'fens/,n. 防空,-fend- = -fens-
non-defense,"/,nɔndi'fens/",adj. （美）非国防军用的；与军事防御无关的,-fend- = -fens-
civil-defense,/'sɪv(ə)l-di'fens/,n. 民防，民防组织,-fend- = -fens-
criminal-defense,/'krɪmɪn(ə)l-di'fens/,n. 刑事辩护,-fend- = -fens-
missile-defense,/'mɪsaɪl-di'fens/,n. 导弹防御,-fend- = -fens-
well-defended,/wel-dɪ'fendɪd/,adj. 防守严密的,-fend- = -fens-
defense-oriented,/dɪ'fens-'orɪɛntɪd/,adj. 着重防卫的,-fend- = -fens-
offend,/ə'fend/,vt. 冒犯；使…不愉快,-fend- = -fens-
offender,/ə'fendə(r)/,n. 罪犯；冒犯者；违法者,-fend- = -fens-
offended,/ə'fendɪd/,adj. 不舒服，生气,-fend- = -fens-
offending,/ə'fendiŋ/,adj. 不愉快的；厌恶的,-fend- = -fens-
offence,/ə'fens/,n. 得罪；使伤感情,-fend- = -fens-
offense,/ə'fɛns/,n. 犯罪，过错；进攻；触怒；引起反感的事物,-fend- = -fens-
offensive,/ə'fensɪv/,adj. 攻击的；冒犯的；无礼的；讨厌的 n. 攻势；攻击,-fend- = -fens-
inoffensive,/ɪnə'fensɪv/,adj. 不触犯人的；无害的；没恶意的,-fend- = -fens-
offensively,/ə'fɛnsɪvli/,adv. 冒犯地；讨厌地,-fend- = -fens-
offensiveness,/ə'fɛnsɪvnɪs/,n. 冒犯；令人讨厌；进攻,-fend- = -fens-
sex-offender,/seks-ə'fendə(r)/,n. 性犯罪者,-fend- = -fens-
create,/kriː'eɪt/,vt. 创造，创作；造成,-cre- = -cresc- = -cret-
creation,/kriː'eɪʃ(ə)n/,n. 创造，创作；创作物，产物,-cre- = -cresc- = -cret-
creationism,/kriː'eɪʃ(ə)nɪz(ə)m/,n. 特别创造说；创造宇宙说,-cre- = -cresc- = -cret-
creator,/kriː'eɪtə/,n. 创造者；创建者,-cre- = -cresc- = -cret-
creative,/kriː'eɪtɪv/,adj. 创造性的,-cre- = -cresc- = -cret-
creativity,"/,kriːeɪ'tɪvɪtɪ/",n. 创造力；创造性,-cre- = -cresc- = -cret-
creatively,/kri'eitivli/,adv. 创造性地；有创造力地,-cre- = -cresc- = -cret-
creativeness,/krɪ'etɪvnɪs/,n. 创造性；才思,-cre- = -cresc- = -cret-
created,/krɪ'eɪtɪd/,adj. 创造的；引起的,-cre- = -cresc- = -cret-
creature,/'kriːtʃə/,n. 动物，生物；人；创造物,-cre- = -cresc- = -cret-
creaturely,/'kritʃɚli/,adj. 动物或人特有的；动物或人的,-cre- = -cresc- = -cret-
uncreated,/ʌnkriː'eɪtɪd/,adj. 尚未产生的；非创造的；未被创造的；自存的；永存的,-cre- = -cresc- = -cret-
uncreative,/'ʌnkri'eitiv/,adj. 缺乏创造性的；枯燥无味的,-cre- = -cresc- = -cret-
creative-writing,/kriː'eɪtɪv-'raɪtɪŋ/,n. 创意写作；创造性写作,-cre- = -cresc- = -cret-
co-creator,/kəu-kriː'eɪtə/,n. 共同创造者,-cre- = -cresc- = -cret-
co-creation,/kəu-kriː'eɪʃ(ə)n/,n. 共同创造,-cre- = -cresc- = -cret-
self-created,"/,selfkri:'eitid/",adj. 自创的；自行设立的,-cre- = -cresc- = -cret-
newly-created,/'njuːlɪ-kri:'eitid/,adj. 新创的,-cre- = -cresc- = -cret-
re-create,"/,rikri'et/",vt. 重新创作；改造；改制,-cre- = -cresc- = -cret-
re-creative,/'rɛkritɪv/,adj. 消遣的；适合休养的；恢复精神的,-cre- = -cresc- = -cret-
recreate,/riːkrɪ'eɪt/,vi. 娱乐；消遣 vt. 再创造；使得到娱乐/消遣,-cre- = -cresc- = -cret-
recreative,/'rɛkritɪv/,adj. 消遣的；适合休养的；恢复精神的,-cre- = -cresc- = -cret-
recreation,"/,rekrɪ'eɪʃ(ə)n/",n. 娱乐；消遣；休养,-cre- = -cresc- = -cret-
recreational,/rekrɪ'eɪʃənl/,adj. 娱乐的，消遣的；休养的,-cre- = -cresc- = -cret-
increase,/ɪn'kriːs/,n. 增加，增长；提高 vi. 增加，增大；繁殖 vt. 增加，加大,-cre- = -cresc- = -cret-
increment,/'ɪŋkrɪm(ə)nt/,n. [数] 增量；增加；增额；盈余,-cre- = -cresc- = -cret-
incremental,"/,ɪnkrɪ'mentəl/",adj. 增加的，增值的,-cre- = -cresc- = -cret-
incrementally,"/,inkri'məntəli/",adv. 递增地；增值地,-cre- = -cresc- = -cret-
incrementalism,"/,ɪnkrə'mɛntl,ɪzəm/",n. 递增论；渐进主义（指政治和社会改革方面）,-cre- = -cresc- = -cret-
increased,/ɪn'kriːst/,adj. 增强的（increase 的过去分词）,-cre- = -cresc- = -cret-
increasing,/ɪn'kriːsɪŋ/,adj. 越来越多的，渐增的,-cre- = -cresc- = -cret-
increasingly,/ɪn'kriːsɪŋlɪ/,adv. 越来越多地；渐增地,-cre- = -cresc- = -cret-
ever-increasing,/'evə in'kri:siŋ/,adj. 不断增长的,-cre- = -cresc- = -cret-
decrease,/dɪ'kriːs/,n. 减少，减小；减少量 vi. 减少，减小 vt. 减少，减小,-cre- = -cresc- = -cret-
decrement,/'dekrɪm(ə)nt/,n. 渐减；减缩；衰减率,-cre- = -cresc- = -cret-
decreased,/dɪ'kriːsd/,adj. 减少的,-cre- = -cresc- = -cret-
decreasing,/dɪ'kriːsɪŋ/,adj. 渐减的,-cre- = -cresc- = -cret-
crescent,/'kresənt/,n. 新月；新月状物；伊斯兰教的标记；土耳其的新月形国徽 adj. 新月形的；逐渐增加的,-cre- = -cresc- = -cret-
crescendo,/krɪ'ʃendəʊ/,n. 声音渐增 adv. 渐次加强地 adj. 渐强的 vi. 音量逐渐增强,-cre- = -cresc- = -cret-
crescent-shaped,/'kresənt-ʃeɪpt/,adj. 新月形的,-cre- = -cresc- = -cret-
increscent,/ɪn'kresənt/,adj. 增大的；渐盈的（月）,-cre- = -cresc- = -cret-
decrescent,/dɪ'kres(ə)nt/,adj. 变小的；渐减的；亏缺的,-cre- = -cresc- = -cret-
decrescendo,"/,diːkrɪ'ʃendəʊ/",n. 渐弱；渐弱音 adj. 渐弱的 adv. 渐弱地,-cre- = -cresc- = -cret-
excrescence,/ɪk'skres(ə)ns/,n. 赘生物；瘤；赘疣；多余的东西,-cre- = -cresc- = -cret-
excrescent,/ɪk'skres(ə)nt/,adj. 多余的；异常生长的,-cre- = -cresc- = -cret-
concrete,/'kɒŋkriːt/,adj. 混凝土的；实在的，具体的；有形的 vi. 凝结 vt. 使凝固；用混凝土修筑,-cre- = -cresc- = -cret-
concretely,/'kɑnkrɪtli/,adv. 具体地,-cre- = -cresc- = -cret-
concreteness,/'kɑnkritnəs/,n. 具体；具体性；确实,-cre- = -cresc- = -cret-
concretion,/kən'kriːʃ(ə)n/,n. 结石；凝固；凝固物,-cre- = -cresc- = -cret-
concretive,/kɒn'kriːtɪv/,adj. 凝结性的；有凝固力的,-cre- = -cresc- = -cret-
concretize,/'kɒŋkrɪtaɪz/,vt. 使有形化；使具体化,-cre- = -cresc- = -cret-
concretization,"/kɔn,kri:tai'zeiʃən/",n. 具体化,-cre- = -cresc- = -cret-
concrete-block,/'kɒŋkriːt-blɒk/,n. 混凝土砌块；混凝土砖；混凝土趸；水泥砖,-cre- = -cresc- = -cret-
poured-concrete,/pɔːd-'kɒŋkriːt/,n. 灌浇混凝土,-cre- = -cresc- = -cret-
accrete,/ə'kriːt/,vi. 合生；增大生长；依附 vt. 使依附；使连接；把…吸引过来 adj. 合生的；增积的,-cre- = -cresc- = -cret-
accretion,/ə'kriːʃ(ə)n/,n. 添加；增加物；连生；冲积层,-cre- = -cresc- = -cret-
excrete,/ɪk'skriːt/,vt. 排泄；分泌,-cre- = -cresc- = -cret-
excreta,/ɪk'skriːtə/,n. 排泄物，分泌物,-cre- = -cresc- = -cret-
excretion,/ɪk'skriːʃ(ə)n/,n. 排泄，排泄物；分泌，分泌物,-cre- = -cresc- = -cret-
excretory,/ɪk'skriːtərɪ/,adj. 排泄的，分泌的；有排泄功能的 n. 排泄器官,-cre- = -cresc- = -cret-
excrement,/'ekskrɪm(ə)nt/,n. 粪便，排泄物,-cre- = -cresc- = -cret-
excremental,"/,ekskri'mentəl/",adj. 粪便的；排泄物的,-cre- = -cresc- = -cret-
excrementitious,/ekskrəmən'tiʃəs/,adj. 粪便的；排泄物的,-cre- = -cresc- = -cret-
procreate,/'prəʊkrɪeɪt/,vi. 生育（子女） ；产生 vt. 生殖,-cre- = -cresc- = -cret-
procreation,"/,prokrɪ'eʃən/",n. 生殖；生产,-cre- = -cresc- = -cret-
procreative,"/'prokrɪ,etɪv/",adj. 生产的，生殖的；有生殖力的,-cre- = -cresc- = -cret-
crease,/kriːs/,n. 折痕；折缝 vi. 起皱 vt. 弄皱；使起折痕,-cre- = -cresc- = -cret-
creased,/kri:st/,adj. 有折痕的；有皱纹的,-cre- = -cresc- = -cret-
percent,/pə'sent/,n. 百分比，百分率；部分；百分数 adj. 百分之…的 adv. 以百分之…地,-cent-
percentage,/pə'sentɪdʒ/,n. 百分比；百分率，百分数,-cent-
percentile,/pə'sentaɪl/,adj. 百分率的；按百等分排列的 n. 百分位,-cent-
high-percentage,/haɪ-pə'sentɪdʒ/,n. 百分率很高,-cent-
percentage-point,/pə'sentɪdʒ-pɒɪnt/,n. [统计] 百分点,-cent-
centenary,/sen'tiːnərɪ/,n. 一百年；百年纪念 adj. 一百年的,-cent-
centennial,/sen'tenɪəl/,adj. 一百年的 n. 百年纪念,-cent-
bicentennial,/baɪsen'tenɪəl/,n. 二百周年纪念 adj. 二百周年的,-cent-
centenarian,"/,sentɪ'neərɪən/",adj. 百岁或逾百岁以上的 n. 百岁或逾百岁以上的人,-cent-
sesquicentennial,"/,seskwɪsen'tenɪəl/",adj. 一百五十（周）年的 n. 一百五十周年纪念,-cent-
quincentennial,/kwɪnsen'tenɪrl/,adj. 五百年的；第五百年的,-cent-
quincentenary,"/,kwɪnsen'tiːn(ə)rɪ/",n. 第五百周年 adj. 第五百周年的,-cent-
century,/ˈsentʃərɪ/,n. 世纪，百年；（板球）一百分,-cent-
centuries-old,/ˈsentʃərɪs-əʊld/,adj. 悠久的,-cent-
century-long,/ˈsentʃərɪ-lɒŋ/,adj. 百年的；长达一个世纪的,-cent-
centuries-long,/ˈsentʃərɪs-lɒŋ/,adj. 长达几个世纪的,-cent-
half-century,/hɑːf-ˈsentʃərɪ/,n. 半个世纪,-cent-
half-century-old,/hɑːf-ˈsentʃərɪ-əʊld/,adj. 半个世纪之久的,-cent-
turn-of-the-century,/tɜːn-ɒv-ðə-ˈsentʃərɪ/,adj. 世纪之交；19 世纪与 20 世纪转换交替时期,-cent-
mid-century,/mɪd-ˈsentʃərɪ/,n. 世纪中叶,-cent-
quarter-century,/'kwɔːtə-ˈsentʃərɪ/,n. 四分之一世纪,-cent-
first-century,/fɜːst-ˈsentʃərɪ/,n. 一世纪,-cent-
second-century,/'sek(ə)nd-ˈsentʃərɪ/,n. 二世纪,-cent-
third-century,/θɜːd-ˈsentʃərɪ/,n. 三世纪,-cent-
fourth-century,/fɔːθ-ˈsentʃərɪ/,n. 四世纪,-cent-
fifth-century,/fɪfθ-ˈsentʃərɪ/,n. 五世纪,-cent-
sixth-century,/sɪksθ-ˈsentʃərɪ/,n. 六世纪,-cent-
seventh-century,/'sev(ə)nθ-ˈsentʃərɪ/,n. 七世纪,-cent-
eighth-century,/eɪtθ-ˈsentʃərɪ/,n. 八世纪,-cent-
ninth-century,/'naɪnθ-ˈsentʃərɪ/,n. 九世纪,-cent-
tenth-century,/tenθ-ˈsentʃərɪ/,n. 十世纪,-cent-
eleventh-century,/ɪ'lev(ə)nθ-ˈsentʃərɪ/,n. 十一世纪,-cent-
twelfth-century,/twelfθ-ˈsentʃərɪ/,n. 十二世纪,-cent-
thirteenth-century,/'θɜːtiːnθ-ˈsentʃərɪ/,n. 十三世纪,-cent-
fourteenth-century,/'fɔː'tiːnθ-ˈsentʃərɪ/,n. 十四世纪,-cent-
fifteenth-century,/fɪf'tiːnθ-ˈsentʃərɪ/,n. 十五世纪,-cent-
sixteenth-century,/'sɪks'tiːnθ-ˈsentʃərɪ/,n. 十六世纪,-cent-
seventeenth-century,"/,sevən'tiːnθ-ˈsentʃərɪ/",n. 十七世纪,-cent-
eighteenth-century,/'eɪ'tiːnθ-ˈsentʃərɪ/,n. 十八世纪,-cent-
mid-eighteenth-century,/mɪd-'eɪ'tiːnθ-ˈsentʃərɪ/,n. 十八世纪中叶,-cent-
late-eighteenth-century,/leɪt-'eɪ'tiːnθ-ˈsentʃərɪ/,n. 十八世纪晚期,-cent-
early-nineteenth-century,/'ɜːlɪ-'naɪn'tiːnθ-ˈsentʃərɪ/,n. 十九世纪早期,-cent-
mid-nineteenth-century,/mɪd-'naɪn'tiːnθ-ˈsentʃərɪ/,n. 十九世纪中叶,-cent-
late-nineteenth-century,/leɪt-'naɪn'tiːnθ-ˈsentʃərɪ/,n. 十九世纪晚期,-cent-
twentieth-century,/ˈtwentɪəθ-ˈsentʃərɪ/,n. 二十世纪,-cent-
early-twentieth-century,/'ɜːlɪ-ˈtwentɪəθ-ˈsentʃərɪ/,n. 二十世纪早期,-cent-
mid-twentieth-century,/mɪd-ˈtwentɪəθ-ˈsentʃərɪ/,n. 二十世纪中叶,-cent-
late-twentieth-century,/leɪt-ˈtwentɪəθ-ˈsentʃərɪ/,n. 二十世纪晚期,-cent-
twenty-first-century,/'twenti'fə:st-ˈsentʃərɪ/,n. 二十一世纪,-cent-
centigrade,/'sentɪgreɪd/,adj. 摄氏的；[仪] 摄氏温度的；百分度的,-cent-
centipede,/'sentɪpiːd/,n. [无脊椎][中医] 蜈蚣,-cent-
centuple,/'sentjʊp(ə)l/,adj. 百倍的 vt. 增加百倍,-cent-
centigram,/'sentɪgræm/,n. [计量] 厘克,-cent-
centiliter,"/'sɛntə,litɚ/",n. [计量] 厘升，公勺,-cent-
centimeter,/ˈsentɪmiːtə(r)/,n. [计量] 厘米；[计量] 公分,-cent-
cent,/sent/,n. 分；一分的硬币；森特（等于半音程的百分之一）,-cent-
half-cent,/hɑːf-sent/,n. (美国 1793～1857 年间使用的)半美分铜币,-cent-
trecento,/treɪ'tʃentəʊ/,n. （意）十四世纪；十四世纪的意大利文艺,-cent-
centurion,/sen'tjʊərɪən/,n. 百夫长；百人队队长,-cent-
sign,/saɪn/,n. 迹象；符号；记号；手势；指示牌 vi. 签署；签名,-sign-
signal,/'sɪgn(ə)l/,n. 信号；暗号；导火线 vt. 标志；用信号通知；表示,-sign-
signaling,/'sɪɡnəlɪŋ/,n. 发信号；打信号,-sign-
signal-to-noise,/'signə:ltə'nɔiz/,n. 信噪比,-sign-
signer,/'saɪnɚ/,n. 签名者；用手势示意者,-sign-
signet,/'sɪgnɪt/,n. 印；图章 vt. 盖章于,-sign-
signage,/'saɪnɪdʒ/,n. 引导标示,-sign-
signing,/'saɪnɪŋ/,n. 签署；签字,-sign-
signed,/saɪnd/,adj. 有符号的；已签字的；有正负之分的,-sign-
unsigned,/ʌn'saɪnd/,adj. 无符号的；未签名的,-sign-
co-sign,"/'kəʊ,saɪn/",vt. 共同签署；连署保证,-sign-
book-signing,/bʊk-'saɪnɪŋ/,n. 签名售书；签书会,-sign-
sign-language,/saɪn-'læŋgwɪdʒ/,n. 手语；符号语言,-sign-
undersigned,/ʌndə'saɪnd/,adj. 下面签名的；签过字的,-sign-
insignia,/ɪn'sɪgnɪə/,n. 记号，标志；徽章；荣誉,-sign-
signpost,/'saɪnpəʊst/,n. 路标；指示牌,-sign-
signboard,/'saɪnbɔːd/,n. 布告板，[贸易] 招牌,-sign-
sign-off,/'saɪnɔf/,n. 广播完毕；签署同意,-sign-
signify,/'sɪgnɪfaɪ/,vt. 表示；意味；预示 vi. 有重要性；要紧；冒充内行,-sign-
signifier,/'sɪɡnɪfaɪɚ/,n. 信号物，记号；表示者,-sign-
signification,"/,sɪgnɪfɪ'keɪʃ(ə)n/",n. 意义；表示,-sign-
significance,/sɪg'nɪfɪk(ə)ns/,n. 意义；重要性；意思,-sign-
significant,/sɪg'nɪfɪk(ə)nt/,adj. 重大的；有意义的；意味深长的 n. 象征；有意义的事物,-sign-
significantly,/sɪg'nɪfɪk(ə)ntlɪ/,adv. 显著地；相当数量地,-sign-
nonsignificant,"/,nɒnsɪɡ'nɪfɪkənt/",adj. 无意义的；无足轻重的；不重要的,-sign-
insignificant,/ɪnsɪg'nɪfɪk(ə)nt/,adj. 无关紧要的,-sign-
insignificantly,/ɪnsɪg'nɪfɪk(ə)ntli/,adv. 无关紧要地,-sign-
insignificance,"/,ɪnsɪg'nɪfəkəns/",n. 无意义；不重要；无价值,-sign-
signatory,/'sɪgnətʃə/,adj. 签署的；签约的 n. （正式协定的）签约国；签名人,-sign-
signature,/'sɪgnətʃə/,n. 署名；签名；信号,-sign-
design,/dɪ'zaɪn/,vt. 设计；计划；构思 n. 设计；图案 vi. 设计,-sign-
designer,/dɪ'zaɪnə/,n. 设计师； 谋划者 adj. 由设计师专门设计的； 享有盛名的； 赶时髦的,-sign-
designee,"/,dezɪɡ'niː/",n. 被指派者；被任命者,-sign-
designed,/dɪ'zaɪnd/,adj. 有计划的，原意的；故意的,-sign-
designing,/dɪ'zaɪnɪŋ/,adj. 有计划的；狡猾的 n. 设计；阴谋,-sign-
redesign,/riːdɪ'zaɪn/,vt. 重新设计 n. 重新设计；新设计,-sign-
redesigned,/riːdɪ'zaɪnd/,adj. 重新设计的；修订的,-sign-
interior-design,/ɪn'tɪɜːrɪə-dɪ'zaɪn/,n. 室内设计；[建] 室内装饰；[建] 内部装饰业,-sign-
well-designed,/'weldi'zaind/,adj. 精心设计的；设计巧妙的,-sign-
self-designed,/self-di'zaind/,adj. 自己设计的；自己创制的,-sign-
pre-design,/pri-dɪ'zaɪn/,n. 设计前,-sign-
custom-designed,/'kʌstəm-di'zaind/,adj. 专门设计的；定做的,-sign-
undersign,"/,ʌndə'saɪn/",vt. 签名于末尾；在…的下面签名,-sign-
underdesign,/ʌndədi'zain/,n. 欠安的全设计,-sign-
designate,/'dezɪgneɪt/,vt. 指定；指派；标出；把…定名为 adj. 指定的；选定的,-sign-
designated,"/'dɛzɪg,netɪd/",adj. 指定的；特指的,-sign-
designation,/dezɪg'neɪʃ(ə)n/,n. 指定；名称；指示；选派,-sign-
undesignated,"/ʌn'dɛzɪg,netɪd/",adj. 未指定的,-sign-
self-designated,"/'dɛzɪg,netɪd/",adj. 指定的；特指的,-sign-
resign,/rɪ'zaɪn/,vt. 辞职；放弃；委托；使听从 vi. 辞职 n. 辞去职务,-sign-
resignation,/rezɪg'neɪʃ(ə)n/,n. 辞职；放弃；辞职书；顺从,-sign-
resigned,/rɪ'zaɪnd/,adj. 顺从的；已辞职的；己放弃的,-sign-
resignedly,/rɪ'zaɪnɪdli/,adv. 听从地；服从地,-sign-
assign,/ə'saɪn/,vt. 分配；指派；[计][数] 赋值 vi. 将财产过户（尤指过户给债权人）,-sign-
assigned,/əˈsaɪnd/,adj. 指定的；已分配的,-sign-
unassigned,/ʌnə'saɪnd/,adj. 未派职务的；未赋值的,-sign-
pre-assigned,"/,pri:ə'saind/",adj. 预先指定的，预先分派的；[计] 预先分配的,-sign-
reassign,/riːə'saɪn/,vt. 再分配；再指定,-sign-
assignation,/æsɪg'neɪʃ(ə)n/,n. 分配；约会；指定；[经] 转让,-sign-
assignment,/ə'saɪnm(ə)nt/,n. 分配；任务；作业；功课,-sign-
assignable,/ə'saɪnəbl/,adj. [经] 可分配的；可指定的；可让渡的,-sign-
consign,/kən'saɪn/,vt. 交付；托运；寄存；把…委托给,-sign-
consignment,/kən'saɪnm(ə)nt/,n. 委托；运送；托付物,-sign-
consignation,"/,kɑnsɪg'neʃən/",n. 委托,-sign-
consignee,"/,kɒnsaɪ'niː/",n. 收件人；受托者；承销人,-sign-
consigner,/kən'saɪnɚ/,n. 发货人；委托人；寄售人,-sign-
consignor,/kən'saɪnə/,n. 发货人；货主；委托者,-sign-
ensign,/ˈensən/,n. 旗；海军少尉；徽章,-sign-
doc,/dɒk/,n. 医生,-doc-，-doct-
doctor,/dɔktə/,vt. 修理；篡改，伪造；为…治病；授以博士学位 n. 医生；博士,-doc-，-doct-
doctoring,/'dɑktɚrɪŋ/,n. 刮除；医治,-doc-，-doct-
doctorate,/'dɔktərit/,n. 博士衔，博士学位,-doc-，-doct-
doctoral,/'dɔktərəl/,adj. 博士的；博士学位的；有博士学位的 n. 博士论文,-doc-，-doct-
postdoctoral,/pəʊs(t)'dɒkt(ə)r(ə)l/,adj. 博士后的；博士学位取得后的,-doc-，-doct-
postdoc,"/,pəust'dɔk/",adj. 博士后（等于 postdoctoral）,-doc-，-doct-
predoctoral,"/'pri,fɛktʃərəl/",adj. 博士前的（指攻读博士学位或从事博士前工作的）,-doc-，-doct-
doctor-patient,/dɔktə-'peɪʃ(ə)nt/,n. 医患,-doc-，-doct-
doctoral-level,/dɔktə-'lev(ə)l/,n. 博士级别,-doc-，-doct-
document,/'dɒkjʊm(ə)nt/,n. 文件， 公文；[计] 文档； 证件 vt. 用文件证明,-doc-，-doct-
documental,"/,dɔkju'mentəl/",adj. 文件的，公文的,-doc-，-doct-
documentary,"/,dɔkju'mentəri/",adj. 记录的；文件的；记实的 n. 纪录片,-doc-，-doct-
documentation,"/,dɒkjʊmen'teɪʃ(ə)n/","n. 文件, 证明文件, 史实, 文件编制",-doc-，-doct-
documented,/'dɒkjʊm(ə)ntɪd/,adj. 备有证明文件的,-doc-，-doct-
undocumented,/ʌn'dɒkjʊmentɪd/,adj. 无事实证明的；无正式文件的,-doc-，-doct-
documentary-style,"/,dɔkju'mentəri-staɪl/",n. 纪实风格,-doc-，-doct-
well-documented,/'wel'dɔkjumentid/,adj. 证据充分的,-doc-，-doct-
docudrama,"/'dɒkjʊ,drɑːmə/",n. 文献电视片，文献片,-doc-，-doct-
doctrine,/'dɔktrin/,n. 教义，教旨，教条，主义,-doc-，-doct-
doctrinal,/dɔk'trainəl/,adj. 学说的，教义的；教诲的,-doc-，-doct-
doctrinally,/dɔk'trainəli/,adv. 教条地,-doc-，-doct-
doctrinaire,"/,dɔktri'nεə/",adj. 教条主义的；空谈理论的 n. 教条主义者；空论家，纯理论家,-doc-，-doct-
indoctrinate,/ɪn'dɒktrɪneɪt/,vt. 灌输；教导,-doc-，-doct-
indoctrination,"/ɪn,dɑktrɪ'neʃən/",n. 教化；教导,-doc-，-doct-
docile,/'dəusail/,adj. 温顺的，驯服的；容易教的,-doc-，-doct-
docilely,/'dɔsaili/,adv. 听话地；温顺地,-doc-，-doct-
docility,/dəu'siləti/,n. 容易管教，驯良,-doc-，-doct-
indocile,/in'dəusail/,adj. 不顺从的；不听话的；难教的,-doc-，-doct-
indocility,"/,indəu'siləti/",n. 难教；不顺从,-doc-，-doct-
docent,/dəu'sent/,n. 讲师；讲解员,-doc-，-doct-
militia,/mi'liʃə/,n. 民兵组织；自卫队；义勇军；国民军,-milit-
militiaman,/mɪ'lɪʃəmən/,n. 民兵；民兵组织,-milit-
military,/'mɪlɪt(ə)rɪ/,adj. 军事的；军人的；适于战争的 n. 军队；军人,-milit-
militarily,"/,mɪlɪ'tɛərɪli/",adv. 在军事上；从军事角度；以武力；以军事行动,-milit-
militarism,"/'militə,rizəm/",n. 军国主义；尚武精神，好战态度；职业军人的精神,-milit-
militarist,/'militərist/,n. 军事家；军国主义者,-milit-
militaristic,"/,militə'ristik/",adj. 军国主义的,-milit-
militarize,"/'milətə,raiz/",vt. 使军事化，使军国主义化,-milit-
militarized,"/,mili'tεərizd/",adj. 军事化的；军国主义化的,-milit-
militarization,"/,mɪlɪtərɪ'zeʃən/",n. 军事化；军国主义化；黩武主义的提倡,-milit-
remilitarization,"/,riːmɪlɪtəraɪ'zeɪʃən/",n. 重新武装,-milit-
demilitarize,"/,di:'militəraiz/",vt. 解除武装；使非军事化,-milit-
demilitarization,"/'di,mɪlɪtərɪ'zeʃən/",n. 非军事化；废除军备；解除武装,-milit-
anti-military,/'æntɪ'mɪlɪt(ə)rɪ/,n. 裁军主义,-milit-
antimilitarism,"/,ænti'militərizəm/",n. 反军国主义,-milit-
militant,/'militənt/,adj. 好战的 n. 富有战斗性的人；好斗者；激进分子,-milit-
militantly,/'militəntli/,adv. 好战地；好斗地；强硬地,-milit-
militancy,/'militənsi/,n. 战斗性，好战，交战状态,-milit-
hypermilitant,"/,haipə'militənt/",adj. 极度好战的,-milit-
military-style,/'mɪlɪt(ə)rɪ-staɪl/,n. 军式设计,-milit-
military-grade,/'mɪlɪt(ə)rɪ-greɪd/,n. 军用等级,-milit-
military-political,/'mɪlɪt(ə)rɪ-pə'lɪtɪk(ə)l/,n. 军政,-milit-
military-industrial,/'mɪlɪt(ə)rɪ-ɪn'dʌstrɪəl/,n. 军事工业复合体,-milit-
military-dominated,/'mɪlɪt(ə)rɪ-'dɔmineitid/,adj. 军队主导的,-milit-
ex-military,/iks-'mɪlɪt(ə)rɪ/,n. 前军事,-milit-
pro-military,/prəʊˈmɪlɪtərɪ/,adj. 亲军方的,-milit-
non-military,/nɔn-ˈmɪlɪtərɪ/,adj. 非军事的,-milit-
quasi-military,/'kwɑ:sai'militəri/,adj. 准军事的,-milit-
civilian-military,/sɪ'vɪlj(ə)n-'mɪlɪt(ə)rɪ/,n. 军民协调,-milit-
politico-military,"/pə,litikəu'mili,teri/",adj. 政治军事的,-milit-
paramilitary,"/,pærə'mɪlɪt(ə)rɪ/",adj. 准军事的；辅助军事的 n. 准军事部队,-milit-
militate,/'mɪlɪteɪt/,vi. 有影响；产生作用,-milit-
centre,/'sentə/,vi. 以…为中心 vt. 集中；将…放在中央 n. 中心 adj. 中央的,-centr-
centric,/'sentrɪk/,adj. 中央的，中心的,-centr-
centricity,/sen'trɪsətɪ/,n. 中心；中心性,-centr-
centrist,/'sentrɪst/,n. 中立派议员；中间派议员,-centr-
centroid,/'sentrɒɪd/,n. 图心,-centr-
centrism,/'sentrɪzəm/,n. 温和主义，中间路线；中间派的政策,-centr-
centrum,/'sentrəm/,n. [解剖] 椎体；[解剖] 中枢，中心；震源地,-centr-
acentric,/e'sɛntrɪk/,adj. 离心的；无中心的；[遗] 无着丝粒的,-centr-
Eurocentric,"/,juərəu'sentrik/",adj. （英）以欧洲为中心的；主要与欧洲有关的,-centr-
afrocentric,"/,æfrəu'sentrik/",adj. 非洲中心主义的；关心非洲问题的,-centr-
anthropocentric,/ænθrəpə'sentrɪk/,adj. 以人类为中心的；以人类观点解释宇宙万物的,-centr-
anthropocentrism,"/,ænθrəpə'sɛntrɪzəm/",n. 人类本位说；人类中心说,-centr-
logocentric,"/,lɔɡəu'sentrik/",adj. 以理性为中心的,-centr-
heliocentric,"/,hiːlɪə(ʊ)'sentrɪk/",adj. [天] 以太阳为中心的,-centr-
phallocentric,/ˌfæləʊˈsɛntrɪk/,adj. 男权中心的,-centr-
androcentric,"/,æ ndrə(ʊ)'sentrɪk/",adj. 以男性为主的,-centr-
theocentric,"/,θɪə(ʊ)'sentrɪk/",adj. 以上帝为中心的；以神为中心的,-centr-
ethnocentric,"/,eθnə(ʊ)'sentrɪk/",adj. 种族优越感的；民族中心主义的,-centr-
ethnocentrism,"/,eθnəʊ'sentrɪzəm/",n. 民族优越感,-centr-
ecocentric,/ˌiːkəʊˈsɛntrɪk/,adj. 生态中心的,-centr-
egocentric,"/,egə(ʊ)'sentrɪk/",adj. [心理] 自我中心的；利己主义的 n. 利己主义者,-centr-
egocentricity,"/,eɡəusen'trisəti/",n. 自我中心；自私自利,-centr-
egocentrism,"/,i:ɡəu'sentrizəm/",n. 唯我主义；利己主义,-centr-
biocentric,/'baɪəʊ'sentrɪk/,adj. 以生物为中心的,-centr-
central,/'sentr(ə)l/,adj. 中心的；主要的；中枢的,-centr-
centrally,/'sɛntrəli/,adv. 在中心,-centr-
centralist,/'sɛntrəlɪst/,n. 中央集权主义者 adj. 拥护中央集权的,-centr-
centralism,/'sentr(ə)lɪz(ə)m/,n. 中央集权制；中央集权主义,-centr-
subcentral,"/,sʌb'sentrəl/",adj. 子中心的；接近中心点的；位于中心点下的,-centr-
centralise,/'sentrəlaɪz/,vt. 把…集中起来；形成中心,-centr-
centralize,/'sɛntrəlaɪz/,vt. 使集中；使成为…的中心；使集权 vi. 集中；实行中央集权,-centr-
centralized,/'sentrəlaɪzd/,adj. 集中的；中央集权的,-centr-
centrality,/sen'trælətɪ/,n. 中心；中央；向心性,-centr-
centralization,"/,sɛntrəlɪ'zeʃən/",n. 集中化；中央集权管理,-centr-
central-city,/'sentr(ə)l-'sɪtɪ/,n. 大城市的中心区；闹市区,-centr-
central-place,/'sentr(ə)l-pleɪs/,n. 中心地带,-centr-
decentre,/di:'sentə/,vt.（使）离开中心,-centr-
decentralize,/di:'sentrə'laɪz/,vt. 使分散；使分权；疏散 vi. 分散集权；疏散 n. 分散,-centr-
decentralized,"/di'sɛntrəl,aɪz/",adj. 分散的；分散化，分散式；分散管理的；去中心化,-centr-
decentralization,"/diː,sentrəlaɪ'zeɪʃən/",n. 分散；非集权化； （人口、工业等的）疏散,-centr-
concentrate,/'kɒns(ə)ntreɪt/,vi. 集中；浓缩；全神贯注；聚集 vt. 集中；浓缩,-centr-
concentration,/kɒns(ə)n'treɪʃ(ə)n/,n. 浓度；集中；浓缩；专心；集合,-centr-
concentrator,"/'kɑnsɛn,tretɚ/",n. [通信][计] 集中器；[电][通信] 集线器；集中者,-centr-
concentrated,/'kɒnsntreɪtɪd/,adj. 集中的；浓缩的；全神贯注的,-centr-
concentrative,/'kɒnsəntreɪtɪv/,adj. 集中性的；专心的；浓缩的,-centr-
concentric,/kən'sentrɪk/,adj. 同轴的；同中心的,-centr-
concentricity,/kɑnsɛn'trɪsɪti/,n. 同心；集中性,-centr-
eccentric,/ɪk'sentrɪk/,adj. 古怪的，反常的 n. 古怪的人,-centr-
eccentricity,"/,eksen'trɪsɪtɪ/",n. 古怪；怪癖；[数] 离心率,-centr-
eccentrically,/ɪk'sɛntrɪkli/,adv. 反常地；离开中心,-centr-
centrifuge,/'sentrɪfjuːdʒ/,vt. 用离心机分离；使…受离心作用,-centr-
centrifugal,"/,sentrɪ'fjuːg(ə)l/",adj. [力]离心的；远中的 n. 离心机；转筒,-centr-
centrifugalize,/sen'trɪfjʊɡəlaɪz/,vt. 使受离心作用,-centr-
centrifugation,"/sen,trɪfjʊ'ɡeɪʃən/",n. 离心分离,-centr-
centripetal,"/,sentrɪ'piːt(ə)l/",adj. 向心的；利用向心力的,-centr-
centroplasm,/'sentrəplæzəm/,n.中心质,-centr-
centrosphere,"/'sentrə,sfɪ(ə)r/",n. [细胞] 中心球；地核,-centr-
centrobaric,"/,sentrəʊ'bærɪk/",adj. [力] 重心的；有重心的,-centr-
geocentric,/dʒiːə(ʊ)'sentrɪk/,adj. 以地球为中心的；由地心开始测量的,-centr-
homocentric,/homo'sɛntrɪk/,adj. 同心的，同圆心的,-centr-
orthocenter,"/'ɔrθə,sɛntɚ/",n. 重心；垂心,-centr-
center,/ˈsentə(r)/,n. 中心，中央；中锋；中心点 vi. 居中，被置于中心 vt. 集中，使聚集在一点；定中心,-centr-
centered,/'sɛntɚd/,adj. 居中的；有圆心的,-centr-
centering,/'sentəriŋ/,n. 置于中心；[机] 定中心,-centr-
decenter,/di:'sentə/,vt. 去中心性；使离心；偏心,-centr-
decentered,/di:'sentəd/,adj. 偏心的,-centr-
decentering,/di'sentəriŋ/,n. 拆除模架；离中心；拆卸拱架,-centr-
epicenter,"/'ɛpɪ,sɛntɚ/",n. 震中；中心,-centr-
supercenter,"/'sjuːpə,sentə/",n.（美）大商店区；特大购物中心,-centr-
multicenter,"/'mʌltɪ,sentə/",n. 多通道,-centr-
centerline,"/'sɛntɚ,laɪn/",n. 中心线,-centr-
centerboard,"/'sentə,bɔːd/",n.（帆船的）[船] 中插板，活动船板,-centr-
centerfield,"/,sentəfiːld/",n. 中场；棒球中外场,-centr-
centerfold,/'sentəfəʊld/,n. （杂志的）裸体照片插页，中间插页,-centr-
centerpiece,/'sentəpi:s/,n. 中心装饰品；放在餐桌中央的摆饰,-centr-
center-left,/'sentə'left/,adj. (政治上)中间偏左的,-centr-
center-right,/'sentə-raɪt/,n. 中右（翼）,-centr-
center-periphery,/'sentə-pə'rɪf(ə)rɪ/,n. 中心－边缘,-centr-
off-center,/'ɔ:f'sentə/,adj. 偏离中央的；不平衡的 adv. 歪斜不正地，不平衡地,-centr-
self-centered,"/,self'sentəd/",adj. 自我中心的；利己主义的,-centr-
self-centeredness,"/,self'sentədnɪs/",n. 自我中心,-centr-
center-based,/'sentə-beɪst/,adj. 中心式的,-centr-
right-of-center,/raɪt-ɒv-'sentə/,adj. 右派的,-centr-
left-of-center,/left-ɒv-'sentə/,adj. 中间偏左的,-centr-
left-center,/left-'sentə/,n. 中间偏左；中间偏左的政党，立场或集团,-centr-
call-center,/kɔːl-'sentə/,n. 呼叫中心,-centr-
front-and-center,/frʌnt-ænd-'sentə/,n. 前沿和中心,-centr-
dead-center,/ded-'sentə/,n. [机] 死点；静点,-centr-
learner-centered,/'lɜːnə-'sɛntɚd/,adj. 以学习者为中心的,-centr-
teacher-centered,/'tiːtʃə-'sɛntɚd/,adj. 以教师为中心,-centr-
male-centered,/meɪl-'sɛntɚd/,adj. 男性中心,-centr-
client-centered,/'klaɪənt-'sɛntɚd/,adj. 以客户为中心,-centr-
person-centered,/'pɜːs(ə)n-'sɛntɚd/,adj. 以人为中心 人中心 以人为本 人本主义,-centr-
human-centered,/'hjuːmən-'sɛntɚd/,adj. 以人为中心；以人为本；人本,-centr-
earth-centered,/ɜːθ-'sɛntɚd/,adj. 地心坐标系,-centr-
woman-centered,/'wʊmən-'sɛntɚd/,adj. 以妇女为中心的,-centr-
problem-centered,/'prɒbləm-'sɛntɚd/,adj. 以问题为中心 问题中心 问题为中心 中心的,-centr-
christ-centered,/kraɪst-'sɛntɚd/,adj. 以基督为中心 基督中心 以基督为中心的讲道,-centr-
issues-centered,/'ɪʃjʊs-'sɛntɚd/,adj. 议题中心,-centr-
subject-centered,/ˈsʌbdʒɪkt-'sɛntɚd/,adj. 学科为中心 学科中心 学习主题为中心 学科本位,-centr-
student-centered,/'stjuːd(ə)nt-'sɛntɚd/,adj. 以学生为中心的,-centr-
child-centered,/tʃaɪld-'sɛntɚd/,adj. 以儿童为中心的,-centr-
family-centered,/ˈfæməlɪ-'sɛntɚd/,adj. 以家庭为中心的,-centr-
final,/'faɪn(ə)l/,adj. 最终的；决定性的；不可更改的 n. 决赛；期末考试,-fin-
finally,/'faɪnəlɪ/,adv. 最后；终于；决定性地,-fin-
finality,/faɪ'nælɪtɪ/,n. 定局；终结；结尾,-fin-
finalist,/'faɪn(ə)lɪst/,n. 参加决赛的选手,-fin-
finalize,/'faɪn(ə)laɪz/,vt. 完成；使结束,-fin-
finalization,/ˌfaɪnələ'zeʃən/,n. 终结，结束；终止化,-fin-
semifinal,"/,semɪ'faɪnəl/",n. 半决赛 adj. 半决赛的,-fin-
quarterfinal,"/,kwɔ:tə'fainəl/",adj. 四分之一决赛的 n. 四分之一决赛,-fin-
affinal,/ə'faɪn(ə)l/,adj. 姻亲的；同源的 n. 姻亲,-fin-
finale,/fɪ'nɑːlɪ/,n. 结局；终曲；最后一场；最后乐章；尾声,-fin-
final-round,/'faɪn(ə)l-raʊnd/,n. 决赛；最终角逐,-fin-
finance,/faɪ'næns/,n. 财政，财政学；金融 vt. 负担经费，供给…经费 vi. 筹措资金,-fin-
financier,/faɪ'nænsɪə/,vi. 欺骗；从事欺骗性金融活动 vt. 对…提供资金 n. 金融家；投资家,-fin-
financial,/faɪ'nænʃ(ə)l/,adj. 金融的；财政的，财务的,-fin-
financially,/faɪ'nænʃəli/,adv. 财政上；金融上,-fin-
financing,/fɪ'nænsɪŋ/,n. 融资；财务；筹措资金,-fin-
refinance,/riː'faɪnæns/,vt. 再供…资金；再为…筹钱,-fin-
refinancing,"/,rifɪ'næns/",n. 发行新债取代旧债；[金融] 重新募集资金,-fin-
financial-aid,/faɪ'nænʃ(ə)l-eɪd/,n. 经济援助；助学金；财政补助,-fin-
financial-planning,/faɪ'nænʃ(ə)l-'plænɪŋ/,n. 财务策划,-fin-
non-financial,/nɔn-faɪ'nænʃ(ə)l/,adj. 非财务性的，非金融类的,-fin-
self-financing,"/,selfi'nænsiŋ/",n. 自筹经费；经费自给,-fin-
self-financed,"/,selfi'nænst/",adj. 自筹资金的,-fin-
well-financed,/'wɛlfɪ'nænst/,adj. 资金充足的,-fin-
government-finance,/ˈgʌvənmənt-faɪ'næns/,n. [财政] 政府财政,-fin-
campaign-finance,/kæm'peɪn-faɪ'næns/,n. 竞选资金；竞选财政,-fin-
personal-finance,/'pɜːs(ə)n(ə)l-faɪ'næns/,n. 个人财务,-fin-
define,/dɪ'faɪn/,vt. 定义；使明确；规定,-fin-
defining,/dɪ'faɪnɪŋ/,adj. 最典型的；起决定性作用的,-fin-
defined,/dɪˈfaɪnd/,adj. 有定义的，确定的；清晰的，轮廓分明的,-fin-
definer,/dɪ'faɪnə/,n. 定义者（define 的名词形式）,-fin-
definite,/'defɪnɪt/,adj. 一定的；确切的,-fin-
definitely,/'defɪnɪtlɪ/,adv. 清楚地，当然；明确地，肯定地,-fin-
definition,/defɪ'nɪʃ(ə)n/,n. 定义；[物] 清晰度；解说,-fin-
definitional,/defɪ'nɪʃ(ə)n(ə)l/,adj. 明确的；定义上的,-fin-
definitive,/dɪ'fɪnɪtɪv/,n. 限定词 adj. 决定性的；最后的；限定的,-fin-
definitively,"/dɪ'fɪnə,tɪvli/",adv. 决定性地；最后地,-fin-
undefined,/ʌndɪ'faɪnd/,adj. 不明确的；未下定义的,-fin-
indefinite,/ɪn'defɪnɪt/,adj. 不确定的；无限的；模糊的,-fin-
indefinitely,/ɪn'defɪnɪtlɪ/,adv. 不确定地，无限期地；模糊地，不明确地,-fin-
definitude,/dɪ'fɪnɪtjuːd/,n. 明确,-fin-
definable,/dɪ'faɪnəbl/,adj. 可下定义的；可确定的；可限定的,-fin-
indefinable,/ɪndɪ'faɪnəb(ə)l/,adj. 难下定义的；难确定的；模糊不清的,-fin-
undefinable,/ʌndi'fainəbl/,adj. 无法定义的；不确定的,-fin-
predefined,"/,pridɪ'faɪnd/",adj. [计] 预先定义的,-fin-
redefine,/riːdɪ'faɪn/,vt. 重新定义,-fin-
redefinition,"/,ridɛfə'nɪʃən/",n. 重新定义,-fin-
redefined,/'ri:di'faind/,adj. 重新定义的,-fin-
high-definition,/'haidefi'niʃən/,adj. 非常鲜明的,-fin-
standard-definition,/'stændəd -defɪ'nɪʃ(ə)n/,n. [计] 标准定义,-fin-
well-defined,/'weldi'faind/,adj. 定义明确的；界限清楚的,-fin-
ill-defined,/'ildi'faind/,adj. 不清楚的；不明确的,-fin-
self-defined,/'selfdi'faind/,adj. 自我界定的,-fin-
self-defining,"/,selfdi'fainiŋ/",adj. 不解自明的，不用解释的，明显的,-fin-
user-defined,/'juːzə-di'faind/,n. 自定义 adj. 由使用者定义的,-fin-
finish,/'fɪnɪʃ/,vt. 完成； 结束； 用完 vi. 结束， 终止； 终结 n. 结束； 完美； 回味 （葡萄酒）,-fin-
finisher,/'fɪnɪʃɚ/,n. 整理工；修整器；决定性的事件；最后优胜者,-fin-
finished,/'fɪnɪʃtid/,adj. 完结的，完成的；精巧的,-fin-
finishing,/'fɪnɪʃɪŋ/,adj. 最后的；终点的 n. 完成，结束；最后的修整,-fin-
unfinished,/ʌn'fɪnɪʃt/,adj. 未完成的,-fin-
half-finished,/hɑːf-'fɪnɪʃt/,adj. 半成品的；半加工的,-fin-
refinish,/riː'fɪnɪʃ/,vt. 整修表面；返工修光,-fin-
prefinished,/pri-'fɪnɪʃtid/,adj. 预加工的；预涂饰的；未加工的 n. 预油实木地板；强化地板,-fin-
finite,/'faɪnaɪt/,adj. 有限的；限定的 n. 有限之物,-fin-
infinity,/ɪn'fɪnɪtɪ/,n. 无穷；无限大；无限距,-fin-
finitude,/'fɪnɪtjuːd/,n. 有限；界限；限制,-fin-
infinite,/'ɪnfɪnət/,adj. 无限的，无穷的 n. 无限；[数] 无穷大,-fin-
infinitely,/'ɪnfɪnɪtlɪ/,adv. 无限地；极其,-fin-
infinitude,/ɪn'fɪnɪtjuːd/,n. 无限；无穷 = limitlessness,-fin-
infinitive,/ɪn'fɪnɪtɪv/,n. 原形，原形动词，不定式 adj. 原形的，不定式的,-fin-
infinitival,"/,ɪnfɪnə'taɪvl/",adj. 不定词的,-fin-
infinitesimal,"/,ɪnfɪnɪ'tesɪm(ə)l/",adj. 无穷小的；无限小的；极小的 n. 无限小；极微量；极小量,-fin-
infinitesimally,/infini'tesiməli/,adv. 极小地,-fin-
finite-element,/'faɪnaɪt-'elɪm(ə)nt/,n. 有限元,-fin-
finial,/'fɪnɪəl/,n. [建] 尖顶饰；顶尖；最高点,-fin-
confine,/kən'faɪn/,n. 界限，边界；约束；限制 vt. 限制；禁闭,-fin-
confinement,/kən'faɪnmənt/,n. 限制；监禁；分娩,-fin-
confining,/kən'faɪnɪŋ/,adj. 受限的，限制的；狭窄的，偏狭的；拘束的,-fin-
confined,/kən'faɪnd/,adj. 狭窄的；幽禁的；有限制的；在分娩中的,-fin-
unconfined,/ʌnkən'faɪnd/,adj. 自由的；松散的；无拘束的,-fin-
refine,/rɪ'faɪn/,vt. 精炼，提纯；改善；使…文雅,-fin-
refinement,/rɪ'faɪnm(ə)nt/,n. 精制；文雅；[化工][油气][冶]提纯,-fin-
refined,/rɪ'faɪnd/,adj. 举止文雅的，有教养的，高雅的,-fin-
unrefined,/ʌnrɪ'faɪnd/,adj. 未提炼的,-fin-
refining,/rɪ'faɪnɪŋ/,n. 精炼；改善,-fin-
refiner,/rɪ'faɪnɚ/,n. 精炼机；精制者，精炼者,-fin-
refinery,/rɪ'faɪn(ə)rɪ/,n. 精炼厂；提炼厂；冶炼厂,-fin-
finis,/'fiːnɪs/,n. 终结；死,-fin-
fan,/fæn/,n.（电影等的）迷,-fan- = -phan-
fancy,/'fænsɪ/,n. 幻想；想象力；爱好 adj. 想象的；奇特的；昂贵的；精选的 vt. 想象；喜爱；设想；自负,-fan- = -phan-
fancier,/'fænsɪə/,n. 爱好者；空想家；育种者,-fan- = -phan-
fancied,/'fænsɪd/,adj. 空想的；虚构的；受喜爱的；被特别爱好的,-fan- = -phan-
fanciful,/'fænsɪ/,adj. 想像的；稀奇的,-fan- = -phan-
fancifully,/'fænsɪfəli/,adv. 梦想地；奇异地；想像地,-fan- = -phan-
fancy-free,/'fænsi'fri:/,adj. 无约束的；天真无邪的；自由想像的；无恋爱对象的,-fan- = -phan-
fantasy,/'fæntəsɪ/,n. 幻想；白日梦；幻觉 adj. 虚幻的 vt. 空想；想像,-fan- = -phan-
fantasist,/'fæntəsɪst/,n. 幻想曲作曲家,-fan- = -phan-
fantasize,/'fæntəsaɪz/,vt. 幻想；想像 vi. 幻想,-fan- = -phan-
fantasia,/fæn'teɪzɪə/,n. 幻想曲；集成曲；幻想作品,-fan- = -phan-
fantasyland,/'fæntəsɪlənd/,n. 梦境,-fan- = -phan-
fantast,/'fæntæst/,n. 幻想家；梦想家；脾气古怪的人,-fan- = -phan-
fantastic,/fæn'tæstɪk/,adj. 奇异的；空想的；异想天开的；古怪的；极好的，极出色的,-fan- = -phan-
fantastical,/fæn'tæstikəl/,adj. 空想的；捕风捉影的,-fan- = -phan-
fantastically,/fæn'tæstɪkli/,adv. 想像中地；奇特地；难以置信地,-fan- = -phan-
fantasticate,/fæn'tæstɪkeɪt/,vt. 使怪诞；使变得荒唐 vi. 幻想,-fan- = -phan-
fanatic,/fə'nætɪk/,n. 狂热入迷者；盲信者；盲信 adj. 狂热的；盲信的,-fan- = -phan-
fanaticism,/fə'nætɪsɪz(ə)m/,n. 狂热，著迷；盲信,-fan- = -phan-
fanatical,/fə'nætɪkəl/,adj. 狂热的,-fan- = -phan-
fanatically,/fə'nætɪkli/,adv. 盲信地；狂热地,-fan- = -phan-
phantasy,/'fæntəsɪ/,n. 幻想；怪念头 vi. 幻想 vt. 想象,-fan- = -phan-
phantasm,/'fæntæz(ə)m/,n. 幻想，幽灵；错觉；空想,-fan- = -phan-
phantasma,/fæn'tæzmə/,n. 幻像，空想,-fan- = -phan-
phantasmal,/fæn'tæzməl/,adj. 幻影的；幽灵的；空想的,-fan- = -phan-
phantasmagoria,"/,fæntæzmə'gɔːrɪə/",n. 魔术幻灯；千变万化的幻景,-fan- = -phan-
phantasmagoric,/fæntæzmə'gɔrɪk/,adj. 幻影似的；变幻不定的；幻想的；幽灵的,-fan- = -phan-
phantasmagorical,"/,fæntæzmə'gɔrikəl/",adj. 幻影似的；变幻无常的,-fan- = -phan-
phantom,/'fæntəm/,n. 幽灵；幻影；虚位 adj. 幽灵的；幻觉的；有名无实的,-fan- = -phan-
diaphanous,/daɪ'æf(ə)nəs/,adj. 透明的；精致的；模糊的,-fan- = -phan-
sycophant,/'sɪkəfænt/,n. 谄媚者；奉承者 adj. 奉承的；拍马的,-fan- = -phan-
ephemeral,/ɪ'fem(ə)r(ə)l/,adj. 短暂的；朝生暮死的 n. 只生存一天的事物,-fan- = -phan-
epiphany,/ɪ'pɪfəni/,n. 对事物真谛的顿悟；主显节（每年一月六日纪念耶稣显灵的节日） ,-fan- = -phan-
epiphanic,"/,epi'fænik/",adj. 顿时领悟的；使人顿悟的；显灵的,-fan- = -phan-
fanfare,/'fænfeə/,n. 吹牛，炫耀；喇叭或号角嘹亮的吹奏声,-fan- = -phan-
depend,/dɪ'pend/,vi. 依赖，依靠；取决于；相信，信赖,-pend- = -pens-
dependant,/dɪ'pend(ə)nt/,n. 家眷；侍从；食客（等于 dependent）,-pend- = -pens-
dependent,/di'pendənt/,adj. 依靠的； 从属的； 取决于…的 n. 依赖他人者； 受赡养者,-pend- = -pens-
dependence,/di'pendəns/,n. 依赖；依靠；信任；信赖,-pend- = -pens-
dependency,/di'pendənsi/,n. 属国；从属；从属物,-pend- = -pens-
dependable,/di'pendəbl/,adj. 可靠的，可信赖的；可信任的,-pend- = -pens-
dependably,/dɪ'pɛndəbli/,adv. 值得信任地,-pend- = -pens-
undependable,/ʌndɪ'pendəb(ə)l/,adj. 靠不住的，不可靠的；不可信赖的,-pend- = -pens-
dependability,"/dɪ,pendə'bɪlətɪ/",n. 可靠性；可信任,-pend- = -pens-
co-dependent,/ˈkəʊdɪˌpɛndənt/,adj. 互相依赖的；共存的,-pend- = -pens-
codependency,/kodɪ'pɛndənsi/,n. 互相依赖,-pend- = -pens-
overdependence,/ˌəʊvədɪˈpɛndəns/,n. 过度依赖,-pend- = -pens-
independent,"/,ɪndɪ'pendənt/",adj. 独立的；单独的；无党派的；不受约束的,-pend- = -pens-
independently,"/,ɪndɪ'pend(ə)ntlɪ/",adv. 独立地；自立地,-pend- = -pens-
independence,/ɪndɪ'pend(ə)ns/,n. 独立性，自立性；自主,-pend- = -pens-
independency,"/,indi'pendənsi/",n. 独立；组合教会制；独立国,-pend- = -pens-
interdepend,"/,intədi'pend/",vi. 互相依赖,-pend- = -pens-
interdependence,"/,intədi'pendəns/",n. 互相依赖,-pend- = -pens-
interdependency,/'ɪntɚdɪ'pɛndənɪ/,n. 互相依赖；相关性,-pend- = -pens-
interdependent,"/,intədi'pendənt/",adj. 相互依赖的；互助的,-pend- = -pens-
age-dependent,/dɪ'pɛndənt/,adj. 依赖年龄的,-pend- = -pens-
time-dependent,/taɪm-dɪ'pɛndənt/,n. 时间依赖；时间相依；按时间的,-pend- = -pens-
drug-dependent,/drʌg-dɪ'pɛndənt/,n. 赖药性,-pend- = -pens-
dose-dependent,/dəʊs-dɪ'pɛndənt/,n. 剂量依赖性,-pend- = -pens-
field-dependent,/fiːld-dɪ'pɛndənt/,adj. 密度依赖的；密度制约的,-pend- = -pens-
density-dependent,/'densɪtɪ-dɪ'pɛndənt/,adj. 密度依赖的；密度制约的,-pend- = -pens-
context-dependent,/'kɒntekst-dɪ'pɛndənt/,adj. [计] 上下文相关的,-pend- = -pens-
temperature-dependent,/temprətʃə(r)-dɪ'pɛndənt/,adj. 与温度有关的，[物] 随温度而变的,-pend- = -pens-
endothelium-dependent,"/,endə(ʊ)'θiːlɪəm-dɪ'pɛndənt/",adj. 内皮依赖的，血管内皮依赖性,-pend- = -pens-
dependent-care,/dɪ'pɛndənt-keə/,n. 亲属护理,-pend- = -pens-
post-independence,"/pəʊst,indi'pendənt/",adj. 独立后的,-pend- = -pens-
semi-independent,"/'semi,indi'pendənt/",adj. 半独立的，半自治的,-pend- = -pens-
pro-independence,"/prəu-,indi'pendənt/",n. 倾向独立；支持独立的人,-pend- = -pens-
pre-independence,"/pri,indi'pendənt/",n. 前依赖,-pend- = -pens-
independent-minded,"/,indi'pendənt-'maɪndɪd/",adj. 有主见的；独立思考的,-pend- = -pens-
independent-counsel,"/,indi'pendənt-'kaʊns(ə)l/",n. 独立检察官；独立委员会；独立顾问,-pend- = -pens-
quasi-independent,"/'kweizai,indi'pendənt/",adj. 拟独立的,-pend- = -pens-
field-independent,"/fiːld,indi'pendənt/",n. 场独立性,-pend- = -pens-
suspend,/sə'spend/,vt. 延缓，推迟；使暂停；使悬浮 vi. 悬浮；禁赛,-pend- = -pens-
suspense,/sə'spens/,n. 悬念；焦虑；兴奋,-pend- = -pens-
suspension,/sə'spenʃən/,n. 悬挂，悬而不决，中止，暂停,-pend- = -pens-
suspensive,/sə'spensiv/,adj. 暂停的；悬而不决的；可疑的；暧昧的,-pend- = -pens-
suspended,/sə'spendid/,adj. 悬浮的；暂停的，缓期的（宣判）,-pend- = -pens-
suspenders,/sə'spɛndɚz/,n. 吊裤带；裤子背带（suspender 的复数）,-pend- = -pens-
suspenseful,/sə'spɛnsfəl/,adj. 悬疑的；令人紧张的；焦急不安的,-pend- = -pens-
full-suspension,/fʊl-sə'spenʃən/,n. 全减震,-pend- = -pens-
append,/ə'pend/,vt. 附加；贴上；盖章 n. 设置数据文件的搜索路径,-pend- = -pens-
appendage,/ə'pendɪdʒ/,n. 附加物； 下属；[动][解剖] 附器 （如植物的枝叶和动物的腿尾）,-pend- = -pens-
appendix,/ə'pendɪks/,n. 附录；阑尾；附加物,-pend- = -pens-
appendicitis,"/ə,pendɪ'saɪtɪs/",n. [医] 阑尾炎；盲肠炎,-pend- = -pens-
appendectomy,"/,æp(ə)n'dektəmɪ/",n. [外科] 阑尾切除术,-pend- = -pens-
dispense,/dis'pens/,vt. 分配，分发；免除；执行 vi. 免除，豁免,-pend- = -pens-
dispenser,/dis'pensə/,n. 分配者，施与者，配药者，药剂师，分配器，配出器，自动售货机,-pend- = -pens-
dispensary,/dis'pensəri/,n. 药房； （学校、兵营或工厂的）诊疗所；防治站,-pend- = -pens-
dispensation,"/,dispen'seiʃən/",n. 分配；免除；豁免；天命,-pend- = -pens-
dispensing,/dɪ'spɛns/,n. 配药；调剂,-pend- = -pens-
dispensable,/dɪs'pensəbl/,adj. 可有可无的；非必要的,-pend- = -pens-
indispensable,/ɪndɪ'spensəb(ə)l/,adj. 不可缺少的；绝对必要的；责无旁贷的,-pend- = -pens-
indispensability,/ɪndɪspɛnsə'bɪləti/,n. 不可缺少；必要；责无旁贷,-pend- = -pens-
expend,/ik'spend/,vt. 花费；消耗；用光；耗尽,-pend- = -pens-
expended,/ɪk'spɛnd/,adj. 花费的；支出的；开支的,-pend- = -pens-
expendable,/ik'spendəbl/,adj. 可消费的；排出的；不重复使用的；可牺牲的 n. 消耗品,-pend- = -pens-
expenditure,/iks'penditʃə/,n. 支出，花费；经费，消费额,-pend- = -pens-
expense,/ɪk'spens/,n. 损失，代价；消费；开支 vt. 向…收取费用 vi.被花掉,-pend- = -pens-
expensive,/ik'spensiv/,adj. 花费的，花钱多的，昂贵的,-pend- = -pens-
expensively,/iks'pensivli/,adv. 昂贵地；乱花钱地,-pend- = -pens-
inexpensive,/ɪnɪk'spensɪv/,adj. 便宜的,-pend- = -pens-
inexpensively,"/,inik'spensivli/",adv. 廉价地，不践地；花费不多地,-pend- = -pens-
less-expensive,/les-ik'spensiv/,adj. 比较便宜的,-pend- = -pens-
least-expensive,/liːst-ik'spensiv/,adj. 最不费钱的,-pend- = -pens-
more-expensive,/mɔː-ik'spensiv/,adj. 昂贵的，花钱多的（expensive 的比较级）,-pend- = -pens-
expense-account,/ɪk'spens-ə'kaʊnt/,n. [会计] 费用帐户，报销帐单,-pend- = -pens-
expensive-looking,/ik'spensiv-'lʊkɪŋ/,adj. 看上去昂贵的,-pend- = -pens-
all-expense-paid,/'ɔ:lek'spens'peid/,adj. 费用全被支付的，免费的,-pend- = -pens-
all-expenses-paid,/'ɔ:lek'spensiz'peid/,adj. 费用全被支付的,-pend- = -pens-
spend,/spend/,vt. 度过，消磨（时光） ；花费；浪费；用尽 vi. 花钱；用尽，耗尽 n. 预算,-pend- = -pens-
spending,/'spendɪŋ/,n. 花费；开销,-pend- = -pens-
spender,/'spendə/,n. 挥金如土的人；挥霍者；用钱的人,-pend- = -pens-
outspend,/aʊt'spend/,vt. 开支比…更大,-pend- = -pens-
overspend,/əʊvə'spend/,vt. 超支；过度使用；花费过多 vi. 超支，花钱过多,-pend- = -pens-
misspend,/mɪs'spend/,vt. 浪费；滥用（时间、金钱等）,-pend- = -pens-
spendthrift,/'spen(d)θrɪft/,adj. 挥霍无度的；浪费的 n. 挥霍无度的人；浪费的人,-pend- = -pens-
tax-and-spend,/tæks-ænd-spend/,n. 量入为出,-pend- = -pens-
free-spending,/'fi:spendiŋ/,adj. 挥金如土的,-pend- = -pens-
big-spending,/bɪg-'spendɪŋ/,n. 大量购物 出手阔绰,-pend- = -pens-
high-spending,/haɪ-'spendɪŋ/,adj. 高消费的,-pend- = -pens-
impend,/im'pend/,vi. 即将发生，即将来临，逼近,-pend- = -pens-
impending,/im'pendiŋ/,即将来临的，迫近的 adj.,-pend- = -pens-
impendent,/im'pendənt/,悬挂的，即将发生的，逼近的 adj.,-pend- = -pens-
pension,/'penʃ(ə)n/,n. 退休金，抚恤金；津贴；膳宿费 vt. 发给养老金或抚恤金,-pend- = -pens-
pensioner,/'penʃənə/,n. 领养老金者；领取抚恤金者,-pend- = -pens-
compensate,/'kɒmpenseɪt/,vi. 补偿，赔偿；抵消 vt. 补偿，赔偿；付报酬,-pend- = -pens-
compensation,/kɒmpen'seɪʃ(ə)n/,n. 补偿；报酬；赔偿金,-pend- = -pens-
compensator,/'kɒmpənseɪtə/,n. [电][自] 补偿器；自耦变压器；赔偿者；补偿物,-pend- = -pens-
compensatory,/kɒmpen'seɪtərɪ/,adj. 补偿的，赔偿的,-pend- = -pens-
compensating,"/'kɑmpən,set/",n. 补偿；修正；抵销 adj. 补偿的；平衡的,-pend- = -pens-
uncompensated,"/ʌn'kɑmpən,setɪd/",adj. 未得补偿的；无报酬的,-pend- = -pens-
compendium,/kəm'pendɪəm/,n. 纲要；概略,-pend- = -pens-
compensable,/kəm'pensəb(ə)l/,adj. 可补偿的；应予以补偿的,-pend- = -pens-
recompense,/'rekəmpens/,vt. 赔偿；酬谢 vi. 赔偿 n. 赔偿；报酬,-pend- = -pens-
overcompensate,/əʊvə'kɒmpenseɪt/,vi. 过度补偿 vt. 给与…过分的补偿,-pend- = -pens-
overcompensation,"/,ovɚ,kɑmpɛn'seʃən/",n. 过度补偿,-pend- = -pens-
well-compensated,/wel-'kɒmpenseɪt/,adj. 得到充分赔偿的,-pend- = -pens-
pension-fund,/'penʃ(ə)n-fʌnd/,n. 养老基金；退休基金,-pend- = -pens-
perpend,/'pə:pend/,vt. 深思；慎重考虑 vi. 考虑；仔细考虑 n. 贯石；穿墙石,-pend- = -pens-
perpendicular,"/,pɜːp(ə)n'dɪkjʊlə/",adj. 垂直的，正交的；直立的；陡峭的 n. 垂线；垂直的位置,-pend- = -pens-
perpendicularly,"/,pə:pən'dikjuləli/",adv. 垂直地；直立地,-pend- = -pens-
pensive,/'pensiv/,adj. 沉思的，忧郁的；悲伤的，哀愁的,-pend- = -pens-
pensively,/'pɛnsɪvli/,adv. 焦虑地；沉思地,-pend- = -pens-
ponder,/'pɔndə/,vt. 仔细考虑；衡量 vi. 考虑；沉思,-pend- = -pens-
ponderable,/'pɔndərəbl/,可衡量的，可估量的 adj.,-pend- = -pens-
imponderable,/ɪm'pɒnd(ə)rəb(ə)l/,adj. 无重量的；无法计算的 n. 无法衡量的事物,-pend- = -pens-
ponderous,/ɪm'pɒnd(ə)rəb(ə)l/,adj. 无重量的；无法计算的 n. 无法衡量的事物,-pend- = -pens-
ponderously,/'pɔndərəsli/,adv. 笨重地；生硬地,-pend- = -pens-
preponderance,/prɪ'pɒnd(ə)r(ə)ns/,n. 优势；多数；占优势,-pend- = -pens-
preponderant,/prɪ'pɒnd(ə)r(ə)nt/,adj. 占优势的；突出的；压倒性的,-pend- = -pens-
pendent,/'pendənt/,adj. 悬而未决的；下垂的；未定的；向外伸出的,-pend- = -pens-
pendency,/'pendənsɪ/,n. 悬垂；悬而未决,-pend- = -pens-
pendant,/'pend(ə)nt/,n. 挂饰，垂饰,-pend- = -pens-
pending,/'pendiŋ/,prep. 在…期间；直到…时为止；在等待…之际,-pend- = -pens-
pendulum,/'pendjʊləm/,n. 钟摆；摇锤；摇摆不定的事态,-pend- = -pens-
pendulous,/'pendjʊləs/,adj. 下垂的，悬垂的；摇摆的,-pend- = -pens-
penalty,/'pen(ə)ltɪ/,n. 罚款，罚金；处罚,-pend- = -pens-
propensity,/prə'pensɪtɪ/,n. 倾向，习性；癖好，偏爱,-pend- = -pens-
despondently,/di'spɔndəntli/,adv. 意志消沉地；沮丧地,-pend- = -pens-
stipend,/'staɪpend/,n. 奖学金；固定薪金；定期津贴；养老金,-pend- = -pens-
advance,/əd'vɑːns/,n. 发展；前进；增长；预付款 vt. 提出；预付；使……前进；将……提前,-van- = -advance- = -advant-
advancer,/əd'vænsɚ/,n. 前进者；相位超前补偿器，进相机,-van- = -advance- = -advant-
advancement,/əd'vɑːnsm(ə)nt/,n. 前进，进步；提升,-van- = -advance- = -advant-
advanced,/æd'vɑːnst/,adj. 先进的；高级的；晚期的；年老的,-van- = -advance- = -advant-
advancing,/əd'vænsɪŋ/,adj. 前进的；年长的,-van- = -advance- = -advant-
advanced-placement,/æd'vɑːnst-'pleɪsmənt/,n. 大学预修课；大学先修课程 n. 跳级，跳级生,-van- = -advance- = -advant-
more-advanced,/mɔː-æd'vɑːnst/,adj. 更为先进的（advanced 的比较级）,-van- = -advance- = -advant-
vantage,/'vɑːntɪdʒ/,n. 优势；有利情况,-van- = -advance- = -advant-
advantage,/əd'vɑːntɪdʒ/,n. 优势； 利益； 有利条件 vi. 获利 vt. 有利于； 使处于优势,-van- = -advance- = -advant-
advantaged,/əd'væntɪdʒd/,adj. 得天独厚的；有利的；占有利位置的,-van- = -advance- = -advant-
advantageous,/æ dvən'teɪdʒəs/,adj. 有利的；有益的,-van- = -advance- = -advant-
advantageously,"/,ædvən'teidʒəsli/",adv. 有利地；方便地；有助地,-van- = -advance- = -advant-
disadvantage,/dɪsəd'vɑːntɪdʒ/,n. 缺点；不利条件；损失,-van- = -advance- = -advant-
disadvantaged,/dɪsəd'vɑːntɪdʒd/,adj. 贫困的；处于不利地位的；社会地位低下的,-van- = -advance- = -advant-
disadvantageous,"/,dɪsæ dv(ə)n'teɪdʒəs/",adj. 不利的；不便的；贬抑的,-van- = -advance- = -advant-
tax-advantage,/tæks-əd'vɑːntɪdʒ/,n. [税收] 有利税率,-van- = -advance- = -advant-
vanguard,/'vængɑːd/,n. 先锋；前锋科学卫星,-van- = -advance- = -advant-
vanward,/'vænwəd/,adj. 先锋的；向前的；前卫的 adv. 向前方；向先锋,-van- = -advance- = -advant-
avant-garde,"/,ævɔŋ'ɡɑ:d/",n. 先锋派；前卫派 adj. 前卫的；先锋的,-van- = -advance- = -advant-
frequency,/'friːkw(ə)nsɪ/,n. 频率；频繁,-frequen- = -frequent-
frequence,/'frikwəns/,n. 频率，频繁；频数,-frequen- = -frequent-
frequent,/'friːkw(ə)nt/,adj. 频繁的；时常发生的；惯常的 vt. 常到，常去；时常出入于,-frequen- = -frequent-
frequently,/'friːkw(ə)ntlɪ/,adv. 时常；经常,-frequen- = -frequent-
frequentable,/'friːkw(ə)ntəb(ə)l/,adj. 频繁的；时常发生的；惯常的 (frequent 的变形),-frequen- = -frequent-
frequentation,"/,friːkwen'teɪʃən/",n. 常往；常访；时常出入,-frequen- = -frequent-
infrequency,/ɪn'frikwənsi/,n. 罕见；很少发生,-frequen- = -frequent-
infrequent,/ɪn'friːkw(ə)nt/,adj. 罕见的；稀少的；珍贵的；不频发的,-frequen- = -frequent-
infrequently,/ɪn'frikwəntli/,adv. 很少发生地；稀少地,-frequen- = -frequent-
high-frequency,/'hai'fri:kwənsi/,adj. 高频率的；高周波的,-frequen- = -frequent-
low-frequency,/'ləufrikwənsi/,adj. 低频的；低周波的,-frequen- = -frequent-
frequent-flier,/'friːkw(ə)nt-'flaɪə/,n.  ( 航空公司的)常飞顾客,-frequen- = -frequent-
frequent-flyer,/'friːkw(ə)nt-'flaɪə/,n. 飞行常客,-frequen- = -frequent-
frequency-dependent,/'friːkw(ə)nsɪ-dɪ'pɛndənt/,adj. 与频率有关的；频变,-frequen- = -frequent-
diet,/'daɪət/,n. 饮食；食物；规定饮食 vi. 节食 vt. [医] 照规定饮食,-di-
dieting,/'daiətiŋ/,n. 节食；节食减肥 v. 给…规定饮食；喂食（diet 的 ing 形式）,-di-
dieter,/'daɪətə/,n. 节食者,-di-
dietary,/'daɪət(ə)rɪ/,n. 规定的食物；饮食的规定；食谱 adj. 饮食的，饭食的，规定食物的,-di-
dietetic,"/,daɪə'tetɪk/",adj. 饮食的；饮食学的,-di-
dietetics,/daɪə'tetɪks/,n. 营养学；饮食学,-di-
dietitian,/daɪə'tɪʃ(ə)n/,n. （美）营养学家；饮食学家,-di-
dietician,/daɪə'tɪʃ(ə)n/,n. 营养学家；膳食学家（等于 dietitian） ；营养师（专业人员，须获得证书）,-di-
diary,/'daɪərɪ/,n. 日志，日记；日记簿,-di-
diarist,/'daɪərɪst/,n. 日记作者；记日记者,-di-
diarize,/'daiəraiz/,vt. 记日记,-di-
diarial,/dai'εəriəl/,adj. 日记体的，日记的,-di-
dial,/'daiəl/,n. 转盘；刻度盘；钟面 vi. 拨号 vt. 给…拨号打电话,-di-
dialing,/'daiəliŋ/,n. 拨号，主叫 v. 拨（电话号码） ； （用标度盘）指示（dial 的 ing 形式）,-di-
dial-up,/'daiəlʌp/,n. [计][通信] 拨号（上网）,-di-
speed-dial,/spiːd-'daiəl/,n. 快速拨号,-di-
redial,"/,ri'daɪl/",n. 重拨 vi. 重新拨号 vt. 重拨,-di-
meridian,/mə'ridiən/,adj. 子午线的；最高点的 n. [天] 子午线，[天] 经线；顶点,-di-
meridional,/mə'rɪdɪən(ə)l/,adj. 南欧的；子午线的；南部的 n. 南欧人,-di-
antemeridian,"/,æntimə'ridiən/",adj. 日中以前的，午前的,-di-
postmeridian,/'pəustmə'ridiən/,adj. 日中以后的，午后的,-di-
rare,/reə/,adj. 稀有的；稀薄的；半熟的 adj. 杰出的；极度的；非常好的 adv. 非常；极其,-rar-
rarely,/'reəlɪ/,adv. 很少地；难得；罕有地,-rar-
rarity,/'reərɪtɪ/,n. 罕见；珍贵；珍品（需用复数） ；稀薄,-rar-
rarify,/'rεərifai/,vt. 使成精细；使变稀薄 vi. 变稀薄；纯化,-rar-
rarified,/'rεərifaid/,adj. 纯净的；稀薄的 v. 使变稀薄（rarify 的过去式）,-rar-
rarefy,/'reərɪfaɪ/,vt. 使纯化；变稀薄；精选 vi. 变稀薄；纯化,-rar-
rarefied,/'rεərifaid/,adj. 稀薄的；纯化的,-rar-
rare-earth,/reə-ɜːθ/,n. 稀土,-rar-
rare-book,/reə-bʊk/,n. 善本；珍藏书,-rar-
verb,/vɜːb/,n. 动词； 动词词性； 动词性短语或从句 adj. 动词的； 有动词性质的； 起动词作用的,-verb-
verbal,/'vɜːb(ə)l/,adj. 口头的；言语的；动词的；照字面的 n. 动词的非谓语形式,-verb-
verbally,/'vɝbli/,adv. 口头地，非书面地；用言辞地,-verb-
nonverbal,/nɒn'vɜːbəl/,adj. 不用语言的；不用动词的,-verb-
nonverbally,/nɒn'vɜːbəli/,adv. 非动词（形式）地,-verb-
pre-verbal,/‚priː'vɜːbəl/,adj. 学语前的；前语言,-verb-
subject-verb,/ˈsʌbdʒɪkt-vɜːb/,n. 主谓,-verb-
proverb,/'prɒvɜːb/,n. 谚语，格言；众所周知的人或事,-verb-
proverbial,/prə'vɜːbɪəl/,adj. 谚语的；众所周知的；谚语式的,-verb-
proverbially,/prə'vɝbɪəli/,adv. 人尽皆知地,-verb-
adverb,/'ædvɜːb/,n. 副词 adj. 副词的,-verb-
adverbial,/əd'vɜːbɪəl/,adj. 状语的；副词的 n. 状语,-verb-
verbatim,/vɜː'beɪtɪm/,adv. 逐字地 adj. 逐字的,-verb-
verbalize,/'vɜːb(ə)laɪz/,vi. 累赘；唠叨；以言语表述 vt. 使…变成动词；用言语表达,-verb-
verbalized,/'vɜːb(ə)laɪzd/,v. 描述；使变成动词；语言化（verbalize 的过去分词）,-verb-
verbalization,"/,vɝbəlɪ'zeʃən/",n. 以言语表现；冗长；变成动词,-verb-
verbiage,/'vɜːbɪɪdʒ/,n. 冗词；废话；措辞方式,-verb-
verbose,/vɜː'bəʊs/,adj. 冗长的；啰嗦的,-verb-
verbosity,/vɚ'bɑsəti/,n. 冗长；赘言；唠叨,-verb-
anxiety,/æŋ'zaɪətɪ/,n. 焦虑；渴望；挂念；令人焦虑的事,-anxi-
anxious,/'æŋ(k)ʃəs/,adj. 焦虑的；不安的；渴望的,-anxi-
anxiously,/'æŋkʃəsli/,adv. 不安地，忧虑地,-anxi-
anxiousness,"/'æŋkʃəs,nis/",n. 焦急,-anxi-
overanxious,/əʊvər'æŋkʃəs/,adj. 过于焦急的；过度操心的,-anxi-
anti-anxiety,/'æntaɪ-æŋ'zaɪətɪ/,n. 抗焦虑,-anxi-
anxiety-ridden,/æŋ'zaiəti'ridən/,adj. 忧心忡忡的,-anxi-
anxiety-provoking,/æŋ'zaɪətɪ-prə'vəʊkɪŋ/,adj. 引发焦虑的,-anxi-
jury,/'dʒʊərɪ/,n. [法] 陪审团；评判委员会 adj. 应急的,-jur- = -jud- = -jus-
juror,/'dʒʊərə/,n. 审查委员，陪审员,-jur- = -jud- = -jus-
jural,/'dʒʊər(ə)l/,adj. 法律上的；法制的；权利义务相关的,-jur- = -jud- = -jus-
jurist,/'dʒʊərɪst/,n. 法学家；法官；律师；法律著作家,-jur- = -jud- = -jus-
juristic,/dʒʊə'rɪstɪk/,adj. 法律的；法理学的，法学的,-jur- = -jud- = -jus-
juristical,/dʒuə'ristik/,adj. 法律的；法理学的,-jur- = -jud- = -jus-
jurisdiction,"/,dʒʊərɪs'dɪkʃ(ə)n/",n. 司法权，审判权，管辖权；权限，权力,-jur- = -jud- = -jus-
jurisdictional,"/,dʒʊrɪs'dɪkʃənl/",adj. 管辖权的；司法的；司法权的；裁判权的,-jur- = -jud- = -jus-
jurisprudence,"/,dʒʊərɪs'pruːd(ə)ns/",n. 法律体系；法学及其分支；法律知识；法院审判规程,-jur- = -jud- = -jus-
jurisprudential,"/,dʒʊrɪsprʊ'dɛnʃəl/",adj. 法律学的；法律学上的,-jur- = -jud- = -jus-
multi-jurisdictional,"/'mʌlti-,dʒʊrɪs'dɪkʃənl/",adj. 多种司法体制的,-jur- = -jud- = -jus-
inter-jurisdictional,"/'intə-,dʒʊrɪs'dɪkʃənl/",adj. 跨司法管辖区的,-jur- = -jud- = -jus-
jury-rigged,/'dʒuəririɡd/,adj. 临时或应急配备的；临时配备的,-jur- = -jud- = -jus-
grand-jury,/grand-'dʒʊərɪ/,n. 大陪审团,-jur- = -jud- = -jus-
injure,/'ɪndʒə/,vt. 伤害，损害,-jur- = -jud- = -jus-
injury,/'ɪn(d)ʒ(ə)rɪ/,n. 伤害；损伤；受伤处,-jur- = -jud- = -jus-
injured,/'ɪndʒəd/,adj. 受伤的；受损害的,-jur- = -jud- = -jus-
uninjured,/ʌn'ɪndʒəd/,adj. 未受伤害的；未蒙损失的,-jur- = -jud- = -jus-
injurious,/ɪn'dʒʊərɪəs/,adj. 有害的；诽谤的,-jur- = -jud- = -jus-
injury-free,/'ɪndʒə-fri:/,无工伤的,-jur- = -jud- = -jus-
injury-prone,/'ɪndʒə-prəʊn/,adj. 易受伤的,-jur- = -jud- = -jus-
injury-plagued,/'ɪndʒə-pleɪɡd/,adj. 伤痛困扰的,-jur- = -jud- = -jus-
injury-riddled,/'ɪndʒə-/,adj. 疾病缠身的,-jur- = -jud- = -jus-
oft-injured,/ɒft-'ɪndʒəd/,adj. 常受伤的,-jur- = -jud- = -jus-
pre-injury,/priː-'ɪndʒə/,adj. 伤前的,-jur- = -jud- = -jus-
brain-injured,/breɪn-'ɪndʒəd/,adj. 脑外科的,-jur- = -jud- = -jus-
personal-injury,/'pɜːs(ə)n(ə)l-'ɪndʒə/,n. 人身伤害,-jur- = -jud- = -jus-
judge,/dʒʌdʒ/,vt. 判断；审判 n. 法官；裁判员 vi. 审判；判决,-jur- = -jud- = -jus-
judged,/dʒʌdʒd/,v. 裁决；审理（judge 的过去分词）adj. 判断的,-jur- = -jud- = -jus-
judging,/dʒʌdʒiŋ/,vt. 判断；审判 vi. 判断（judge 的现在分词） ；评判 adj. 决断型,-jur- = -jud- = -jus-
judgeship,/'dʒʌdʒʃɪp/,n. 法官的职权；法官的地位,-jur- = -jud- = -jus-
judgement,/'dʒʌdʒm(ə)nt/,n. 意见；判断力；[法] 审判；评价,-jur- = -jud- = -jus-
judgment,/'dʒʌdʒmənt/,n. 判断；裁判；判决书；辨别力,-jur- = -jud- = -jus-
judgmental,/dʒʌdʒ'mentəl/,adj. 审判的,-jur- = -jud- = -jus-
judgmentalism,/dʒʌdʒ'mentəlɪz(ə)m/,n. <宗>原教旨主义,-jur- = -jud- = -jus-
nonjudgmental,"/'nɔn,dʒʌdʒ'mentəl/",adj. 非主观的；无偏见的,-jur- = -jud- = -jus-
misjudge,/mɪs'dʒʌdʒ/,vi. 判断错 vt. 对…判断错误,-jur- = -jud- = -jus-
misjudgment,/mɪs'dʒʌdʒmənt/,n. 估计错误；判断错误（等于 misjudgement）,-jur- = -jud- = -jus-
prejudge,/priː'dʒʌdʒ/,vt. 预先判断；对…预先作出判决 vi. 预先判断；对未经详察而预作判断,-jur- = -jud- = -jus-
prejudgment,/pri'dʒʌdʒmənt/,n. 预先判断；过早判断；不审而判,-jur- = -jud- = -jus-
adjudge,/ə'dʒʌdʒ/,vt. 宣判；判决；认为,-jur- = -jud- = -jus-
judge-made,/'dʒʌdʒmeid/,adj. 法官制定的,-jur- = -jud- = -jus-
prejudice,/'predʒʊdɪs/,n. 偏见；侵害 vt. 损害；使有偏见,-jur- = -jud- = -jus-
prejudiced,/'predʒədɪst/,adj. 怀偏见的；有成见的；偏颇的,-jur- = -jud- = -jus-
prejudicial,/predʒʊ'dɪʃ(ə)l/,adj. 不利的；有害的；引起偏见的,-jur- = -jud- = -jus-
unprejudiced,/ʌn'predʒʊdɪst/,adj. 没有成见的；公平的；无偏见的,-jur- = -jud- = -jus-
justice,/'dʒʌstɪs/,n. 司法，法律制裁；正义；法官，审判员,-jur- = -jud- = -jus-
injustice,/ɪn'dʒʌstɪs/,n. 不公正；不讲道义,-jur- = -jud- = -jus-
judicial,/dʒuː'dɪʃ(ə)l/,adj. 公正的，明断的；法庭的；审判上的,-jur- = -jud- = -jus-
judicially,/dʒʊ'dɪʃəli/,adv. 依法判决地；公正地,-jur- = -jud- = -jus-
judiciary,/dʒʊ'dɪʃ(ə)rɪ/,n. 司法部；法官；司法制度 adj. 司法的；法官的；法院的,-jur- = -jud- = -jus-
judicious,/dʒʊ'dɪʃəs/,adj. 明智的；头脑精明的；判断正确的,-jur- = -jud- = -jus-
judiciously,/dʒu:'diʃəsli/,adv. 明智而审慎地；明断地,-jur- = -jud- = -jus-
injudicious,/ɪndʒʊ'dɪʃəs/,adj. 不明智的；不慎重的；浅薄的；不聪明的,-jur- = -jud- = -jus-
criminal-justice,/criminal-'dʒʌstɪs/,n. 刑事司法；[法] 刑事审判,-jur- = -jud- = -jus-
social-justice,/'səʊʃ(ə)l-'dʒʌstɪs/,n. [法] 社会主 社会正义 社会公正,-jur- = -jud- = -jus-
juvenile-justice,/'dʒuːvənaɪl-'dʒʌstɪs/,n. 青少年司法,-jur- = -jud- = -jus-
extrajudicial,"/,ekstrədʒuː'dɪʃ(ə)l/",adj. 法庭职权以外的,-jur- = -jud- = -jus-
non-judicial,/nɔn-dʒuː'dɪʃ(ə)l/,adj. 非司法的；非诉讼性的,-jur- = -jud- = -jus-
quasi-judicial,/'kweizaidʒu:'diʃəl/,adj. 准司法性的,-jur- = -jud- = -jus-
abjure,/əb'dʒʊə/,vt. 发誓放弃；公开放弃；避免,-jur- = -jud- = -jus-
perjure,/'pɜːdʒə/,vt. 作伪证；使发伪誓；使破坏誓言,-jur- = -jud- = -jus-
perjury,/'pɜːdʒ(ə)rɪ/,n. 伪证；伪誓；背信弃义,-jur- = -jud- = -jus-
perjurer,/'pɝdʒərɚ/,n. 伪证者；[法] 作伪证者；伪誓者,-jur- = -jud- = -jus-
perjured,/'pɜːdʒəd/,adj. 伪证的；犯伪证罪的 v. 使发假誓；使做伪证（perjure 的过去分词）,-jur- = -jud- = -jus-
perjurious,/'pɜːdʒ(ə)rəs/,adj. 伪证的；犯伪证罪的,-jur- = -jud- = -jus-
adjudicate,/ə'dʒuːdɪkeɪt/,vi. 裁定；宣判 vt. 裁定；宣判,-jur- = -jud- = -jus-
adjudication,"/ə,dʒuːdɪ'keɪʃn/",n. 裁定；判决；破产之宣告,-jur- = -jud- = -jus-
adjudicator,"/ə'dʒʊdɪ,ketɚ/",n. 评判员；裁定者,-jur- = -jud- = -jus-
adjudicative,"/ə'dʒʊdɪ,ketɪv/",adj. 判决的,-jur- = -jud- = -jus-
jus,/ʒuː/,n.（拉）法律；权利；法律原则； （法）汁液,-jur- = -jud- = -jus-
just,/dʒʌst/,adv. 只是，仅仅；刚才 adj. 公正的，合理的；正直的，正义的,-jur- = -jud- = -jus-
unjust,/ʌn'dʒʌst/,adj. 不公平的，不公正的；非正义的,-jur- = -jud- = -jus-
justly,/'dʒʌs(t)lɪ/,adv. 公正地；正当地；恰当地；正直地,-jur- = -jud- = -jus-
unjustly,/ʌn'dʒʌstli/,adv. 不义地；不法地,-jur- = -jud- = -jus-
justness,/'dʒʌstnɪs/,n. 公正；正确，精确,-jur- = -jud- = -jus-
just-in-time,/'dʒʌstintaim/,n. 刚好及时；恰好够用 adj. 及时生产的,-jur- = -jud- = -jus-
just-released,/dʒʌst-rɪ'li:st/,v. 释放（release 的过去式） ；已发布,-jur- = -jud- = -jus-
just-published,/dʒʌst-'pʌblɪʃd/,adj. 新公布的,-jur- = -jud- = -jus-
just-picked,/dʒʌst-pɪktɪd/,adj. 刚摘下的,-jur- = -jud- = -jus-
just-opened,/dʒʌst-'opənd/,adj.,-jur- = -jud- = -jus-
just-right,/dʒʌst-raɪt/,adv. 刚刚好，正好，恰如其分,-jur- = -jud- = -jus-
just-war,/dʒʌst-wɔː/,n. 正义战争,-jur- = -jud- = -jus-
justify,/'dʒʌstɪfaɪ/,vt. 证明…是正当的；替…辩护,-jur- = -jud- = -jus-
justified,/'dʒʌstɪfaɪd/,adj. 有正当理由的；合乎情理的；事出有因的,-jur- = -jud- = -jus-
justifying,/'dʒʌstɪfaɪŋ/,n. 辩护 v. 证明…有理( justify 的现在分词 )；为…辩护；对…作出解释,-jur- = -jud- = -jus-
unjustified,/ʌn'dʒʌstɪfaɪd/,adj. 不正当的；未被证明其正确的,-jur- = -jud- = -jus-
justification,/dʒʌstɪfɪ'keɪʃ(ə)n/,n. 理由；辩护；认为有理，认为正当；释罪,-jur- = -jud- = -jus-
justificatory,/'dʒʌstɪfɪkeɪtərɪ/,adj. 辩护的；认为正当的,-jur- = -jud- = -jus-
justifiable,"/'dʒʌstɪ,faɪəb(ə)l/",adj. 可辩解的，有道理的；可证明为正当的,-jur- = -jud- = -jus-
unjustifiable,/ʌn'dʒʌstɪfaɪəb(ə)l/,adj. 不合道理的； 不能分辩的； 辩护不了的； 不能认为是正当的,-jur- = -jud- = -jus-
justifiably,/'dʒʌstifaiəbli/,adv. 言之有理地， 无可非议地,-jur- = -jud- = -jus-
unjustifiably,/ʌn'dʒʌstifaiəbli/,adv. 无理地,-jur- = -jud- = -jus-
self-justifying,/'self-'dʒʌstɪfaɪŋ/,adj. 自我辩白的,-jur- = -jud- = -jus-
self-justification,"/'self,dʒʌstifi'keiʃən/",n. 自我辩白,-jur- = -jud- = -jus-
adjust,/ə'dʒʌst/,vt. 调整，使…适合；校准 vi. 调整，校准；适应,-jur- = -jud- = -jus-
adjustor,/ə'dʒʌstɚ/,n. 调节器；调停者,-jur- = -jud- = -jus-
adjuster,/ə'dʒʌstɚ/,n. [自] 调节器；调停者； （保险等）理算员,-jur- = -jud- = -jus-
adjusting,/ə'dʒʌstiŋ/,v. 调整（adjust 的 ing 形式）,-jur- = -jud- = -jus-
adjusted,/ə'dʒʌstɪd/,adj. 调整过的，调节了的,-jur- = -jud- = -jus-
unadjusted,/ə'dʒʌstiŋ/,v. 调整（adjust 的 ing 形式）,-jur- = -jud- = -jus-
adjustment,/ə'dʒʌs(t)m(ə)nt/,n. 调整，调节；调节器,-jur- = -jud- = -jus-
adjustable,/ə'dʒʌstəbl/,adj. 可调节的,-jur- = -jud- = -jus-
adjustability,"/ə,dʒʌstə'bɪləti/",n. 适应性,-jur- = -jud- = -jus-
readjust,/riːə'dʒʌst/,vt. 使…重新调整；使…重新适应,-jur- = -jud- = -jus-
readjustment,"/,riːə'dʒʌstmənt/",n. 重新调整；重新适应；再调整,-jur- = -jud- = -jus-
maladjusted,"/,riːə'dʒʌstmənt/",n. 重新调整；重新适应；再调整,-jur- = -jud- = -jus-
maladjustment,"/,mælə'dʒʌstmənt/",n. 失调，不适应,-jur- = -jud- = -jus-
well-adjusted,/'welə'dʒʌstid/,adj. 完全调试好了的；完全适应环境的,-jur- = -jud- = -jus-
age-adjusted,/eɪdʒ-ə'dʒʌstid/,adj. 按龄期调整的；年龄标化的,-jur- = -jud- = -jus-
risk-adjusted,/rɪsk-ə'dʒʌstid/,adj. 风险调整的,-jur- = -jud- = -jus-
self-adjusting,"/,selfə'dʒʌstiŋ/",adj. 自动调节的 n. 自动调整,-jur- = -jud- = -jus-
inflation-adjusted,/ɪn'fleɪʃ(ə)n-ə'dʒʌstid/,adj. 扣除物价上涨因素的,-jur- = -jud- = -jus-
height-adjustable,/haɪt-ə'dʒʌstəbl/,adj. 高度可调的,-jur- = -jud- = -jus-
adjustable-rate,/ə'dʒʌstəbl-haɪt/,n. 浮动利率,-jur- = -jud- = -jus-
conjure,/ˈkʌndʒə(r)/,vt. 用魔术变出; 祈求，恳求 vi. 变戏法; 施魔法; 以咒文召唤,-jur- = -jud- = -jus-
conjurer,/'kʌndʒərə/,n. 魔术师；巫师,-jur- = -jud- = -jus-
conjuring,/'kʌndʒərɪŋ/,n. 魔术 adj. 关于魔术的,-jur- = -jud- = -jus-
conjuration,"/,kʌndʒə'reɪʃ(ə)n/",n. 魔法；祈祷；咒语,-jur- = -jud- = -jus-
punish,/'pʌnɪʃ/,vt. 惩罚；严厉对待；贪婪地吃喝 vi. 惩罚,-pun(i)- = -poen- = -pain- = -penal- = -pent-
punisher,/'pʌnɪʃɚ/,n. 惩罚者；处罚者,-pun(i)- = -poen- = -pain- = -penal- = -pent-
punishment,/'pʌnɪʃm(ə)nt/,n. 惩罚；严厉对待，虐待,-pun(i)- = -poen- = -pain- = -penal- = -pent-
punishable,/'pʌnɪʃəbl/,adj. 可罚的；该罚的,-pun(i)- = -poen- = -pain- = -penal- = -pent-
punishing,/'pʌnɪʃɪŋ/,adj. 严厉的； 打击沉重的； 精疲力尽的 v. 惩罚； 折磨 （punish 的 ing 形式）,-pun(i)- = -poen- = -pain- = -penal- = -pent-
punished,/'pʌnɪʃ/,adj. 被惩罚的,-pun(i)- = -poen- = -pain- = -penal- = -pent-
unpunished,/ʌn'pʌnɪʃt/,adj. 未受处罚的；免去刑罚的 v. 免受处罚（unpunish 的过去分词）,-pun(i)- = -poen- = -pain- = -penal- = -pent-
punitive,/'pjuːnɪtɪv/,adj. 惩罚性的；刑罚的,-pun(i)- = -poen- = -pain- = -penal- = -pent-
punitively,/'pju:nətivli/,adv. 惩罚地；刑罚的,-pun(i)- = -poen- = -pain- = -penal- = -pent-
nonpunitive,/nɒn-'pjuːnɪtɪv/,adj. 非惩罚性的；非刑罚的,-pun(i)- = -poen- = -pain- = -penal- = -pent-
impunity,/ɪm'pjuːnɪtɪ/,n. 不受惩罚；无患；[法] 免罚,-pun(i)- = -poen- = -pain- = -penal- = -pent-
penal,/'piːn(ə)l/,adj. 刑事的；刑罚的,-pun(i)- = -poen- = -pain- = -penal- = -pent-
penalize,/'pi:nəlaɪz/,vt. 处罚；处刑；使不利,-pun(i)- = -poen- = -pain- = -penal- = -pent-
penalized,/'pi:nəlaɪzd/,vt. 处罚；处刑；使不利（过去式和过去分词）,-pun(i)- = -poen- = -pain- = -penal- = -pent-
penalty-free,/'pen(ə)ltɪ-fri:/,n. 无惩罚型,-pun(i)- = -poen- = -pain- = -penal- = -pent-
death-penalty,/[deθ-'pen(ə)ltɪ/,n. 死刑,-pun(i)- = -poen- = -pain- = -penal- = -pent-
pain,/peɪn/,n. 疼痛；努力 vt. 使…痛苦；使…烦恼  vi. 感到疼痛；引起疼痛,-pun(i)- = -poen- = -pain- = -penal- = -pent-
pained,/peɪnd/,adj. 悲痛的；受痛苦的 v. 使…痛苦（pain 的过去式）,-pun(i)- = -poen- = -pain- = -penal- = -pent-
painful,/'peɪnfʊl/,adj. 痛苦的；疼痛的；令人不快的,-pun(i)- = -poen- = -pain- = -penal- = -pent-
painfully,/'peinfəli/,adv. 痛苦地，费力地,-pun(i)- = -poen- = -pain- = -penal- = -pent-
painless,/'peɪnlɪs/,adj. 无痛的；不痛的,-pun(i)- = -poen- = -pain- = -penal- = -pent-
painlessly,/'peɪnlɪs/,adj. 无痛的；不痛的,-pun(i)- = -poen- = -pain- = -penal- = -pent-
painstaking,/'peɪnzteɪkɪŋ/,adj. 艰苦的；勤勉的；小心的 n. 辛苦；勤勉,-pun(i)- = -poen- = -pain- = -penal- = -pent-
painstakingly,"/'peins,teikiŋli/",adv. 煞费苦心地；费力地,-pun(i)- = -poen- = -pain- = -penal- = -pent-
painkiller,/'peɪnkɪlə/,n. 止痛药,-pun(i)- = -poen- = -pain- = -penal- = -pent-
pain-killing,"/'peɪn,kɪlɪŋ/",adj. 止痛的,-pun(i)- = -poen- = -pain- = -penal- = -pent-
pain-free,/peinfri:/,adj. 无痛的,-pun(i)- = -poen- = -pain- = -penal- = -pent-
pain-relieving,/pein-rɪˈlivɪŋ/,n. 止痛剂；镇痛,-pun(i)- = -poen- = -pain- = -penal- = -pent-
pain-filled,/pein-fɪld/,adj. 充满痛苦的,-pun(i)- = -poen- = -pain- = -penal- = -pent-
subpoena,/sə'piːnə/,vt. 传唤，传审；传讯 n. 传票,-pun(i)- = -poen- = -pain- = -penal- = -pent-
repent,/rɪ'pent/,vi. 后悔；忏悔 vt. 后悔；对…感到后悔 adj. [植] 匍匐生根的；[动] 爬行的,-pun(i)- = -poen- = -pain- = -penal- = -pent-
repentance,/rɪ'pent(ə)ns/,n. 悔改；后悔,-pun(i)- = -poen- = -pain- = -penal- = -pent-
repentant,/rɪ'pentənt/,adj. 悔改的；后悔的,-pun(i)- = -poen- = -pain- = -penal- = -pent-
unrepentant,/ʌnrɪ'pent(ə)nt/,adj. 顽固不化的；不后悔的,-pun(i)- = -poen- = -pain- = -penal- = -pent-
norm,/nɔːm/,n. 标准，规范,-norm-
norming,/'nɔ:miŋ/,n. 规范化；规范正规；对特殊群体的优待,-norm-
normed,/nɔːmd/,adj. [数] 赋范的；定额的,-norm-
normlessness,/'nɔːm(ə)lisnɪs/,n. 无规范感；无规范,-norm-
normal,/'nɔːm(ə)l/,adj. 正常的；正规的，标准的 n. 正常；标准；常态,-norm-
normally,/'nɔːm(ə)lɪ/,adv. 正常地；通常地，一般地,-norm-
normalize,/'nɔ:məlaɪz/,vt. 使正常化；使规格化，使标准化,-norm-
normalized,"/'nɔrml,aɪzd/",adj. 标准化的；正规化的； 规格化的 v. 使规范化 （过去分词） ； 使正常化,-norm-
normalization,"/,nɔːməlaɪ'zeɪʃən/",n. 正常化；标准化；正规化；常态化,-norm-
renormalization,"/'ri,nɔməlɪ'zeʃən/",n. 重正化；再归一化,-norm-
normality,/nɔr'mæləti/,n. 常态；[化学] 当量浓度；[化学] 规定浓度,-norm-
normative,/'nɔːmətɪv/,adj. 规范的，标准的,-norm-
non-normative,/nɔn-'nɔːmətɪv/,adj. 非规范性的；非标准的,-norm-
normativity,/'nɔːmətɪvɪti/,n. 规范性,-norm-
normalcy,/'nɔrmlsi/,n. 常态,-norm-
abnormal,/æb'nɔːml/,adj. 不正常的，反常的,-norm-
abnormally,/æb'nɔrməli/,adv. 反常地；变态地；不规则地,-norm-
abnormality,/æbnɔː'mælɪtɪ/,n. 异常；畸形，变态,-norm-
paranormal,/pærə'nɔːm(ə)l/,adj. 超常的；超过正常范围的,-norm-
subnormal,/sʌb'nɔːm(ə)l/,adj. 低于正常的；低能的 n. 弱智者,-norm-
supernormal,/suːpə'nɔːm(ə)l/,adj. 非凡的；异于寻常的,-norm-
denormalized,/di'nɔːm(ə)laɪzd/,adj. 非规格化的,-norm-
normal-looking,/'nɔːm(ə)l-'lʊkɪŋ/,n. 正常外貌,-norm-
normal-size,/'nɔːm(ə)l-saɪz/,n. [计量] 标准尺寸,-norm-
normal-hearing,/'nɔːm(ə)l-'hɪərɪŋ/,adj. 听力正产的,-norm-
normal-weight,/'nɔːm(ə)l-weɪt/,n. 正常体重,-norm-
above-normal,/ə'bʌv-'nɔːm(ə)l/,adj. 高于正常的；超额的,-norm-
below-normal,/bɪ'ləʊ-'nɔːm(ə)l/,adj. 低于正常的,-norm-
near-normal,/nɪə-'nɔːm(ə)l/,adj. 近乎正常的；接近正常的,-norm-
non-normal,/nɔn-'nɔːm(ə)l/,adj. 非正规的；非正常的,-norm-
higher-than-normal,/ˈhaɪə(r)-ð æn-'nɔːm(ə)l/,adj. 高于正常的,-norm-
enormity,/ɪ'nɔːmɪtɪ/,n. 巨大；暴行；极恶,-norm-
enormous,/ɪ'nɔːməs/,adj. 庞大的，巨大的；凶暴的，极恶的,-norm-
enormously,/ɪ'nɔːməslɪ/,adv. 巨大地，庞大地；非常地，在极大程度上,-norm-
pneumatic,/njuː'mætɪk/,adj. 气动的；充气的；有气胎的 n. 气胎,-pneum(on)-
pneumatically,/nju:'mætikəli/,adv. 充气地；由空气作用,-pneum(on)-
pneumonia,/njuː'məʊnɪə/,n. 肺炎,-pneum(on)-
pneumonic,/nju:'mɔnik/,adj. 肺的；肺炎的,-pneum(on)-
pneumococcal,"/,njuːmə'kɒkəl/",adj. 肺炎球菌的,-pneum(on)-
pneumatology,"/,njuːmə'tɒlədʒɪ/",n. 灵物学，圣灵说；气体力学,-pneum(on)-
pneumatological,"/,njuːmə'tɒlədʒɪkəl/",adj. 灵物学的（pneumatology 的变形）,-pneum(on)-
pneumocystis,/ˌnjuːməʊˈsɪstɪs/,n. 肺囊虫属,-pneum(on)-
pneumothorax,"/,njuːmə(ʊ)'θɔːræks/",n. [内科] 气胸,-pneum(on)-
radio,/'reɪdɪəʊ/,n. 收音机；无线电广播设备 vi. 用无线电进行通信 vt. 用无线电发送,-rad(io)- = -ray-
radiology,/reɪdɪ'ɒlədʒɪ/,n. 放射学；放射线科；X 光线学,-rad(io)- = -ray-
radiologist,"/,redɪ'ɑlədʒɪst/",n. 放射线研究者,-rad(io)- = -ray-
radiological,/redɪo'lɑdʒɪkəl/,adj. 放射学的；放射线学的,-rad(io)- = -ray-
radiotherapy,"/,reɪdɪə(ʊ)'θerəpɪ/",n. [特医] 放射疗法,-rad(io)- = -ray-
radiograph,/'reɪdɪə(ʊ)grɑːf/,n. 射线照片；X 光照片 vt. [核] 拍射线照片,-rad(io)- = -ray-
radiography,"/,redɪ'ɑɡrəfi/",n. [核] 放射线照相术；X 光线照相术,-rad(io)- = -ray-
radiographic,"/,redɪo'græfɪk/",adj. 射线照相术的,-rad(io)- = -ray-
radiographically,"/,redɪo'græfɪkli/",adv. 放射照相地；辐射线摄影地（radiography 的变形）,-rad(io)- = -ray-
radiocarbon,"/,reɪdɪəʊ'kɑːb(ə)n/",n. [核] 放射性碳,-rad(io)- = -ray-
radionuclide,"/,reɪdɪəʊ'njuːklaɪd/",n. [核] 放射性核素,-rad(io)- = -ray-
radioisotope,"/,reɪdɪəʊ'aɪsətəʊp/",n. [核] 放射性同位素,-rad(io)- = -ray-
radioman,/'reɪdɪəʊmæn/,n. 无线电人员；无线电技师,-rad(io)- = -ray-
radiometer,"/,reɪdɪ'ɒmɪtə/",n. 辐射计；放射计,-rad(io)- = -ray-
radiometric,"/,redɪo'mɛtrɪk/",adj. 放射性测量的；辐射度的；辐射测量的,-rad(io)- = -ray-
radio-tv,"/,redɪo'-ti:ˈvi:/",n. 广播电视,-rad(io)- = -ray-
radio-wave,"/,redɪo-weɪv/",n. 无线电波,-rad(io)- = -ray-
radio-collared,"/,redɪo-'kɒləd/",adj. 戴上无线电颈圈的,-rad(io)- = -ray-
radio-controlled,"/,redɪo-kən'trəʊld/",adj. [电子] 无线电控制的,-rad(io)- = -ray-
talk-radio,"/tɔːk-,redɪo/",n. 电台的嘉宾热线节目；“脱口”广播节目,-rad(io)- = -ray-
college-radio,/'kɒlɪdʒ-'reɪdɪəʊ/,n. 大学电台,-rad(io)- = -ray-
ray,/reɪ/,n. 射线；光线； 鳐形目(Rajiformes)鱼 vt. 放射；显出 vi. 放射光线；浮现,-rad(io)- = -ray-
X-ray,/ˈɛksreɪ/,n. X 光,-rad(io)- = -ray-
cosmic-ray,/'kɒzmɪk -reɪ/,n. 宇宙射线,-rad(io)- = -ray-
gamma-ray,/'gæmə-reɪ/,n.γ 射线；伽马射线,-rad(io)- = -ray-
cathode-ray,/'kæθəʊd-reɪ/,n. 阴极射线,-rad(io)- = -ray-
