  0
SECTION
  2
HEADER
  9
$ACADVER
  1
AC1024
  9
$ACADMAINTVER
 70
6
  9
$DWGCODEPAGE
  3
ANSI_1252
  9
$LASTSAVEDBY
  1
ezdxf
  9
$INSBASE
 10
0.0
 20
0.0
 30
0.0
  9
$EXTMIN
 10
1e+20
 20
1e+20
 30
1e+20
  9
$EXTMAX
 10
-1e+20
 20
-1e+20
 30
-1e+20
  9
$LIMMIN
 10
0.0
 20
0.0
  9
$LIMMAX
 10
420.0
 20
297.0
  9
$ORTHOMODE
 70
0
  9
$REGENMODE
 70
1
  9
$FILLMODE
 70
1
  9
$QTEXTMODE
 70
0
  9
$MIRRTEXT
 70
1
  9
$LTSCALE
 40
1.0
  9
$ATTMODE
 70
1
  9
$TEXTSIZE
 40
2.5
  9
$TRACEWID
 40
1.0
  9
$TEXTSTYLE
  7
OpenSans
  9
$CLAYER
  8
0
  9
$CELTYPE
  6
ByLayer
  9
$CECOLOR
 62
256
  9
$CELTSCALE
 40
1.0
  9
$DISPSILH
 70
0
  9
$DIMSCALE
 40
1.0
  9
$DIMASZ
 40
0.175
  9
$DIMEXO
 40
0.125
  9
$DIMDLI
 40
3.75
  9
$DIMRND
 40
0.0
  9
$DIMDLE
 40
0.0
  9
$DIMEXE
 40
0.375
  9
$DIMTP
 40
0.0
  9
$DIMTM
 40
0.0
  9
$DIMTXT
 40
0.25
  9
$DIMCEN
 40
2.5
  9
$DIMTSZ
 40
0.0
  9
$DIMTOL
 70
0
  9
$DIMLIM
 70
0
  9
$DIMTIH
 70
0
  9
$DIMTOH
 70
0
  9
$DIMSE1
 70
0
  9
$DIMSE2
 70
0
  9
$DIMTAD
 70
1
  9
$DIMZIN
 70
12
  9
$DIMBLK
  1
ARCHTICK
  9
$DIMASO
 70
1
  9
$DIMSHO
 70
1
  9
$DIMPOST
  1

  9
$DIMAPOST
  1

  9
$DIMALT
 70
0
  9
$DIMALTD
 70
3
  9
$DIMALTF
 40
0.03937007874
  9
$DIMLFAC
 40
100.0
  9
$DIMTOFL
 70
1
  9
$DIMTVP
 40
0.0
  9
$DIMTIX
 70
0
  9
$DIMSOXD
 70
0
  9
$DIMSAH
 70
0
  9
$DIMBLK1
  1

  9
$DIMBLK2
  1

  9
$DIMSTYLE
  2
EZDXF
  9
$DIMCLRD
 70
0
  9
$DIMCLRE
 70
0
  9
$DIMCLRT
 70
0
  9
$DIMTFAC
 40
0.5
  9
$DIMGAP
 40
0.1
  9
$DIMJUST
 70
0
  9
$DIMSD1
 70
0
  9
$DIMSD2
 70
0
  9
$DIMTOLJ
 70
0
  9
$DIMTZIN
 70
8
  9
$DIMALTZ
 70
0
  9
$DIMALTTZ
 70
0
  9
$DIMUPT
 70
1
  9
$DIMDEC
 70
2
  9
$DIMTDEC
 70
2
  9
$DIMALTU
 70
2
  9
$DIMALTTD
 70
3
  9
$DIMTXSTY
  7
OpenSansCondensed-Light
  9
$DIMAUNIT
 70
0
  9
$DIMADEC
 70
2
  9
$DIMALTRND
 40
0.0
  9
$DIMAZIN
 70
3
  9
$DIMDSEP
 70
46
  9
$DIMATFIT
 70
3
  9
$DIMFRAC
 70
0
  9
$DIMLDRBLK
  1

  9
$DIMLUNIT
 70
2
  9
$DIMLWD
 70
-2
  9
$DIMLWE
 70
-2
  9
$DIMTMOVE
 70
2
  9
$DIMFXL
 40
1.0
  9
$DIMFXLON
 70
0
  9
$DIMJOGANG
 40
0.785398163397
  9
$DIMTFILL
 70
0
  9
$DIMTFILLCLR
 70
0
  9
$DIMARCSYM
 70
0
  9
$DIMLTYPE
  6

  9
$DIMLTEX1
  6

  9
$DIMLTEX2
  6

  9
$DIMTXTDIRECTION
 70
0
  9
$LUNITS
 70
2
  9
$LUPREC
 70
4
  9
$SKETCHINC
 40
1.0
  9
$FILLETRAD
 40
10.0
  9
$AUNITS
 70
0
  9
$AUPREC
 70
2
  9
$MENU
  1
.
  9
$ELEVATION
 40
0.0
  9
$PELEVATION
 40
0.0
  9
$THICKNESS
 40
0.0
  9
$LIMCHECK
 70
0
  9
$CHAMFERA
 40
0.0
  9
$CHAMFERB
 40
0.0
  9
$CHAMFERC
 40
0.0
  9
$CHAMFERD
 40
0.0
  9
$SKPOLY
 70
0
  9
$TDCREATE
 40
2461308.945277778
  9
$TDUCREATE
 40
2458532.153996898
  9
$TDUPDATE
 40
2461308.945277778
  9
$TDUUPDATE
 40
2458532.1544311
  9
$TDINDWG
 40
0.0
  9
$TDUSRTIMER
 40
0.0
  9
$USRTIMER
 70
1
  9
$ANGBASE
 50
0.0
  9
$ANGDIR
 70
0
  9
$PDMODE
 70
0
  9
$PDSIZE
 40
0.0
  9
$PLINEWID
 40
0.0
  9
$SPLFRAME
 70
0
  9
$SPLINETYPE
 70
6
  9
$SPLINESEGS
 70
8
  9
$HANDSEED
  5
BE4
  9
$SURFTAB1
 70
6
  9
$SURFTAB2
 70
6
  9
$SURFTYPE
 70
6
  9
$SURFU
 70
6
  9
$SURFV
 70
6
  9
$UCSBASE
  2

  9
$UCSNAME
  2

  9
$UCSORG
 10
0.0
 20
0.0
 30
0.0
  9
$UCSXDIR
 10
1.0
 20
0.0
 30
0.0
  9
$UCSYDIR
 10
0.0
 20
1.0
 30
0.0
  9
$UCSORTHOREF
  2

  9
$UCSORTHOVIEW
 70
0
  9
$UCSORGTOP
 10
0.0
 20
0.0
 30
0.0
  9
$UCSORGBOTTOM
 10
0.0
 20
0.0
 30
0.0
  9
$UCSORGLEFT
 10
0.0
 20
0.0
 30
0.0
  9
$UCSORGRIGHT
 10
0.0
 20
0.0
 30
0.0
  9
$UCSORGFRONT
 10
0.0
 20
0.0
 30
0.0
  9
$UCSORGBACK
 10
0.0
 20
0.0
 30
0.0
  9
$PUCSBASE
  2

  9
$PUCSNAME
  2

  9
$PUCSORG
 10
0.0
 20
0.0
 30
0.0
  9
$PUCSXDIR
 10
1.0
 20
0.0
 30
0.0
  9
$PUCSYDIR
 10
0.0
 20
1.0
 30
0.0
  9
$PUCSORTHOREF
  2

  9
$PUCSORTHOVIEW
 70
0
  9
$PUCSORGTOP
 10
0.0
 20
0.0
 30
0.0
  9
$PUCSORGBOTTOM
 10
0.0
 20
0.0
 30
0.0
  9
$PUCSORGLEFT
 10
0.0
 20
0.0
 30
0.0
  9
$PUCSORGRIGHT
 10
0.0
 20
0.0
 30
0.0
  9
$PUCSORGFRONT
 10
0.0
 20
0.0
 30
0.0
  9
$PUCSORGBACK
 10
0.0
 20
0.0
 30
0.0
  9
$USERI1
 70
0
  9
$USERI2
 70
0
  9
$USERI3
 70
0
  9
$USERI4
 70
0
  9
$USERI5
 70
0
  9
$USERR1
 40
0.0
  9
$USERR2
 40
0.0
  9
$USERR3
 40
0.0
  9
$USERR4
 40
0.0
  9
$USERR5
 40
0.0
  9
$WORLDVIEW
 70
1
  9
$SHADEDGE
 70
3
  9
$SHADEDIF
 70
70
  9
$TILEMODE
 70
1
  9
$MAXACTVP
 70
64
  9
$PINSBASE
 10
0.0
 20
0.0
 30
0.0
  9
$PLIMCHECK
 70
0
  9
$PEXTMIN
 10
1e+20
 20
1e+20
 30
1e+20
  9
$PEXTMAX
 10
-1e+20
 20
-1e+20
 30
-1e+20
  9
$PLIMMIN
 10
0.0
 20
0.0
  9
$PLIMMAX
 10
420.0
 20
297.0
  9
$UNITMODE
 70
0
  9
$VISRETAIN
 70
1
  9
$PLINEGEN
 70
0
  9
$PSLTSCALE
 70
1
  9
$TREEDEPTH
 70
3020
  9
$CMLSTYLE
  2
Standard
  9
$CMLJUST
 70
0
  9
$CMLSCALE
 40
20.0
  9
$PROXYGRAPHICS
 70
1
  9
$MEASUREMENT
 70
1
  9
$CELWEIGHT
370
-1
  9
$ENDCAPS
280
0
  9
$JOINSTYLE
280
0
  9
$LWDISPLAY
290
0
  9
$INSUNITS
 70
4
  9
$HYPERLINKBASE
  1

  9
$STYLESHEET
  1

  9
$XEDIT
290
1
  9
$CEPSNTYPE
380
0
  9
$PSTYLEMODE
290
1
  9
$FINGERPRINTGUID
  2
{6164AE6F-9018-4ED3-9161-EBD52F685A1B}
  9
$VERSIONGUID
  2
{658489BE-ED04-4595-A6CE-28B72C228AC6}
  9
$EXTNAMES
290
1
  9
$PSVPSCALE
 40
0.0
  9
$OLESTARTUP
290
0
  9
$SORTENTS
280
127
  9
$INDEXCTL
280
0
  9
$HIDETEXT
280
1
  9
$XCLIPFRAME
280
1
  9
$HALOGAP
280
0
  9
$OBSCOLOR
 70
257
  9
$OBSLTYPE
280
0
  9
$INTERSECTIONDISPLAY
280
0
  9
$INTERSECTIONCOLOR
 70
257
  9
$DIMASSOC
280
2
  9
$PROJECTNAME
  1

  9
$CAMERADISPLAY
290
0
  9
$LENSLENGTH
 40
50.0
  9
$CAMERAHEIGHT
 40
0.0
  9
$STEPSPERSEC
 40
24.0
  9
$STEPSIZE
 40
100.0
  9
$3DDWFPREC
 40
2.0
  9
$PSOLWIDTH
 40
0.005
  9
$PSOLHEIGHT
 40
0.08
  9
$LOFTANG1
 40
1.570796326795
  9
$LOFTANG2
 40
1.570796326795
  9
$LOFTMAG1
 40
0.0
  9
$LOFTMAG2
 40
0.0
  9
$LOFTPARAM
 70
7
  9
$LOFTNORMALS
280
1
  9
$LATITUDE
 40
37.795
  9
$LONGITUDE
 40
-122.394
  9
$NORTHDIRECTION
 40
0.0
  9
$TIMEZONE
 70
-8000
  9
$LIGHTGLYPHDISPLAY
280
1
  9
$TILEMODELIGHTSYNCH
280
1
  9
$CMATERIAL
347
20
  9
$SOLIDHIST
280
0
  9
$SHOWHIST
280
1
  9
$DWFFRAME
280
2
  9
$DGNFRAME
280
2
  9
$REALWORLDSCALE
290
1
  9
$INTERFERECOLOR
 62
256
  9
$CSHADOW
280
0
  9
$SHADOWPLANELOCATION
 40
0.0
  0
ENDSEC
  0
SECTION
  2
CLASSES
  0
CLASS
  1
ACDBDICTIONARYWDFLT
  2
AcDbDictionaryWithDefault
  3
ObjectDBX Classes
 90
0
 91
0
280
0
281
0
  0
CLASS
  1
SUN
  2
AcDbSun
  3
SCENEOE
 90
1153
 91
0
280
0
281
0
  0
CLASS
  1
VISUALSTYLE
  2
AcDbVisualStyle
  3
ObjectDBX Classes
 90
4095
 91
0
280
0
281
0
  0
CLASS
  1
MATERIAL
  2
AcDbMaterial
  3
ObjectDBX Classes
 90
1153
 91
0
280
0
281
0
  0
CLASS
  1
SCALE
  2
AcDbScale
  3
ObjectDBX Classes
 90
1153
 91
0
280
0
281
0
  0
CLASS
  1
TABLESTYLE
  2
AcDbTableStyle
  3
ObjectDBX Classes
 90
4095
 91
0
280
0
281
0
  0
CLASS
  1
MLEADERSTYLE
  2
AcDbMLeaderStyle
  3
ACDB_MLEADERSTYLE_CLASS
 90
4095
 91
0
280
0
281
0
  0
CLASS
  1
DICTIONARYVAR
  2
AcDbDictionaryVar
  3
ObjectDBX Classes
 90
0
 91
0
280
0
281
0
  0
CLASS
  1
CELLSTYLEMAP
  2
AcDbCellStyleMap
  3
ObjectDBX Classes
 90
1152
 91
0
280
0
281
0
  0
CLASS
  1
MENTALRAYRENDERSETTINGS
  2
AcDbMentalRayRenderSettings
  3
SCENEOE
 90
1024
 91
0
280
0
281
0
  0
CLASS
  1
ACDBDETAILVIEWSTYLE
  2
AcDbDetailViewStyle
  3
ObjectDBX Classes
 90
1025
 91
0
280
0
281
0
  0
CLASS
  1
ACDBSECTIONVIEWSTYLE
  2
AcDbSectionViewStyle
  3
ObjectDBX Classes
 90
1025
 91
0
280
0
281
0
  0
CLASS
  1
RASTERVARIABLES
  2
AcDbRasterVariables
  3
ISM
 90
0
 91
0
280
0
281
0
  0
CLASS
  1
ACDBPLACEHOLDER
  2
AcDbPlaceHolder
  3
ObjectDBX Classes
 90
0
 91
0
280
0
281
0
  0
CLASS
  1
LAYOUT
  2
AcDbLayout
  3
ObjectDBX Classes
 90
0
 91
0
280
0
281
0
  0
ENDSEC
  0
SECTION
  2
TABLES
  0
TABLE
  2
VPORT
  5
8
330
0
100
AcDbSymbolTable
 70
1
  0
VPORT
  5
23
330
8
100
AcDbSymbolTableRecord
100
AcDbViewportTableRecord
  2
*Active
 70
0
 10
0.0
 20
0.0
 11
1.0
 21
1.0
 12
0.0
 22
0.0
 13
0.0
 23
0.0
 14
0.5
 24
0.5
 15
0.5
 25
0.5
 16
0.0
 26
0.0
 36
1.0
 17
0.0
 27
0.0
 37
0.0
 40
1000.0
 41
1.34
 42
50.0
 43
0.0
 44
0.0
 50
0.0
 51
0.0
 71
0
 72
1000
 73
1
 74
3
 75
0
 76
0
 77
0
 78
0
281
0
 65
0
146
0.0
  0
ENDTAB
  0
TABLE
  2
LTYPE
  5
2
330
0
100
AcDbSymbolTable
 70
21
  0
LTYPE
  5
24
330
2
100
AcDbSymbolTableRecord
100
AcDbLinetypeTableRecord
  2
ByBlock
 70
0
  3

 72
65
 73
0
 40
0.0
  0
LTYPE
  5
25
330
2
100
AcDbSymbolTableRecord
100
AcDbLinetypeTableRecord
  2
ByLayer
 70
0
  3

 72
65
 73
0
 40
0.0
  0
LTYPE
  5
26
330
2
100
AcDbSymbolTableRecord
100
AcDbLinetypeTableRecord
  2
Continuous
 70
0
  3

 72
65
 73
0
 40
0.0
  0
LTYPE
  5
2F
330
2
100
AcDbSymbolTableRecord
100
AcDbLinetypeTableRecord
  2
CENTER
 70
0
  3
Center ____ _ ____ _ ____ _ ____ _ ____ _ ____
 72
65
 73
4
 40
5.08
 49
3.175
 74
0
 49
-0.635
 74
0
 49
0.635
 74
0
 49
-0.635
 74
0
  0
LTYPE
  5
30
330
2
100
AcDbSymbolTableRecord
100
AcDbLinetypeTableRecord
  2
CENTERX2
 70
0
  3
Center (2x) ________  __  ________  __  ________
 72
65
 73
4
 40
8.89
 49
6.35
 74
0
 49
-0.635
 74
0
 49
1.27
 74
0
 49
-0.635
 74
0
  0
LTYPE
  5
31
330
2
100
AcDbSymbolTableRecord
100
AcDbLinetypeTableRecord
  2
CENTER2
 70
0
  3
Center (.5x) ____ _ ____ _ ____ _ ____ _ ____
 72
65
 73
4
 40
2.54
 49
1.587
 74
0
 49
-0.318
 74
0
 49
0.318
 74
0
 49
-0.318
 74
0
  0
LTYPE
  5
32
330
2
100
AcDbSymbolTableRecord
100
AcDbLinetypeTableRecord
  2
DASHED
 70
0
  3
Dashed __ __ __ __ __ __ __ __ __ __ __ __ __ _
 72
65
 73
2
 40
1.524
 49
1.27
 74
0
 49
-0.254
 74
0
  0
LTYPE
  5
33
330
2
100
AcDbSymbolTableRecord
100
AcDbLinetypeTableRecord
  2
DASHEDX2
 70
0
  3
Dashed (2x) ____  ____  ____  ____  ____  ____
 72
65
 73
2
 40
3.048
 49
2.54
 74
0
 49
-0.508
 74
0
  0
LTYPE
  5
34
330
2
100
AcDbSymbolTableRecord
100
AcDbLinetypeTableRecord
  2
DASHED2
 70
0
  3
Dashed (.5x) _ _ _ _ _ _ _ _ _ _ _ _ _ _
 72
65
 73
2
 40
0.762
 49
0.635
 74
0
 49
-0.127
 74
0
  0
LTYPE
  5
35
330
2
100
AcDbSymbolTableRecord
100
AcDbLinetypeTableRecord
  2
PHANTOM
 70
0
  3
Phantom ______  __  __  ______  __  __  ______
 72
65
 73
6
 40
6.35
 49
3.175
 74
0
 49
-0.635
 74
0
 49
0.635
 74
0
 49
-0.635
 74
0
 49
0.635
 74
0
 49
-0.635
 74
0
  0
LTYPE
  5
36
330
2
100
AcDbSymbolTableRecord
100
AcDbLinetypeTableRecord
  2
PHANTOMX2
 70
0
  3
Phantom (2x)____________    ____    ____    ____________
 72
65
 73
6
 40
10.795
 49
6.35
 74
0
 49
-0.635
 74
0
 49
1.27
 74
0
 49
-0.635
 74
0
 49
1.27
 74
0
 49
-0.635
 74
0
  0
LTYPE
  5
37
330
2
100
AcDbSymbolTableRecord
100
AcDbLinetypeTableRecord
  2
PHANTOM2
 70
0
  3
Phantom (.5x) ___ _ _ ___ _ _ ___ _ _ ___ _ _ ___
 72
65
 73
6
 40
3.175
 49
1.587
 74
0
 49
-0.318
 74
0
 49
0.318
 74
0
 49
-0.318
 74
0
 49
0.318
 74
0
 49
-0.318
 74
0
  0
LTYPE
  5
38
330
2
100
AcDbSymbolTableRecord
100
AcDbLinetypeTableRecord
  2
DASHDOT
 70
0
  3
Dash dot __ . __ . __ . __ . __ . __ . __ . __
 72
65
 73
4
 40
3.556
 49
2.54
 74
0
 49
-0.508
 74
0
 49
0.0
 74
0
 49
-0.508
 74
0
  0
LTYPE
  5
39
330
2
100
AcDbSymbolTableRecord
100
AcDbLinetypeTableRecord
  2
DASHDOTX2
 70
0
  3
Dash dot (2x) ____  .  ____  .  ____  .  ____
 72
65
 73
4
 40
6.096
 49
5.08
 74
0
 49
-0.508
 74
0
 49
0.0
 74
0
 49
-0.508
 74
0
  0
LTYPE
  5
3A
330
2
100
AcDbSymbolTableRecord
100
AcDbLinetypeTableRecord
  2
DASHDOT2
 70
0
  3
Dash dot (.5x) _ . _ . _ . _ . _ . _ . _ . _
 72
65
 73
4
 40
1.778
 49
1.27
 74
0
 49
-0.254
 74
0
 49
0.0
 74
0
 49
-0.254
 74
0
  0
LTYPE
  5
3B
330
2
100
AcDbSymbolTableRecord
100
AcDbLinetypeTableRecord
  2
DOT
 70
0
  3
Dot .  .  .  .  .  .  .  .  .  .  .  .  .  .  .  .
 72
65
 73
2
 40
0.508
 49
0.0
 74
0
 49
-0.508
 74
0
  0
LTYPE
  5
3C
330
2
100
AcDbSymbolTableRecord
100
AcDbLinetypeTableRecord
  2
DOTX2
 70
0
  3
Dot (2x) .    .    .    .    .    .    .    . 
 72
65
 73
2
 40
1.016
 49
0.0
 74
0
 49
-1.016
 74
0
  0
LTYPE
  5
3D
330
2
100
AcDbSymbolTableRecord
100
AcDbLinetypeTableRecord
  2
DOT2
 70
0
  3
Dot (.5) . . . . . . . . . . . . . . . . . . . 
 72
65
 73
2
 40
0.254
 49
0.0
 74
0
 49
-0.254
 74
0
  0
LTYPE
  5
3E
330
2
100
AcDbSymbolTableRecord
100
AcDbLinetypeTableRecord
  2
DIVIDE
 70
0
  3
Divide __ . . __ . . __ . . __ . . __ . . __
 72
65
 73
6
 40
4.064
 49
2.54
 74
0
 49
-0.508
 74
0
 49
0.0
 74
0
 49
-0.508
 74
0
 49
0.0
 74
0
 49
-0.508
 74
0
  0
LTYPE
  5
3F
330
2
100
AcDbSymbolTableRecord
100
AcDbLinetypeTableRecord
  2
DIVIDEX2
 70
0
  3
Divide (2x) ____  . .  ____  . .  ____  . .  ____
 72
65
 73
6
 40
6.604
 49
5.08
 74
0
 49
-0.508
 74
0
 49
0.0
 74
0
 49
-0.508
 74
0
 49
0.0
 74
0
 49
-0.508
 74
0
  0
LTYPE
  5
40
330
2
100
AcDbSymbolTableRecord
100
AcDbLinetypeTableRecord
  2
DIVIDE2
 70
0
  3
Divide(.5x) _ . _ . _ . _ . _ . _ . _ . _
 72
65
 73
6
 40
2.032
 49
1.27
 74
0
 49
-0.254
 74
0
 49
0.0
 74
0
 49
-0.254
 74
0
 49
0.0
 74
0
 49
-0.254
 74
0
  0
ENDTAB
  0
TABLE
  2
LAYER
  5
1
330
0
100
AcDbSymbolTable
 70
12
  0
LAYER
  5
27
330
1
100
AcDbSymbolTableRecord
100
AcDbLayerTableRecord
  2
0
 70
0
 62
7
  6
Continuous
370
-3
390
13
347
21
  0
LAYER
  5
28
330
1
100
AcDbSymbolTableRecord
100
AcDbLayerTableRecord
  2
Defpoints
 70
0
 62
7
  6
Continuous
290
0
370
-3
390
13
347
21
  0
LAYER
  5
8B
330
1
100
AcDbSymbolTableRecord
100
AcDbLayerTableRecord
  2
FRAME
 70
0
 62
7
  6
Continuous
370
-3
390
13
347
21
  0
LAYER
  5
8C
330
1
100
AcDbSymbolTableRecord
100
AcDbLayerTableRecord
  2
TITLE
 70
0
 62
7
  6
Continuous
370
-3
390
13
347
21
  0
LAYER
  5
8D
330
1
100
AcDbSymbolTableRecord
100
AcDbLayerTableRecord
  2
VIEW
 70
0
 62
7
  6
Continuous
370
-3
390
13
347
21
  0
LAYER
  5
8E
330
1
100
AcDbSymbolTableRecord
100
AcDbLayerTableRecord
  2
HIDDEN
 70
0
 62
1
  6
DASHED
370
-3
390
13
347
21
  0
LAYER
  5
8F
330
1
100
AcDbSymbolTableRecord
100
AcDbLayerTableRecord
  2
CENTER
 70
0
 62
5
  6
CENTER
370
-3
390
13
347
21
  0
LAYER
  5
90
330
1
100
AcDbSymbolTableRecord
100
AcDbLayerTableRecord
  2
DIM
 70
0
 62
4
  6
Continuous
370
-3
390
13
347
21
  0
LAYER
  5
91
330
1
100
AcDbSymbolTableRecord
100
AcDbLayerTableRecord
  2
BOM
 70
0
 62
7
  6
Continuous
370
-3
390
13
347
21
  0
LAYER
  5
92
330
1
100
AcDbSymbolTableRecord
100
AcDbLayerTableRecord
  2
NOTE
 70
0
 62
7
  6
Continuous
370
-3
390
13
347
21
  0
LAYER
  5
93
330
1
100
AcDbSymbolTableRecord
100
AcDbLayerTableRecord
  2
CUT
 70
0
 62
7
  6
Continuous
370
-3
390
13
347
21
  0
LAYER
  5
94
330
1
100
AcDbSymbolTableRecord
100
AcDbLayerTableRecord
  2
MARK
 70
0
 62
3
  6
Continuous
370
-3
390
13
347
21
  0
ENDTAB
  0
TABLE
  2
STYLE
  5
5
330
0
100
AcDbSymbolTable
 70
27
  0
STYLE
  5
29
330
5
100
AcDbSymbolTableRecord
100
AcDbTextStyleTableRecord
  2
Standard
 70
0
 40
0.0
 41
1.0
 50
0.0
 71
0
 42
2.5
  3
wqy-zenhei.ttc
  4

  0
STYLE
  5
41
330
5
100
AcDbSymbolTableRecord
100
AcDbTextStyleTableRecord
  2
OpenSans-Light
 70
0
 40
0.0
 41
1.0
 50
0.0
 71
0
 42
2.5
  3
OpenSans-Light.ttf
  4

  0
STYLE
  5
42
330
5
100
AcDbSymbolTableRecord
100
AcDbTextStyleTableRecord
  2
OpenSans-Light-Italic
 70
0
 40
0.0
 41
1.0
 50
0.0
 71
0
 42
2.5
  3
OpenSans-LightItalic.ttf
  4

  0
STYLE
  5
43
330
5
100
AcDbSymbolTableRecord
100
AcDbTextStyleTableRecord
  2
OpenSans
 70
0
 40
0.0
 41
1.0
 50
0.0
 71
0
 42
2.5
  3
OpenSans-Regular.ttf
  4

  0
STYLE
  5
44
330
5
100
AcDbSymbolTableRecord
100
AcDbTextStyleTableRecord
  2
OpenSans-Italic
 70
0
 40
0.0
 41
1.0
 50
0.0
 71
0
 42
2.5
  3
OpenSans-Italic.ttf
  4

  0
STYLE
  5
45
330
5
100
AcDbSymbolTableRecord
100
AcDbTextStyleTableRecord
  2
OpenSans-SemiBold
 70
0
 40
0.0
 41
1.0
 50
0.0
 71
0
 42
2.5
  3
OpenSans-SemiBold.ttf
  4

  0
STYLE
  5
46
330
5
100
AcDbSymbolTableRecord
100
AcDbTextStyleTableRecord
  2
OpenSans-SemiBoldItalic
 70
0
 40
0.0
 41
1.0
 50
0.0
 71
0
 42
2.5
  3
OpenSans-SemiBoldItalic.ttf
  4

  0
STYLE
  5
47
330
5
100
AcDbSymbolTableRecord
100
AcDbTextStyleTableRecord
  2
OpenSans-Bold
 70
0
 40
0.0
 41
1.0
 50
0.0
 71
0
 42
2.5
  3
OpenSans-Bold.ttf
  4

  0
STYLE
  5
48
330
5
100
AcDbSymbolTableRecord
100
AcDbTextStyleTableRecord
  2
OpenSans-BoldItalic
 70
0
 40
0.0
 41
1.0
 50
0.0
 71
0
 42
2.5
  3
OpenSans-BoldItalic.ttf
  4

  0
STYLE
  5
49
330
5
100
AcDbSymbolTableRecord
100
AcDbTextStyleTableRecord
  2
OpenSans-ExtraBold
 70
0
 40
0.0
 41
1.0
 50
0.0
 71
0
 42
2.5
  3
OpenSans-ExtraBold.ttf
  4

  0
STYLE
  5
4A
330
5
100
AcDbSymbolTableRecord
100
AcDbTextStyleTableRecord
  2
OpenSans-ExtraBoldItalic
 70
0
 40
0.0
 41
1.0
 50
0.0
 71
0
 42
2.5
  3
OpenSans-ExtraBoldItalic.ttf
  4

  0
STYLE
  5
4B
330
5
100
AcDbSymbolTableRecord
100
AcDbTextStyleTableRecord
  2
OpenSansCondensed-Bold
 70
0
 40
0.0
 41
1.0
 50
0.0
 71
0
 42
2.5
  3
OpenSansCondensed-Bold.ttf
  4

  0
STYLE
  5
4C
330
5
100
AcDbSymbolTableRecord
100
AcDbTextStyleTableRecord
  2
OpenSansCondensed-Light
 70
0
 40
0.0
 41
1.0
 50
0.0
 71
0
 42
2.5
  3
OpenSansCondensed-Light.ttf
  4

  0
STYLE
  5
4D
330
5
100
AcDbSymbolTableRecord
100
AcDbTextStyleTableRecord
  2
OpenSansCondensed-Italic
 70
0
 40
0.0
 41
1.0
 50
0.0
 71
0
 42
2.5
  3
OpenSansCondensed-LightItalic.ttf
  4

  0
STYLE
  5
4E
330
5
100
AcDbSymbolTableRecord
100
AcDbTextStyleTableRecord
  2
LiberationSans
 70
0
 40
0.0
 41
1.0
 50
0.0
 71
0
 42
2.5
  3
LiberationSans-Regular.ttf
  4

  0
STYLE
  5
4F
330
5
100
AcDbSymbolTableRecord
100
AcDbTextStyleTableRecord
  2
LiberationSans-Bold
 70
0
 40
0.0
 41
1.0
 50
0.0
 71
0
 42
2.5
  3
LiberationSans-Bold.ttf
  4

  0
STYLE
  5
50
330
5
100
AcDbSymbolTableRecord
100
AcDbTextStyleTableRecord
  2
LiberationSans-BoldItalic
 70
0
 40
0.0
 41
1.0
 50
0.0
 71
0
 42
2.5
  3
LiberationSans-BoldItalic.ttf
  4

  0
STYLE
  5
51
330
5
100
AcDbSymbolTableRecord
100
AcDbTextStyleTableRecord
  2
LiberationSans-Italic
 70
0
 40
0.0
 41
1.0
 50
0.0
 71
0
 42
2.5
  3
LiberationSans-Italic.ttf
  4

  0
STYLE
  5
52
330
5
100
AcDbSymbolTableRecord
100
AcDbTextStyleTableRecord
  2
LiberationSerif
 70
0
 40
0.0
 41
1.0
 50
0.0
 71
0
 42
2.5
  3
LiberationSerif-Regular.ttf
  4

  0
STYLE
  5
53
330
5
100
AcDbSymbolTableRecord
100
AcDbTextStyleTableRecord
  2
LiberationSerif-Bold
 70
0
 40
0.0
 41
1.0
 50
0.0
 71
0
 42
2.5
  3
LiberationSerif-Bold.ttf
  4

  0
STYLE
  5
54
330
5
100
AcDbSymbolTableRecord
100
AcDbTextStyleTableRecord
  2
LiberationSerif-BoldItalic
 70
0
 40
0.0
 41
1.0
 50
0.0
 71
0
 42
2.5
  3
LiberationSerif-BoldItalic.ttf
  4

  0
STYLE
  5
55
330
5
100
AcDbSymbolTableRecord
100
AcDbTextStyleTableRecord
  2
LiberationSerif-Italic
 70
0
 40
0.0
 41
1.0
 50
0.0
 71
0
 42
2.5
  3
LiberationSerif-Italic.ttf
  4

  0
STYLE
  5
56
330
5
100
AcDbSymbolTableRecord
100
AcDbTextStyleTableRecord
  2
LiberationMono
 70
0
 40
0.0
 41
1.0
 50
0.0
 71
0
 42
2.5
  3
LiberationMono-Regular.ttf
  4

  0
STYLE
  5
57
330
5
100
AcDbSymbolTableRecord
100
AcDbTextStyleTableRecord
  2
LiberationMono-Bold
 70
0
 40
0.0
 41
1.0
 50
0.0
 71
0
 42
2.5
  3
LiberationMono-Bold.ttf
  4

  0
STYLE
  5
58
330
5
100
AcDbSymbolTableRecord
100
AcDbTextStyleTableRecord
  2
LiberationMono-BoldItalic
 70
0
 40
0.0
 41
1.0
 50
0.0
 71
0
 42
2.5
  3
LiberationMono-BoldItalic.ttf
  4

  0
STYLE
  5
59
330
5
100
AcDbSymbolTableRecord
100
AcDbTextStyleTableRecord
  2
LiberationMono-Italic
 70
0
 40
0.0
 41
1.0
 50
0.0
 71
0
 42
2.5
  3
LiberationMono-Italic.ttf
  4

  0
STYLE
  5
8A
330
5
100
AcDbSymbolTableRecord
100
AcDbTextStyleTableRecord
  2
CJK
 70
0
 40
0.0
 41
1.0
 50
0.0
 71
0
 42
2.5
  3
wqy-zenhei.ttc
  4

  0
ENDTAB
  0
TABLE
  2
VIEW
  5
7
330
0
100
AcDbSymbolTable
 70
0
  0
ENDTAB
  0
TABLE
  2
UCS
  5
6
330
0
100
AcDbSymbolTable
 70
0
  0
ENDTAB
  0
TABLE
  2
APPID
  5
3
330
0
100
AcDbSymbolTable
 70
3
  0
APPID
  5
2A
330
3
100
AcDbSymbolTableRecord
100
AcDbRegAppTableRecord
  2
ACAD
 70
0
  0
APPID
  5
BE1
330
3
100
AcDbSymbolTableRecord
100
AcDbRegAppTableRecord
  2
HATCHBACKGROUNDCOLOR
 70
0
  0
APPID
  5
BE2
330
3
100
AcDbSymbolTableRecord
100
AcDbRegAppTableRecord
  2
EZDXF
 70
0
  0
ENDTAB
  0
TABLE
  2
DIMSTYLE
  5
4
330
0
100
AcDbSymbolTable
 70
13
100
AcDbDimStyleTable
  0
DIMSTYLE
105
2B
330
4
100
AcDbSymbolTableRecord
100
AcDbDimStyleTableRecord
  2
Standard
 70
0
 40
1.0
 41
2.5
 42
0.625
 43
3.75
 44
1.25
 45
0.0
 46
0.0
 47
0.0
 48
0.0
 49
2.5
140
2.5
141
2.5
142
0.0
143
0.03937007874
144
1.0
145
0.0
146
1.0
147
0.625
148
0.0
 69
0
 70
0
 71
0
 72
0
 73
0
 74
0
 75
0
 76
0
 77
1
 78
8
 79
3
170
0
171
3
172
1
173
0
174
0
175
0
176
0
177
0
178
0
179
2
271
2
272
2
273
2
274
3
275
0
276
0
277
2
278
44
279
0
280
0
281
0
282
0
283
0
284
8
285
0
286
0
288
0
289
3
290
0
371
-2
372
-2
  0
DIMSTYLE
105
73
330
4
100
AcDbSymbolTableRecord
100
AcDbDimStyleTableRecord
  2
EZDXF
 70
0
 40
1.0
 41
0.175
 42
0.125
 43
3.75
 44
0.375
 45
0.0
 46
0.0
 47
0.0
 48
0.0
 49
2.5
140
0.25
141
2.5
142
0.0
143
0.03937007874
144
100.0
145
0.0
146
0.5
147
0.1
148
0.0
 69
0
 70
0
 71
0
 72
0
 73
0
 74
0
 75
0
 76
0
 77
1
 78
12
 79
3
170
0
171
3
172
1
173
0
174
0
175
0
176
0
177
0
178
0
179
2
271
2
272
2
273
2
274
3
275
0
276
0
277
2
278
46
279
2
280
0
281
0
282
0
283
0
284
8
285
0
286
0
288
1
289
3
290
0
340
4C
342
74
371
-2
372
-2
  0
DIMSTYLE
105
7C
330
4
100
AcDbSymbolTableRecord
100
AcDbDimStyleTableRecord
  2
EZ_M_100_H25_CM
 70
0
 40
1.0
 41
0.25
 42
0.125
 43
3.75
 44
0.375
 45
0.0
 46
0.0
 47
0.0
 48
0.0
 49
2.5
140
0.25
141
2.5
142
0.125
143
0.03937007874
144
100.0
145
0.0
146
0.5
147
0.1
148
0.0
 69
0
 70
0
 71
0
 72
0
 73
0
 74
0
 75
0
 76
0
 77
1
 78
12
 79
3
170
0
171
3
172
1
173
0
174
0
175
0
176
0
177
0
178
0
179
2
271
2
272
2
273
2
274
3
275
0
276
0
277
2
278
46
279
2
280
0
281
0
282
0
283
0
284
8
285
0
286
0
288
1
289
3
290
0
340
4C
371
-2
372
-2
  0
DIMSTYLE
105
7D
330
4
100
AcDbSymbolTableRecord
100
AcDbDimStyleTableRecord
  2
EZ_M_50_H25_CM
 70
0
 40
1.0
 41
0.125
 42
0.0625
 43
3.75
 44
0.1875
 45
0.0
 46
0.0
 47
0.0
 48
0.0
 49
2.5
140
0.125
141
2.5
142
0.0625
143
0.03937007874
144
100.0
145
0.0
146
0.5
147
0.05
148
0.0
 69
0
 70
0
 71
0
 72
0
 73
0
 74
0
 75
0
 76
0
 77
1
 78
12
 79
3
170
0
171
3
172
1
173
0
174
0
175
0
176
0
177
0
178
0
179
2
271
2
272
2
273
2
274
3
275
0
276
0
277
2
278
46
279
2
280
0
281
0
282
0
283
0
284
8
285
0
286
0
288
1
289
3
290
0
340
4C
371
-2
372
-2
  0
DIMSTYLE
105
7E
330
4
100
AcDbSymbolTableRecord
100
AcDbDimStyleTableRecord
  2
EZ_M_25_H25_CM
 70
0
 40
1.0
 41
0.0625
 42
0.03125
 43
3.75
 44
0.09375
 45
0.0
 46
0.0
 47
0.0
 48
0.0
 49
2.5
140
0.0625
141
2.5
142
0.03125
143
0.03937007874
144
100.0
145
0.0
146
0.5
147
0.025
148
0.0
 69
0
 70
0
 71
0
 72
0
 73
0
 74
0
 75
0
 76
0
 77
1
 78
12
 79
3
170
0
171
3
172
1
173
0
174
0
175
0
176
0
177
0
178
0
179
2
271
2
272
2
273
2
274
3
275
0
276
0
277
2
278
46
279
2
280
0
281
0
282
0
283
0
284
8
285
0
286
0
288
1
289
3
290
0
340
4C
371
-2
372
-2
  0
DIMSTYLE
105
7F
330
4
100
AcDbSymbolTableRecord
100
AcDbDimStyleTableRecord
  2
EZ_M_20_H25_CM
 70
0
 40
1.0
 41
0.05
 42
0.025
 43
3.75
 44
0.07500000000000001
 45
0.0
 46
0.0
 47
0.0
 48
0.0
 49
2.5
140
0.05
141
2.5
142
0.025
143
0.03937007874
144
100.0
145
0.0
146
0.5
147
0.020000000000000004
148
0.0
 69
0
 70
0
 71
0
 72
0
 73
0
 74
0
 75
0
 76
0
 77
1
 78
12
 79
3
170
0
171
3
172
1
173
0
174
0
175
0
176
0
177
0
178
0
179
2
271
2
272
2
273
2
274
3
275
0
276
0
277
2
278
46
279
2
280
0
281
0
282
0
283
0
284
8
285
0
286
0
288
1
289
3
290
0
340
4C
371
-2
372
-2
  0
DIMSTYLE
105
80
330
4
100
AcDbSymbolTableRecord
100
AcDbDimStyleTableRecord
  2
EZ_M_10_H25_CM
 70
0
 40
1.0
 41
0.025
 42
0.0125
 43
3.75
 44
0.037500000000000006
 45
0.0
 46
0.0
 47
0.0
 48
0.0
 49
2.5
140
0.025
141
2.5
142
0.0125
143
0.03937007874
144
100.0
145
0.0
146
0.5
147
0.010000000000000002
148
0.0
 69
0
 70
0
 71
0
 72
0
 73
0
 74
0
 75
0
 76
0
 77
1
 78
12
 79
3
170
0
171
3
172
1
173
0
174
0
175
0
176
0
177
0
178
0
179
2
271
2
272
2
273
2
274
3
275
0
276
0
277
2
278
46
279
2
280
0
281
0
282
0
283
0
284
8
285
0
286
0
288
1
289
3
290
0
340
4C
371
-2
372
-2
  0
DIMSTYLE
105
81
330
4
100
AcDbSymbolTableRecord
100
AcDbDimStyleTableRecord
  2
EZ_M_5_H25_CM
 70
0
 40
1.0
 41
0.0125
 42
0.00625
 43
3.75
 44
0.018750000000000003
 45
0.0
 46
0.0
 47
0.0
 48
0.0
 49
2.5
140
0.0125
141
2.5
142
0.00625
143
0.03937007874
144
100.0
145
0.0
146
0.5
147
0.005000000000000001
148
0.0
 69
0
 70
0
 71
0
 72
0
 73
0
 74
0
 75
0
 76
0
 77
1
 78
12
 79
3
170
0
171
3
172
1
173
0
174
0
175
0
176
0
177
0
178
0
179
2
271
2
272
2
273
2
274
3
275
0
276
0
277
2
278
46
279
2
280
0
281
0
282
0
283
0
284
8
285
0
286
0
288
1
289
3
290
0
340
4C
371
-2
372
-2
  0
DIMSTYLE
105
82
330
4
100
AcDbSymbolTableRecord
100
AcDbDimStyleTableRecord
  2
EZ_M_1_H25_CM
 70
0
 40
1.0
 41
0.0025
 42
0.00125
 43
3.75
 44
0.00375
 45
0.0
 46
0.0
 47
0.0
 48
0.0
 49
2.5
140
0.0025
141
2.5
142
0.00125
143
0.03937007874
144
100.0
145
0.0
146
0.5
147
0.001
148
0.0
 69
0
 70
0
 71
0
 72
0
 73
0
 74
0
 75
0
 76
0
 77
1
 78
12
 79
3
170
0
171
3
172
1
173
0
174
0
175
0
176
0
177
0
178
0
179
2
271
2
272
2
273
2
274
3
275
0
276
0
277
2
278
46
279
2
280
0
281
0
282
0
283
0
284
8
285
0
286
0
288
1
289
3
290
0
340
4C
371
-2
372
-2
  0
DIMSTYLE
105
83
330
4
100
AcDbSymbolTableRecord
100
AcDbDimStyleTableRecord
  2
EZ_RADIUS
 70
0
 40
1.0
 41
0.25
 42
0.125
 43
3.75
 44
0.375
 45
0.0
 46
0.0
 47
0.0
 48
0.0
 49
2.5
140
0.25
141
0.0
142
0.0
143
0.03937007874
144
100.0
145
0.0
146
0.5
147
0.1
148
0.0
 69
0
 70
0
 71
0
 72
0
 73
0
 74
0
 75
0
 76
0
 77
1
 78
12
 79
3
170
0
171
3
172
0
173
0
174
0
175
0
176
0
177
0
178
0
179
2
271
2
272
2
273
2
274
3
275
0
276
0
277
2
278
46
279
1
280
0
281
0
282
0
283
0
284
8
285
0
286
0
288
1
289
3
290
0
340
4C
342
84
371
-2
372
-2
  0
DIMSTYLE
105
88
330
4
100
AcDbSymbolTableRecord
100
AcDbDimStyleTableRecord
  2
EZ_RADIUS_INSIDE
 70
0
 40
1.0
 41
0.25
 42
0.125
 43
3.75
 44
0.375
 45
0.0
 46
0.0
 47
0.0
 48
0.0
 49
2.5
140
0.25
141
0.0
142
0.0
143
0.03937007874
144
100.0
145
0.0
146
0.5
147
0.1
148
0.0
 69
0
 70
0
 71
0
 72
0
 73
0
 74
0
 75
0
 76
0
 77
0
 78
12
 79
3
170
0
171
3
172
0
173
0
174
1
175
0
176
0
177
0
178
0
179
2
271
2
272
2
273
2
274
3
275
0
276
0
277
2
278
46
279
0
280
0
281
0
282
0
283
0
284
8
285
0
286
0
288
1
289
0
290
0
340
4C
342
84
371
-2
372
-2
  0
DIMSTYLE
105
89
330
4
100
AcDbSymbolTableRecord
100
AcDbDimStyleTableRecord
  2
EZ_CURVED
 70
0
 40
1.0
 41
0.25
 42
0.125
 43
3.75
 44
0.375
 45
0.0
 46
0.0
 47
0.0
 48
0.0
 49
2.5
140
0.25
141
2.5
142
0.0
143
0.03937007874
144
100.0
145
0.0
146
0.5
147
0.1
148
0.0
 69
0
 70
0
 71
0
 72
0
 73
0
 74
0
 75
0
 76
0
 77
1
 78
12
 79
2
 90
2
170
0
171
3
172
1
173
0
174
0
175
0
176
0
177
0
178
0
179
2
271
2
272
2
273
2
274
3
275
0
276
0
277
2
278
46
279
2
280
0
281
0
282
0
283
0
284
8
285
0
286
0
288
1
289
3
290
0
340
4C
371
-2
372
-2
  0
DIMSTYLE
105
95
330
4
100
AcDbSymbolTableRecord
100
AcDbDimStyleTableRecord
  2
PLATE_U17C-01
 70
0
 40
4.0
 41
7.2
 42
4.8
 43
3.75
 44
4.8
 45
0.0
 46
0.0
 47
0.0
 48
0.0
 49
2.5
140
10.0
141
2.5
142
0.0
143
0.03937007874
144
1.0
145
0.0
146
1.0
147
0.625
148
0.0
 69
0
 70
0
 71
0
 72
0
 73
0
 74
0
 75
0
 76
0
 77
1
 78
8
 79
3
170
0
171
3
172
1
173
0
174
0
175
0
176
4
177
4
178
4
179
2
271
1
272
2
273
2
274
3
275
0
276
0
277
2
278
44
279
0
280
0
281
0
282
0
283
0
284
8
285
0
286
0
288
0
289
3
290
0
340
8A
371
-2
372
-2
  0
ENDTAB
  0
TABLE
  2
BLOCK_RECORD
  5
9
330
0
100
AcDbSymbolTable
 70
27
  0
BLOCK_RECORD
  5
17
330
9
100
AcDbSymbolTableRecord
100
AcDbBlockTableRecord
  2
*Model_Space
340
1A
 70
0
280
1
281
0
  0
BLOCK_RECORD
  5
1B
330
9
100
AcDbSymbolTableRecord
100
AcDbBlockTableRecord
  2
*Paper_Space
340
1E
 70
0
280
1
281
0
  0
BLOCK_RECORD
  5
74
330
9
100
AcDbSymbolTableRecord
100
AcDbBlockTableRecord
  2
_ARCHTICK
340
0
 70
0
280
1
281
0
  0
BLOCK_RECORD
  5
78
330
9
100
AcDbSymbolTableRecord
100
AcDbBlockTableRecord
  2
_CLOSEDFILLED
340
0
 70
0
280
1
281
0
  0
BLOCK_RECORD
  5
84
330
9
100
AcDbSymbolTableRecord
100
AcDbBlockTableRecord
  2
_CLOSEDBLANK
340
0
 70
0
280
1
281
0
  0
BLOCK_RECORD
  5
9F9
330
9
100
AcDbSymbolTableRecord
100
AcDbBlockTableRecord
  2
*D1
340
0
 70
0
280
1
281
0
  0
BLOCK_RECORD
  5
A08
330
9
100
AcDbSymbolTableRecord
100
AcDbBlockTableRecord
  2
*D2
340
0
 70
0
280
1
281
0
  0
BLOCK_RECORD
  5
A17
330
9
100
AcDbSymbolTableRecord
100
AcDbBlockTableRecord
  2
*D3
340
0
 70
0
280
1
281
0
  0
BLOCK_RECORD
  5
A26
330
9
100
AcDbSymbolTableRecord
100
AcDbBlockTableRecord
  2
*D4
340
0
 70
0
280
1
281
0
  0
BLOCK_RECORD
  5
A35
330
9
100
AcDbSymbolTableRecord
100
AcDbBlockTableRecord
  2
*D5
340
0
 70
0
280
1
281
0
  0
BLOCK_RECORD
  5
A44
330
9
100
AcDbSymbolTableRecord
100
AcDbBlockTableRecord
  2
*D6
340
0
 70
0
280
1
281
0
  0
BLOCK_RECORD
  5
A53
330
9
100
AcDbSymbolTableRecord
100
AcDbBlockTableRecord
  2
*D7
340
0
 70
0
280
1
281
0
  0
BLOCK_RECORD
  5
A66
330
9
100
AcDbSymbolTableRecord
100
AcDbBlockTableRecord
  2
*D8
340
0
 70
0
280
1
281
0
  0
BLOCK_RECORD
  5
A75
330
9
100
AcDbSymbolTableRecord
100
AcDbBlockTableRecord
  2
*D9
340
0
 70
0
280
1
281
0
  0
BLOCK_RECORD
  5
A87
330
9
100
AcDbSymbolTableRecord
100
AcDbBlockTableRecord
  2
*D10
340
0
 70
0
280
1
281
0
  0
BLOCK_RECORD
  5
A96
330
9
100
AcDbSymbolTableRecord
100
AcDbBlockTableRecord
  2
*D11
340
0
 70
0
280
1
281
0
  0
BLOCK_RECORD
  5
AA9
330
9
100
AcDbSymbolTableRecord
100
AcDbBlockTableRecord
  2
*D12
340
0
 70
0
280
1
281
0
  0
BLOCK_RECORD
  5
AB8
330
9
100
AcDbSymbolTableRecord
100
AcDbBlockTableRecord
  2
*D13
340
0
 70
0
280
1
281
0
  0
BLOCK_RECORD
  5
ACD
330
9
100
AcDbSymbolTableRecord
100
AcDbBlockTableRecord
  2
*D14
340
0
 70
0
280
1
281
0
  0
BLOCK_RECORD
  5
ADC
330
9
100
AcDbSymbolTableRecord
100
AcDbBlockTableRecord
  2
*D15
340
0
 70
0
280
1
281
0
  0
BLOCK_RECORD
  5
AF4
330
9
100
AcDbSymbolTableRecord
100
AcDbBlockTableRecord
  2
*D16
340
0
 70
0
280
1
281
0
  0
BLOCK_RECORD
  5
B03
330
9
100
AcDbSymbolTableRecord
100
AcDbBlockTableRecord
  2
*D17
340
0
 70
0
280
1
281
0
  0
BLOCK_RECORD
  5
B12
330
9
100
AcDbSymbolTableRecord
100
AcDbBlockTableRecord
  2
*D18
340
0
 70
0
280
1
281
0
  0
BLOCK_RECORD
  5
B1F
330
9
100
AcDbSymbolTableRecord
100
AcDbBlockTableRecord
  2
*D19
340
0
 70
0
280
1
281
0
  0
BLOCK_RECORD
  5
B2C
330
9
100
AcDbSymbolTableRecord
100
AcDbBlockTableRecord
  2
*D20
340
0
 70
0
280
1
281
0
  0
BLOCK_RECORD
  5
B3E
330
9
100
AcDbSymbolTableRecord
100
AcDbBlockTableRecord
  2
*D21
340
0
 70
0
280
1
281
0
  0
BLOCK_RECORD
  5
B4F
330
9
100
AcDbSymbolTableRecord
100
AcDbBlockTableRecord
  2
*D22
340
0
 70
0
280
1
281
0
  0
ENDTAB
  0
ENDSEC
  0
SECTION
  2
BLOCKS
  0
BLOCK
  5
18
330
17
100
AcDbEntity
  8
0
100
AcDbBlockBegin
  2
*Model_Space
 70
0
 10
0.0
 20
0.0
 30
0.0
  3
*Model_Space
  1

  0
ENDBLK
  5
19
330
17
100
AcDbEntity
  8
0
100
AcDbBlockEnd
  0
BLOCK
  5
1C
330
1B
100
AcDbEntity
  8
0
100
AcDbBlockBegin
  2
*Paper_Space
 70
0
 10
0.0
 20
0.0
 30
0.0
  3
*Paper_Space
  1

  0
ENDBLK
  5
1D
330
1B
100
AcDbEntity
  8
0
100
AcDbBlockEnd
  0
BLOCK
  5
75
330
74
100
AcDbEntity
  8
0
100
AcDbBlockBegin
  2
_ARCHTICK
 70
0
 10
0.0
 20
0.0
 30
0.0
  3
_ARCHTICK
  1

  0
LWPOLYLINE
  5
77
330
74
100
AcDbEntity
  8
0
  6
BYBLOCK
 62
0
100
AcDbPolyline
 90
2
 70
0
 43
0.15
 10
-0.5
 20
-0.5
 10
0.5
 20
0.5
  0
ENDBLK
  5
76
330
74
100
AcDbEntity
  8
0
100
AcDbBlockEnd
  0
BLOCK
  5
79
330
78
100
AcDbEntity
  8
0
100
AcDbBlockBegin
  2
_CLOSEDFILLED
 70
0
 10
0.0
 20
0.0
 30
0.0
  3
_CLOSEDFILLED
  1

  0
SOLID
  5
7B
330
78
100
AcDbEntity
  8
0
  6
BYBLOCK
 62
0
100
AcDbTrace
 10
-1.0
 20
0.16439898372402537
 30
0.0
 11
0.0
 21
0.0
 31
0.0
 12
-1.0
 22
-0.16439898372402537
 32
0.0
 13
-1.0
 23
-0.16439898372402537
 33
0.0
  0
ENDBLK
  5
7A
330
78
100
AcDbEntity
  8
0
100
AcDbBlockEnd
  0
BLOCK
  5
85
330
84
100
AcDbEntity
  8
0
100
AcDbBlockBegin
  2
_CLOSEDBLANK
 70
0
 10
0.0
 20
0.0
 30
0.0
  3
_CLOSEDBLANK
  1

  0
LWPOLYLINE
  5
87
330
84
100
AcDbEntity
  8
0
  6
BYBLOCK
 62
0
100
AcDbPolyline
 90
3
 70
1
 10
-1.0
 20
0.16439898372402537
 10
0.0
 20
0.0
 10
-1.0
 20
-0.16439898372402537
  0
ENDBLK
  5
86
330
84
100
AcDbEntity
  8
0
100
AcDbBlockEnd
  0
BLOCK
  5
9FA
330
9F9
100
AcDbEntity
  8
0
100
AcDbBlockBegin
  2
*D1
 70
1
 10
0.0
 20
0.0
 30
0.0
  3
*D1
  1

  0
LINE
  5
9FC
330
9F9
100
AcDbEntity
  8
0
 62
4
100
AcDbLine
 10
340.0
 20
1578.8180274117533
 30
0.0
 11
340.0
 21
1498.8180274117533
 31
0.0
  0
LINE
  5
9FD
330
9F9
100
AcDbEntity
  8
0
 62
4
100
AcDbLine
 10
696.9041784998229
 20
1578.8180274117533
 30
0.0
 11
696.9041784998229
 21
1498.8180274117533
 31
0.0
  0
INSERT
  5
9FE
330
9F9
100
AcDbEntity
  8
DIM
 62
4
100
AcDbBlockReference
  2
_CLOSEDFILLED
 10
340.0
 20
1518.0180274117533
 30
0.0
 41
28.8
 42
28.8
 50
180.0
  0
INSERT
  5
A00
330
9F9
100
AcDbEntity
  8
DIM
 62
4
100
AcDbBlockReference
  2
_CLOSEDFILLED
 10
696.9041784998229
 20
1518.0180274117533
 30
0.0
 41
28.8
 42
28.8
  0
LINE
  5
A02
330
9F9
100
AcDbEntity
  8
0
 62
4
100
AcDbLine
 10
368.8
 20
1518.0180274117533
 30
0.0
 11
668.104178499823
 21
1518.0180274117533
 31
0.0
  0
MTEXT
  5
A03
330
9F9
100
AcDbEntity
  8
DIM
 62
4
100
AcDbMText
 10
518.4520892499115
 20
1540.5180274117533
 30
0.0
 40
40.0
 71
5
  1
356,9
  7
CJK
  0
POINT
  5
A04
330
9F9
100
AcDbEntity
  8
Defpoints
100
AcDbPoint
 10
340.0
 20
1518.0180274117533
 30
0.0
  0
POINT
  5
A05
330
9F9
100
AcDbEntity
  8
Defpoints
100
AcDbPoint
 10
340.0
 20
1598.0180274117533
 30
0.0
  0
POINT
  5
A06
330
9F9
100
AcDbEntity
  8
Defpoints
100
AcDbPoint
 10
696.9041784998229
 20
1598.0180274117533
 30
0.0
  0
ENDBLK
  5
9FB
330
9F9
100
AcDbEntity
  8
0
100
AcDbBlockEnd
  0
BLOCK
  5
A09
330
A08
100
AcDbEntity
  8
0
100
AcDbBlockBegin
  2
*D2
 70
1
 10
0.0
 20
0.0
 30
0.0
  3
*D2
  1

  0
LINE
  5
A0B
330
A08
100
AcDbEntity
  8
0
 62
4
100
AcDbLine
 10
359.2
 20
1598.0180274117533
 30
0.0
 11
439.2
 21
1598.0180274117533
 31
0.0
  0
LINE
  5
A0C
330
A08
100
AcDbEntity
  8
0
 62
4
100
AcDbLine
 10
359.2
 20
2096.0
 30
0.0
 11
439.2
 21
2096.0
 31
0.0
  0
INSERT
  5
A0D
330
A08
100
AcDbEntity
  8
DIM
 62
4
100
AcDbBlockReference
  2
_CLOSEDFILLED
 10
420.0
 20
1598.0180274117533
 30
0.0
 41
28.8
 42
28.8
 50
270.0
  0
INSERT
  5
A0F
330
A08
100
AcDbEntity
  8
DIM
 62
4
100
AcDbBlockReference
  2
_CLOSEDFILLED
 10
420.0
 20
2096.0
 30
0.0
 41
28.8
 42
28.8
 50
90.0
  0
LINE
  5
A11
330
A08
100
AcDbEntity
  8
0
 62
4
100
AcDbLine
 10
420.0
 20
1626.8180274117533
 30
0.0
 11
420.0
 21
2067.2
 31
0.0
  0
MTEXT
  5
A12
330
A08
100
AcDbEntity
  8
DIM
 62
4
100
AcDbMText
 10
397.5
 20
1847.0090137058767
 30
0.0
 40
40.0
 71
5
  1
498
  7
CJK
 50
90.0
  0
POINT
  5
A13
330
A08
100
AcDbEntity
  8
Defpoints
100
AcDbPoint
 10
420.0
 20
1598.0180274117533
 30
0.0
  0
POINT
  5
A14
330
A08
100
AcDbEntity
  8
Defpoints
100
AcDbPoint
 10
340.0
 20
1598.0180274117533
 30
0.0
  0
POINT
  5
A15
330
A08
100
AcDbEntity
  8
Defpoints
100
AcDbPoint
 10
340.0
 20
2096.0
 30
0.0
  0
ENDBLK
  5
A0A
330
A08
100
AcDbEntity
  8
0
100
AcDbBlockEnd
  0
BLOCK
  5
A18
330
A17
100
AcDbEntity
  8
0
100
AcDbBlockBegin
  2
*D3
 70
1
 10
0.0
 20
0.0
 30
0.0
  3
*D3
  1

  0
LINE
  5
A1A
330
A17
100
AcDbEntity
  8
0
 62
4
100
AcDbLine
 10
359.2
 20
1158.0180274117533
 30
0.0
 11
439.2
 21
1158.0180274117533
 31
0.0
  0
LINE
  5
A1B
330
A17
100
AcDbEntity
  8
0
 62
4
100
AcDbLine
 10
359.2
 20
1558.0180274117533
 30
0.0
 11
439.2
 21
1558.0180274117533
 31
0.0
  0
INSERT
  5
A1C
330
A17
100
AcDbEntity
  8
DIM
 62
4
100
AcDbBlockReference
  2
_CLOSEDFILLED
 10
420.0
 20
1158.0180274117533
 30
0.0
 41
28.8
 42
28.8
 50
270.0
  0
INSERT
  5
A1E
330
A17
100
AcDbEntity
  8
DIM
 62
4
100
AcDbBlockReference
  2
_CLOSEDFILLED
 10
420.0
 20
1558.0180274117533
 30
0.0
 41
28.8
 42
28.8
 50
90.0
  0
LINE
  5
A20
330
A17
100
AcDbEntity
  8
0
 62
4
100
AcDbLine
 10
420.0
 20
1186.8180274117533
 30
0.0
 11
420.0
 21
1529.2180274117534
 31
0.0
  0
MTEXT
  5
A21
330
A17
100
AcDbEntity
  8
DIM
 62
4
100
AcDbMText
 10
397.5
 20
1358.0180274117533
 30
0.0
 40
40.0
 71
5
  1
400
  7
CJK
 50
90.0
  0
POINT
  5
A22
330
A17
100
AcDbEntity
  8
Defpoints
100
AcDbPoint
 10
420.0
 20
1158.0180274117533
 30
0.0
  0
POINT
  5
A23
330
A17
100
AcDbEntity
  8
Defpoints
100
AcDbPoint
 10
340.0
 20
1158.0180274117533
 30
0.0
  0
POINT
  5
A24
330
A17
100
AcDbEntity
  8
Defpoints
100
AcDbPoint
 10
340.0
 20
1558.0180274117533
 30
0.0
  0
ENDBLK
  5
A19
330
A17
100
AcDbEntity
  8
0
100
AcDbBlockEnd
  0
BLOCK
  5
A27
330
A26
100
AcDbEntity
  8
0
100
AcDbBlockBegin
  2
*D4
 70
1
 10
0.0
 20
0.0
 30
0.0
  3
*D4
  1

  0
LINE
  5
A29
330
A26
100
AcDbEntity
  8
0
 62
4
100
AcDbLine
 10
549.5614255596712
 20
2032.9797951593011
 30
0.0
 11
589.2328912129162
 21
1923.9744062424068
 31
0.0
  0
LINE
  5
A2A
330
A26
100
AcDbEntity
  8
0
 62
4
100
AcDbLine
 10
418.00142555967113
 20
1985.0997951593008
 30
0.0
 11
457.67289121291617
 21
1876.0944062424062
 31
0.0
  0
INSERT
  5
A2B
330
A26
100
AcDbEntity
  8
DIM
 62
4
100
AcDbBlockReference
  2
_CLOSEDFILLED
 10
582.666579656517
 20
1942.0166775114099
 30
0.0
 41
28.8
 42
28.8
 50
19.998490942519
  0
INSERT
  5
A2D
330
A26
100
AcDbEntity
  8
DIM
 62
4
100
AcDbBlockReference
  2
_CLOSEDFILLED
 10
451.106579656517
 20
1894.1366775114095
 30
0.0
 41
28.8
 42
28.8
 50
-160.001509057481
  0
LINE
  5
A2F
330
A26
100
AcDbEntity
  8
0
 62
4
100
AcDbLine
 10
555.6031727530121
 20
1932.167210176811
 30
0.0
 11
478.1699865600218
 21
1903.9861448460083
 31
0.0
  0
MTEXT
  5
A30
330
A26
100
AcDbEntity
  8
DIM
 62
4
100
AcDbMText
 10
524.5814760116723
 20
1896.9333908680467
 30
0.0
 40
40.0
 71
5
  1
140
  7
CJK
 50
-160.001509057481
  0
POINT
  5
A31
330
A26
100
AcDbEntity
  8
Defpoints
100
AcDbPoint
 10
582.666579656517
 20
1942.0166775114099
 30
0.0
  0
POINT
  5
A32
330
A26
100
AcDbEntity
  8
Defpoints
100
AcDbPoint
 10
542.995114003272
 20
2051.0220664283042
 30
0.0
  0
POINT
  5
A33
330
A26
100
AcDbEntity
  8
Defpoints
100
AcDbPoint
 10
411.43511400327196
 20
2003.1420664283041
 30
0.0
  0
ENDBLK
  5
A28
330
A26
100
AcDbEntity
  8
0
100
AcDbBlockEnd
  0
BLOCK
  5
A36
330
A35
100
AcDbEntity
  8
0
100
AcDbBlockBegin
  2
*D5
 70
1
 10
0.0
 20
0.0
 30
0.0
  3
*D5
  1

  0
LINE
  5
A38
330
A35
100
AcDbEntity
  8
0
 62
4
100
AcDbLine
 10
557.6814090071193
 20
2063.3894727473335
 30
0.0
 11
673.947911120911
 21
2161.298106106316
 31
0.0
  0
LINE
  5
A39
330
A35
100
AcDbEntity
  8
0
 62
4
100
AcDbLine
 10
637.6814090071193
 20
1968.3894727473337
 30
0.0
 11
753.947911120911
 21
2066.298106106316
 31
0.0
  0
INSERT
  5
A3A
330
A35
100
AcDbEntity
  8
DIM
 62
4
100
AcDbBlockReference
  2
_CLOSEDFILLED
 10
659.2616161170637
 20
2148.930699787287
 30
0.0
 41
28.8
 42
28.8
 50
130.10090754621223
  0
INSERT
  5
A3C
330
A35
100
AcDbEntity
  8
DIM
 62
4
100
AcDbBlockReference
  2
_CLOSEDFILLED
 10
739.2616161170637
 20
2053.930699787287
 30
0.0
 41
28.8
 42
28.8
 50
-49.899092453787766
  0
LINE
  5
A3E
330
A35
100
AcDbEntity
  8
0
 62
4
100
AcDbLine
 10
677.8127255956077
 20
2126.901257281516
 30
0.0
 11
720.7105066385196
 21
2075.9601422930577
 31
0.0
  0
MTEXT
  5
A3F
330
A35
100
AcDbEntity
  8
DIM
 62
4
100
AcDbMText
 10
731.1584130785448
 20
2128.2911603864286
 30
0.0
 40
40.0
 71
5
  1
124,2
  7
CJK
 50
-49.899092453787766
  0
POINT
  5
A40
330
A35
100
AcDbEntity
  8
Defpoints
100
AcDbPoint
 10
659.2616161170637
 20
2148.930699787287
 30
0.0
  0
POINT
  5
A41
330
A35
100
AcDbEntity
  8
Defpoints
100
AcDbPoint
 10
542.995114003272
 20
2051.0220664283042
 30
0.0
  0
POINT
  5
A42
330
A35
100
AcDbEntity
  8
Defpoints
100
AcDbPoint
 10
622.995114003272
 20
1956.0220664283042
 30
0.0
  0
ENDBLK
  5
A37
330
A35
100
AcDbEntity
  8
0
100
AcDbBlockEnd
  0
BLOCK
  5
A45
330
A44
100
AcDbEntity
  8
0
100
AcDbBlockBegin
  2
*D6
 70
1
 10
0.0
 20
0.0
 30
0.0
  3
*D6
  1

  0
LINE
  5
A47
330
A44
100
AcDbEntity
  8
0
 62
4
100
AcDbLine
 10
562.1903750176389
 20
2050.5955050724297
 30
0.0
 11
750.1439724499814
 21
2046.4187584628235
 31
0.0
  0
LINE
  5
A48
330
A44
100
AcDbEntity
  8
0
 62
4
100
AcDbLine
 10
552.1903750176389
 20
1600.5955050724292
 30
0.0
 11
740.1439724499814
 21
1596.4187584628194
 31
0.0
  0
INSERT
  5
A49
330
A44
100
AcDbEntity
  8
DIM
 62
4
100
AcDbBlockReference
  2
_CLOSEDFILLED
 10
730.9487114356145
 20
2046.845319818698
 30
0.0
 41
28.8
 42
28.8
 50
88.72696997994329
  0
INSERT
  5
A4B
330
A44
100
AcDbEntity
  8
DIM
 62
4
100
AcDbBlockReference
  2
_CLOSEDFILLED
 10
720.9487114356145
 20
1596.8453198186944
 30
0.0
 41
28.8
 42
28.8
 50
-91.27303002005671
  0
LINE
  5
A4D
330
A44
100
AcDbEntity
  8
0
 62
4
100
AcDbLine
 10
730.3088694018023
 20
2018.0524282971476
 30
0.0
 11
721.5885534694268
 21
1625.6382113402449
 31
0.0
  0
MTEXT
  5
A4E
330
A44
100
AcDbEntity
  8
DIM
 62
4
100
AcDbMText
 10
748.4431579368257
 20
1821.3454432297804
 30
0.0
 40
40.0
 71
5
  1
450,1
  7
CJK
 50
-91.27303002005671
  0
POINT
  5
A4F
330
A44
100
AcDbEntity
  8
Defpoints
100
AcDbPoint
 10
730.9487114356145
 20
2046.845319818698
 30
0.0
  0
POINT
  5
A50
330
A44
100
AcDbEntity
  8
Defpoints
100
AcDbPoint
 10
542.995114003272
 20
2051.0220664283042
 30
0.0
  0
POINT
  5
A51
330
A44
100
AcDbEntity
  8
Defpoints
100
AcDbPoint
 10
532.995114003272
 20
1601.0220664283042
 30
0.0
  0
ENDBLK
  5
A46
330
A44
100
AcDbEntity
  8
0
100
AcDbBlockEnd
  0
BLOCK
  5
A54
330
A53
100
AcDbEntity
  8
0
100
AcDbBlockBegin
  2
*D7
 70
1
 10
0.0
 20
0.0
 30
0.0
  3
*D7
  1

  0
LINE
  5
A56
330
A53
100
AcDbEntity
  8
0
 62
4
100
AcDbLine
 10
561.0372123223614
 20
2057.588853180157
 30
0.0
 11
771.5283593784048
 21
2134.201365285107
 31
0.0
  0
LINE
  5
A57
330
A53
100
AcDbEntity
  8
0
 62
4
100
AcDbLine
 10
714.9462768189123
 20
1634.7271738264983
 30
0.0
 11
925.4374238749559
 21
1711.3396859314475
 31
0.0
  0
INSERT
  5
A58
330
A53
100
AcDbEntity
  8
DIM
 62
4
100
AcDbBlockReference
  2
_CLOSEDFILLED
 10
753.4862610593154
 20
2127.634578533254
 30
0.0
 41
28.8
 42
28.8
 50
110.0
  0
INSERT
  5
A5A
330
A53
100
AcDbEntity
  8
DIM
 62
4
100
AcDbBlockReference
  2
_CLOSEDFILLED
 10
907.3953255558665
 20
1704.7728991795948
 30
0.0
 41
28.8
 42
28.8
 50
-70.0
  0
LINE
  5
A5C
330
A53
100
AcDbEntity
  8
0
 62
4
100
AcDbLine
 10
763.3364411870947
 20
2100.57143105462
 30
0.0
 11
897.5451454280873
 21
1731.836046658229
 31
0.0
  0
MTEXT
  5
A5D
330
A53
100
AcDbEntity
  8
DIM
 62
4
100
AcDbMText
 10
851.583877275274
 20
1923.899192081252
 30
0.0
 40
40.0
 71
5
  1
450
  7
CJK
 50
-70.0
  0
POINT
  5
A5E
330
A53
100
AcDbEntity
  8
Defpoints
100
AcDbPoint
 10
753.4862610593154
 20
2127.634578533254
 30
0.0
  0
POINT
  5
A5F
330
A53
100
AcDbEntity
  8
Defpoints
100
AcDbPoint
 10
542.995114003272
 20
2051.0220664283042
 30
0.0
  0
POINT
  5
A60
330
A53
100
AcDbEntity
  8
Defpoints
100
AcDbPoint
 10
696.9041784998229
 20
1628.1603870746455
 30
0.0
  0
ENDBLK
  5
A55
330
A53
100
AcDbEntity
  8
0
100
AcDbBlockEnd
  0
BLOCK
  5
A67
330
A66
100
AcDbEntity
  8
0
100
AcDbBlockBegin
  2
*D8
 70
1
 10
0.0
 20
0.0
 30
0.0
  3
*D8
  1

  0
LINE
  5
A69
330
A66
100
AcDbEntity
  8
0
 62
4
100
AcDbLine
 10
1536.904178499823
 20
957.8000010138933
 30
0.0
 11
1536.904178499823
 21
925.8000010138933
 31
0.0
  0
LINE
  5
A6A
330
A66
100
AcDbEntity
  8
0
 62
4
100
AcDbLine
 10
1890.813242996374
 20
957.8000010138933
 30
0.0
 11
1890.813242996374
 21
925.8000010138933
 31
0.0
  0
INSERT
  5
A6B
330
A66
100
AcDbEntity
  8
DIM
 62
4
100
AcDbBlockReference
  2
_CLOSEDFILLED
 10
1536.904178499823
 20
945.0000010138933
 30
0.0
 41
28.8
 42
28.8
 50
180.0
  0
INSERT
  5
A6D
330
A66
100
AcDbEntity
  8
DIM
 62
4
100
AcDbBlockReference
  2
_CLOSEDFILLED
 10
1890.813242996374
 20
945.0000010138933
 30
0.0
 41
28.8
 42
28.8
  0
LINE
  5
A6F
330
A66
100
AcDbEntity
  8
0
 62
4
100
AcDbLine
 10
1565.704178499823
 20
945.0000010138933
 30
0.0
 11
1862.013242996374
 21
945.0000010138933
 31
0.0
  0
MTEXT
  5
A70
330
A66
100
AcDbEntity
  8
DIM
 62
4
100
AcDbMText
 10
1713.8587107480985
 20
967.5000010138933
 30
0.0
 40
40.0
 71
5
  1
353,9
  7
CJK
  0
POINT
  5
A71
330
A66
100
AcDbEntity
  8
Defpoints
100
AcDbPoint
 10
1536.904178499823
 20
945.0000010138933
 30
0.0
  0
POINT
  5
A72
330
A66
100
AcDbEntity
  8
Defpoints
100
AcDbPoint
 10
1536.904178499823
 20
977.0000010138933
 30
0.0
  0
POINT
  5
A73
330
A66
100
AcDbEntity
  8
Defpoints
100
AcDbPoint
 10
1890.813242996374
 20
977.0000010138933
 30
0.0
  0
ENDBLK
  5
A68
330
A66
100
AcDbEntity
  8
0
100
AcDbBlockEnd
  0
BLOCK
  5
A76
330
A75
100
AcDbEntity
  8
0
100
AcDbBlockBegin
  2
*D9
 70
1
 10
0.0
 20
0.0
 30
0.0
  3
*D9
  1

  0
LINE
  5
A78
330
A75
100
AcDbEntity
  8
0
 62
4
100
AcDbLine
 10
1556.104178499823
 20
977.0000010138933
 30
0.0
 11
1588.104178499823
 21
977.0000010138933
 31
0.0
  0
LINE
  5
A79
330
A75
100
AcDbEntity
  8
0
 62
4
100
AcDbLine
 10
1556.104178499823
 20
1332.0000010138933
 30
0.0
 11
1588.104178499823
 21
1332.0000010138933
 31
0.0
  0
INSERT
  5
A7A
330
A75
100
AcDbEntity
  8
DIM
 62
4
100
AcDbBlockReference
  2
_CLOSEDFILLED
 10
1568.904178499823
 20
977.0000010138933
 30
0.0
 41
28.8
 42
28.8
 50
270.0
  0
INSERT
  5
A7C
330
A75
100
AcDbEntity
  8
DIM
 62
4
100
AcDbBlockReference
  2
_CLOSEDFILLED
 10
1568.904178499823
 20
1332.0000010138933
 30
0.0
 41
28.8
 42
28.8
 50
90.0
  0
LINE
  5
A7E
330
A75
100
AcDbEntity
  8
0
 62
4
100
AcDbLine
 10
1568.904178499823
 20
1005.8000010138933
 30
0.0
 11
1568.904178499823
 21
1303.2000010138934
 31
0.0
  0
MTEXT
  5
A7F
330
A75
100
AcDbEntity
  8
DIM
 62
4
100
AcDbMText
 10
1546.404178499823
 20
1154.5000010138933
 30
0.0
 40
40.0
 71
5
  1
355
  7
CJK
 50
90.0
  0
POINT
  5
A80
330
A75
100
AcDbEntity
  8
Defpoints
100
AcDbPoint
 10
1568.904178499823
 20
977.0000010138933
 30
0.0
  0
POINT
  5
A81
330
A75
100
AcDbEntity
  8
Defpoints
100
AcDbPoint
 10
1536.904178499823
 20
977.0000010138933
 30
0.0
  0
POINT
  5
A82
330
A75
100
AcDbEntity
  8
Defpoints
100
AcDbPoint
 10
1536.904178499823
 20
1332.0000010138933
 30
0.0
  0
ENDBLK
  5
A77
330
A75
100
AcDbEntity
  8
0
100
AcDbBlockEnd
  0
BLOCK
  5
A88
330
A87
100
AcDbEntity
  8
0
100
AcDbBlockBegin
  2
*D10
 70
1
 10
0.0
 20
0.0
 30
0.0
  3
*D10
  1

  0
LINE
  5
A8A
330
A87
100
AcDbEntity
  8
0
 62
4
100
AcDbLine
 10
2010.813242996374
 20
957.8000010138933
 30
0.0
 11
2010.813242996374
 21
925.8000010138933
 31
0.0
  0
LINE
  5
A8B
330
A87
100
AcDbEntity
  8
0
 62
4
100
AcDbLine
 10
2394.813242996374
 20
957.8000010138933
 30
0.0
 11
2394.813242996374
 21
925.8000010138933
 31
0.0
  0
INSERT
  5
A8C
330
A87
100
AcDbEntity
  8
DIM
 62
4
100
AcDbBlockReference
  2
_CLOSEDFILLED
 10
2010.813242996374
 20
945.0000010138933
 30
0.0
 41
28.8
 42
28.8
 50
180.0
  0
INSERT
  5
A8E
330
A87
100
AcDbEntity
  8
DIM
 62
4
100
AcDbBlockReference
  2
_CLOSEDFILLED
 10
2394.813242996374
 20
945.0000010138933
 30
0.0
 41
28.8
 42
28.8
  0
LINE
  5
A90
330
A87
100
AcDbEntity
  8
0
 62
4
100
AcDbLine
 10
2039.6132429963739
 20
945.0000010138933
 30
0.0
 11
2366.0132429963737
 21
945.0000010138933
 31
0.0
  0
MTEXT
  5
A91
330
A87
100
AcDbEntity
  8
DIM
 62
4
100
AcDbMText
 10
2202.813242996374
 20
967.5000010138933
 30
0.0
 40
40.0
 71
5
  1
384
  7
CJK
  0
POINT
  5
A92
330
A87
100
AcDbEntity
  8
Defpoints
100
AcDbPoint
 10
2010.813242996374
 20
945.0000010138933
 30
0.0
  0
POINT
  5
A93
330
A87
100
AcDbEntity
  8
Defpoints
100
AcDbPoint
 10
2010.813242996374
 20
977.0000010138933
 30
0.0
  0
POINT
  5
A94
330
A87
100
AcDbEntity
  8
Defpoints
100
AcDbPoint
 10
2394.813242996374
 20
977.0000010138933
 30
0.0
  0
ENDBLK
  5
A89
330
A87
100
AcDbEntity
  8
0
100
AcDbBlockEnd
  0
BLOCK
  5
A97
330
A96
100
AcDbEntity
  8
0
100
AcDbBlockBegin
  2
*D11
 70
1
 10
0.0
 20
0.0
 30
0.0
  3
*D11
  1

  0
LINE
  5
A99
330
A96
100
AcDbEntity
  8
0
 62
4
100
AcDbLine
 10
2030.013242996374
 20
977.0000010138933
 30
0.0
 11
2062.0132429963737
 21
977.0000010138933
 31
0.0
  0
LINE
  5
A9A
330
A96
100
AcDbEntity
  8
0
 62
4
100
AcDbLine
 10
2030.013242996374
 20
1257.0000010138933
 30
0.0
 11
2062.0132429963737
 21
1257.0000010138933
 31
0.0
  0
INSERT
  5
A9B
330
A96
100
AcDbEntity
  8
DIM
 62
4
100
AcDbBlockReference
  2
_CLOSEDFILLED
 10
2042.813242996374
 20
977.0000010138933
 30
0.0
 41
28.8
 42
28.8
 50
270.0
  0
INSERT
  5
A9D
330
A96
100
AcDbEntity
  8
DIM
 62
4
100
AcDbBlockReference
  2
_CLOSEDFILLED
 10
2042.813242996374
 20
1257.0000010138933
 30
0.0
 41
28.8
 42
28.8
 50
90.0
  0
LINE
  5
A9F
330
A96
100
AcDbEntity
  8
0
 62
4
100
AcDbLine
 10
2042.813242996374
 20
1005.8000010138933
 30
0.0
 11
2042.813242996374
 21
1228.2000010138934
 31
0.0
  0
MTEXT
  5
AA0
330
A96
100
AcDbEntity
  8
DIM
 62
4
100
AcDbMText
 10
2020.313242996374
 20
1117.0000010138933
 30
0.0
 40
40.0
 71
5
  1
280
  7
CJK
 50
90.0
  0
POINT
  5
AA1
330
A96
100
AcDbEntity
  8
Defpoints
100
AcDbPoint
 10
2042.813242996374
 20
977.0000010138933
 30
0.0
  0
POINT
  5
AA2
330
A96
100
AcDbEntity
  8
Defpoints
100
AcDbPoint
 10
2010.813242996374
 20
977.0000010138933
 30
0.0
  0
POINT
  5
AA3
330
A96
100
AcDbEntity
  8
Defpoints
100
AcDbPoint
 10
2010.813242996374
 20
1257.0000010138933
 30
0.0
  0
ENDBLK
  5
A98
330
A96
100
AcDbEntity
  8
0
100
AcDbBlockEnd
  0
BLOCK
  5
AAA
330
AA9
100
AcDbEntity
  8
0
100
AcDbBlockBegin
  2
*D12
 70
1
 10
0.0
 20
0.0
 30
0.0
  3
*D12
  1

  0
LINE
  5
AAC
330
AA9
100
AcDbEntity
  8
0
 62
4
100
AcDbLine
 10
1536.904178499823
 20
1432.8000010138933
 30
0.0
 11
1536.904178499823
 21
1400.8000010138933
 31
0.0
  0
LINE
  5
AAD
330
AA9
100
AcDbEntity
  8
0
 62
4
100
AcDbLine
 10
1920.904178499823
 20
1432.8000010138933
 30
0.0
 11
1920.904178499823
 21
1400.8000010138933
 31
0.0
  0
INSERT
  5
AAE
330
AA9
100
AcDbEntity
  8
DIM
 62
4
100
AcDbBlockReference
  2
_CLOSEDFILLED
 10
1536.904178499823
 20
1420.0000010138933
 30
0.0
 41
28.8
 42
28.8
 50
180.0
  0
INSERT
  5
AB0
330
AA9
100
AcDbEntity
  8
DIM
 62
4
100
AcDbBlockReference
  2
_CLOSEDFILLED
 10
1920.904178499823
 20
1420.0000010138933
 30
0.0
 41
28.8
 42
28.8
  0
LINE
  5
AB2
330
AA9
100
AcDbEntity
  8
0
 62
4
100
AcDbLine
 10
1565.704178499823
 20
1420.0000010138933
 30
0.0
 11
1892.104178499823
 21
1420.0000010138933
 31
0.0
  0
MTEXT
  5
AB3
330
AA9
100
AcDbEntity
  8
DIM
 62
4
100
AcDbMText
 10
1728.904178499823
 20
1442.5000010138933
 30
0.0
 40
40.0
 71
5
  1
384
  7
CJK
  0
POINT
  5
AB4
330
AA9
100
AcDbEntity
  8
Defpoints
100
AcDbPoint
 10
1536.904178499823
 20
1420.0000010138933
 30
0.0
  0
POINT
  5
AB5
330
AA9
100
AcDbEntity
  8
Defpoints
100
AcDbPoint
 10
1536.904178499823
 20
1452.0000010138933
 30
0.0
  0
POINT
  5
AB6
330
AA9
100
AcDbEntity
  8
Defpoints
100
AcDbPoint
 10
1920.904178499823
 20
1452.0000010138933
 30
0.0
  0
ENDBLK
  5
AAB
330
AA9
100
AcDbEntity
  8
0
100
AcDbBlockEnd
  0
BLOCK
  5
AB9
330
AB8
100
AcDbEntity
  8
0
100
AcDbBlockBegin
  2
*D13
 70
1
 10
0.0
 20
0.0
 30
0.0
  3
*D13
  1

  0
LINE
  5
ABB
330
AB8
100
AcDbEntity
  8
0
 62
4
100
AcDbLine
 10
1556.104178499823
 20
1452.0000010138933
 30
0.0
 11
1588.104178499823
 21
1452.0000010138933
 31
0.0
  0
LINE
  5
ABC
330
AB8
100
AcDbEntity
  8
0
 62
4
100
AcDbLine
 10
1556.104178499823
 20
1562.0000010138933
 30
0.0
 11
1588.104178499823
 21
1562.0000010138933
 31
0.0
  0
INSERT
  5
ABD
330
AB8
100
AcDbEntity
  8
DIM
 62
4
100
AcDbBlockReference
  2
_CLOSEDFILLED
 10
1568.904178499823
 20
1452.0000010138933
 30
0.0
 41
28.8
 42
28.8
 50
270.0
  0
INSERT
  5
ABF
330
AB8
100
AcDbEntity
  8
DIM
 62
4
100
AcDbBlockReference
  2
_CLOSEDFILLED
 10
1568.904178499823
 20
1562.0000010138933
 30
0.0
 41
28.8
 42
28.8
 50
90.0
  0
LINE
  5
AC1
330
AB8
100
AcDbEntity
  8
0
 62
4
100
AcDbLine
 10
1568.904178499823
 20
1480.8000010138933
 30
0.0
 11
1568.904178499823
 21
1533.2000010138934
 31
0.0
  0
MTEXT
  5
AC2
330
AB8
100
AcDbEntity
  8
DIM
 62
4
100
AcDbMText
 10
1527.204178499823
 20
1507.0000010138933
 30
0.0
 40
40.0
 71
5
  1
110
  7
CJK
 50
90.0
  0
POINT
  5
AC3
330
AB8
100
AcDbEntity
  8
Defpoints
100
AcDbPoint
 10
1568.904178499823
 20
1452.0000010138933
 30
0.0
  0
POINT
  5
AC4
330
AB8
100
AcDbEntity
  8
Defpoints
100
AcDbPoint
 10
1536.904178499823
 20
1452.0000010138933
 30
0.0
  0
POINT
  5
AC5
330
AB8
100
AcDbEntity
  8
Defpoints
100
AcDbPoint
 10
1536.904178499823
 20
1562.0000010138933
 30
0.0
  0
ENDBLK
  5
ABA
330
AB8
100
AcDbEntity
  8
0
100
AcDbBlockEnd
  0
BLOCK
  5
ACE
330
ACD
100
AcDbEntity
  8
0
100
AcDbBlockBegin
  2
*D14
 70
1
 10
0.0
 20
0.0
 30
0.0
  3
*D14
  1

  0
LINE
  5
AD0
330
ACD
100
AcDbEntity
  8
0
 62
4
100
AcDbLine
 10
2040.904178499823
 20
1432.8000010138933
 30
0.0
 11
2040.904178499823
 21
1400.8000010138933
 31
0.0
  0
LINE
  5
AD1
330
ACD
100
AcDbEntity
  8
0
 62
4
100
AcDbLine
 10
2550.361122205517
 20
1432.8000010138933
 30
0.0
 11
2550.361122205517
 21
1400.8000010138933
 31
0.0
  0
INSERT
  5
AD2
330
ACD
100
AcDbEntity
  8
DIM
 62
4
100
AcDbBlockReference
  2
_CLOSEDFILLED
 10
2040.904178499823
 20
1420.0000010138933
 30
0.0
 41
28.8
 42
28.8
 50
180.0
  0
INSERT
  5
AD4
330
ACD
100
AcDbEntity
  8
DIM
 62
4
100
AcDbBlockReference
  2
_CLOSEDFILLED
 10
2550.361122205517
 20
1420.0000010138933
 30
0.0
 41
28.8
 42
28.8
  0
LINE
  5
AD6
330
ACD
100
AcDbEntity
  8
0
 62
4
100
AcDbLine
 10
2069.7041784998232
 20
1420.0000010138933
 30
0.0
 11
2521.5611222055168
 21
1420.0000010138933
 31
0.0
  0
MTEXT
  5
AD7
330
ACD
100
AcDbEntity
  8
DIM
 62
4
100
AcDbMText
 10
2295.6326503526698
 20
1442.5000010138933
 30
0.0
 40
40.0
 71
5
  1
509,5
  7
CJK
  0
POINT
  5
AD8
330
ACD
100
AcDbEntity
  8
Defpoints
100
AcDbPoint
 10
2040.904178499823
 20
1420.0000010138933
 30
0.0
  0
POINT
  5
AD9
330
ACD
100
AcDbEntity
  8
Defpoints
100
AcDbPoint
 10
2040.904178499823
 20
1452.0000010138933
 30
0.0
  0
POINT
  5
ADA
330
ACD
100
AcDbEntity
  8
Defpoints
100
AcDbPoint
 10
2550.361122205517
 20
1452.0000010138933
 30
0.0
  0
ENDBLK
  5
ACF
330
ACD
100
AcDbEntity
  8
0
100
AcDbBlockEnd
  0
BLOCK
  5
ADD
330
ADC
100
AcDbEntity
  8
0
100
AcDbBlockBegin
  2
*D15
 70
1
 10
0.0
 20
0.0
 30
0.0
  3
*D15
  1

  0
LINE
  5
ADF
330
ADC
100
AcDbEntity
  8
0
 62
4
100
AcDbLine
 10
2060.104178499823
 20
1452.0000010138933
 30
0.0
 11
2092.104178499823
 21
1452.0000010138933
 31
0.0
  0
LINE
  5
AE0
330
ADC
100
AcDbEntity
  8
0
 62
4
100
AcDbLine
 10
2060.104178499823
 20
1836.0000010138933
 30
0.0
 11
2092.104178499823
 21
1836.0000010138933
 31
0.0
  0
INSERT
  5
AE1
330
ADC
100
AcDbEntity
  8
DIM
 62
4
100
AcDbBlockReference
  2
_CLOSEDFILLED
 10
2072.904178499823
 20
1452.0000010138933
 30
0.0
 41
28.8
 42
28.8
 50
270.0
  0
INSERT
  5
AE3
330
ADC
100
AcDbEntity
  8
DIM
 62
4
100
AcDbBlockReference
  2
_CLOSEDFILLED
 10
2072.904178499823
 20
1836.0000010138933
 30
0.0
 41
28.8
 42
28.8
 50
90.0
  0
LINE
  5
AE5
330
ADC
100
AcDbEntity
  8
0
 62
4
100
AcDbLine
 10
2072.904178499823
 20
1480.8000010138933
 30
0.0
 11
2072.904178499823
 21
1807.2000010138934
 31
0.0
  0
MTEXT
  5
AE6
330
ADC
100
AcDbEntity
  8
DIM
 62
4
100
AcDbMText
 10
2050.404178499823
 20
1644.0000010138933
 30
0.0
 40
40.0
 71
5
  1
384
  7
CJK
 50
90.0
  0
POINT
  5
AE7
330
ADC
100
AcDbEntity
  8
Defpoints
100
AcDbPoint
 10
2072.904178499823
 20
1452.0000010138933
 30
0.0
  0
POINT
  5
AE8
330
ADC
100
AcDbEntity
  8
Defpoints
100
AcDbPoint
 10
2040.904178499823
 20
1452.0000010138933
 30
0.0
  0
POINT
  5
AE9
330
ADC
100
AcDbEntity
  8
Defpoints
100
AcDbPoint
 10
2040.904178499823
 20
1836.0000010138933
 30
0.0
  0
ENDBLK
  5
ADE
330
ADC
100
AcDbEntity
  8
0
100
AcDbBlockEnd
  0
BLOCK
  5
AF5
330
AF4
100
AcDbEntity
  8
0
100
AcDbBlockBegin
  2
*D16
 70
1
 10
0.0
 20
0.0
 30
0.0
  3
*D16
  1

  0
LINE
  5
AF7
330
AF4
100
AcDbEntity
  8
0
 62
4
100
AcDbLine
 10
1536.904178499823
 20
1936.8000010138933
 30
0.0
 11
1536.904178499823
 21
1904.8000010138933
 31
0.0
  0
LINE
  5
AF8
330
AF4
100
AcDbEntity
  8
0
 62
4
100
AcDbLine
 10
1776.904178499823
 20
1936.8000010138933
 30
0.0
 11
1776.904178499823
 21
1904.8000010138933
 31
0.0
  0
INSERT
  5
AF9
330
AF4
100
AcDbEntity
  8
DIM
 62
4
100
AcDbBlockReference
  2
_CLOSEDFILLED
 10
1536.904178499823
 20
1924.0000010138933
 30
0.0
 41
28.8
 42
28.8
 50
180.0
  0
INSERT
  5
AFB
330
AF4
100
AcDbEntity
  8
DIM
 62
4
100
AcDbBlockReference
  2
_CLOSEDFILLED
 10
1776.904178499823
 20
1924.0000010138933
 30
0.0
 41
28.8
 42
28.8
  0
LINE
  5
AFD
330
AF4
100
AcDbEntity
  8
0
 62
4
100
AcDbLine
 10
1565.704178499823
 20
1924.0000010138933
 30
0.0
 11
1748.104178499823
 21
1924.0000010138933
 31
0.0
  0
MTEXT
  5
AFE
330
AF4
100
AcDbEntity
  8
DIM
 62
4
100
AcDbMText
 10
1656.904178499823
 20
1946.5000010138933
 30
0.0
 40
40.0
 71
5
  1
240
  7
CJK
  0
POINT
  5
AFF
330
AF4
100
AcDbEntity
  8
Defpoints
100
AcDbPoint
 10
1536.904178499823
 20
1924.0000010138933
 30
0.0
  0
POINT
  5
B00
330
AF4
100
AcDbEntity
  8
Defpoints
100
AcDbPoint
 10
1536.904178499823
 20
1956.0000010138933
 30
0.0
  0
POINT
  5
B01
330
AF4
100
AcDbEntity
  8
Defpoints
100
AcDbPoint
 10
1776.904178499823
 20
1956.0000010138933
 30
0.0
  0
ENDBLK
  5
AF6
330
AF4
100
AcDbEntity
  8
0
100
AcDbBlockEnd
  0
BLOCK
  5
B04
330
B03
100
AcDbEntity
  8
0
100
AcDbBlockBegin
  2
*D17
 70
1
 10
0.0
 20
0.0
 30
0.0
  3
*D17
  1

  0
LINE
  5
B06
330
B03
100
AcDbEntity
  8
0
 62
4
100
AcDbLine
 10
1556.104178499823
 20
1956.0000010138933
 30
0.0
 11
1588.104178499823
 21
1956.0000010138933
 31
0.0
  0
LINE
  5
B07
330
B03
100
AcDbEntity
  8
0
 62
4
100
AcDbLine
 10
1556.104178499823
 20
2096.0
 30
0.0
 11
1588.104178499823
 21
2096.0
 31
0.0
  0
INSERT
  5
B08
330
B03
100
AcDbEntity
  8
DIM
 62
4
100
AcDbBlockReference
  2
_CLOSEDFILLED
 10
1568.904178499823
 20
1956.0000010138933
 30
0.0
 41
28.8
 42
28.8
 50
270.0
  0
INSERT
  5
B0A
330
B03
100
AcDbEntity
  8
DIM
 62
4
100
AcDbBlockReference
  2
_CLOSEDFILLED
 10
1568.904178499823
 20
2096.0
 30
0.0
 41
28.8
 42
28.8
 50
90.0
  0
LINE
  5
B0C
330
B03
100
AcDbEntity
  8
0
 62
4
100
AcDbLine
 10
1568.904178499823
 20
1984.8000010138933
 30
0.0
 11
1568.904178499823
 21
2067.2
 31
0.0
  0
MTEXT
  5
B0D
330
B03
100
AcDbEntity
  8
DIM
 62
4
100
AcDbMText
 10
1546.404178499823
 20
2026.0000005069467
 30
0.0
 40
40.0
 71
5
  1
140
  7
CJK
 50
90.0
  0
POINT
  5
B0E
330
B03
100
AcDbEntity
  8
Defpoints
100
AcDbPoint
 10
1568.904178499823
 20
1956.0000010138933
 30
0.0
  0
POINT
  5
B0F
330
B03
100
AcDbEntity
  8
Defpoints
100
AcDbPoint
 10
1536.904178499823
 20
1956.0000010138933
 30
0.0
  0
POINT
  5
B10
330
B03
100
AcDbEntity
  8
Defpoints
100
AcDbPoint
 10
1536.904178499823
 20
2096.0
 30
0.0
  0
ENDBLK
  5
B05
330
B03
100
AcDbEntity
  8
0
100
AcDbBlockEnd
  0
BLOCK
  5
B13
330
B12
100
AcDbEntity
  8
0
100
AcDbBlockBegin
  2
*D18
 70
1
 10
0.0
 20
0.0
 30
0.0
  3
*D18
  1

  0
INSERT
  5
B15
330
B12
100
AcDbEntity
  8
DIM
 62
4
100
AcDbBlockReference
  2
_CLOSEDFILLED
 10
1699.0497322748627
 20
2033.145554788933
 30
0.0
 41
28.8
 42
28.8
 50
45.0
  0
INSERT
  5
B17
330
B12
100
AcDbEntity
  8
DIM
 62
4
100
AcDbBlockReference
  2
_CLOSEDFILLED
 10
1734.7586247247834
 20
2068.8544472388535
 30
0.0
 41
28.8
 42
28.8
 50
45.0
  0
LINE
  5
B19
330
B12
100
AcDbEntity
  8
0
 62
4
100
AcDbLine
 10
1678.68505697669
 20
2012.7808794907603
 30
0.0
 11
1714.3939494266108
 21
2048.489771940681
 31
0.0
  0
LINE
  5
B1A
330
B12
100
AcDbEntity
  8
0
 62
4
100
AcDbLine
 10
1678.68505697669
 20
2012.7808794907603
 30
0.0
 11
1535.495933786414
 21
1869.5917563004843
 31
0.0
  0
MTEXT
  5
B1B
330
B12
100
AcDbEntity
  8
DIM
 62
4
100
AcDbMText
 10
1590.2967093283717
 20
1956.2123369958365
 30
0.0
 40
40.0
 71
5
  1
%%c50,5
  7
CJK
 50
45.0
  0
POINT
  5
B1C
330
B12
100
AcDbEntity
  8
Defpoints
100
AcDbPoint
 10
1716.904178499823
 20
2051.0000010138933
 30
0.0
  0
POINT
  5
B1D
330
B12
100
AcDbEntity
  8
Defpoints
100
AcDbPoint
 10
1699.0497322748627
 20
2033.145554788933
 30
0.0
  0
ENDBLK
  5
B14
330
B12
100
AcDbEntity
  8
0
100
AcDbBlockEnd
  0
BLOCK
  5
B20
330
B1F
100
AcDbEntity
  8
0
100
AcDbBlockBegin
  2
*D19
 70
1
 10
0.0
 20
0.0
 30
0.0
  3
*D19
  1

  0
INSERT
  5
B22
330
B1F
100
AcDbEntity
  8
DIM
 62
4
100
AcDbBlockReference
  2
_CLOSEDFILLED
 10
1567.4897322748627
 20
1985.2655547889328
 30
0.0
 41
28.8
 42
28.8
 50
45.0
  0
INSERT
  5
B24
330
B1F
100
AcDbEntity
  8
DIM
 62
4
100
AcDbBlockReference
  2
_CLOSEDFILLED
 10
1603.1986247247835
 20
2020.9744472388536
 30
0.0
 41
28.8
 42
28.8
 50
45.0
  0
LINE
  5
B26
330
B1F
100
AcDbEntity
  8
0
 62
4
100
AcDbLine
 10
1547.12505697669
 20
1964.9008794907602
 30
0.0
 11
1582.8339494266108
 21
2000.609771940681
 31
0.0
  0
LINE
  5
B27
330
B1F
100
AcDbEntity
  8
0
 62
4
100
AcDbLine
 10
1547.12505697669
 20
1964.9008794907602
 30
0.0
 11
1403.9359337864141
 21
1821.7117563004842
 31
0.0
  0
MTEXT
  5
B28
330
B1F
100
AcDbEntity
  8
DIM
 62
4
100
AcDbMText
 10
1458.7367093283717
 20
1908.3323369958364
 30
0.0
 40
40.0
 71
5
  1
%%c50,5
  7
CJK
 50
45.0
  0
POINT
  5
B29
330
B1F
100
AcDbEntity
  8
Defpoints
100
AcDbPoint
 10
1585.344178499823
 20
2003.1200010138932
 30
0.0
  0
POINT
  5
B2A
330
B1F
100
AcDbEntity
  8
Defpoints
100
AcDbPoint
 10
1567.4897322748627
 20
1985.2655547889328
 30
0.0
  0
ENDBLK
  5
B21
330
B1F
100
AcDbEntity
  8
0
100
AcDbBlockEnd
  0
BLOCK
  5
B2D
330
B2C
100
AcDbEntity
  8
0
100
AcDbBlockBegin
  2
*D20
 70
1
 10
0.0
 20
0.0
 30
0.0
  3
*D20
  1

  0
LINE
  5
B2F
330
B2C
100
AcDbEntity
  8
0
 62
4
100
AcDbLine
 10
1723.470490056222
 20
2032.95772974489
 30
0.0
 11
1732.2255721314204
 21
2008.9013680528856
 31
0.0
  0
LINE
  5
B30
330
B2C
100
AcDbEntity
  8
0
 62
4
100
AcDbLine
 10
1591.9104900562222
 20
1985.07772974489
 30
0.0
 11
1600.665572131421
 21
1961.0213680528855
 31
0.0
  0
INSERT
  5
B31
330
B2C
100
AcDbEntity
  8
DIM
 62
4
100
AcDbBlockReference
  2
_CLOSEDFILLED
 10
1725.6592605750216
 20
2026.943639321889
 30
0.0
 41
28.8
 42
28.8
 50
19.998490942519
  0
INSERT
  5
B33
330
B2C
100
AcDbEntity
  8
DIM
 62
4
100
AcDbBlockReference
  2
_CLOSEDFILLED
 10
1594.0992605750218
 20
1979.0636393218888
 30
0.0
 41
28.8
 42
28.8
 50
-160.001509057481
  0
LINE
  5
B35
330
B2C
100
AcDbEntity
  8
0
 62
4
100
AcDbLine
 10
1698.5958536715168
 20
2017.09417198729
 30
0.0
 11
1621.1626674785266
 21
1988.9131066564876
 31
0.0
  0
MTEXT
  5
B36
330
B2C
100
AcDbEntity
  8
DIM
 62
4
100
AcDbMText
 10
1667.5741569301772
 20
1981.8603526785257
 30
0.0
 40
40.0
 71
5
  1
140
  7
CJK
 50
-160.001509057481
  0
POINT
  5
B37
330
B2C
100
AcDbEntity
  8
Defpoints
100
AcDbPoint
 10
1725.6592605750216
 20
2026.943639321889
 30
0.0
  0
POINT
  5
B38
330
B2C
100
AcDbEntity
  8
Defpoints
100
AcDbPoint
 10
1716.904178499823
 20
2051.0000010138933
 30
0.0
  0
POINT
  5
B39
330
B2C
100
AcDbEntity
  8
Defpoints
100
AcDbPoint
 10
1585.344178499823
 20
2003.1200010138932
 30
0.0
  0
ENDBLK
  5
B2E
330
B2C
100
AcDbEntity
  8
0
100
AcDbBlockEnd
  0
BLOCK
  5
B3F
330
B3E
100
AcDbEntity
  8
0
100
AcDbBlockBegin
  2
*D21
 70
1
 10
0.0
 20
0.0
 30
0.0
  3
*D21
  1

  0
LINE
  5
B41
330
B3E
100
AcDbEntity
  8
0
 62
4
100
AcDbLine
 10
1896.904178499823
 20
1936.8000010138933
 30
0.0
 11
1896.904178499823
 21
1904.8000010138933
 31
0.0
  0
LINE
  5
B42
330
B3E
100
AcDbEntity
  8
0
 62
4
100
AcDbLine
 10
1956.904178499823
 20
1936.8000010138933
 30
0.0
 11
1956.904178499823
 21
1904.8000010138933
 31
0.0
  0
INSERT
  5
B43
330
B3E
100
AcDbEntity
  8
DIM
 62
4
100
AcDbBlockReference
  2
_CLOSEDFILLED
 10
1896.904178499823
 20
1924.0000010138933
 30
0.0
 41
28.8
 42
28.8
  0
INSERT
  5
B45
330
B3E
100
AcDbEntity
  8
DIM
 62
4
100
AcDbBlockReference
  2
_CLOSEDFILLED
 10
1956.904178499823
 20
1924.0000010138933
 30
0.0
 41
28.8
 42
28.8
 50
180.0
  0
LINE
  5
B47
330
B3E
100
AcDbEntity
  8
0
 62
4
100
AcDbLine
 10
1868.104178499823
 20
1924.0000010138933
 30
0.0
 11
1839.3041784998231
 21
1924.0000010138933
 31
0.0
  0
LINE
  5
B48
330
B3E
100
AcDbEntity
  8
0
 62
4
100
AcDbLine
 10
1985.704178499823
 20
1924.0000010138933
 30
0.0
 11
2014.504178499823
 21
1924.0000010138933
 31
0.0
  0
LINE
  5
B49
330
B3E
100
AcDbEntity
  8
0
 62
4
100
AcDbLine
 10
1896.904178499823
 20
1924.0000010138933
 30
0.0
 11
1956.904178499823
 21
1924.0000010138933
 31
0.0
  0
MTEXT
  5
B4A
330
B3E
100
AcDbEntity
  8
DIM
 62
4
100
AcDbMText
 10
1926.904178499823
 20
1965.7000010138934
 30
0.0
 40
40.0
 71
5
  1
60
  7
CJK
  0
POINT
  5
B4B
330
B3E
100
AcDbEntity
  8
Defpoints
100
AcDbPoint
 10
1896.904178499823
 20
1924.0000010138933
 30
0.0
  0
POINT
  5
B4C
330
B3E
100
AcDbEntity
  8
Defpoints
100
AcDbPoint
 10
1896.904178499823
 20
1956.0000010138933
 30
0.0
  0
POINT
  5
B4D
330
B3E
100
AcDbEntity
  8
Defpoints
100
AcDbPoint
 10
1956.904178499823
 20
1956.0000010138933
 30
0.0
  0
ENDBLK
  5
B40
330
B3E
100
AcDbEntity
  8
0
100
AcDbBlockEnd
  0
BLOCK
  5
B50
330
B4F
100
AcDbEntity
  8
0
100
AcDbBlockBegin
  2
*D22
 70
1
 10
0.0
 20
0.0
 30
0.0
  3
*D22
  1

  0
LINE
  5
B52
330
B4F
100
AcDbEntity
  8
0
 62
4
100
AcDbLine
 10
1916.104178499823
 20
1956.0000010138933
 30
0.0
 11
1948.104178499823
 21
1956.0000010138933
 31
0.0
  0
LINE
  5
B53
330
B4F
100
AcDbEntity
  8
0
 62
4
100
AcDbLine
 10
1916.104178499823
 20
2016.0000010138933
 30
0.0
 11
1948.104178499823
 21
2016.0000010138933
 31
0.0
  0
INSERT
  5
B54
330
B4F
100
AcDbEntity
  8
DIM
 62
4
100
AcDbBlockReference
  2
_CLOSEDFILLED
 10
1928.904178499823
 20
1956.0000010138933
 30
0.0
 41
28.8
 42
28.8
 50
90.0
  0
INSERT
  5
B56
330
B4F
100
AcDbEntity
  8
DIM
 62
4
100
AcDbBlockReference
  2
_CLOSEDFILLED
 10
1928.904178499823
 20
2016.0000010138933
 30
0.0
 41
28.8
 42
28.8
 50
270.0
  0
LINE
  5
B58
330
B4F
100
AcDbEntity
  8
0
 62
4
100
AcDbLine
 10
1928.904178499823
 20
1927.2000010138934
 30
0.0
 11
1928.904178499823
 21
1898.4000010138934
 31
0.0
  0
LINE
  5
B59
330
B4F
100
AcDbEntity
  8
0
 62
4
100
AcDbLine
 10
1928.904178499823
 20
2044.8000010138933
 30
0.0
 11
1928.904178499823
 21
2073.6000010138932
 31
0.0
  0
LINE
  5
B5A
330
B4F
100
AcDbEntity
  8
0
 62
4
100
AcDbLine
 10
1928.904178499823
 20
1956.0000010138933
 30
0.0
 11
1928.904178499823
 21
2016.0000010138933
 31
0.0
  0
MTEXT
  5
B5B
330
B4F
100
AcDbEntity
  8
DIM
 62
4
100
AcDbMText
 10
1887.204178499823
 20
1986.0000010138933
 30
0.0
 40
40.0
 71
5
  1
60
  7
CJK
 50
90.0
  0
POINT
  5
B5C
330
B4F
100
AcDbEntity
  8
Defpoints
100
AcDbPoint
 10
1928.904178499823
 20
1956.0000010138933
 30
0.0
  0
POINT
  5
B5D
330
B4F
100
AcDbEntity
  8
Defpoints
100
AcDbPoint
 10
1896.904178499823
 20
1956.0000010138933
 30
0.0
  0
POINT
  5
B5E
330
B4F
100
AcDbEntity
  8
Defpoints
100
AcDbPoint
 10
1896.904178499823
 20
2016.0000010138933
 30
0.0
  0
ENDBLK
  5
B51
330
B4F
100
AcDbEntity
  8
0
100
AcDbBlockEnd
  0
ENDSEC
  0
SECTION
  2
ENTITIES
  0
LWPOLYLINE
  5
96
330
17
100
AcDbEntity
  8
FRAME
100
AcDbPolyline
 90
4
 70
1
 10
0.0
 20
0.0
 10
3364.0
 20
0.0
 10
3364.0
 20
2376.0
 10
0.0
 20
2376.0
  0
LWPOLYLINE
  5
97
330
17
100
AcDbEntity
  8
FRAME
100
AcDbPolyline
 90
4
 70
1
 10
100.0
 20
40.0
 10
3324.0
 20
40.0
 10
3324.0
 20
2336.0
 10
100.0
 20
2336.0
  0
LWPOLYLINE
  5
98
330
17
100
AcDbEntity
  8
VIEW
100
AcDbPolyline
 90
2
 70
0
 10
342.99511400327196
 20
1956.0220664283042
 10
622.995114003272
 20
1956.0220664283042
  0
LWPOLYLINE
  5
99
330
17
100
AcDbEntity
  8
VIEW
100
AcDbPolyline
 90
2
 70
0
 10
345.99022800654393
 20
1956.1932157999197
 10
345.9997449175686
 20
1956.0220664283042
  0
LWPOLYLINE
  5
9A
330
17
100
AcDbEntity
  8
VIEW
100
AcDbPolyline
 90
2
 70
0
 10
342.99511400327196
 20
1956.0220664283042
 10
345.99022800654393
 20
1956.1932157999197
  0
LWPOLYLINE
  5
9B
330
17
100
AcDbEntity
  8
VIEW
100
AcDbPolyline
 90
2
 70
0
 10
353.39480572558097
 20
1769.0333522954893
 10
342.99511400327196
 20
1956.0220664283042
  0
LWPOLYLINE
  5
9C
330
17
100
AcDbEntity
  8
VIEW
100
AcDbPolyline
 90
2
 70
0
 10
622.995114003272
 20
1956.0220664283042
 10
696.9041784998229
 20
1628.1603870746455
  0
LWPOLYLINE
  5
9D
330
17
100
AcDbEntity
  8
VIEW
100
AcDbPolyline
 90
2
 70
0
 10
696.9041784998229
 20
1628.1603870746455
 10
532.995114003272
 20
1601.0220664283042
  0
LWPOLYLINE
  5
9E
330
17
100
AcDbEntity
  8
VIEW
100
AcDbPolyline
 90
2
 70
0
 10
532.995114003272
 20
1601.0220664283042
 10
519.9092929354703
 20
1601.4983596735096
  0
LWPOLYLINE
  5
9F
330
17
100
AcDbEntity
  8
VIEW
100
AcDbPolyline
 90
2
 70
0
 10
519.9092929354703
 20
1601.4983596735096
 10
504.9159123093385
 20
1603.225670423685
  0
LWPOLYLINE
  5
A0
330
17
100
AcDbEntity
  8
VIEW
100
AcDbPolyline
 90
2
 70
0
 10
504.9159123093385
 20
1603.225670423685
 10
490.0228441468483
 20
1606.2268032676948
  0
LWPOLYLINE
  5
A1
330
17
100
AcDbEntity
  8
VIEW
100
AcDbPolyline
 90
2
 70
0
 10
490.0228441468483
 20
1606.2268032676948
 10
475.4359007231352
 20
1610.473138062947
  0
LWPOLYLINE
  5
A2
330
17
100
AcDbEntity
  8
VIEW
100
AcDbPolyline
 90
2
 70
0
 10
475.4359007231352
 20
1610.473138062947
 10
461.25899612651864
 20
1615.9344248800267
  0
LWPOLYLINE
  5
A3
330
17
100
AcDbEntity
  8
VIEW
100
AcDbPolyline
 90
2
 70
0
 10
461.25899612651864
 20
1615.9344248800267
 10
447.59312342138196
 20
1622.571758745893
  0
LWPOLYLINE
  5
A4
330
17
100
AcDbEntity
  8
VIEW
100
AcDbPolyline
 90
2
 70
0
 10
447.59312342138196
 20
1622.571758745893
 10
434.6193470575349
 20
1630.283191290409
  0
LWPOLYLINE
  5
A5
330
17
100
AcDbEntity
  8
VIEW
100
AcDbPolyline
 90
2
 70
0
 10
434.6193470575349
 20
1630.283191290409
 10
422.2583539434652
 20
1639.1158651139967
  0
LWPOLYLINE
  5
A6
330
17
100
AcDbEntity
  8
VIEW
100
AcDbPolyline
 90
2
 70
0
 10
422.2583539434652
 20
1639.1158651139967
 10
410.68622448169026
 20
1648.9594466451213
  0
LWPOLYLINE
  5
A7
330
17
100
AcDbEntity
  8
VIEW
100
AcDbPolyline
 90
2
 70
0
 10
410.68622448169026
 20
1648.9594466451213
 10
401.06844721736894
 20
1658.566545561496
  0
LWPOLYLINE
  5
A8
330
17
100
AcDbEntity
  8
VIEW
100
AcDbPolyline
 90
2
 70
0
 10
401.06844721736894
 20
1658.566545561496
 10
392.14086104385154
 20
1668.950306277749
  0
LWPOLYLINE
  5
A9
330
17
100
AcDbEntity
  8
VIEW
100
AcDbPolyline
 90
2
 70
0
 10
392.14086104385154
 20
1668.950306277749
 10
384.0846539125315
 20
1679.8999873576877
  0
LWPOLYLINE
  5
AA
330
17
100
AcDbEntity
  8
VIEW
100
AcDbPolyline
 90
2
 70
0
 10
384.0846539125315
 20
1679.8999873576877
 10
376.8280373876326
 20
1691.513160830453
  0
LWPOLYLINE
  5
AB
330
17
100
AcDbEntity
  8
VIEW
100
AcDbPolyline
 90
2
 70
0
 10
376.8280373876326
 20
1691.513160830453
 10
370.51828660676074
 20
1703.5541339712913
  0
LWPOLYLINE
  5
AC
330
17
100
AcDbEntity
  8
VIEW
100
AcDbPolyline
 90
2
 70
0
 10
370.51828660676074
 20
1703.5541339712913
 10
365.0991757143349
 20
1716.1302032551957
  0
LWPOLYLINE
  5
AD
330
17
100
AcDbEntity
  8
VIEW
100
AcDbPolyline
 90
2
 70
0
 10
365.0991757143349
 20
1716.1302032551957
 10
360.68068713806696
 20
1728.9861337075781
  0
LWPOLYLINE
  5
AE
330
17
100
AcDbEntity
  8
VIEW
100
AcDbPolyline
 90
2
 70
0
 10
360.68068713806696
 20
1728.9861337075781
 10
357.223447959881
 20
1742.2364838449441
  0
LWPOLYLINE
  5
AF
330
17
100
AcDbEntity
  8
VIEW
100
AcDbPolyline
 90
2
 70
0
 10
357.223447959881
 20
1742.2364838449441
 10
354.81176502943333
 20
1755.5133591214403
  0
LWPOLYLINE
  5
B0
330
17
100
AcDbEntity
  8
VIEW
100
AcDbPolyline
 90
2
 70
0
 10
354.81176502943333
 20
1755.5133591214403
 10
353.39480572558097
 20
1769.0333522954893
  0
LWPOLYLINE
  5
B1
330
17
100
AcDbEntity
  8
VIEW
100
AcDbPolyline
 90
2
 70
0
 10
458.99511400327196
 20
1956.0220664283042
 10
458.99511400327196
 20
2016.0220664283042
  0
LWPOLYLINE
  5
B2
330
17
100
AcDbEntity
  8
VIEW
100
AcDbPolyline
 90
2
 70
0
 10
458.99511400327196
 20
2016.0220664283042
 10
466.99511400327196
 20
2016.0220664283042
  0
LWPOLYLINE
  5
B3
330
17
100
AcDbEntity
  8
VIEW
100
AcDbPolyline
 90
2
 70
0
 10
466.99511400327196
 20
1956.0220664283042
 10
466.99511400327196
 20
2016.0220664283042
  0
LWPOLYLINE
  5
B4
330
17
100
AcDbEntity
  8
VIEW
100
AcDbPolyline
 90
2
 70
0
 10
558.995114003272
 20
1956.0220664283042
 10
558.995114003272
 20
2016.0220664283042
  0
LWPOLYLINE
  5
B5
330
17
100
AcDbEntity
  8
VIEW
100
AcDbPolyline
 90
2
 70
0
 10
558.995114003272
 20
2016.0220664283042
 10
566.995114003272
 20
2016.0220664283042
  0
LWPOLYLINE
  5
B6
330
17
100
AcDbEntity
  8
VIEW
100
AcDbPolyline
 90
2
 70
0
 10
566.995114003272
 20
1956.0220664283042
 10
566.995114003272
 20
2016.0220664283042
  0
LWPOLYLINE
  5
B7
330
17
100
AcDbEntity
  8
VIEW
100
AcDbPolyline
 90
2
 70
0
 10
366.58484912435375
 20
2006.810000491353
 10
362.99511400327196
 20
1956.0220664283042
  0
LWPOLYLINE
  5
B8
330
17
100
AcDbEntity
  8
VIEW
100
AcDbPolyline
 90
2
 70
0
 10
602.995114003272
 20
1956.0220664283042
 10
587.4351222242567
 20
2058.0991893832065
  0
LWPOLYLINE
  5
B9
330
17
100
AcDbEntity
  8
VIEW
100
AcDbPolyline
 90
2
 70
0
 10
587.4351222242567
 20
2058.0991893832065
 10
585.4173471038941
 20
2066.033866412199
  0
LWPOLYLINE
  5
BA
330
17
100
AcDbEntity
  8
VIEW
100
AcDbPolyline
 90
2
 70
0
 10
585.4173471038941
 20
2066.033866412199
 10
580.4689105246747
 20
2075.936210488908
  0
LWPOLYLINE
  5
BB
330
17
100
AcDbEntity
  8
VIEW
100
AcDbPolyline
 90
2
 70
0
 10
367.73896413929776
 20
2013.8959720939265
 10
366.58484912435375
 20
2006.810000491353
  0
LWPOLYLINE
  5
BC
330
17
100
AcDbEntity
  8
VIEW
100
AcDbPolyline
 90
2
 70
0
 10
580.4689105246747
 20
2075.936210488908
 10
573.1786555398846
 20
2084.3980131610574
  0
LWPOLYLINE
  5
BD
330
17
100
AcDbEntity
  8
VIEW
100
AcDbPolyline
 90
2
 70
0
 10
371.3101765786884
 20
2023.5133549656857
 10
367.73896413929776
 20
2013.8959720939265
  0
LWPOLYLINE
  5
BE
330
17
100
AcDbEntity
  8
VIEW
100
AcDbPolyline
 90
2
 70
0
 10
573.1786555398846
 20
2084.3980131610574
 10
564.1172825061253
 20
2090.7568622342105
  0
LWPOLYLINE
  5
BF
330
17
100
AcDbEntity
  8
VIEW
100
AcDbPolyline
 90
2
 70
0
 10
377.03110483457795
 20
2032.1483442508795
 10
371.3101765786884
 20
2023.5133549656857
  0
LWPOLYLINE
  5
C0
330
17
100
AcDbEntity
  8
VIEW
100
AcDbPolyline
 90
2
 70
0
 10
564.1172825061253
 20
2090.7568622342105
 10
553.7776955229468
 20
2094.7111489978843
  0
LWPOLYLINE
  5
C1
330
17
100
AcDbEntity
  8
VIEW
100
AcDbPolyline
 90
2
 70
0
 10
384.57488593895414
 20
2039.2464726460062
 10
377.03110483457795
 20
2032.1483442508795
  0
LWPOLYLINE
  5
C2
330
17
100
AcDbEntity
  8
VIEW
100
AcDbPolyline
 90
2
 70
0
 10
553.7776955229468
 20
2094.7111489978843
 10
547.7756751949947
 20
2095.7674151775564
  0
LWPOLYLINE
  5
C3
330
17
100
AcDbEntity
  8
VIEW
100
AcDbPolyline
 90
2
 70
0
 10
393.5418222052174
 20
2044.4316548087868
 10
384.57488593895414
 20
2039.2464726460062
  0
LWPOLYLINE
  5
C4
330
17
100
AcDbEntity
  8
VIEW
100
AcDbPolyline
 90
2
 70
0
 10
547.7756751949947
 20
2095.7674151775564
 10
541.5860392642568
 20
2096.0
  0
LWPOLYLINE
  5
C5
330
17
100
AcDbEntity
  8
VIEW
100
AcDbPolyline
 90
2
 70
0
 10
529.4989660073442
 20
2093.950541701391
 10
393.5418222052174
 20
2044.4316548087868
  0
LWPOLYLINE
  5
C6
330
17
100
AcDbEntity
  8
VIEW
100
AcDbPolyline
 90
2
 70
0
 10
541.5860392642568
 20
2096.0
 10
535.4230996904217
 20
2095.3804320344216
  0
LWPOLYLINE
  5
C7
330
17
100
AcDbEntity
  8
VIEW
100
AcDbPolyline
 90
2
 70
0
 10
535.4230996904217
 20
2095.3804320344216
 10
529.4989660073442
 20
2093.950541701391
  0
LWPOLYLINE
  5
C8
330
17
100
AcDbEntity
  8
VIEW
100
AcDbPolyline
 90
2
 70
0
 10
436.68511400327196
 20
2003.1420664283041
 10
436.19136722467636
 20
2008.1110126382873
  0
LWPOLYLINE
  5
C9
330
17
100
AcDbEntity
  8
VIEW
100
AcDbPolyline
 90
2
 70
0
 10
436.19136722467636
 20
2008.1110126382873
 10
434.7678544025266
 20
2012.793269745041
  0
LWPOLYLINE
  5
CA
330
17
100
AcDbEntity
  8
VIEW
100
AcDbPolyline
 90
2
 70
0
 10
434.7678544025266
 20
2012.793269745041
 10
432.4123385391439
 20
2017.1961957421968
  0
LWPOLYLINE
  5
CB
330
17
100
AcDbEntity
  8
VIEW
100
AcDbPolyline
 90
2
 70
0
 10
432.4123385391439
 20
2017.1961957421968
 10
429.3072347588372
 20
2020.9788206088858
  0
LWPOLYLINE
  5
CC
330
17
100
AcDbEntity
  8
VIEW
100
AcDbPolyline
 90
2
 70
0
 10
429.3072347588372
 20
2020.9788206088858
 10
425.4476635060161
 20
2024.1470885999931
  0
LWPOLYLINE
  5
CD
330
17
100
AcDbEntity
  8
VIEW
100
AcDbPolyline
 90
2
 70
0
 10
425.4476635060161
 20
2024.1470885999931
 10
421.13251649302595
 20
2026.4556436946036
  0
LWPOLYLINE
  5
CE
330
17
100
AcDbEntity
  8
VIEW
100
AcDbPolyline
 90
2
 70
0
 10
421.13251649302595
 20
2026.4556436946036
 10
416.4530883038193
 20
2027.8884284623296
  0
LWPOLYLINE
  5
CF
330
17
100
AcDbEntity
  8
VIEW
100
AcDbPolyline
 90
2
 70
0
 10
416.4530883038193
 20
2027.8884284623296
 10
411.4851298687378
 20
2028.3920168918835
  0
LWPOLYLINE
  5
D0
330
17
100
AcDbEntity
  8
VIEW
100
AcDbPolyline
 90
2
 70
0
 10
411.4851298687378
 20
2028.3920168918835
 10
406.51521538039265
 20
2027.908113701549
  0
LWPOLYLINE
  5
D1
330
17
100
AcDbEntity
  8
VIEW
100
AcDbPolyline
 90
2
 70
0
 10
406.51521538039265
 20
2027.908113701549
 10
401.8301477277561
 20
2026.4938784103797
  0
LWPOLYLINE
  5
D2
330
17
100
AcDbEntity
  8
VIEW
100
AcDbPolyline
 90
2
 70
0
 10
401.8301477277561
 20
2026.4938784103797
 10
397.5058889016133
 20
2024.202436512121
  0
LWPOLYLINE
  5
D3
330
17
100
AcDbEntity
  8
VIEW
100
AcDbPolyline
 90
2
 70
0
 10
397.5058889016133
 20
2024.202436512121
 10
393.63379638333436
 20
2021.0494836344258
  0
LWPOLYLINE
  5
D4
330
17
100
AcDbEntity
  8
VIEW
100
AcDbPolyline
 90
2
 70
0
 10
393.63379638333436
 20
2021.0494836344258
 10
390.45788946740004
 20
2017.1961957421968
  0
LWPOLYLINE
  5
D5
330
17
100
AcDbEntity
  8
VIEW
100
AcDbPolyline
 90
2
 70
0
 10
390.45788946740004
 20
2017.1961957421968
 10
388.1023736040173
 20
2012.793269745041
  0
LWPOLYLINE
  5
D6
330
17
100
AcDbEntity
  8
VIEW
100
AcDbPolyline
 90
2
 70
0
 10
388.1023736040173
 20
2012.793269745041
 10
386.67886078186757
 20
2008.1110126382873
  0
LWPOLYLINE
  5
D7
330
17
100
AcDbEntity
  8
VIEW
100
AcDbPolyline
 90
2
 70
0
 10
386.67886078186757
 20
2008.1110126382873
 10
386.18511400327196
 20
2003.1420664283041
  0
LWPOLYLINE
  5
D8
330
17
100
AcDbEntity
  8
VIEW
100
AcDbPolyline
 90
2
 70
0
 10
386.18511400327196
 20
2003.1420664283041
 10
386.67886078186757
 20
1998.1731202183212
  0
LWPOLYLINE
  5
D9
330
17
100
AcDbEntity
  8
VIEW
100
AcDbPolyline
 90
2
 70
0
 10
386.67886078186757
 20
1998.1731202183212
 10
388.1023736040173
 20
1993.4908631115675
  0
LWPOLYLINE
  5
DA
330
17
100
AcDbEntity
  8
VIEW
100
AcDbPolyline
 90
2
 70
0
 10
388.1023736040173
 20
1993.4908631115675
 10
390.4023766126862
 20
1989.1711517174251
  0
LWPOLYLINE
  5
DB
330
17
100
AcDbEntity
  8
VIEW
100
AcDbPolyline
 90
2
 70
0
 10
390.4023766126862
 20
1989.1711517174251
 10
393.56299324770674
 20
1985.3053122477227
  0
LWPOLYLINE
  5
DC
330
17
100
AcDbEntity
  8
VIEW
100
AcDbPolyline
 90
2
 70
0
 10
393.56299324770674
 20
1985.3053122477227
 10
397.3394600220936
 20
1982.1927218361006
  0
LWPOLYLINE
  5
DD
330
17
100
AcDbEntity
  8
VIEW
100
AcDbPolyline
 90
2
 70
0
 10
397.3394600220936
 20
1982.1927218361006
 10
401.7377115135179
 20
1979.8284891620049
  0
LWPOLYLINE
  5
DE
330
17
100
AcDbEntity
  8
VIEW
100
AcDbPolyline
 90
2
 70
0
 10
401.7377115135179
 20
1979.8284891620049
 10
406.4171397027246
 20
1978.395704394279
  0
LWPOLYLINE
  5
DF
330
17
100
AcDbEntity
  8
VIEW
100
AcDbPolyline
 90
2
 70
0
 10
406.4171397027246
 20
1978.395704394279
 10
411.38509813780615
 20
1977.892115964725
  0
LWPOLYLINE
  5
E0
330
17
100
AcDbEntity
  8
VIEW
100
AcDbPolyline
 90
2
 70
0
 10
411.38509813780615
 20
1977.892115964725
 10
416.2568597321888
 20
1978.356722611329
  0
LWPOLYLINE
  5
E1
330
17
100
AcDbEntity
  8
VIEW
100
AcDbPolyline
 90
2
 70
0
 10
416.2568597321888
 20
1978.356722611329
 10
421.0400802787878
 20
1979.7902544462288
  0
LWPOLYLINE
  5
E2
330
17
100
AcDbEntity
  8
VIEW
100
AcDbPolyline
 90
2
 70
0
 10
421.0400802787878
 20
1979.7902544462288
 10
425.4476635060161
 20
1982.1370442566154
  0
LWPOLYLINE
  5
E3
330
17
100
AcDbEntity
  8
VIEW
100
AcDbPolyline
 90
2
 70
0
 10
425.4476635060161
 20
1982.1370442566154
 10
429.23643162320957
 20
1985.2346492221827
  0
LWPOLYLINE
  5
E4
330
17
100
AcDbEntity
  8
VIEW
100
AcDbPolyline
 90
2
 70
0
 10
429.23643162320957
 20
1985.2346492221827
 10
432.4123385391439
 20
1989.0879371144117
  0
LWPOLYLINE
  5
E5
330
17
100
AcDbEntity
  8
VIEW
100
AcDbPolyline
 90
2
 70
0
 10
432.4123385391439
 20
1989.0879371144117
 10
434.7678544025266
 20
1993.4908631115675
  0
LWPOLYLINE
  5
E6
330
17
100
AcDbEntity
  8
VIEW
100
AcDbPolyline
 90
2
 70
0
 10
434.7678544025266
 20
1993.4908631115675
 10
436.19136722467636
 20
1998.1731202183212
  0
LWPOLYLINE
  5
E7
330
17
100
AcDbEntity
  8
VIEW
100
AcDbPolyline
 90
2
 70
0
 10
436.19136722467636
 20
1998.1731202183212
 10
436.68511400327196
 20
2003.1420664283041
  0
LWPOLYLINE
  5
E8
330
17
100
AcDbEntity
  8
VIEW
100
AcDbPolyline
 90
2
 70
0
 10
568.245114003272
 20
2051.0220664283042
 10
567.7513672246764
 20
2055.9910126382874
  0
LWPOLYLINE
  5
E9
330
17
100
AcDbEntity
  8
VIEW
100
AcDbPolyline
 90
2
 70
0
 10
567.7513672246763
 20
2046.0531202183213
 10
568.245114003272
 20
2051.0220664283042
  0
LWPOLYLINE
  5
EA
330
17
100
AcDbEntity
  8
VIEW
100
AcDbPolyline
 90
2
 70
0
 10
567.7513672246764
 20
2055.9910126382874
 10
566.3278544025267
 20
2060.673269745041
  0
LWPOLYLINE
  5
EB
330
17
100
AcDbEntity
  8
VIEW
100
AcDbPolyline
 90
2
 70
0
 10
566.2894366616716
 20
2041.278502815007
 10
567.7513672246763
 20
2046.0531202183213
  0
LWPOLYLINE
  5
EC
330
17
100
AcDbEntity
  8
VIEW
100
AcDbPolyline
 90
2
 70
0
 10
566.3278544025267
 20
2060.673269745041
 10
563.972338539144
 20
2065.076195742197
  0
LWPOLYLINE
  5
ED
330
17
100
AcDbEntity
  8
VIEW
100
AcDbPolyline
 90
2
 70
0
 10
563.9164964533479
 20
2036.884943086632
 10
566.2894366616716
 20
2041.278502815007
  0
LWPOLYLINE
  5
EE
330
17
100
AcDbEntity
  8
VIEW
100
AcDbPolyline
 90
2
 70
0
 10
563.972338539144
 20
2065.076195742197
 10
560.8672347588372
 20
2068.8588206088857
  0
LWPOLYLINE
  5
EF
330
17
100
AcDbEntity
  8
VIEW
100
AcDbPolyline
 90
2
 70
0
 10
560.7964316232096
 20
2033.1146492221826
 10
563.9164964533479
 20
2036.884943086632
  0
LWPOLYLINE
  5
F0
330
17
100
AcDbEntity
  8
VIEW
100
AcDbPolyline
 90
2
 70
0
 10
560.8672347588372
 20
2068.8588206088857
 10
557.0076635060161
 20
2072.027088599993
  0
LWPOLYLINE
  5
F1
330
17
100
AcDbEntity
  8
VIEW
100
AcDbPolyline
 90
2
 70
0
 10
557.0076635060161
 20
2030.0170442566152
 10
560.7964316232096
 20
2033.1146492221826
  0
LWPOLYLINE
  5
F2
330
17
100
AcDbEntity
  8
VIEW
100
AcDbPolyline
 90
2
 70
0
 10
557.0076635060161
 20
2072.027088599993
 10
552.692516493026
 20
2074.3356436946037
  0
LWPOLYLINE
  5
F3
330
17
100
AcDbEntity
  8
VIEW
100
AcDbPolyline
 90
2
 70
0
 10
552.6000802787878
 20
2027.6702544462287
 10
557.0076635060161
 20
2030.0170442566152
  0
LWPOLYLINE
  5
F4
330
17
100
AcDbEntity
  8
VIEW
100
AcDbPolyline
 90
2
 70
0
 10
552.692516493026
 20
2074.3356436946037
 10
548.0130883038192
 20
2075.7684284623297
  0
LWPOLYLINE
  5
F5
330
17
100
AcDbEntity
  8
VIEW
100
AcDbPolyline
 90
2
 70
0
 10
547.9150126261513
 20
2026.2560191550597
 10
552.6000802787878
 20
2027.6702544462287
  0
LWPOLYLINE
  5
F6
330
17
100
AcDbEntity
  8
VIEW
100
AcDbPolyline
 90
2
 70
0
 10
548.0130883038192
 20
2075.7684284623297
 10
543.0451298687377
 20
2076.2720168918836
  0
LWPOLYLINE
  5
F7
330
17
100
AcDbEntity
  8
VIEW
100
AcDbPolyline
 90
2
 70
0
 10
542.9450981378062
 20
2025.7721159647251
 10
547.9150126261513
 20
2026.2560191550597
  0
LWPOLYLINE
  5
F8
330
17
100
AcDbEntity
  8
VIEW
100
AcDbPolyline
 90
2
 70
0
 10
543.0451298687377
 20
2076.2720168918836
 10
538.0752153803927
 20
2075.788113701549
  0
LWPOLYLINE
  5
F9
330
17
100
AcDbEntity
  8
VIEW
100
AcDbPolyline
 90
2
 70
0
 10
537.9771397027247
 20
2026.275704394279
 10
542.9450981378062
 20
2025.7721159647251
  0
LWPOLYLINE
  5
FA
330
17
100
AcDbEntity
  8
VIEW
100
AcDbPolyline
 90
2
 70
0
 10
538.0752153803927
 20
2075.788113701549
 10
533.2977115135179
 20
2074.3356436946037
  0
LWPOLYLINE
  5
FB
330
17
100
AcDbEntity
  8
VIEW
100
AcDbPolyline
 90
2
 70
0
 10
533.2977115135179
 20
2027.7084891620048
 10
537.9771397027247
 20
2026.275704394279
  0
LWPOLYLINE
  5
FC
330
17
100
AcDbEntity
  8
VIEW
100
AcDbPolyline
 90
2
 70
0
 10
533.2977115135179
 20
2074.3356436946037
 10
528.9825645005278
 20
2072.027088599993
  0
LWPOLYLINE
  5
FD
330
17
100
AcDbEntity
  8
VIEW
100
AcDbPolyline
 90
2
 70
0
 10
528.8994600220936
 20
2030.0727218361005
 10
533.2977115135179
 20
2027.7084891620048
  0
LWPOLYLINE
  5
FE
330
17
100
AcDbEntity
  8
VIEW
100
AcDbPolyline
 90
2
 70
0
 10
528.9825645005278
 20
2072.027088599993
 10
525.1229932477067
 20
2068.8588206088857
  0
LWPOLYLINE
  5
FF
330
17
100
AcDbEntity
  8
VIEW
100
AcDbPolyline
 90
2
 70
0
 10
525.1229932477067
 20
2033.1853122477225
 10
528.8994600220936
 20
2030.0727218361005
  0
LWPOLYLINE
  5
100
330
17
100
AcDbEntity
  8
VIEW
100
AcDbPolyline
 90
2
 70
0
 10
525.1229932477067
 20
2068.8588206088857
 10
521.9623766126862
 20
2064.9929811391835
  0
LWPOLYLINE
  5
101
330
17
100
AcDbEntity
  8
VIEW
100
AcDbPolyline
 90
2
 70
0
 10
522.0178894674
 20
2036.9679371144118
 10
525.1229932477067
 20
2033.1853122477225
  0
LWPOLYLINE
  5
102
330
17
100
AcDbEntity
  8
VIEW
100
AcDbPolyline
 90
2
 70
0
 10
521.9623766126862
 20
2064.9929811391835
 10
519.6623736040173
 20
2060.673269745041
  0
LWPOLYLINE
  5
103
330
17
100
AcDbEntity
  8
VIEW
100
AcDbPolyline
 90
2
 70
0
 10
519.6623736040173
 20
2041.3708631115676
 10
522.0178894674
 20
2036.9679371144118
  0
LWPOLYLINE
  5
104
330
17
100
AcDbEntity
  8
VIEW
100
AcDbPolyline
 90
2
 70
0
 10
519.6623736040173
 20
2060.673269745041
 10
518.2388607818676
 20
2055.9910126382874
  0
LWPOLYLINE
  5
105
330
17
100
AcDbEntity
  8
VIEW
100
AcDbPolyline
 90
2
 70
0
 10
518.2388607818676
 20
2046.0531202183213
 10
519.6623736040173
 20
2041.3708631115676
  0
LWPOLYLINE
  5
106
330
17
100
AcDbEntity
  8
VIEW
100
AcDbPolyline
 90
2
 70
0
 10
518.2388607818676
 20
2055.9910126382874
 10
517.745114003272
 20
2051.0220664283042
  0
LWPOLYLINE
  5
107
330
17
100
AcDbEntity
  8
VIEW
100
AcDbPolyline
 90
2
 70
0
 10
517.745114003272
 20
2051.0220664283042
 10
518.2388607818676
 20
2046.0531202183213
  0
LWPOLYLINE
  5
108
330
17
100
AcDbEntity
  8
VIEW
100
AcDbPolyline
 90
2
 70
0
 10
436.68511400327196
 20
2003.1420664283041
 10
436.19136722467636
 20
2008.1110126382873
  0
LWPOLYLINE
  5
109
330
17
100
AcDbEntity
  8
VIEW
100
AcDbPolyline
 90
2
 70
0
 10
436.19136722467636
 20
2008.1110126382873
 10
434.7678544025266
 20
2012.793269745041
  0
LWPOLYLINE
  5
10A
330
17
100
AcDbEntity
  8
VIEW
100
AcDbPolyline
 90
2
 70
0
 10
434.7678544025266
 20
2012.793269745041
 10
432.4123385391439
 20
2017.1961957421968
  0
LWPOLYLINE
  5
10B
330
17
100
AcDbEntity
  8
VIEW
100
AcDbPolyline
 90
2
 70
0
 10
432.4123385391439
 20
2017.1961957421968
 10
429.3072347588372
 20
2020.9788206088858
  0
LWPOLYLINE
  5
10C
330
17
100
AcDbEntity
  8
VIEW
100
AcDbPolyline
 90
2
 70
0
 10
429.3072347588372
 20
2020.9788206088858
 10
425.4476635060161
 20
2024.1470885999931
  0
LWPOLYLINE
  5
10D
330
17
100
AcDbEntity
  8
VIEW
100
AcDbPolyline
 90
2
 70
0
 10
425.4476635060161
 20
2024.1470885999931
 10
421.13251649302595
 20
2026.4556436946036
  0
LWPOLYLINE
  5
10E
330
17
100
AcDbEntity
  8
VIEW
100
AcDbPolyline
 90
2
 70
0
 10
421.13251649302595
 20
2026.4556436946036
 10
416.4530883038193
 20
2027.8884284623296
  0
LWPOLYLINE
  5
10F
330
17
100
AcDbEntity
  8
VIEW
100
AcDbPolyline
 90
2
 70
0
 10
416.4530883038193
 20
2027.8884284623296
 10
411.4851298687378
 20
2028.3920168918835
  0
LWPOLYLINE
  5
110
330
17
100
AcDbEntity
  8
VIEW
100
AcDbPolyline
 90
2
 70
0
 10
411.4851298687378
 20
2028.3920168918835
 10
406.51521538039265
 20
2027.908113701549
  0
LWPOLYLINE
  5
111
330
17
100
AcDbEntity
  8
VIEW
100
AcDbPolyline
 90
2
 70
0
 10
406.51521538039265
 20
2027.908113701549
 10
401.8301477277561
 20
2026.4938784103797
  0
LWPOLYLINE
  5
112
330
17
100
AcDbEntity
  8
VIEW
100
AcDbPolyline
 90
2
 70
0
 10
401.8301477277561
 20
2026.4938784103797
 10
397.5058889016133
 20
2024.202436512121
  0
LWPOLYLINE
  5
113
330
17
100
AcDbEntity
  8
VIEW
100
AcDbPolyline
 90
2
 70
0
 10
397.5058889016133
 20
2024.202436512121
 10
393.63379638333436
 20
2021.0494836344258
  0
LWPOLYLINE
  5
114
330
17
100
AcDbEntity
  8
VIEW
100
AcDbPolyline
 90
2
 70
0
 10
393.63379638333436
 20
2021.0494836344258
 10
390.45788946740004
 20
2017.1961957421968
  0
LWPOLYLINE
  5
115
330
17
100
AcDbEntity
  8
VIEW
100
AcDbPolyline
 90
2
 70
0
 10
390.45788946740004
 20
2017.1961957421968
 10
388.1023736040173
 20
2012.793269745041
  0
LWPOLYLINE
  5
116
330
17
100
AcDbEntity
  8
VIEW
100
AcDbPolyline
 90
2
 70
0
 10
388.1023736040173
 20
2012.793269745041
 10
386.67886078186757
 20
2008.1110126382873
  0
LWPOLYLINE
  5
117
330
17
100
AcDbEntity
  8
VIEW
100
AcDbPolyline
 90
2
 70
0
 10
386.67886078186757
 20
2008.1110126382873
 10
386.18511400327196
 20
2003.1420664283041
  0
LWPOLYLINE
  5
118
330
17
100
AcDbEntity
  8
VIEW
100
AcDbPolyline
 90
2
 70
0
 10
386.18511400327196
 20
2003.1420664283041
 10
386.67886078186757
 20
1998.1731202183212
  0
LWPOLYLINE
  5
119
330
17
100
AcDbEntity
  8
VIEW
100
AcDbPolyline
 90
2
 70
0
 10
386.67886078186757
 20
1998.1731202183212
 10
388.1023736040173
 20
1993.4908631115675
  0
LWPOLYLINE
  5
11A
330
17
100
AcDbEntity
  8
VIEW
100
AcDbPolyline
 90
2
 70
0
 10
388.1023736040173
 20
1993.4908631115675
 10
390.4023766126862
 20
1989.1711517174251
  0
LWPOLYLINE
  5
11B
330
17
100
AcDbEntity
  8
VIEW
100
AcDbPolyline
 90
2
 70
0
 10
390.4023766126862
 20
1989.1711517174251
 10
393.56299324770674
 20
1985.3053122477227
  0
LWPOLYLINE
  5
11C
330
17
100
AcDbEntity
  8
VIEW
100
AcDbPolyline
 90
2
 70
0
 10
393.56299324770674
 20
1985.3053122477227
 10
397.3394600220936
 20
1982.1927218361006
  0
LWPOLYLINE
  5
11D
330
17
100
AcDbEntity
  8
VIEW
100
AcDbPolyline
 90
2
 70
0
 10
397.3394600220936
 20
1982.1927218361006
 10
401.7377115135179
 20
1979.8284891620049
  0
LWPOLYLINE
  5
11E
330
17
100
AcDbEntity
  8
VIEW
100
AcDbPolyline
 90
2
 70
0
 10
401.7377115135179
 20
1979.8284891620049
 10
406.4171397027246
 20
1978.395704394279
  0
LWPOLYLINE
  5
11F
330
17
100
AcDbEntity
  8
VIEW
100
AcDbPolyline
 90
2
 70
0
 10
406.4171397027246
 20
1978.395704394279
 10
411.38509813780615
 20
1977.892115964725
  0
LWPOLYLINE
  5
120
330
17
100
AcDbEntity
  8
VIEW
100
AcDbPolyline
 90
2
 70
0
 10
411.38509813780615
 20
1977.892115964725
 10
416.2568597321888
 20
1978.356722611329
  0
LWPOLYLINE
  5
121
330
17
100
AcDbEntity
  8
VIEW
100
AcDbPolyline
 90
2
 70
0
 10
416.2568597321888
 20
1978.356722611329
 10
421.0400802787878
 20
1979.7902544462288
  0
LWPOLYLINE
  5
122
330
17
100
AcDbEntity
  8
VIEW
100
AcDbPolyline
 90
2
 70
0
 10
421.0400802787878
 20
1979.7902544462288
 10
425.4476635060161
 20
1982.1370442566154
  0
LWPOLYLINE
  5
123
330
17
100
AcDbEntity
  8
VIEW
100
AcDbPolyline
 90
2
 70
0
 10
425.4476635060161
 20
1982.1370442566154
 10
429.23643162320957
 20
1985.2346492221827
  0
LWPOLYLINE
  5
124
330
17
100
AcDbEntity
  8
VIEW
100
AcDbPolyline
 90
2
 70
0
 10
429.23643162320957
 20
1985.2346492221827
 10
432.4123385391439
 20
1989.0879371144117
  0
LWPOLYLINE
  5
125
330
17
100
AcDbEntity
  8
VIEW
100
AcDbPolyline
 90
2
 70
0
 10
432.4123385391439
 20
1989.0879371144117
 10
434.7678544025266
 20
1993.4908631115675
  0
LWPOLYLINE
  5
126
330
17
100
AcDbEntity
  8
VIEW
100
AcDbPolyline
 90
2
 70
0
 10
434.7678544025266
 20
1993.4908631115675
 10
436.19136722467636
 20
1998.1731202183212
  0
LWPOLYLINE
  5
127
330
17
100
AcDbEntity
  8
VIEW
100
AcDbPolyline
 90
2
 70
0
 10
436.19136722467636
 20
1998.1731202183212
 10
436.68511400327196
 20
2003.1420664283041
  0
LWPOLYLINE
  5
128
330
17
100
AcDbEntity
  8
VIEW
100
AcDbPolyline
 90
2
 70
0
 10
568.245114003272
 20
2051.0220664283042
 10
567.7513672246764
 20
2055.9910126382874
  0
LWPOLYLINE
  5
129
330
17
100
AcDbEntity
  8
VIEW
100
AcDbPolyline
 90
2
 70
0
 10
567.7513672246763
 20
2046.0531202183213
 10
568.245114003272
 20
2051.0220664283042
  0
LWPOLYLINE
  5
12A
330
17
100
AcDbEntity
  8
VIEW
100
AcDbPolyline
 90
2
 70
0
 10
567.7513672246764
 20
2055.9910126382874
 10
566.3278544025267
 20
2060.673269745041
  0
LWPOLYLINE
  5
12B
330
17
100
AcDbEntity
  8
VIEW
100
AcDbPolyline
 90
2
 70
0
 10
566.2894366616716
 20
2041.278502815007
 10
567.7513672246763
 20
2046.0531202183213
  0
LWPOLYLINE
  5
12C
330
17
100
AcDbEntity
  8
VIEW
100
AcDbPolyline
 90
2
 70
0
 10
566.3278544025267
 20
2060.673269745041
 10
563.972338539144
 20
2065.076195742197
  0
LWPOLYLINE
  5
12D
330
17
100
AcDbEntity
  8
VIEW
100
AcDbPolyline
 90
2
 70
0
 10
563.9164964533479
 20
2036.884943086632
 10
566.2894366616716
 20
2041.278502815007
  0
LWPOLYLINE
  5
12E
330
17
100
AcDbEntity
  8
VIEW
100
AcDbPolyline
 90
2
 70
0
 10
563.972338539144
 20
2065.076195742197
 10
560.8672347588372
 20
2068.8588206088857
  0
LWPOLYLINE
  5
12F
330
17
100
AcDbEntity
  8
VIEW
100
AcDbPolyline
 90
2
 70
0
 10
560.7964316232096
 20
2033.1146492221826
 10
563.9164964533479
 20
2036.884943086632
  0
LWPOLYLINE
  5
130
330
17
100
AcDbEntity
  8
VIEW
100
AcDbPolyline
 90
2
 70
0
 10
560.8672347588372
 20
2068.8588206088857
 10
557.0076635060161
 20
2072.027088599993
  0
LWPOLYLINE
  5
131
330
17
100
AcDbEntity
  8
VIEW
100
AcDbPolyline
 90
2
 70
0
 10
557.0076635060161
 20
2030.0170442566152
 10
560.7964316232096
 20
2033.1146492221826
  0
LWPOLYLINE
  5
132
330
17
100
AcDbEntity
  8
VIEW
100
AcDbPolyline
 90
2
 70
0
 10
557.0076635060161
 20
2072.027088599993
 10
552.692516493026
 20
2074.3356436946037
  0
LWPOLYLINE
  5
133
330
17
100
AcDbEntity
  8
VIEW
100
AcDbPolyline
 90
2
 70
0
 10
552.6000802787878
 20
2027.6702544462287
 10
557.0076635060161
 20
2030.0170442566152
  0
LWPOLYLINE
  5
134
330
17
100
AcDbEntity
  8
VIEW
100
AcDbPolyline
 90
2
 70
0
 10
552.692516493026
 20
2074.3356436946037
 10
548.0130883038192
 20
2075.7684284623297
  0
LWPOLYLINE
  5
135
330
17
100
AcDbEntity
  8
VIEW
100
AcDbPolyline
 90
2
 70
0
 10
547.9150126261513
 20
2026.2560191550597
 10
552.6000802787878
 20
2027.6702544462287
  0
LWPOLYLINE
  5
136
330
17
100
AcDbEntity
  8
VIEW
100
AcDbPolyline
 90
2
 70
0
 10
548.0130883038192
 20
2075.7684284623297
 10
543.0451298687377
 20
2076.2720168918836
  0
LWPOLYLINE
  5
137
330
17
100
AcDbEntity
  8
VIEW
100
AcDbPolyline
 90
2
 70
0
 10
542.9450981378062
 20
2025.7721159647251
 10
547.9150126261513
 20
2026.2560191550597
  0
LWPOLYLINE
  5
138
330
17
100
AcDbEntity
  8
VIEW
100
AcDbPolyline
 90
2
 70
0
 10
543.0451298687377
 20
2076.2720168918836
 10
538.0752153803927
 20
2075.788113701549
  0
LWPOLYLINE
  5
139
330
17
100
AcDbEntity
  8
VIEW
100
AcDbPolyline
 90
2
 70
0
 10
537.9771397027247
 20
2026.275704394279
 10
542.9450981378062
 20
2025.7721159647251
  0
LWPOLYLINE
  5
13A
330
17
100
AcDbEntity
  8
VIEW
100
AcDbPolyline
 90
2
 70
0
 10
538.0752153803927
 20
2075.788113701549
 10
533.2977115135179
 20
2074.3356436946037
  0
LWPOLYLINE
  5
13B
330
17
100
AcDbEntity
  8
VIEW
100
AcDbPolyline
 90
2
 70
0
 10
533.2977115135179
 20
2027.7084891620048
 10
537.9771397027247
 20
2026.275704394279
  0
LWPOLYLINE
  5
13C
330
17
100
AcDbEntity
  8
VIEW
100
AcDbPolyline
 90
2
 70
0
 10
533.2977115135179
 20
2074.3356436946037
 10
528.9825645005278
 20
2072.027088599993
  0
LWPOLYLINE
  5
13D
330
17
100
AcDbEntity
  8
VIEW
100
AcDbPolyline
 90
2
 70
0
 10
528.8994600220936
 20
2030.0727218361005
 10
533.2977115135179
 20
2027.7084891620048
  0
LWPOLYLINE
  5
13E
330
17
100
AcDbEntity
  8
VIEW
100
AcDbPolyline
 90
2
 70
0
 10
528.9825645005278
 20
2072.027088599993
 10
525.1229932477067
 20
2068.8588206088857
  0
LWPOLYLINE
  5
13F
330
17
100
AcDbEntity
  8
VIEW
100
AcDbPolyline
 90
2
 70
0
 10
525.1229932477067
 20
2033.1853122477225
 10
528.8994600220936
 20
2030.0727218361005
  0
LWPOLYLINE
  5
140
330
17
100
AcDbEntity
  8
VIEW
100
AcDbPolyline
 90
2
 70
0
 10
525.1229932477067
 20
2068.8588206088857
 10
521.9623766126862
 20
2064.9929811391835
  0
LWPOLYLINE
  5
141
330
17
100
AcDbEntity
  8
VIEW
100
AcDbPolyline
 90
2
 70
0
 10
522.0178894674
 20
2036.9679371144118
 10
525.1229932477067
 20
2033.1853122477225
  0
LWPOLYLINE
  5
142
330
17
100
AcDbEntity
  8
VIEW
100
AcDbPolyline
 90
2
 70
0
 10
521.9623766126862
 20
2064.9929811391835
 10
519.6623736040173
 20
2060.673269745041
  0
LWPOLYLINE
  5
143
330
17
100
AcDbEntity
  8
VIEW
100
AcDbPolyline
 90
2
 70
0
 10
519.6623736040173
 20
2041.3708631115676
 10
522.0178894674
 20
2036.9679371144118
  0
LWPOLYLINE
  5
144
330
17
100
AcDbEntity
  8
VIEW
100
AcDbPolyline
 90
2
 70
0
 10
519.6623736040173
 20
2060.673269745041
 10
518.2388607818676
 20
2055.9910126382874
  0
LWPOLYLINE
  5
145
330
17
100
AcDbEntity
  8
VIEW
100
AcDbPolyline
 90
2
 70
0
 10
518.2388607818676
 20
2046.0531202183213
 10
519.6623736040173
 20
2041.3708631115676
  0
LWPOLYLINE
  5
146
330
17
100
AcDbEntity
  8
VIEW
100
AcDbPolyline
 90
2
 70
0
 10
518.2388607818676
 20
2055.9910126382874
 10
517.745114003272
 20
2051.0220664283042
  0
LWPOLYLINE
  5
147
330
17
100
AcDbEntity
  8
VIEW
100
AcDbPolyline
 90
2
 70
0
 10
517.745114003272
 20
2051.0220664283042
 10
518.2388607818676
 20
2046.0531202183213
  0
LWPOLYLINE
  5
148
330
17
100
AcDbEntity
  8
VIEW
100
AcDbPolyline
 90
2
 70
0
 10
340.0
 20
1955.8509170566888
 10
342.99511400327196
 20
1956.0220664283042
  0
LWPOLYLINE
  5
149
330
17
100
AcDbEntity
  8
VIEW
100
AcDbPolyline
 90
2
 70
0
 10
588.8716350232594
 20
1607.2326650298453
 10
533.2173942417896
 20
1598.0180274117533
  0
LWPOLYLINE
  5
14A
330
17
100
AcDbEntity
  8
VIEW
100
AcDbPolyline
 90
2
 70
0
 10
533.2173942417896
 20
1598.0180274117533
 10
509.10876840245794
 20
1599.5872585929474
  0
LWPOLYLINE
  5
14B
330
17
100
AcDbEntity
  8
VIEW
100
AcDbPolyline
 90
2
 70
0
 10
509.10876840245794
 20
1599.5872585929474
 10
485.63112479742006
 20
1604.2572522629214
  0
LWPOLYLINE
  5
14C
330
17
100
AcDbEntity
  8
VIEW
100
AcDbPolyline
 90
2
 70
0
 10
485.63112479742006
 20
1604.2572522629214
 10
462.96389217947353
 20
1611.9517409117302
  0
LWPOLYLINE
  5
14D
330
17
100
AcDbEntity
  8
VIEW
100
AcDbPolyline
 90
2
 70
0
 10
462.96389217947353
 20
1611.9517409117302
 10
441.4949131832542
 20
1622.5390697052778
  0
LWPOLYLINE
  5
14E
330
17
100
AcDbEntity
  8
VIEW
100
AcDbPolyline
 90
2
 70
0
 10
441.4949131832542
 20
1622.5390697052778
 10
421.5915279917133
 20
1635.8380865125448
  0
LWPOLYLINE
  5
14F
330
17
100
AcDbEntity
  8
VIEW
100
AcDbPolyline
 90
2
 70
0
 10
421.5915279917133
 20
1635.8380865125448
 10
403.5942890437409
 20
1651.6212414687732
  0
LWPOLYLINE
  5
150
330
17
100
AcDbEntity
  8
VIEW
100
AcDbPolyline
 90
2
 70
0
 10
403.5942890437409
 20
1651.6212414687732
 10
387.81113408751185
 20
1669.6184804167465
  0
LWPOLYLINE
  5
151
330
17
100
AcDbEntity
  8
VIEW
100
AcDbPolyline
 90
2
 70
0
 10
387.81113408751185
 20
1669.6184804167465
 10
377.59077371031344
 20
1684.3854376660968
  0
LWPOLYLINE
  5
152
330
17
100
AcDbEntity
  8
VIEW
100
AcDbPolyline
 90
2
 70
0
 10
377.59077371031344
 20
1684.3854376660968
 10
371.6031684126349
 20
1694.7562742573446
  0
LWPOLYLINE
  5
153
330
17
100
AcDbEntity
  8
VIEW
100
AcDbPolyline
 90
2
 70
0
 10
371.6031684126349
 20
1694.7562742573446
 10
363.9247884866984
 20
1710.9908446045047
  0
LWPOLYLINE
  5
154
330
17
100
AcDbEntity
  8
VIEW
100
AcDbPolyline
 90
2
 70
0
 10
363.9247884866984
 20
1710.9908446045047
 10
357.8746482187273
 20
1727.8998539007891
  0
LWPOLYLINE
  5
155
330
17
100
AcDbEntity
  8
VIEW
100
AcDbPolyline
 90
2
 70
0
 10
357.8746482187273
 20
1727.8998539007891
 10
353.51101376684574
 20
1745.320459143269
  0
LWPOLYLINE
  5
156
330
17
100
AcDbEntity
  8
VIEW
100
AcDbPolyline
 90
2
 70
0
 10
353.51101376684574
 20
1745.320459143269
 10
351.5603061679151
 20
1757.1357208274908
  0
LWPOLYLINE
  5
157
330
17
100
AcDbEntity
  8
VIEW
100
AcDbPolyline
 90
2
 70
0
 10
351.5603061679151
 20
1757.1357208274908
 10
350.386530270514
 20
1769.0532675106726
  0
LWPOLYLINE
  5
158
330
17
100
AcDbEntity
  8
VIEW
100
AcDbPolyline
 90
2
 70
0
 10
350.386530270514
 20
1769.0532675106726
 10
340.0
 20
1955.8509170566888
  0
LWPOLYLINE
  5
159
330
17
100
AcDbEntity
  8
VIEW
100
AcDbPolyline
 90
2
 70
0
 10
588.381598242064
 20
1610.192371764148
 10
588.8716350232594
 20
1607.2326650298453
  0
LWPOLYLINE
  5
15A
330
17
100
AcDbEntity
  8
VIEW
100
AcDbPolyline
 90
2
 70
0
 10
694.9440313750414
 20
1639.9992140118557
 10
696.9041784998229
 20
1628.1603870746455
  0
LWPOLYLINE
  5
15B
330
17
100
AcDbEntity
  8
VIEW
100
AcDbPolyline
 90
2
 70
0
 10
694.2608783466484
 20
1639.8861047949126
 10
694.9440313750414
 20
1639.9992140118557
  0
LWPOLYLINE
  5
15C
330
17
100
AcDbEntity
  8
VIEW
100
AcDbPolyline
 90
17
 70
0
 10
567.995114003272
 20
2051.0220664283042
 10
566.0921023160541
 20
2060.5891522374313
 10
560.6727835329357
 20
2068.6997359579677
 10
552.5621998123992
 20
2074.1190547410865
 10
542.995114003272
 20
2076.0220664283042
 10
533.4280281941448
 20
2074.1190547410865
 10
525.3174444736082
 20
2068.6997359579677
 10
519.8981256904898
 20
2060.5891522374313
 10
517.995114003272
 20
2051.0220664283042
 10
519.8981256904898
 20
2041.454980619177
 10
525.3174444736082
 20
2033.3443968986405
 10
533.4280281941448
 20
2027.9250781155222
 10
542.995114003272
 20
2026.0220664283042
 10
552.5621998123992
 20
2027.9250781155222
 10
560.6727835329357
 20
2033.3443968986405
 10
566.0921023160541
 20
2041.454980619177
 10
567.995114003272
 20
2051.0220664283042
  0
LWPOLYLINE
  5
15D
330
17
100
AcDbEntity
  8
VIEW
100
AcDbPolyline
 90
14
 70
0
 10
557.995114003272
 20
2051.0220664283042
 10
556.2769543880701
 20
2057.9929140089607
 10
551.5160852042393
 20
2063.3668244167093
 10
544.8031642071018
 20
2065.912699539775
 10
537.6760406976339
 20
2065.0473100685854
 10
531.7674527807054
 20
2060.9689063019164
 10
528.4309867418812
 20
2054.6118013926175
 10
528.4309867418812
 20
2047.432331463991
 10
531.7674527807054
 20
2041.0752265546923
 10
537.6760406976339
 20
2036.996822788023
 10
544.8031642071018
 20
2036.1314333168334
 10
551.5160852042393
 20
2038.6773084398994
 10
556.2769543880701
 20
2044.0512188476478
 10
557.995114003272
 20
2051.0220664283042
  0
LWPOLYLINE
  5
15E
330
17
100
AcDbEntity
  8
VIEW
100
AcDbPolyline
 90
17
 70
0
 10
436.43511400327196
 20
2003.1420664283041
 10
434.53210231605414
 20
2012.7091522374315
 10
429.1127835329356
 20
2020.8197359579679
 10
421.0021998123992
 20
2026.2390547410864
 10
411.43511400327196
 20
2028.1420664283041
 10
401.8680281941447
 20
2026.2390547410864
 10
393.7574444736083
 20
2020.8197359579679
 10
388.3381256904898
 20
2012.7091522374315
 10
386.43511400327196
 20
2003.1420664283041
 10
388.3381256904898
 20
1993.574980619177
 10
393.7574444736083
 20
1985.4643968986406
 10
401.8680281941447
 20
1980.045078115522
 10
411.43511400327196
 20
1978.1420664283041
 10
421.0021998123992
 20
1980.045078115522
 10
429.1127835329357
 20
1985.4643968986406
 10
434.53210231605414
 20
1993.574980619177
 10
436.43511400327196
 20
2003.1420664283044
  0
LWPOLYLINE
  5
15F
330
17
100
AcDbEntity
  8
VIEW
100
AcDbPolyline
 90
14
 70
0
 10
426.43511400327196
 20
2003.1420664283041
 10
424.7169543880701
 20
2010.1129140089608
 10
419.9560852042393
 20
2015.4868244167092
 10
413.2431642071018
 20
2018.032699539775
 10
406.11604069763393
 20
2017.1673100685855
 10
400.20745278070547
 20
2013.0889063019163
 10
396.8709867418812
 20
2006.7318013926176
 10
396.8709867418812
 20
1999.5523314639909
 10
400.20745278070547
 20
1993.1952265546922
 10
406.11604069763393
 20
1989.116822788023
 10
413.2431642071018
 20
1988.2514333168335
 10
419.9560852042393
 20
1990.7973084398993
 10
424.7169543880701
 20
1996.1712188476477
 10
426.43511400327196
 20
2003.1420664283041
  0
LWPOLYLINE
  5
160
330
17
100
AcDbEntity
  8
HIDDEN
100
AcDbPolyline
 90
2
 70
0
 10
345.9997449175686
 20
1956.0220664283042
 10
342.99511400327196
 20
1956.0220664283042
  0
LWPOLYLINE
  5
161
330
17
100
AcDbEntity
  8
HIDDEN
100
AcDbPolyline
 90
2
 70
0
 10
345.9997449175686
 20
1956.0220664283042
 10
342.99511400327196
 20
1956.0220664283042
  0
LWPOLYLINE
  5
162
330
17
100
AcDbEntity
  8
HIDDEN
100
AcDbPolyline
 90
2
 70
0
 10
342.99511400327196
 20
1956.0220664283042
 10
622.995114003272
 20
1956.0220664283042
  0
LWPOLYLINE
  5
163
330
17
100
AcDbEntity
  8
HIDDEN
100
AcDbPolyline
 90
2
 70
0
 10
458.99511400327196
 20
1956.0220664283042
 10
466.99511400327196
 20
1956.0220664283042
  0
LWPOLYLINE
  5
164
330
17
100
AcDbEntity
  8
HIDDEN
100
AcDbPolyline
 90
2
 70
0
 10
458.99511400327196
 20
1956.0220664283042
 10
466.99511400327196
 20
1956.0220664283042
  0
LWPOLYLINE
  5
165
330
17
100
AcDbEntity
  8
HIDDEN
100
AcDbPolyline
 90
2
 70
0
 10
558.995114003272
 20
1956.0220664283042
 10
566.995114003272
 20
1956.0220664283042
  0
LWPOLYLINE
  5
166
330
17
100
AcDbEntity
  8
HIDDEN
100
AcDbPolyline
 90
2
 70
0
 10
558.995114003272
 20
1956.0220664283042
 10
566.995114003272
 20
1956.0220664283042
  0
LWPOLYLINE
  5
167
330
17
100
AcDbEntity
  8
HIDDEN
100
AcDbPolyline
 90
2
 70
0
 10
362.99511400327196
 20
1956.0220664283042
 10
602.995114003272
 20
1956.0220664283042
  0
LWPOLYLINE
  5
168
330
17
100
AcDbEntity
  8
HIDDEN
100
AcDbPolyline
 90
2
 70
0
 10
362.99511400327196
 20
1956.0220664283042
 10
602.995114003272
 20
1956.0220664283042
  0
LWPOLYLINE
  5
169
330
17
100
AcDbEntity
  8
HIDDEN
100
AcDbPolyline
 90
2
 70
0
 10
458.99511400327196
 20
1956.0220664283042
 10
466.99511400327196
 20
1956.0220664283042
  0
LWPOLYLINE
  5
16A
330
17
100
AcDbEntity
  8
HIDDEN
100
AcDbPolyline
 90
2
 70
0
 10
458.99511400327196
 20
1956.0220664283042
 10
466.99511400327196
 20
1956.0220664283042
  0
LWPOLYLINE
  5
16B
330
17
100
AcDbEntity
  8
HIDDEN
100
AcDbPolyline
 90
2
 70
0
 10
362.99511400327196
 20
1956.0220664283042
 10
602.995114003272
 20
1956.0220664283042
  0
LWPOLYLINE
  5
16C
330
17
100
AcDbEntity
  8
HIDDEN
100
AcDbPolyline
 90
2
 70
0
 10
362.99511400327196
 20
1956.0220664283042
 10
602.995114003272
 20
1956.0220664283042
  0
LWPOLYLINE
  5
16D
330
17
100
AcDbEntity
  8
HIDDEN
100
AcDbPolyline
 90
2
 70
0
 10
558.995114003272
 20
1956.0220664283042
 10
566.995114003272
 20
1956.0220664283042
  0
LWPOLYLINE
  5
16E
330
17
100
AcDbEntity
  8
HIDDEN
100
AcDbPolyline
 90
2
 70
0
 10
558.995114003272
 20
1956.0220664283042
 10
566.995114003272
 20
1956.0220664283042
  0
LWPOLYLINE
  5
16F
330
17
100
AcDbEntity
  8
HIDDEN
100
AcDbPolyline
 90
2
 70
0
 10
345.99022800654393
 20
1956.1932157999197
 10
345.9997449175686
 20
1956.0220664283042
  0
LWPOLYLINE
  5
170
330
17
100
AcDbEntity
  8
HIDDEN
100
AcDbPolyline
 90
2
 70
0
 10
342.99511400327196
 20
1956.0220664283042
 10
353.39480572558097
 20
1769.0333522954893
  0
LWPOLYLINE
  5
171
330
17
100
AcDbEntity
  8
HIDDEN
100
AcDbPolyline
 90
2
 70
0
 10
342.99511400327196
 20
1956.0220664283042
 10
345.99022800654393
 20
1956.1932157999197
  0
LWPOLYLINE
  5
172
330
17
100
AcDbEntity
  8
HIDDEN
100
AcDbPolyline
 90
2
 70
0
 10
353.39480572558097
 20
1769.0333522954893
 10
342.99511400327196
 20
1956.0220664283042
  0
LWPOLYLINE
  5
173
330
17
100
AcDbEntity
  8
HIDDEN
100
AcDbPolyline
 90
2
 70
0
 10
353.39480572558097
 20
1769.0333522954893
 10
342.99511400327196
 20
1956.0220664283042
  0
LWPOLYLINE
  5
174
330
17
100
AcDbEntity
  8
HIDDEN
100
AcDbPolyline
 90
2
 70
0
 10
622.995114003272
 20
1956.0220664283042
 10
694.2608783466485
 20
1639.8861047949126
  0
LWPOLYLINE
  5
175
330
17
100
AcDbEntity
  8
HIDDEN
100
AcDbPolyline
 90
2
 70
0
 10
694.2608783466485
 20
1639.8861047949126
 10
696.9041784998229
 20
1628.1603870746455
  0
LWPOLYLINE
  5
176
330
17
100
AcDbEntity
  8
HIDDEN
100
AcDbPolyline
 90
2
 70
0
 10
622.995114003272
 20
1956.0220664283042
 10
696.9041784998229
 20
1628.1603870746455
  0
LWPOLYLINE
  5
177
330
17
100
AcDbEntity
  8
HIDDEN
100
AcDbPolyline
 90
2
 70
0
 10
696.9041784998229
 20
1628.1603870746455
 10
532.995114003272
 20
1601.0220664283042
  0
LWPOLYLINE
  5
178
330
17
100
AcDbEntity
  8
HIDDEN
100
AcDbPolyline
 90
2
 70
0
 10
532.995114003272
 20
1601.0220664283042
 10
519.9092929354703
 20
1601.4983596735096
  0
LWPOLYLINE
  5
179
330
17
100
AcDbEntity
  8
HIDDEN
100
AcDbPolyline
 90
2
 70
0
 10
519.9092929354703
 20
1601.4983596735096
 10
504.9159123093385
 20
1603.225670423685
  0
LWPOLYLINE
  5
17A
330
17
100
AcDbEntity
  8
HIDDEN
100
AcDbPolyline
 90
2
 70
0
 10
504.9159123093385
 20
1603.225670423685
 10
490.0228441468483
 20
1606.2268032676948
  0
LWPOLYLINE
  5
17B
330
17
100
AcDbEntity
  8
HIDDEN
100
AcDbPolyline
 90
2
 70
0
 10
490.0228441468483
 20
1606.2268032676948
 10
475.4359007231352
 20
1610.473138062947
  0
LWPOLYLINE
  5
17C
330
17
100
AcDbEntity
  8
HIDDEN
100
AcDbPolyline
 90
2
 70
0
 10
475.4359007231352
 20
1610.473138062947
 10
461.25899612651864
 20
1615.9344248800267
  0
LWPOLYLINE
  5
17D
330
17
100
AcDbEntity
  8
HIDDEN
100
AcDbPolyline
 90
2
 70
0
 10
461.25899612651864
 20
1615.9344248800267
 10
447.59312342138196
 20
1622.571758745893
  0
LWPOLYLINE
  5
17E
330
17
100
AcDbEntity
  8
HIDDEN
100
AcDbPolyline
 90
2
 70
0
 10
447.59312342138196
 20
1622.571758745893
 10
434.6193470575349
 20
1630.283191290409
  0
LWPOLYLINE
  5
17F
330
17
100
AcDbEntity
  8
HIDDEN
100
AcDbPolyline
 90
2
 70
0
 10
434.6193470575349
 20
1630.283191290409
 10
422.2583539434652
 20
1639.1158651139967
  0
LWPOLYLINE
  5
180
330
17
100
AcDbEntity
  8
HIDDEN
100
AcDbPolyline
 90
2
 70
0
 10
422.2583539434652
 20
1639.1158651139967
 10
410.68622448169026
 20
1648.9594466451213
  0
LWPOLYLINE
  5
181
330
17
100
AcDbEntity
  8
HIDDEN
100
AcDbPolyline
 90
2
 70
0
 10
410.68622448169026
 20
1648.9594466451213
 10
401.06844721736894
 20
1658.566545561496
  0
LWPOLYLINE
  5
182
330
17
100
AcDbEntity
  8
HIDDEN
100
AcDbPolyline
 90
2
 70
0
 10
401.06844721736894
 20
1658.566545561496
 10
392.14086104385154
 20
1668.950306277749
  0
LWPOLYLINE
  5
183
330
17
100
AcDbEntity
  8
HIDDEN
100
AcDbPolyline
 90
2
 70
0
 10
392.14086104385154
 20
1668.950306277749
 10
384.0846539125315
 20
1679.8999873576877
  0
LWPOLYLINE
  5
184
330
17
100
AcDbEntity
  8
HIDDEN
100
AcDbPolyline
 90
2
 70
0
 10
384.0846539125315
 20
1679.8999873576877
 10
376.8280373876326
 20
1691.513160830453
  0
LWPOLYLINE
  5
185
330
17
100
AcDbEntity
  8
HIDDEN
100
AcDbPolyline
 90
2
 70
0
 10
376.8280373876326
 20
1691.513160830453
 10
370.51828660676074
 20
1703.5541339712913
  0
LWPOLYLINE
  5
186
330
17
100
AcDbEntity
  8
HIDDEN
100
AcDbPolyline
 90
2
 70
0
 10
370.51828660676074
 20
1703.5541339712913
 10
365.0991757143349
 20
1716.1302032551957
  0
LWPOLYLINE
  5
187
330
17
100
AcDbEntity
  8
HIDDEN
100
AcDbPolyline
 90
2
 70
0
 10
365.0991757143349
 20
1716.1302032551957
 10
360.68068713806696
 20
1728.9861337075781
  0
LWPOLYLINE
  5
188
330
17
100
AcDbEntity
  8
HIDDEN
100
AcDbPolyline
 90
2
 70
0
 10
360.68068713806696
 20
1728.9861337075781
 10
357.223447959881
 20
1742.2364838449441
  0
LWPOLYLINE
  5
189
330
17
100
AcDbEntity
  8
HIDDEN
100
AcDbPolyline
 90
2
 70
0
 10
357.223447959881
 20
1742.2364838449441
 10
354.81176502943333
 20
1755.5133591214403
  0
LWPOLYLINE
  5
18A
330
17
100
AcDbEntity
  8
HIDDEN
100
AcDbPolyline
 90
2
 70
0
 10
354.81176502943333
 20
1755.5133591214403
 10
353.39480572558097
 20
1769.0333522954893
  0
LWPOLYLINE
  5
18B
330
17
100
AcDbEntity
  8
HIDDEN
100
AcDbPolyline
 90
2
 70
0
 10
622.995114003272
 20
1948.0220664283042
 10
622.995114003272
 20
1956.0220664283042
  0
LWPOLYLINE
  5
18C
330
17
100
AcDbEntity
  8
HIDDEN
100
AcDbPolyline
 90
2
 70
0
 10
622.995114003272
 20
1948.0220664283042
 10
622.995114003272
 20
1956.0220664283042
  0
LWPOLYLINE
  5
18D
330
17
100
AcDbEntity
  8
HIDDEN
100
AcDbPolyline
 90
2
 70
0
 10
622.995114003272
 20
1956.0220664283042
 10
694.2608783466485
 20
1639.8861047949126
  0
LWPOLYLINE
  5
18E
330
17
100
AcDbEntity
  8
HIDDEN
100
AcDbPolyline
 90
2
 70
0
 10
694.2608783466485
 20
1639.8861047949126
 10
696.9041784998229
 20
1628.1603870746455
  0
LWPOLYLINE
  5
18F
330
17
100
AcDbEntity
  8
HIDDEN
100
AcDbPolyline
 90
2
 70
0
 10
458.99511400327196
 20
2016.0220664283042
 10
458.99511400327196
 20
1956.0220664283042
  0
LWPOLYLINE
  5
190
330
17
100
AcDbEntity
  8
HIDDEN
100
AcDbPolyline
 90
2
 70
0
 10
466.99511400327196
 20
2016.0220664283042
 10
466.99511400327196
 20
1956.0220664283042
  0
LWPOLYLINE
  5
191
330
17
100
AcDbEntity
  8
HIDDEN
100
AcDbPolyline
 90
2
 70
0
 10
558.995114003272
 20
2016.0220664283042
 10
558.995114003272
 20
1956.0220664283042
  0
LWPOLYLINE
  5
192
330
17
100
AcDbEntity
  8
HIDDEN
100
AcDbPolyline
 90
2
 70
0
 10
566.995114003272
 20
2016.0220664283042
 10
566.995114003272
 20
1956.0220664283042
  0
LWPOLYLINE
  5
193
330
17
100
AcDbEntity
  8
HIDDEN
100
AcDbPolyline
 90
2
 70
0
 10
602.995114003272
 20
1956.0220664283042
 10
587.4351222242567
 20
2058.0991893832065
  0
LWPOLYLINE
  5
194
330
17
100
AcDbEntity
  8
HIDDEN
100
AcDbPolyline
 90
2
 70
0
 10
587.4351222242567
 20
2058.0991893832065
 10
585.4173471038941
 20
2066.033866412199
  0
LWPOLYLINE
  5
195
330
17
100
AcDbEntity
  8
HIDDEN
100
AcDbPolyline
 90
2
 70
0
 10
366.58484912435375
 20
2006.810000491353
 10
362.99511400327196
 20
1956.0220664283042
  0
LWPOLYLINE
  5
196
330
17
100
AcDbEntity
  8
HIDDEN
100
AcDbPolyline
 90
2
 70
0
 10
585.4173471038941
 20
2066.033866412199
 10
580.4689105246747
 20
2075.936210488908
  0
LWPOLYLINE
  5
197
330
17
100
AcDbEntity
  8
HIDDEN
100
AcDbPolyline
 90
2
 70
0
 10
367.73896413929776
 20
2013.8959720939265
 10
366.58484912435375
 20
2006.810000491353
  0
LWPOLYLINE
  5
198
330
17
100
AcDbEntity
  8
HIDDEN
100
AcDbPolyline
 90
2
 70
0
 10
580.4689105246747
 20
2075.936210488908
 10
573.1786555398846
 20
2084.3980131610574
  0
LWPOLYLINE
  5
199
330
17
100
AcDbEntity
  8
HIDDEN
100
AcDbPolyline
 90
2
 70
0
 10
371.3101765786884
 20
2023.5133549656857
 10
367.73896413929776
 20
2013.8959720939265
  0
LWPOLYLINE
  5
19A
330
17
100
AcDbEntity
  8
HIDDEN
100
AcDbPolyline
 90
2
 70
0
 10
573.1786555398846
 20
2084.3980131610574
 10
564.1172825061253
 20
2090.7568622342105
  0
LWPOLYLINE
  5
19B
330
17
100
AcDbEntity
  8
HIDDEN
100
AcDbPolyline
 90
2
 70
0
 10
377.03110483457795
 20
2032.1483442508795
 10
371.3101765786884
 20
2023.5133549656857
  0
LWPOLYLINE
  5
19C
330
17
100
AcDbEntity
  8
HIDDEN
100
AcDbPolyline
 90
2
 70
0
 10
564.1172825061253
 20
2090.7568622342105
 10
553.7776955229468
 20
2094.7111489978843
  0
LWPOLYLINE
  5
19D
330
17
100
AcDbEntity
  8
HIDDEN
100
AcDbPolyline
 90
2
 70
0
 10
384.57488593895414
 20
2039.2464726460062
 10
377.03110483457795
 20
2032.1483442508795
  0
LWPOLYLINE
  5
19E
330
17
100
AcDbEntity
  8
HIDDEN
100
AcDbPolyline
 90
2
 70
0
 10
553.7776955229468
 20
2094.7111489978843
 10
547.7756751949947
 20
2095.7674151775564
  0
LWPOLYLINE
  5
19F
330
17
100
AcDbEntity
  8
HIDDEN
100
AcDbPolyline
 90
2
 70
0
 10
393.5418222052174
 20
2044.4316548087868
 10
384.57488593895414
 20
2039.2464726460062
  0
LWPOLYLINE
  5
1A0
330
17
100
AcDbEntity
  8
HIDDEN
100
AcDbPolyline
 90
2
 70
0
 10
547.7756751949947
 20
2095.7674151775564
 10
541.5860392642568
 20
2096.0
  0
LWPOLYLINE
  5
1A1
330
17
100
AcDbEntity
  8
HIDDEN
100
AcDbPolyline
 90
2
 70
0
 10
529.4989660073442
 20
2093.950541701391
 10
393.5418222052174
 20
2044.4316548087868
  0
LWPOLYLINE
  5
1A2
330
17
100
AcDbEntity
  8
HIDDEN
100
AcDbPolyline
 90
2
 70
0
 10
541.5860392642568
 20
2096.0
 10
535.4230996904217
 20
2095.3804320344216
  0
LWPOLYLINE
  5
1A3
330
17
100
AcDbEntity
  8
HIDDEN
100
AcDbPolyline
 90
2
 70
0
 10
535.4230996904217
 20
2095.3804320344216
 10
529.4989660073442
 20
2093.950541701391
  0
LWPOLYLINE
  5
1A4
330
17
100
AcDbEntity
  8
HIDDEN
100
AcDbPolyline
 90
2
 70
0
 10
436.68511400327196
 20
2003.1420664283041
 10
436.19136722467636
 20
2008.1110126382873
  0
LWPOLYLINE
  5
1A5
330
17
100
AcDbEntity
  8
HIDDEN
100
AcDbPolyline
 90
2
 70
0
 10
436.19136722467636
 20
2008.1110126382873
 10
434.7678544025266
 20
2012.793269745041
  0
LWPOLYLINE
  5
1A6
330
17
100
AcDbEntity
  8
HIDDEN
100
AcDbPolyline
 90
2
 70
0
 10
434.7678544025266
 20
2012.793269745041
 10
432.4123385391439
 20
2017.1961957421968
  0
LWPOLYLINE
  5
1A7
330
17
100
AcDbEntity
  8
HIDDEN
100
AcDbPolyline
 90
2
 70
0
 10
432.4123385391439
 20
2017.1961957421968
 10
429.3072347588372
 20
2020.9788206088858
  0
LWPOLYLINE
  5
1A8
330
17
100
AcDbEntity
  8
HIDDEN
100
AcDbPolyline
 90
2
 70
0
 10
429.3072347588372
 20
2020.9788206088858
 10
425.4476635060161
 20
2024.1470885999931
  0
LWPOLYLINE
  5
1A9
330
17
100
AcDbEntity
  8
HIDDEN
100
AcDbPolyline
 90
2
 70
0
 10
425.4476635060161
 20
2024.1470885999931
 10
421.13251649302595
 20
2026.4556436946036
  0
LWPOLYLINE
  5
1AA
330
17
100
AcDbEntity
  8
HIDDEN
100
AcDbPolyline
 90
2
 70
0
 10
421.13251649302595
 20
2026.4556436946036
 10
416.4530883038193
 20
2027.8884284623296
  0
LWPOLYLINE
  5
1AB
330
17
100
AcDbEntity
  8
HIDDEN
100
AcDbPolyline
 90
2
 70
0
 10
416.4530883038193
 20
2027.8884284623296
 10
411.4851298687378
 20
2028.3920168918835
  0
LWPOLYLINE
  5
1AC
330
17
100
AcDbEntity
  8
HIDDEN
100
AcDbPolyline
 90
2
 70
0
 10
411.4851298687378
 20
2028.3920168918835
 10
406.51521538039265
 20
2027.908113701549
  0
LWPOLYLINE
  5
1AD
330
17
100
AcDbEntity
  8
HIDDEN
100
AcDbPolyline
 90
2
 70
0
 10
406.51521538039265
 20
2027.908113701549
 10
401.8301477277561
 20
2026.4938784103797
  0
LWPOLYLINE
  5
1AE
330
17
100
AcDbEntity
  8
HIDDEN
100
AcDbPolyline
 90
2
 70
0
 10
401.8301477277561
 20
2026.4938784103797
 10
397.5058889016133
 20
2024.202436512121
  0
LWPOLYLINE
  5
1AF
330
17
100
AcDbEntity
  8
HIDDEN
100
AcDbPolyline
 90
2
 70
0
 10
397.5058889016133
 20
2024.202436512121
 10
393.63379638333436
 20
2021.0494836344258
  0
LWPOLYLINE
  5
1B0
330
17
100
AcDbEntity
  8
HIDDEN
100
AcDbPolyline
 90
2
 70
0
 10
393.63379638333436
 20
2021.0494836344258
 10
390.45788946740004
 20
2017.1961957421968
  0
LWPOLYLINE
  5
1B1
330
17
100
AcDbEntity
  8
HIDDEN
100
AcDbPolyline
 90
2
 70
0
 10
390.45788946740004
 20
2017.1961957421968
 10
388.1023736040173
 20
2012.793269745041
  0
LWPOLYLINE
  5
1B2
330
17
100
AcDbEntity
  8
HIDDEN
100
AcDbPolyline
 90
2
 70
0
 10
388.1023736040173
 20
2012.793269745041
 10
386.67886078186757
 20
2008.1110126382873
  0
LWPOLYLINE
  5
1B3
330
17
100
AcDbEntity
  8
HIDDEN
100
AcDbPolyline
 90
2
 70
0
 10
386.67886078186757
 20
2008.1110126382873
 10
386.18511400327196
 20
2003.1420664283041
  0
LWPOLYLINE
  5
1B4
330
17
100
AcDbEntity
  8
HIDDEN
100
AcDbPolyline
 90
2
 70
0
 10
386.18511400327196
 20
2003.1420664283041
 10
386.67886078186757
 20
1998.1731202183212
  0
LWPOLYLINE
  5
1B5
330
17
100
AcDbEntity
  8
HIDDEN
100
AcDbPolyline
 90
2
 70
0
 10
386.67886078186757
 20
1998.1731202183212
 10
388.1023736040173
 20
1993.4908631115675
  0
LWPOLYLINE
  5
1B6
330
17
100
AcDbEntity
  8
HIDDEN
100
AcDbPolyline
 90
2
 70
0
 10
388.1023736040173
 20
1993.4908631115675
 10
390.4023766126862
 20
1989.1711517174251
  0
LWPOLYLINE
  5
1B7
330
17
100
AcDbEntity
  8
HIDDEN
100
AcDbPolyline
 90
2
 70
0
 10
390.4023766126862
 20
1989.1711517174251
 10
393.56299324770674
 20
1985.3053122477227
  0
LWPOLYLINE
  5
1B8
330
17
100
AcDbEntity
  8
HIDDEN
100
AcDbPolyline
 90
2
 70
0
 10
393.56299324770674
 20
1985.3053122477227
 10
397.3394600220936
 20
1982.1927218361006
  0
LWPOLYLINE
  5
1B9
330
17
100
AcDbEntity
  8
HIDDEN
100
AcDbPolyline
 90
2
 70
0
 10
397.3394600220936
 20
1982.1927218361006
 10
401.7377115135179
 20
1979.8284891620049
  0
LWPOLYLINE
  5
1BA
330
17
100
AcDbEntity
  8
HIDDEN
100
AcDbPolyline
 90
2
 70
0
 10
401.7377115135179
 20
1979.8284891620049
 10
406.4171397027246
 20
1978.395704394279
  0
LWPOLYLINE
  5
1BB
330
17
100
AcDbEntity
  8
HIDDEN
100
AcDbPolyline
 90
2
 70
0
 10
406.4171397027246
 20
1978.395704394279
 10
411.38509813780615
 20
1977.892115964725
  0
LWPOLYLINE
  5
1BC
330
17
100
AcDbEntity
  8
HIDDEN
100
AcDbPolyline
 90
2
 70
0
 10
411.38509813780615
 20
1977.892115964725
 10
416.2568597321888
 20
1978.356722611329
  0
LWPOLYLINE
  5
1BD
330
17
100
AcDbEntity
  8
HIDDEN
100
AcDbPolyline
 90
2
 70
0
 10
416.2568597321888
 20
1978.356722611329
 10
421.0400802787878
 20
1979.7902544462288
  0
LWPOLYLINE
  5
1BE
330
17
100
AcDbEntity
  8
HIDDEN
100
AcDbPolyline
 90
2
 70
0
 10
421.0400802787878
 20
1979.7902544462288
 10
425.4476635060161
 20
1982.1370442566154
  0
LWPOLYLINE
  5
1BF
330
17
100
AcDbEntity
  8
HIDDEN
100
AcDbPolyline
 90
2
 70
0
 10
425.4476635060161
 20
1982.1370442566154
 10
429.23643162320957
 20
1985.2346492221827
  0
LWPOLYLINE
  5
1C0
330
17
100
AcDbEntity
  8
HIDDEN
100
AcDbPolyline
 90
2
 70
0
 10
429.23643162320957
 20
1985.2346492221827
 10
432.4123385391439
 20
1989.0879371144117
  0
LWPOLYLINE
  5
1C1
330
17
100
AcDbEntity
  8
HIDDEN
100
AcDbPolyline
 90
2
 70
0
 10
432.4123385391439
 20
1989.0879371144117
 10
434.7678544025266
 20
1993.4908631115675
  0
LWPOLYLINE
  5
1C2
330
17
100
AcDbEntity
  8
HIDDEN
100
AcDbPolyline
 90
2
 70
0
 10
434.7678544025266
 20
1993.4908631115675
 10
436.19136722467636
 20
1998.1731202183212
  0
LWPOLYLINE
  5
1C3
330
17
100
AcDbEntity
  8
HIDDEN
100
AcDbPolyline
 90
2
 70
0
 10
436.19136722467636
 20
1998.1731202183212
 10
436.68511400327196
 20
2003.1420664283041
  0
LWPOLYLINE
  5
1C4
330
17
100
AcDbEntity
  8
HIDDEN
100
AcDbPolyline
 90
2
 70
0
 10
568.245114003272
 20
2051.0220664283042
 10
567.7513672246764
 20
2055.9910126382874
  0
LWPOLYLINE
  5
1C5
330
17
100
AcDbEntity
  8
HIDDEN
100
AcDbPolyline
 90
2
 70
0
 10
567.7513672246763
 20
2046.0531202183213
 10
568.245114003272
 20
2051.0220664283042
  0
LWPOLYLINE
  5
1C6
330
17
100
AcDbEntity
  8
HIDDEN
100
AcDbPolyline
 90
2
 70
0
 10
567.7513672246764
 20
2055.9910126382874
 10
566.3278544025267
 20
2060.673269745041
  0
LWPOLYLINE
  5
1C7
330
17
100
AcDbEntity
  8
HIDDEN
100
AcDbPolyline
 90
2
 70
0
 10
566.2894366616716
 20
2041.278502815007
 10
567.7513672246763
 20
2046.0531202183213
  0
LWPOLYLINE
  5
1C8
330
17
100
AcDbEntity
  8
HIDDEN
100
AcDbPolyline
 90
2
 70
0
 10
566.3278544025267
 20
2060.673269745041
 10
563.972338539144
 20
2065.076195742197
  0
LWPOLYLINE
  5
1C9
330
17
100
AcDbEntity
  8
HIDDEN
100
AcDbPolyline
 90
2
 70
0
 10
563.9164964533479
 20
2036.884943086632
 10
566.2894366616716
 20
2041.278502815007
  0
LWPOLYLINE
  5
1CA
330
17
100
AcDbEntity
  8
HIDDEN
100
AcDbPolyline
 90
2
 70
0
 10
563.972338539144
 20
2065.076195742197
 10
560.8672347588372
 20
2068.8588206088857
  0
LWPOLYLINE
  5
1CB
330
17
100
AcDbEntity
  8
HIDDEN
100
AcDbPolyline
 90
2
 70
0
 10
560.7964316232096
 20
2033.1146492221826
 10
563.9164964533479
 20
2036.884943086632
  0
LWPOLYLINE
  5
1CC
330
17
100
AcDbEntity
  8
HIDDEN
100
AcDbPolyline
 90
2
 70
0
 10
560.8672347588372
 20
2068.8588206088857
 10
557.0076635060161
 20
2072.027088599993
  0
LWPOLYLINE
  5
1CD
330
17
100
AcDbEntity
  8
HIDDEN
100
AcDbPolyline
 90
2
 70
0
 10
557.0076635060161
 20
2030.0170442566152
 10
560.7964316232096
 20
2033.1146492221826
  0
LWPOLYLINE
  5
1CE
330
17
100
AcDbEntity
  8
HIDDEN
100
AcDbPolyline
 90
2
 70
0
 10
557.0076635060161
 20
2072.027088599993
 10
552.692516493026
 20
2074.3356436946037
  0
LWPOLYLINE
  5
1CF
330
17
100
AcDbEntity
  8
HIDDEN
100
AcDbPolyline
 90
2
 70
0
 10
552.6000802787878
 20
2027.6702544462287
 10
557.0076635060161
 20
2030.0170442566152
  0
LWPOLYLINE
  5
1D0
330
17
100
AcDbEntity
  8
HIDDEN
100
AcDbPolyline
 90
2
 70
0
 10
552.692516493026
 20
2074.3356436946037
 10
548.0130883038192
 20
2075.7684284623297
  0
LWPOLYLINE
  5
1D1
330
17
100
AcDbEntity
  8
HIDDEN
100
AcDbPolyline
 90
2
 70
0
 10
547.9150126261513
 20
2026.2560191550597
 10
552.6000802787878
 20
2027.6702544462287
  0
LWPOLYLINE
  5
1D2
330
17
100
AcDbEntity
  8
HIDDEN
100
AcDbPolyline
 90
2
 70
0
 10
548.0130883038192
 20
2075.7684284623297
 10
543.0451298687377
 20
2076.2720168918836
  0
LWPOLYLINE
  5
1D3
330
17
100
AcDbEntity
  8
HIDDEN
100
AcDbPolyline
 90
2
 70
0
 10
542.9450981378062
 20
2025.7721159647251
 10
547.9150126261513
 20
2026.2560191550597
  0
LWPOLYLINE
  5
1D4
330
17
100
AcDbEntity
  8
HIDDEN
100
AcDbPolyline
 90
2
 70
0
 10
543.0451298687377
 20
2076.2720168918836
 10
538.0752153803927
 20
2075.788113701549
  0
LWPOLYLINE
  5
1D5
330
17
100
AcDbEntity
  8
HIDDEN
100
AcDbPolyline
 90
2
 70
0
 10
537.9771397027247
 20
2026.275704394279
 10
542.9450981378062
 20
2025.7721159647251
  0
LWPOLYLINE
  5
1D6
330
17
100
AcDbEntity
  8
HIDDEN
100
AcDbPolyline
 90
2
 70
0
 10
538.0752153803927
 20
2075.788113701549
 10
533.2977115135179
 20
2074.3356436946037
  0
LWPOLYLINE
  5
1D7
330
17
100
AcDbEntity
  8
HIDDEN
100
AcDbPolyline
 90
2
 70
0
 10
533.2977115135179
 20
2027.7084891620048
 10
537.9771397027247
 20
2026.275704394279
  0
LWPOLYLINE
  5
1D8
330
17
100
AcDbEntity
  8
HIDDEN
100
AcDbPolyline
 90
2
 70
0
 10
533.2977115135179
 20
2074.3356436946037
 10
528.9825645005278
 20
2072.027088599993
  0
LWPOLYLINE
  5
1D9
330
17
100
AcDbEntity
  8
HIDDEN
100
AcDbPolyline
 90
2
 70
0
 10
528.8994600220936
 20
2030.0727218361005
 10
533.2977115135179
 20
2027.7084891620048
  0
LWPOLYLINE
  5
1DA
330
17
100
AcDbEntity
  8
HIDDEN
100
AcDbPolyline
 90
2
 70
0
 10
528.9825645005278
 20
2072.027088599993
 10
525.1229932477067
 20
2068.8588206088857
  0
LWPOLYLINE
  5
1DB
330
17
100
AcDbEntity
  8
HIDDEN
100
AcDbPolyline
 90
2
 70
0
 10
525.1229932477067
 20
2033.1853122477225
 10
528.8994600220936
 20
2030.0727218361005
  0
LWPOLYLINE
  5
1DC
330
17
100
AcDbEntity
  8
HIDDEN
100
AcDbPolyline
 90
2
 70
0
 10
525.1229932477067
 20
2068.8588206088857
 10
521.9623766126862
 20
2064.9929811391835
  0
LWPOLYLINE
  5
1DD
330
17
100
AcDbEntity
  8
HIDDEN
100
AcDbPolyline
 90
2
 70
0
 10
522.0178894674
 20
2036.9679371144118
 10
525.1229932477067
 20
2033.1853122477225
  0
LWPOLYLINE
  5
1DE
330
17
100
AcDbEntity
  8
HIDDEN
100
AcDbPolyline
 90
2
 70
0
 10
521.9623766126862
 20
2064.9929811391835
 10
519.6623736040173
 20
2060.673269745041
  0
LWPOLYLINE
  5
1DF
330
17
100
AcDbEntity
  8
HIDDEN
100
AcDbPolyline
 90
2
 70
0
 10
519.6623736040173
 20
2041.3708631115676
 10
522.0178894674
 20
2036.9679371144118
  0
LWPOLYLINE
  5
1E0
330
17
100
AcDbEntity
  8
HIDDEN
100
AcDbPolyline
 90
2
 70
0
 10
519.6623736040173
 20
2060.673269745041
 10
518.2388607818676
 20
2055.9910126382874
  0
LWPOLYLINE
  5
1E1
330
17
100
AcDbEntity
  8
HIDDEN
100
AcDbPolyline
 90
2
 70
0
 10
518.2388607818676
 20
2046.0531202183213
 10
519.6623736040173
 20
2041.3708631115676
  0
LWPOLYLINE
  5
1E2
330
17
100
AcDbEntity
  8
HIDDEN
100
AcDbPolyline
 90
2
 70
0
 10
518.2388607818676
 20
2055.9910126382874
 10
517.745114003272
 20
2051.0220664283042
  0
LWPOLYLINE
  5
1E3
330
17
100
AcDbEntity
  8
HIDDEN
100
AcDbPolyline
 90
2
 70
0
 10
517.745114003272
 20
2051.0220664283042
 10
518.2388607818676
 20
2046.0531202183213
  0
LWPOLYLINE
  5
1E4
330
17
100
AcDbEntity
  8
HIDDEN
100
AcDbPolyline
 90
2
 70
0
 10
458.99511400327196
 20
1956.0220664283042
 10
458.99511400327196
 20
2016.0220664283042
  0
LWPOLYLINE
  5
1E5
330
17
100
AcDbEntity
  8
HIDDEN
100
AcDbPolyline
 90
2
 70
0
 10
458.99511400327196
 20
2016.0220664283042
 10
458.99511400327196
 20
1956.0220664283042
  0
LWPOLYLINE
  5
1E6
330
17
100
AcDbEntity
  8
HIDDEN
100
AcDbPolyline
 90
2
 70
0
 10
458.99511400327196
 20
2016.0220664283042
 10
466.99511400327196
 20
2016.0220664283042
  0
LWPOLYLINE
  5
1E7
330
17
100
AcDbEntity
  8
HIDDEN
100
AcDbPolyline
 90
2
 70
0
 10
466.99511400327196
 20
2016.0220664283042
 10
466.99511400327196
 20
1956.0220664283042
  0
LWPOLYLINE
  5
1E8
330
17
100
AcDbEntity
  8
HIDDEN
100
AcDbPolyline
 90
2
 70
0
 10
466.99511400327196
 20
1956.0220664283042
 10
466.99511400327196
 20
2016.0220664283042
  0
LWPOLYLINE
  5
1E9
330
17
100
AcDbEntity
  8
HIDDEN
100
AcDbPolyline
 90
2
 70
0
 10
602.995114003272
 20
1956.0220664283042
 10
587.4351222242567
 20
2058.0991893832065
  0
LWPOLYLINE
  5
1EA
330
17
100
AcDbEntity
  8
HIDDEN
100
AcDbPolyline
 90
2
 70
0
 10
587.4351222242567
 20
2058.0991893832065
 10
585.4173471038941
 20
2066.033866412199
  0
LWPOLYLINE
  5
1EB
330
17
100
AcDbEntity
  8
HIDDEN
100
AcDbPolyline
 90
2
 70
0
 10
366.58484912435375
 20
2006.810000491353
 10
362.99511400327196
 20
1956.0220664283042
  0
LWPOLYLINE
  5
1EC
330
17
100
AcDbEntity
  8
HIDDEN
100
AcDbPolyline
 90
2
 70
0
 10
585.4173471038941
 20
2066.033866412199
 10
580.4689105246747
 20
2075.936210488908
  0
LWPOLYLINE
  5
1ED
330
17
100
AcDbEntity
  8
HIDDEN
100
AcDbPolyline
 90
2
 70
0
 10
367.73896413929776
 20
2013.8959720939265
 10
366.58484912435375
 20
2006.810000491353
  0
LWPOLYLINE
  5
1EE
330
17
100
AcDbEntity
  8
HIDDEN
100
AcDbPolyline
 90
2
 70
0
 10
580.4689105246747
 20
2075.936210488908
 10
573.1786555398846
 20
2084.3980131610574
  0
LWPOLYLINE
  5
1EF
330
17
100
AcDbEntity
  8
HIDDEN
100
AcDbPolyline
 90
2
 70
0
 10
371.3101765786884
 20
2023.5133549656857
 10
367.73896413929776
 20
2013.8959720939265
  0
LWPOLYLINE
  5
1F0
330
17
100
AcDbEntity
  8
HIDDEN
100
AcDbPolyline
 90
2
 70
0
 10
573.1786555398846
 20
2084.3980131610574
 10
564.1172825061253
 20
2090.7568622342105
  0
LWPOLYLINE
  5
1F1
330
17
100
AcDbEntity
  8
HIDDEN
100
AcDbPolyline
 90
2
 70
0
 10
377.03110483457795
 20
2032.1483442508795
 10
371.3101765786884
 20
2023.5133549656857
  0
LWPOLYLINE
  5
1F2
330
17
100
AcDbEntity
  8
HIDDEN
100
AcDbPolyline
 90
2
 70
0
 10
564.1172825061253
 20
2090.7568622342105
 10
553.7776955229468
 20
2094.7111489978843
  0
LWPOLYLINE
  5
1F3
330
17
100
AcDbEntity
  8
HIDDEN
100
AcDbPolyline
 90
2
 70
0
 10
384.57488593895414
 20
2039.2464726460062
 10
377.03110483457795
 20
2032.1483442508795
  0
LWPOLYLINE
  5
1F4
330
17
100
AcDbEntity
  8
HIDDEN
100
AcDbPolyline
 90
2
 70
0
 10
553.7776955229468
 20
2094.7111489978843
 10
547.7756751949947
 20
2095.7674151775564
  0
LWPOLYLINE
  5
1F5
330
17
100
AcDbEntity
  8
HIDDEN
100
AcDbPolyline
 90
2
 70
0
 10
393.5418222052174
 20
2044.4316548087868
 10
384.57488593895414
 20
2039.2464726460062
  0
LWPOLYLINE
  5
1F6
330
17
100
AcDbEntity
  8
HIDDEN
100
AcDbPolyline
 90
2
 70
0
 10
547.7756751949947
 20
2095.7674151775564
 10
541.5860392642568
 20
2096.0
  0
LWPOLYLINE
  5
1F7
330
17
100
AcDbEntity
  8
HIDDEN
100
AcDbPolyline
 90
2
 70
0
 10
529.4989660073442
 20
2093.950541701391
 10
393.5418222052174
 20
2044.4316548087868
  0
LWPOLYLINE
  5
1F8
330
17
100
AcDbEntity
  8
HIDDEN
100
AcDbPolyline
 90
2
 70
0
 10
541.5860392642568
 20
2096.0
 10
535.4230996904217
 20
2095.3804320344216
  0
LWPOLYLINE
  5
1F9
330
17
100
AcDbEntity
  8
HIDDEN
100
AcDbPolyline
 90
2
 70
0
 10
535.4230996904217
 20
2095.3804320344216
 10
529.4989660073442
 20
2093.950541701391
  0
LWPOLYLINE
  5
1FA
330
17
100
AcDbEntity
  8
HIDDEN
100
AcDbPolyline
 90
2
 70
0
 10
436.68511400327196
 20
2003.1420664283041
 10
436.19136722467636
 20
2008.1110126382873
  0
LWPOLYLINE
  5
1FB
330
17
100
AcDbEntity
  8
HIDDEN
100
AcDbPolyline
 90
2
 70
0
 10
436.19136722467636
 20
2008.1110126382873
 10
434.7678544025266
 20
2012.793269745041
  0
LWPOLYLINE
  5
1FC
330
17
100
AcDbEntity
  8
HIDDEN
100
AcDbPolyline
 90
2
 70
0
 10
434.7678544025266
 20
2012.793269745041
 10
432.4123385391439
 20
2017.1961957421968
  0
LWPOLYLINE
  5
1FD
330
17
100
AcDbEntity
  8
HIDDEN
100
AcDbPolyline
 90
2
 70
0
 10
432.4123385391439
 20
2017.1961957421968
 10
429.3072347588372
 20
2020.9788206088858
  0
LWPOLYLINE
  5
1FE
330
17
100
AcDbEntity
  8
HIDDEN
100
AcDbPolyline
 90
2
 70
0
 10
429.3072347588372
 20
2020.9788206088858
 10
425.4476635060161
 20
2024.1470885999931
  0
LWPOLYLINE
  5
1FF
330
17
100
AcDbEntity
  8
HIDDEN
100
AcDbPolyline
 90
2
 70
0
 10
425.4476635060161
 20
2024.1470885999931
 10
421.13251649302595
 20
2026.4556436946036
  0
LWPOLYLINE
  5
200
330
17
100
AcDbEntity
  8
HIDDEN
100
AcDbPolyline
 90
2
 70
0
 10
421.13251649302595
 20
2026.4556436946036
 10
416.4530883038193
 20
2027.8884284623296
  0
LWPOLYLINE
  5
201
330
17
100
AcDbEntity
  8
HIDDEN
100
AcDbPolyline
 90
2
 70
0
 10
416.4530883038193
 20
2027.8884284623296
 10
411.4851298687378
 20
2028.3920168918835
  0
LWPOLYLINE
  5
202
330
17
100
AcDbEntity
  8
HIDDEN
100
AcDbPolyline
 90
2
 70
0
 10
411.4851298687378
 20
2028.3920168918835
 10
406.51521538039265
 20
2027.908113701549
  0
LWPOLYLINE
  5
203
330
17
100
AcDbEntity
  8
HIDDEN
100
AcDbPolyline
 90
2
 70
0
 10
406.51521538039265
 20
2027.908113701549
 10
401.8301477277561
 20
2026.4938784103797
  0
LWPOLYLINE
  5
204
330
17
100
AcDbEntity
  8
HIDDEN
100
AcDbPolyline
 90
2
 70
0
 10
401.8301477277561
 20
2026.4938784103797
 10
397.5058889016133
 20
2024.202436512121
  0
LWPOLYLINE
  5
205
330
17
100
AcDbEntity
  8
HIDDEN
100
AcDbPolyline
 90
2
 70
0
 10
397.5058889016133
 20
2024.202436512121
 10
393.63379638333436
 20
2021.0494836344258
  0
LWPOLYLINE
  5
206
330
17
100
AcDbEntity
  8
HIDDEN
100
AcDbPolyline
 90
2
 70
0
 10
393.63379638333436
 20
2021.0494836344258
 10
390.45788946740004
 20
2017.1961957421968
  0
LWPOLYLINE
  5
207
330
17
100
AcDbEntity
  8
HIDDEN
100
AcDbPolyline
 90
2
 70
0
 10
390.45788946740004
 20
2017.1961957421968
 10
388.1023736040173
 20
2012.793269745041
  0
LWPOLYLINE
  5
208
330
17
100
AcDbEntity
  8
HIDDEN
100
AcDbPolyline
 90
2
 70
0
 10
388.1023736040173
 20
2012.793269745041
 10
386.67886078186757
 20
2008.1110126382873
  0
LWPOLYLINE
  5
209
330
17
100
AcDbEntity
  8
HIDDEN
100
AcDbPolyline
 90
2
 70
0
 10
386.67886078186757
 20
2008.1110126382873
 10
386.18511400327196
 20
2003.1420664283041
  0
LWPOLYLINE
  5
20A
330
17
100
AcDbEntity
  8
HIDDEN
100
AcDbPolyline
 90
2
 70
0
 10
386.18511400327196
 20
2003.1420664283041
 10
386.67886078186757
 20
1998.1731202183212
  0
LWPOLYLINE
  5
20B
330
17
100
AcDbEntity
  8
HIDDEN
100
AcDbPolyline
 90
2
 70
0
 10
386.67886078186757
 20
1998.1731202183212
 10
388.1023736040173
 20
1993.4908631115675
  0
LWPOLYLINE
  5
20C
330
17
100
AcDbEntity
  8
HIDDEN
100
AcDbPolyline
 90
2
 70
0
 10
388.1023736040173
 20
1993.4908631115675
 10
390.4023766126862
 20
1989.1711517174251
  0
LWPOLYLINE
  5
20D
330
17
100
AcDbEntity
  8
HIDDEN
100
AcDbPolyline
 90
2
 70
0
 10
390.4023766126862
 20
1989.1711517174251
 10
393.56299324770674
 20
1985.3053122477227
  0
LWPOLYLINE
  5
20E
330
17
100
AcDbEntity
  8
HIDDEN
100
AcDbPolyline
 90
2
 70
0
 10
393.56299324770674
 20
1985.3053122477227
 10
397.3394600220936
 20
1982.1927218361006
  0
LWPOLYLINE
  5
20F
330
17
100
AcDbEntity
  8
HIDDEN
100
AcDbPolyline
 90
2
 70
0
 10
397.3394600220936
 20
1982.1927218361006
 10
401.7377115135179
 20
1979.8284891620049
  0
LWPOLYLINE
  5
210
330
17
100
AcDbEntity
  8
HIDDEN
100
AcDbPolyline
 90
2
 70
0
 10
401.7377115135179
 20
1979.8284891620049
 10
406.4171397027246
 20
1978.395704394279
  0
LWPOLYLINE
  5
211
330
17
100
AcDbEntity
  8
HIDDEN
100
AcDbPolyline
 90
2
 70
0
 10
406.4171397027246
 20
1978.395704394279
 10
411.38509813780615
 20
1977.892115964725
  0
LWPOLYLINE
  5
212
330
17
100
AcDbEntity
  8
HIDDEN
100
AcDbPolyline
 90
2
 70
0
 10
411.38509813780615
 20
1977.892115964725
 10
416.2568597321888
 20
1978.356722611329
  0
LWPOLYLINE
  5
213
330
17
100
AcDbEntity
  8
HIDDEN
100
AcDbPolyline
 90
2
 70
0
 10
416.2568597321888
 20
1978.356722611329
 10
421.0400802787878
 20
1979.7902544462288
  0
LWPOLYLINE
  5
214
330
17
100
AcDbEntity
  8
HIDDEN
100
AcDbPolyline
 90
2
 70
0
 10
421.0400802787878
 20
1979.7902544462288
 10
425.4476635060161
 20
1982.1370442566154
  0
LWPOLYLINE
  5
215
330
17
100
AcDbEntity
  8
HIDDEN
100
AcDbPolyline
 90
2
 70
0
 10
425.4476635060161
 20
1982.1370442566154
 10
429.23643162320957
 20
1985.2346492221827
  0
LWPOLYLINE
  5
216
330
17
100
AcDbEntity
  8
HIDDEN
100
AcDbPolyline
 90
2
 70
0
 10
429.23643162320957
 20
1985.2346492221827
 10
432.4123385391439
 20
1989.0879371144117
  0
LWPOLYLINE
  5
217
330
17
100
AcDbEntity
  8
HIDDEN
100
AcDbPolyline
 90
2
 70
0
 10
432.4123385391439
 20
1989.0879371144117
 10
434.7678544025266
 20
1993.4908631115675
  0
LWPOLYLINE
  5
218
330
17
100
AcDbEntity
  8
HIDDEN
100
AcDbPolyline
 90
2
 70
0
 10
434.7678544025266
 20
1993.4908631115675
 10
436.19136722467636
 20
1998.1731202183212
  0
LWPOLYLINE
  5
219
330
17
100
AcDbEntity
  8
HIDDEN
100
AcDbPolyline
 90
2
 70
0
 10
436.19136722467636
 20
1998.1731202183212
 10
436.68511400327196
 20
2003.1420664283041
  0
LWPOLYLINE
  5
21A
330
17
100
AcDbEntity
  8
HIDDEN
100
AcDbPolyline
 90
2
 70
0
 10
568.245114003272
 20
2051.0220664283042
 10
567.7513672246764
 20
2055.9910126382874
  0
LWPOLYLINE
  5
21B
330
17
100
AcDbEntity
  8
HIDDEN
100
AcDbPolyline
 90
2
 70
0
 10
567.7513672246763
 20
2046.0531202183213
 10
568.245114003272
 20
2051.0220664283042
  0
LWPOLYLINE
  5
21C
330
17
100
AcDbEntity
  8
HIDDEN
100
AcDbPolyline
 90
2
 70
0
 10
567.7513672246764
 20
2055.9910126382874
 10
566.3278544025267
 20
2060.673269745041
  0
LWPOLYLINE
  5
21D
330
17
100
AcDbEntity
  8
HIDDEN
100
AcDbPolyline
 90
2
 70
0
 10
566.2894366616716
 20
2041.278502815007
 10
567.7513672246763
 20
2046.0531202183213
  0
LWPOLYLINE
  5
21E
330
17
100
AcDbEntity
  8
HIDDEN
100
AcDbPolyline
 90
2
 70
0
 10
566.3278544025267
 20
2060.673269745041
 10
563.972338539144
 20
2065.076195742197
  0
LWPOLYLINE
  5
21F
330
17
100
AcDbEntity
  8
HIDDEN
100
AcDbPolyline
 90
2
 70
0
 10
563.9164964533479
 20
2036.884943086632
 10
566.2894366616716
 20
2041.278502815007
  0
LWPOLYLINE
  5
220
330
17
100
AcDbEntity
  8
HIDDEN
100
AcDbPolyline
 90
2
 70
0
 10
563.972338539144
 20
2065.076195742197
 10
560.8672347588372
 20
2068.8588206088857
  0
LWPOLYLINE
  5
221
330
17
100
AcDbEntity
  8
HIDDEN
100
AcDbPolyline
 90
2
 70
0
 10
560.7964316232096
 20
2033.1146492221826
 10
563.9164964533479
 20
2036.884943086632
  0
LWPOLYLINE
  5
222
330
17
100
AcDbEntity
  8
HIDDEN
100
AcDbPolyline
 90
2
 70
0
 10
560.8672347588372
 20
2068.8588206088857
 10
557.0076635060161
 20
2072.027088599993
  0
LWPOLYLINE
  5
223
330
17
100
AcDbEntity
  8
HIDDEN
100
AcDbPolyline
 90
2
 70
0
 10
557.0076635060161
 20
2030.0170442566152
 10
560.7964316232096
 20
2033.1146492221826
  0
LWPOLYLINE
  5
224
330
17
100
AcDbEntity
  8
HIDDEN
100
AcDbPolyline
 90
2
 70
0
 10
557.0076635060161
 20
2072.027088599993
 10
552.692516493026
 20
2074.3356436946037
  0
LWPOLYLINE
  5
225
330
17
100
AcDbEntity
  8
HIDDEN
100
AcDbPolyline
 90
2
 70
0
 10
552.6000802787878
 20
2027.6702544462287
 10
557.0076635060161
 20
2030.0170442566152
  0
LWPOLYLINE
  5
226
330
17
100
AcDbEntity
  8
HIDDEN
100
AcDbPolyline
 90
2
 70
0
 10
552.692516493026
 20
2074.3356436946037
 10
548.0130883038192
 20
2075.7684284623297
  0
LWPOLYLINE
  5
227
330
17
100
AcDbEntity
  8
HIDDEN
100
AcDbPolyline
 90
2
 70
0
 10
547.9150126261513
 20
2026.2560191550597
 10
552.6000802787878
 20
2027.6702544462287
  0
LWPOLYLINE
  5
228
330
17
100
AcDbEntity
  8
HIDDEN
100
AcDbPolyline
 90
2
 70
0
 10
548.0130883038192
 20
2075.7684284623297
 10
543.0451298687377
 20
2076.2720168918836
  0
LWPOLYLINE
  5
229
330
17
100
AcDbEntity
  8
HIDDEN
100
AcDbPolyline
 90
2
 70
0
 10
542.9450981378062
 20
2025.7721159647251
 10
547.9150126261513
 20
2026.2560191550597
  0
LWPOLYLINE
  5
22A
330
17
100
AcDbEntity
  8
HIDDEN
100
AcDbPolyline
 90
2
 70
0
 10
543.0451298687377
 20
2076.2720168918836
 10
538.0752153803927
 20
2075.788113701549
  0
LWPOLYLINE
  5
22B
330
17
100
AcDbEntity
  8
HIDDEN
100
AcDbPolyline
 90
2
 70
0
 10
537.9771397027247
 20
2026.275704394279
 10
542.9450981378062
 20
2025.7721159647251
  0
LWPOLYLINE
  5
22C
330
17
100
AcDbEntity
  8
HIDDEN
100
AcDbPolyline
 90
2
 70
0
 10
538.0752153803927
 20
2075.788113701549
 10
533.2977115135179
 20
2074.3356436946037
  0
LWPOLYLINE
  5
22D
330
17
100
AcDbEntity
  8
HIDDEN
100
AcDbPolyline
 90
2
 70
0
 10
533.2977115135179
 20
2027.7084891620048
 10
537.9771397027247
 20
2026.275704394279
  0
LWPOLYLINE
  5
22E
330
17
100
AcDbEntity
  8
HIDDEN
100
AcDbPolyline
 90
2
 70
0
 10
533.2977115135179
 20
2074.3356436946037
 10
528.9825645005278
 20
2072.027088599993
  0
LWPOLYLINE
  5
22F
330
17
100
AcDbEntity
  8
HIDDEN
100
AcDbPolyline
 90
2
 70
0
 10
528.8994600220936
 20
2030.0727218361005
 10
533.2977115135179
 20
2027.7084891620048
  0
LWPOLYLINE
  5
230
330
17
100
AcDbEntity
  8
HIDDEN
100
AcDbPolyline
 90
2
 70
0
 10
528.9825645005278
 20
2072.027088599993
 10
525.1229932477067
 20
2068.8588206088857
  0
LWPOLYLINE
  5
231
330
17
100
AcDbEntity
  8
HIDDEN
100
AcDbPolyline
 90
2
 70
0
 10
525.1229932477067
 20
2033.1853122477225
 10
528.8994600220936
 20
2030.0727218361005
  0
LWPOLYLINE
  5
232
330
17
100
AcDbEntity
  8
HIDDEN
100
AcDbPolyline
 90
2
 70
0
 10
525.1229932477067
 20
2068.8588206088857
 10
521.9623766126862
 20
2064.9929811391835
  0
LWPOLYLINE
  5
233
330
17
100
AcDbEntity
  8
HIDDEN
100
AcDbPolyline
 90
2
 70
0
 10
522.0178894674
 20
2036.9679371144118
 10
525.1229932477067
 20
2033.1853122477225
  0
LWPOLYLINE
  5
234
330
17
100
AcDbEntity
  8
HIDDEN
100
AcDbPolyline
 90
2
 70
0
 10
521.9623766126862
 20
2064.9929811391835
 10
519.6623736040173
 20
2060.673269745041
  0
LWPOLYLINE
  5
235
330
17
100
AcDbEntity
  8
HIDDEN
100
AcDbPolyline
 90
2
 70
0
 10
519.6623736040173
 20
2041.3708631115676
 10
522.0178894674
 20
2036.9679371144118
  0
LWPOLYLINE
  5
236
330
17
100
AcDbEntity
  8
HIDDEN
100
AcDbPolyline
 90
2
 70
0
 10
519.6623736040173
 20
2060.673269745041
 10
518.2388607818676
 20
2055.9910126382874
  0
LWPOLYLINE
  5
237
330
17
100
AcDbEntity
  8
HIDDEN
100
AcDbPolyline
 90
2
 70
0
 10
518.2388607818676
 20
2046.0531202183213
 10
519.6623736040173
 20
2041.3708631115676
  0
LWPOLYLINE
  5
238
330
17
100
AcDbEntity
  8
HIDDEN
100
AcDbPolyline
 90
2
 70
0
 10
518.2388607818676
 20
2055.9910126382874
 10
517.745114003272
 20
2051.0220664283042
  0
LWPOLYLINE
  5
239
330
17
100
AcDbEntity
  8
HIDDEN
100
AcDbPolyline
 90
2
 70
0
 10
517.745114003272
 20
2051.0220664283042
 10
518.2388607818676
 20
2046.0531202183213
  0
LWPOLYLINE
  5
23A
330
17
100
AcDbEntity
  8
HIDDEN
100
AcDbPolyline
 90
2
 70
0
 10
366.58484912435375
 20
2006.810000491353
 10
362.99511400327196
 20
1956.0220664283042
  0
LWPOLYLINE
  5
23B
330
17
100
AcDbEntity
  8
HIDDEN
100
AcDbPolyline
 90
2
 70
0
 10
602.995114003272
 20
1956.0220664283042
 10
587.4351222242567
 20
2058.0991893832065
  0
LWPOLYLINE
  5
23C
330
17
100
AcDbEntity
  8
HIDDEN
100
AcDbPolyline
 90
2
 70
0
 10
587.4351222242567
 20
2058.0991893832065
 10
585.4173471038941
 20
2066.033866412199
  0
LWPOLYLINE
  5
23D
330
17
100
AcDbEntity
  8
HIDDEN
100
AcDbPolyline
 90
2
 70
0
 10
585.4173471038941
 20
2066.033866412199
 10
580.4689105246747
 20
2075.936210488908
  0
LWPOLYLINE
  5
23E
330
17
100
AcDbEntity
  8
HIDDEN
100
AcDbPolyline
 90
2
 70
0
 10
367.73896413929776
 20
2013.8959720939265
 10
366.58484912435375
 20
2006.810000491353
  0
LWPOLYLINE
  5
23F
330
17
100
AcDbEntity
  8
HIDDEN
100
AcDbPolyline
 90
2
 70
0
 10
580.4689105246747
 20
2075.936210488908
 10
573.1786555398846
 20
2084.3980131610574
  0
LWPOLYLINE
  5
240
330
17
100
AcDbEntity
  8
HIDDEN
100
AcDbPolyline
 90
2
 70
0
 10
371.3101765786884
 20
2023.5133549656857
 10
367.73896413929776
 20
2013.8959720939265
  0
LWPOLYLINE
  5
241
330
17
100
AcDbEntity
  8
HIDDEN
100
AcDbPolyline
 90
2
 70
0
 10
573.1786555398846
 20
2084.3980131610574
 10
564.1172825061253
 20
2090.7568622342105
  0
LWPOLYLINE
  5
242
330
17
100
AcDbEntity
  8
HIDDEN
100
AcDbPolyline
 90
2
 70
0
 10
377.03110483457795
 20
2032.1483442508795
 10
371.3101765786884
 20
2023.5133549656857
  0
LWPOLYLINE
  5
243
330
17
100
AcDbEntity
  8
HIDDEN
100
AcDbPolyline
 90
2
 70
0
 10
564.1172825061253
 20
2090.7568622342105
 10
553.7776955229468
 20
2094.7111489978843
  0
LWPOLYLINE
  5
244
330
17
100
AcDbEntity
  8
HIDDEN
100
AcDbPolyline
 90
2
 70
0
 10
384.57488593895414
 20
2039.2464726460062
 10
377.03110483457795
 20
2032.1483442508795
  0
LWPOLYLINE
  5
245
330
17
100
AcDbEntity
  8
HIDDEN
100
AcDbPolyline
 90
2
 70
0
 10
553.7776955229468
 20
2094.7111489978843
 10
547.7756751949947
 20
2095.7674151775564
  0
LWPOLYLINE
  5
246
330
17
100
AcDbEntity
  8
HIDDEN
100
AcDbPolyline
 90
2
 70
0
 10
393.5418222052174
 20
2044.4316548087868
 10
384.57488593895414
 20
2039.2464726460062
  0
LWPOLYLINE
  5
247
330
17
100
AcDbEntity
  8
HIDDEN
100
AcDbPolyline
 90
2
 70
0
 10
547.7756751949947
 20
2095.7674151775564
 10
541.5860392642568
 20
2096.0
  0
LWPOLYLINE
  5
248
330
17
100
AcDbEntity
  8
HIDDEN
100
AcDbPolyline
 90
2
 70
0
 10
529.4989660073442
 20
2093.950541701391
 10
393.5418222052174
 20
2044.4316548087868
  0
LWPOLYLINE
  5
249
330
17
100
AcDbEntity
  8
HIDDEN
100
AcDbPolyline
 90
2
 70
0
 10
541.5860392642568
 20
2096.0
 10
535.4230996904217
 20
2095.3804320344216
  0
LWPOLYLINE
  5
24A
330
17
100
AcDbEntity
  8
HIDDEN
100
AcDbPolyline
 90
2
 70
0
 10
535.4230996904217
 20
2095.3804320344216
 10
529.4989660073442
 20
2093.950541701391
  0
LWPOLYLINE
  5
24B
330
17
100
AcDbEntity
  8
HIDDEN
100
AcDbPolyline
 90
2
 70
0
 10
558.995114003272
 20
1956.0220664283042
 10
558.995114003272
 20
2016.0220664283042
  0
LWPOLYLINE
  5
24C
330
17
100
AcDbEntity
  8
HIDDEN
100
AcDbPolyline
 90
2
 70
0
 10
558.995114003272
 20
2016.0220664283042
 10
558.995114003272
 20
1956.0220664283042
  0
LWPOLYLINE
  5
24D
330
17
100
AcDbEntity
  8
HIDDEN
100
AcDbPolyline
 90
2
 70
0
 10
558.995114003272
 20
2016.0220664283042
 10
566.995114003272
 20
2016.0220664283042
  0
LWPOLYLINE
  5
24E
330
17
100
AcDbEntity
  8
HIDDEN
100
AcDbPolyline
 90
2
 70
0
 10
566.995114003272
 20
2016.0220664283042
 10
566.995114003272
 20
1956.0220664283042
  0
LWPOLYLINE
  5
24F
330
17
100
AcDbEntity
  8
HIDDEN
100
AcDbPolyline
 90
2
 70
0
 10
566.995114003272
 20
1956.0220664283042
 10
566.995114003272
 20
2016.0220664283042
  0
LWPOLYLINE
  5
250
330
17
100
AcDbEntity
  8
HIDDEN
100
AcDbPolyline
 90
2
 70
0
 10
340.0
 20
1955.8509170566888
 10
342.99511400327196
 20
1956.0220664283042
  0
LWPOLYLINE
  5
251
330
17
100
AcDbEntity
  8
HIDDEN
100
AcDbPolyline
 90
2
 70
0
 10
354.81176502943333
 20
1755.5133591214403
 10
353.39480572558097
 20
1769.0333522954893
  0
LWPOLYLINE
  5
252
330
17
100
AcDbEntity
  8
HIDDEN
100
AcDbPolyline
 90
2
 70
0
 10
357.223447959881
 20
1742.2364838449441
 10
354.81176502943333
 20
1755.5133591214403
  0
LWPOLYLINE
  5
253
330
17
100
AcDbEntity
  8
HIDDEN
100
AcDbPolyline
 90
2
 70
0
 10
360.68068713806696
 20
1728.9861337075781
 10
357.223447959881
 20
1742.2364838449441
  0
LWPOLYLINE
  5
254
330
17
100
AcDbEntity
  8
HIDDEN
100
AcDbPolyline
 90
2
 70
0
 10
365.0991757143349
 20
1716.1302032551957
 10
360.68068713806696
 20
1728.9861337075781
  0
LWPOLYLINE
  5
255
330
17
100
AcDbEntity
  8
HIDDEN
100
AcDbPolyline
 90
2
 70
0
 10
370.51828660676074
 20
1703.5541339712913
 10
365.0991757143349
 20
1716.1302032551957
  0
LWPOLYLINE
  5
256
330
17
100
AcDbEntity
  8
HIDDEN
100
AcDbPolyline
 90
2
 70
0
 10
376.8280373876326
 20
1691.513160830453
 10
370.51828660676074
 20
1703.5541339712913
  0
LWPOLYLINE
  5
257
330
17
100
AcDbEntity
  8
HIDDEN
100
AcDbPolyline
 90
2
 70
0
 10
384.0846539125315
 20
1679.8999873576877
 10
376.8280373876326
 20
1691.513160830453
  0
LWPOLYLINE
  5
258
330
17
100
AcDbEntity
  8
HIDDEN
100
AcDbPolyline
 90
2
 70
0
 10
392.14086104385154
 20
1668.950306277749
 10
384.0846539125315
 20
1679.8999873576877
  0
LWPOLYLINE
  5
259
330
17
100
AcDbEntity
  8
HIDDEN
100
AcDbPolyline
 90
2
 70
0
 10
401.06844721736894
 20
1658.566545561496
 10
392.14086104385154
 20
1668.950306277749
  0
LWPOLYLINE
  5
25A
330
17
100
AcDbEntity
  8
HIDDEN
100
AcDbPolyline
 90
2
 70
0
 10
410.68622448169026
 20
1648.9594466451213
 10
401.06844721736894
 20
1658.566545561496
  0
LWPOLYLINE
  5
25B
330
17
100
AcDbEntity
  8
HIDDEN
100
AcDbPolyline
 90
2
 70
0
 10
422.2583539434652
 20
1639.1158651139967
 10
410.68622448169026
 20
1648.9594466451213
  0
LWPOLYLINE
  5
25C
330
17
100
AcDbEntity
  8
HIDDEN
100
AcDbPolyline
 90
2
 70
0
 10
434.6193470575349
 20
1630.283191290409
 10
422.2583539434652
 20
1639.1158651139967
  0
LWPOLYLINE
  5
25D
330
17
100
AcDbEntity
  8
HIDDEN
100
AcDbPolyline
 90
2
 70
0
 10
447.59312342138196
 20
1622.571758745893
 10
434.6193470575349
 20
1630.283191290409
  0
LWPOLYLINE
  5
25E
330
17
100
AcDbEntity
  8
HIDDEN
100
AcDbPolyline
 90
2
 70
0
 10
461.25899612651864
 20
1615.9344248800267
 10
447.59312342138196
 20
1622.571758745893
  0
LWPOLYLINE
  5
25F
330
17
100
AcDbEntity
  8
HIDDEN
100
AcDbPolyline
 90
2
 70
0
 10
475.4359007231352
 20
1610.473138062947
 10
461.25899612651864
 20
1615.9344248800267
  0
LWPOLYLINE
  5
260
330
17
100
AcDbEntity
  8
HIDDEN
100
AcDbPolyline
 90
2
 70
0
 10
490.0228441468483
 20
1606.2268032676948
 10
475.4359007231352
 20
1610.473138062947
  0
LWPOLYLINE
  5
261
330
17
100
AcDbEntity
  8
HIDDEN
100
AcDbPolyline
 90
2
 70
0
 10
504.9159123093385
 20
1603.225670423685
 10
490.0228441468483
 20
1606.2268032676948
  0
LWPOLYLINE
  5
262
330
17
100
AcDbEntity
  8
HIDDEN
100
AcDbPolyline
 90
2
 70
0
 10
519.9092929354703
 20
1601.4983596735096
 10
504.9159123093385
 20
1603.225670423685
  0
LWPOLYLINE
  5
263
330
17
100
AcDbEntity
  8
HIDDEN
100
AcDbPolyline
 90
2
 70
0
 10
532.995114003272
 20
1601.0220664283042
 10
519.9092929354703
 20
1601.4983596735096
  0
LWPOLYLINE
  5
264
330
17
100
AcDbEntity
  8
HIDDEN
100
AcDbPolyline
 90
2
 70
0
 10
588.381598242064
 20
1610.192371764148
 10
532.995114003272
 20
1601.0220664283042
  0
LWPOLYLINE
  5
265
330
17
100
AcDbEntity
  8
HIDDEN
100
AcDbPolyline
 90
2
 70
0
 10
588.381598242064
 20
1610.192371764148
 10
532.995114003272
 20
1601.0220664283042
  0
LWPOLYLINE
  5
266
330
17
100
AcDbEntity
  8
HIDDEN
100
AcDbPolyline
 90
2
 70
0
 10
354.81176502943333
 20
1755.5133591214403
 10
353.39480572558097
 20
1769.0333522954893
  0
LWPOLYLINE
  5
267
330
17
100
AcDbEntity
  8
HIDDEN
100
AcDbPolyline
 90
2
 70
0
 10
588.8716350232594
 20
1607.2326650298453
 10
533.2173942417896
 20
1598.0180274117533
  0
LWPOLYLINE
  5
268
330
17
100
AcDbEntity
  8
HIDDEN
100
AcDbPolyline
 90
2
 70
0
 10
533.2173942417896
 20
1598.0180274117533
 10
509.10876840245794
 20
1599.5872585929474
  0
LWPOLYLINE
  5
269
330
17
100
AcDbEntity
  8
HIDDEN
100
AcDbPolyline
 90
2
 70
0
 10
509.10876840245794
 20
1599.5872585929474
 10
485.63112479742006
 20
1604.2572522629214
  0
LWPOLYLINE
  5
26A
330
17
100
AcDbEntity
  8
HIDDEN
100
AcDbPolyline
 90
2
 70
0
 10
485.63112479742006
 20
1604.2572522629214
 10
462.96389217947353
 20
1611.9517409117302
  0
LWPOLYLINE
  5
26B
330
17
100
AcDbEntity
  8
HIDDEN
100
AcDbPolyline
 90
2
 70
0
 10
462.96389217947353
 20
1611.9517409117302
 10
441.4949131832542
 20
1622.5390697052778
  0
LWPOLYLINE
  5
26C
330
17
100
AcDbEntity
  8
HIDDEN
100
AcDbPolyline
 90
2
 70
0
 10
441.4949131832542
 20
1622.5390697052778
 10
421.5915279917133
 20
1635.8380865125448
  0
LWPOLYLINE
  5
26D
330
17
100
AcDbEntity
  8
HIDDEN
100
AcDbPolyline
 90
2
 70
0
 10
421.5915279917133
 20
1635.8380865125448
 10
403.5942890437409
 20
1651.6212414687732
  0
LWPOLYLINE
  5
26E
330
17
100
AcDbEntity
  8
HIDDEN
100
AcDbPolyline
 90
2
 70
0
 10
403.5942890437409
 20
1651.6212414687732
 10
387.81113408751185
 20
1669.6184804167465
  0
LWPOLYLINE
  5
26F
330
17
100
AcDbEntity
  8
HIDDEN
100
AcDbPolyline
 90
2
 70
0
 10
387.81113408751185
 20
1669.6184804167465
 10
377.59077371031344
 20
1684.3854376660968
  0
LWPOLYLINE
  5
270
330
17
100
AcDbEntity
  8
HIDDEN
100
AcDbPolyline
 90
2
 70
0
 10
377.59077371031344
 20
1684.3854376660968
 10
371.6031684126349
 20
1694.7562742573446
  0
LWPOLYLINE
  5
271
330
17
100
AcDbEntity
  8
HIDDEN
100
AcDbPolyline
 90
2
 70
0
 10
371.6031684126349
 20
1694.7562742573446
 10
363.9247884866984
 20
1710.9908446045047
  0
LWPOLYLINE
  5
272
330
17
100
AcDbEntity
  8
HIDDEN
100
AcDbPolyline
 90
2
 70
0
 10
363.9247884866984
 20
1710.9908446045047
 10
357.8746482187273
 20
1727.8998539007891
  0
LWPOLYLINE
  5
273
330
17
100
AcDbEntity
  8
HIDDEN
100
AcDbPolyline
 90
2
 70
0
 10
357.8746482187273
 20
1727.8998539007891
 10
353.51101376684574
 20
1745.320459143269
  0
LWPOLYLINE
  5
274
330
17
100
AcDbEntity
  8
HIDDEN
100
AcDbPolyline
 90
2
 70
0
 10
353.51101376684574
 20
1745.320459143269
 10
351.5603061679151
 20
1757.1357208274908
  0
LWPOLYLINE
  5
275
330
17
100
AcDbEntity
  8
HIDDEN
100
AcDbPolyline
 90
2
 70
0
 10
351.5603061679151
 20
1757.1357208274908
 10
350.386530270514
 20
1769.0532675106726
  0
LWPOLYLINE
  5
276
330
17
100
AcDbEntity
  8
HIDDEN
100
AcDbPolyline
 90
2
 70
0
 10
350.386530270514
 20
1769.0532675106726
 10
340.0
 20
1955.8509170566888
  0
LWPOLYLINE
  5
277
330
17
100
AcDbEntity
  8
HIDDEN
100
AcDbPolyline
 90
2
 70
0
 10
357.223447959881
 20
1742.2364838449441
 10
354.81176502943333
 20
1755.5133591214403
  0
LWPOLYLINE
  5
278
330
17
100
AcDbEntity
  8
HIDDEN
100
AcDbPolyline
 90
2
 70
0
 10
360.68068713806696
 20
1728.9861337075781
 10
357.223447959881
 20
1742.2364838449441
  0
LWPOLYLINE
  5
279
330
17
100
AcDbEntity
  8
HIDDEN
100
AcDbPolyline
 90
2
 70
0
 10
365.0991757143349
 20
1716.1302032551957
 10
360.68068713806696
 20
1728.9861337075781
  0
LWPOLYLINE
  5
27A
330
17
100
AcDbEntity
  8
HIDDEN
100
AcDbPolyline
 90
2
 70
0
 10
370.51828660676074
 20
1703.5541339712913
 10
365.0991757143349
 20
1716.1302032551957
  0
LWPOLYLINE
  5
27B
330
17
100
AcDbEntity
  8
HIDDEN
100
AcDbPolyline
 90
2
 70
0
 10
376.8280373876326
 20
1691.513160830453
 10
370.51828660676074
 20
1703.5541339712913
  0
LWPOLYLINE
  5
27C
330
17
100
AcDbEntity
  8
HIDDEN
100
AcDbPolyline
 90
2
 70
0
 10
384.0846539125315
 20
1679.8999873576877
 10
376.8280373876326
 20
1691.513160830453
  0
LWPOLYLINE
  5
27D
330
17
100
AcDbEntity
  8
HIDDEN
100
AcDbPolyline
 90
2
 70
0
 10
392.14086104385154
 20
1668.950306277749
 10
384.0846539125315
 20
1679.8999873576877
  0
LWPOLYLINE
  5
27E
330
17
100
AcDbEntity
  8
HIDDEN
100
AcDbPolyline
 90
2
 70
0
 10
401.06844721736894
 20
1658.566545561496
 10
392.14086104385154
 20
1668.950306277749
  0
LWPOLYLINE
  5
27F
330
17
100
AcDbEntity
  8
HIDDEN
100
AcDbPolyline
 90
2
 70
0
 10
410.68622448169026
 20
1648.9594466451213
 10
401.06844721736894
 20
1658.566545561496
  0
LWPOLYLINE
  5
280
330
17
100
AcDbEntity
  8
HIDDEN
100
AcDbPolyline
 90
2
 70
0
 10
422.2583539434652
 20
1639.1158651139967
 10
410.68622448169026
 20
1648.9594466451213
  0
LWPOLYLINE
  5
281
330
17
100
AcDbEntity
  8
HIDDEN
100
AcDbPolyline
 90
2
 70
0
 10
434.6193470575349
 20
1630.283191290409
 10
422.2583539434652
 20
1639.1158651139967
  0
LWPOLYLINE
  5
282
330
17
100
AcDbEntity
  8
HIDDEN
100
AcDbPolyline
 90
2
 70
0
 10
447.59312342138196
 20
1622.571758745893
 10
434.6193470575349
 20
1630.283191290409
  0
LWPOLYLINE
  5
283
330
17
100
AcDbEntity
  8
HIDDEN
100
AcDbPolyline
 90
2
 70
0
 10
461.25899612651864
 20
1615.9344248800267
 10
447.59312342138196
 20
1622.571758745893
  0
LWPOLYLINE
  5
284
330
17
100
AcDbEntity
  8
HIDDEN
100
AcDbPolyline
 90
2
 70
0
 10
475.4359007231352
 20
1610.473138062947
 10
461.25899612651864
 20
1615.9344248800267
  0
LWPOLYLINE
  5
285
330
17
100
AcDbEntity
  8
HIDDEN
100
AcDbPolyline
 90
2
 70
0
 10
490.0228441468483
 20
1606.2268032676948
 10
475.4359007231352
 20
1610.473138062947
  0
LWPOLYLINE
  5
286
330
17
100
AcDbEntity
  8
HIDDEN
100
AcDbPolyline
 90
2
 70
0
 10
504.9159123093385
 20
1603.225670423685
 10
490.0228441468483
 20
1606.2268032676948
  0
LWPOLYLINE
  5
287
330
17
100
AcDbEntity
  8
HIDDEN
100
AcDbPolyline
 90
2
 70
0
 10
519.9092929354703
 20
1601.4983596735096
 10
504.9159123093385
 20
1603.225670423685
  0
LWPOLYLINE
  5
288
330
17
100
AcDbEntity
  8
HIDDEN
100
AcDbPolyline
 90
2
 70
0
 10
532.995114003272
 20
1601.0220664283042
 10
519.9092929354703
 20
1601.4983596735096
  0
LWPOLYLINE
  5
289
330
17
100
AcDbEntity
  8
HIDDEN
100
AcDbPolyline
 90
2
 70
0
 10
588.381598242064
 20
1610.192371764148
 10
588.8716350232594
 20
1607.2326650298453
  0
LWPOLYLINE
  5
28A
330
17
100
AcDbEntity
  8
HIDDEN
100
AcDbPolyline
 90
2
 70
0
 10
346.44459193908426
 20
1948.0220664283042
 10
356.3744853701327
 20
1769.4457388230842
  0
LWPOLYLINE
  5
28B
330
17
100
AcDbEntity
  8
HIDDEN
100
AcDbPolyline
 90
2
 70
0
 10
356.3744853701327
 20
1769.4457388230842
 10
357.5097717440571
 20
1757.918982829899
  0
LWPOLYLINE
  5
28C
330
17
100
AcDbEntity
  8
HIDDEN
100
AcDbPolyline
 90
2
 70
0
 10
357.5097717440571
 20
1757.918982829899
 10
360.6192798191686
 20
1740.8296590741388
  0
LWPOLYLINE
  5
28D
330
17
100
AcDbEntity
  8
HIDDEN
100
AcDbPolyline
 90
2
 70
0
 10
360.6192798191686
 20
1740.8296590741388
 10
365.3888614076891
 20
1724.1274101726035
  0
LWPOLYLINE
  5
28E
330
17
100
AcDbEntity
  8
HIDDEN
100
AcDbPolyline
 90
2
 70
0
 10
365.3888614076891
 20
1724.1274101726035
 10
369.4688078157824
 20
1713.2872526006713
  0
LWPOLYLINE
  5
28F
330
17
100
AcDbEntity
  8
HIDDEN
100
AcDbPolyline
 90
2
 70
0
 10
369.4688078157824
 20
1713.2872526006713
 10
376.89540442850125
 20
1697.5850333419048
  0
LWPOLYLINE
  5
290
330
17
100
AcDbEntity
  8
HIDDEN
100
AcDbPolyline
 90
2
 70
0
 10
376.89540442850125
 20
1697.5850333419048
 10
385.82532657720617
 20
1682.686358323083
  0
LWPOLYLINE
  5
291
330
17
100
AcDbEntity
  8
HIDDEN
100
AcDbPolyline
 90
2
 70
0
 10
385.82532657720617
 20
1682.686358323083
 10
392.57189141418746
 20
1673.2715379967224
  0
LWPOLYLINE
  5
292
330
17
100
AcDbEntity
  8
HIDDEN
100
AcDbPolyline
 90
2
 70
0
 10
392.57189141418746
 20
1673.2715379967224
 10
403.80946627838694
 20
1660.026503528293
  0
LWPOLYLINE
  5
293
330
17
100
AcDbEntity
  8
HIDDEN
100
AcDbPolyline
 90
2
 70
0
 10
403.80946627838694
 20
1660.026503528293
 10
411.9995511032603
 20
1651.8364187034197
  0
LWPOLYLINE
  5
294
330
17
100
AcDbEntity
  8
HIDDEN
100
AcDbPolyline
 90
2
 70
0
 10
411.9995511032603
 20
1651.8364187034197
 10
425.24458557169123
 20
1640.598843839219
  0
LWPOLYLINE
  5
295
330
17
100
AcDbEntity
  8
HIDDEN
100
AcDbPolyline
 90
2
 70
0
 10
425.24458557169123
 20
1640.598843839219
 10
434.6594058980505
 20
1633.8522790022384
  0
LWPOLYLINE
  5
296
330
17
100
AcDbEntity
  8
HIDDEN
100
AcDbPolyline
 90
2
 70
0
 10
434.6594058980505
 20
1633.8522790022384
 10
449.5580809168725
 20
1624.9223568535335
  0
LWPOLYLINE
  5
297
330
17
100
AcDbEntity
  8
HIDDEN
100
AcDbPolyline
 90
2
 70
0
 10
449.5580809168725
 20
1624.9223568535335
 10
465.2603001756381
 20
1617.4957602408151
  0
LWPOLYLINE
  5
298
330
17
100
AcDbEntity
  8
HIDDEN
100
AcDbPolyline
 90
2
 70
0
 10
465.2603001756381
 20
1617.4957602408151
 10
476.1004577475695
 20
1613.415813832722
  0
LWPOLYLINE
  5
299
330
17
100
AcDbEntity
  8
HIDDEN
100
AcDbPolyline
 90
2
 70
0
 10
476.1004577475695
 20
1613.415813832722
 10
492.8027066491057
 20
1608.646232244201
  0
LWPOLYLINE
  5
29A
330
17
100
AcDbEntity
  8
HIDDEN
100
AcDbPolyline
 90
2
 70
0
 10
492.8027066491057
 20
1608.646232244201
 10
509.8920304048674
 20
1605.5367241690892
  0
LWPOLYLINE
  5
29B
330
17
100
AcDbEntity
  8
HIDDEN
100
AcDbPolyline
 90
2
 70
0
 10
509.8920304048674
 20
1605.5367241690892
 10
527.203849485111
 20
1604.11723586998
  0
LWPOLYLINE
  5
29C
330
17
100
AcDbEntity
  8
HIDDEN
100
AcDbPolyline
 90
2
 70
0
 10
527.203849485111
 20
1604.11723586998
 10
532.7728337647543
 20
1604.0261054448551
  0
LWPOLYLINE
  5
29D
330
17
100
AcDbEntity
  8
HIDDEN
100
AcDbPolyline
 90
2
 70
0
 10
532.7728337647543
 20
1604.0261054448551
 10
587.8915614608686
 20
1613.1520784984505
  0
LWPOLYLINE
  5
29E
330
17
100
AcDbEntity
  8
HIDDEN
100
AcDbPolyline
 90
2
 70
0
 10
587.8915614608686
 20
1613.1520784984505
 10
586.4214511172825
 20
1622.0311987013579
  0
LWPOLYLINE
  5
29F
330
17
100
AcDbEntity
  8
HIDDEN
100
AcDbPolyline
 90
2
 70
0
 10
586.4214511172825
 20
1622.0311987013579
 10
694.2608783466484
 20
1639.8861047949126
  0
LWPOLYLINE
  5
2A0
330
17
100
AcDbEntity
  8
HIDDEN
100
AcDbPolyline
 90
2
 70
0
 10
346.44459193908426
 20
1948.0220664283042
 10
622.995114003272
 20
1948.0220664283042
  0
LWPOLYLINE
  5
2A1
330
17
100
AcDbEntity
  8
HIDDEN
100
AcDbPolyline
 90
2
 70
0
 10
346.44459193908426
 20
1948.0220664283042
 10
622.995114003272
 20
1948.0220664283042
  0
LWPOLYLINE
  5
2A2
330
17
100
AcDbEntity
  8
HIDDEN
100
AcDbPolyline
 90
2
 70
0
 10
346.44459193908426
 20
1948.0220664283042
 10
356.3744853701327
 20
1769.4457388230842
  0
LWPOLYLINE
  5
2A3
330
17
100
AcDbEntity
  8
HIDDEN
100
AcDbPolyline
 90
2
 70
0
 10
356.3744853701327
 20
1769.4457388230842
 10
357.5097717440571
 20
1757.918982829899
  0
LWPOLYLINE
  5
2A4
330
17
100
AcDbEntity
  8
HIDDEN
100
AcDbPolyline
 90
2
 70
0
 10
357.5097717440571
 20
1757.918982829899
 10
360.6192798191686
 20
1740.8296590741388
  0
LWPOLYLINE
  5
2A5
330
17
100
AcDbEntity
  8
HIDDEN
100
AcDbPolyline
 90
2
 70
0
 10
360.6192798191686
 20
1740.8296590741388
 10
365.3888614076891
 20
1724.1274101726035
  0
LWPOLYLINE
  5
2A6
330
17
100
AcDbEntity
  8
HIDDEN
100
AcDbPolyline
 90
2
 70
0
 10
365.3888614076891
 20
1724.1274101726035
 10
369.4688078157824
 20
1713.2872526006713
  0
LWPOLYLINE
  5
2A7
330
17
100
AcDbEntity
  8
HIDDEN
100
AcDbPolyline
 90
2
 70
0
 10
369.4688078157824
 20
1713.2872526006713
 10
376.89540442850125
 20
1697.5850333419048
  0
LWPOLYLINE
  5
2A8
330
17
100
AcDbEntity
  8
HIDDEN
100
AcDbPolyline
 90
2
 70
0
 10
376.89540442850125
 20
1697.5850333419048
 10
385.82532657720617
 20
1682.686358323083
  0
LWPOLYLINE
  5
2A9
330
17
100
AcDbEntity
  8
HIDDEN
100
AcDbPolyline
 90
2
 70
0
 10
385.82532657720617
 20
1682.686358323083
 10
392.57189141418746
 20
1673.2715379967224
  0
LWPOLYLINE
  5
2AA
330
17
100
AcDbEntity
  8
HIDDEN
100
AcDbPolyline
 90
2
 70
0
 10
392.57189141418746
 20
1673.2715379967224
 10
403.80946627838694
 20
1660.026503528293
  0
LWPOLYLINE
  5
2AB
330
17
100
AcDbEntity
  8
HIDDEN
100
AcDbPolyline
 90
2
 70
0
 10
403.80946627838694
 20
1660.026503528293
 10
411.9995511032603
 20
1651.8364187034197
  0
LWPOLYLINE
  5
2AC
330
17
100
AcDbEntity
  8
HIDDEN
100
AcDbPolyline
 90
2
 70
0
 10
411.9995511032603
 20
1651.8364187034197
 10
425.24458557169123
 20
1640.598843839219
  0
LWPOLYLINE
  5
2AD
330
17
100
AcDbEntity
  8
HIDDEN
100
AcDbPolyline
 90
2
 70
0
 10
425.24458557169123
 20
1640.598843839219
 10
434.6594058980505
 20
1633.8522790022384
  0
LWPOLYLINE
  5
2AE
330
17
100
AcDbEntity
  8
HIDDEN
100
AcDbPolyline
 90
2
 70
0
 10
434.6594058980505
 20
1633.8522790022384
 10
449.5580809168725
 20
1624.9223568535335
  0
LWPOLYLINE
  5
2AF
330
17
100
AcDbEntity
  8
HIDDEN
100
AcDbPolyline
 90
2
 70
0
 10
449.5580809168725
 20
1624.9223568535335
 10
465.2603001756381
 20
1617.4957602408151
  0
LWPOLYLINE
  5
2B0
330
17
100
AcDbEntity
  8
HIDDEN
100
AcDbPolyline
 90
2
 70
0
 10
465.2603001756381
 20
1617.4957602408151
 10
476.1004577475695
 20
1613.415813832722
  0
LWPOLYLINE
  5
2B1
330
17
100
AcDbEntity
  8
HIDDEN
100
AcDbPolyline
 90
2
 70
0
 10
476.1004577475695
 20
1613.415813832722
 10
492.8027066491057
 20
1608.646232244201
  0
LWPOLYLINE
  5
2B2
330
17
100
AcDbEntity
  8
HIDDEN
100
AcDbPolyline
 90
2
 70
0
 10
492.8027066491057
 20
1608.646232244201
 10
509.8920304048674
 20
1605.5367241690892
  0
LWPOLYLINE
  5
2B3
330
17
100
AcDbEntity
  8
HIDDEN
100
AcDbPolyline
 90
2
 70
0
 10
509.8920304048674
 20
1605.5367241690892
 10
527.203849485111
 20
1604.11723586998
  0
LWPOLYLINE
  5
2B4
330
17
100
AcDbEntity
  8
HIDDEN
100
AcDbPolyline
 90
2
 70
0
 10
527.203849485111
 20
1604.11723586998
 10
532.7728337647543
 20
1604.0261054448551
  0
LWPOLYLINE
  5
2B5
330
17
100
AcDbEntity
  8
HIDDEN
100
AcDbPolyline
 90
2
 70
0
 10
532.7728337647543
 20
1604.0261054448551
 10
587.8915614608686
 20
1613.1520784984505
  0
LWPOLYLINE
  5
2B6
330
17
100
AcDbEntity
  8
HIDDEN
100
AcDbPolyline
 90
2
 70
0
 10
587.8915614608686
 20
1613.1520784984505
 10
586.4214511172825
 20
1622.0311987013579
  0
LWPOLYLINE
  5
2B7
330
17
100
AcDbEntity
  8
HIDDEN
100
AcDbPolyline
 90
2
 70
0
 10
586.4214511172825
 20
1622.0311987013579
 10
694.2608783466484
 20
1639.8861047949126
  0
LWPOLYLINE
  5
2B8
330
17
100
AcDbEntity
  8
HIDDEN
100
AcDbPolyline
 90
2
 70
0
 10
694.9440313750414
 20
1639.9992140118557
 10
696.9041784998229
 20
1628.1603870746455
  0
LWPOLYLINE
  5
2B9
330
17
100
AcDbEntity
  8
HIDDEN
100
AcDbPolyline
 90
2
 70
0
 10
694.2608783466484
 20
1639.8861047949126
 10
694.9440313750414
 20
1639.9992140118557
  0
LWPOLYLINE
  5
2BA
330
17
100
AcDbEntity
  8
HIDDEN
100
AcDbPolyline
 90
17
 70
0
 10
567.995114003272
 20
2051.0220664283042
 10
566.0921023160541
 20
2060.5891522374313
 10
560.6727835329357
 20
2068.6997359579677
 10
552.5621998123992
 20
2074.1190547410865
 10
542.995114003272
 20
2076.0220664283042
 10
533.4280281941448
 20
2074.1190547410865
 10
525.3174444736082
 20
2068.6997359579677
 10
519.8981256904898
 20
2060.5891522374313
 10
517.995114003272
 20
2051.0220664283042
 10
519.8981256904898
 20
2041.454980619177
 10
525.3174444736082
 20
2033.3443968986405
 10
533.4280281941448
 20
2027.9250781155222
 10
542.995114003272
 20
2026.0220664283042
 10
552.5621998123992
 20
2027.9250781155222
 10
560.6727835329357
 20
2033.3443968986405
 10
566.0921023160541
 20
2041.454980619177
 10
567.995114003272
 20
2051.0220664283042
  0
LWPOLYLINE
  5
2BB
330
17
100
AcDbEntity
  8
HIDDEN
100
AcDbPolyline
 90
14
 70
0
 10
557.995114003272
 20
2051.0220664283042
 10
556.2769543880701
 20
2057.9929140089607
 10
551.5160852042393
 20
2063.3668244167093
 10
544.8031642071018
 20
2065.912699539775
 10
537.6760406976339
 20
2065.0473100685854
 10
531.7674527807054
 20
2060.9689063019164
 10
528.4309867418812
 20
2054.6118013926175
 10
528.4309867418812
 20
2047.432331463991
 10
531.7674527807054
 20
2041.0752265546923
 10
537.6760406976339
 20
2036.996822788023
 10
544.8031642071018
 20
2036.1314333168334
 10
551.5160852042393
 20
2038.6773084398994
 10
556.2769543880701
 20
2044.0512188476478
 10
557.995114003272
 20
2051.0220664283042
  0
LWPOLYLINE
  5
2BC
330
17
100
AcDbEntity
  8
HIDDEN
100
AcDbPolyline
 90
17
 70
0
 10
436.43511400327196
 20
2003.1420664283041
 10
434.53210231605414
 20
2012.7091522374315
 10
429.1127835329356
 20
2020.8197359579679
 10
421.0021998123992
 20
2026.2390547410864
 10
411.43511400327196
 20
2028.1420664283041
 10
401.8680281941447
 20
2026.2390547410864
 10
393.7574444736083
 20
2020.8197359579679
 10
388.3381256904898
 20
2012.7091522374315
 10
386.43511400327196
 20
2003.1420664283041
 10
388.3381256904898
 20
1993.574980619177
 10
393.7574444736083
 20
1985.4643968986406
 10
401.8680281941447
 20
1980.045078115522
 10
411.43511400327196
 20
1978.1420664283041
 10
421.0021998123992
 20
1980.045078115522
 10
429.1127835329357
 20
1985.4643968986406
 10
434.53210231605414
 20
1993.574980619177
 10
436.43511400327196
 20
2003.1420664283044
  0
LWPOLYLINE
  5
2BD
330
17
100
AcDbEntity
  8
HIDDEN
100
AcDbPolyline
 90
14
 70
0
 10
426.43511400327196
 20
2003.1420664283041
 10
424.7169543880701
 20
2010.1129140089608
 10
419.9560852042393
 20
2015.4868244167092
 10
413.2431642071018
 20
2018.032699539775
 10
406.11604069763393
 20
2017.1673100685855
 10
400.20745278070547
 20
2013.0889063019163
 10
396.8709867418812
 20
2006.7318013926176
 10
396.8709867418812
 20
1999.5523314639909
 10
400.20745278070547
 20
1993.1952265546922
 10
406.11604069763393
 20
1989.116822788023
 10
413.2431642071018
 20
1988.2514333168335
 10
419.9560852042393
 20
1990.7973084398993
 10
424.7169543880701
 20
1996.1712188476477
 10
426.43511400327196
 20
2003.1420664283041
  0
LWPOLYLINE
  5
2BE
330
17
100
AcDbEntity
  8
HIDDEN
100
AcDbPolyline
 90
17
 70
0
 10
567.995114003272
 20
2051.0220664283042
 10
566.0921023160541
 20
2060.5891522374313
 10
560.6727835329357
 20
2068.6997359579677
 10
552.5621998123992
 20
2074.1190547410865
 10
542.995114003272
 20
2076.0220664283042
 10
533.4280281941448
 20
2074.1190547410865
 10
525.3174444736082
 20
2068.6997359579677
 10
519.8981256904898
 20
2060.5891522374313
 10
517.995114003272
 20
2051.0220664283042
 10
519.8981256904898
 20
2041.454980619177
 10
525.3174444736082
 20
2033.3443968986405
 10
533.4280281941448
 20
2027.9250781155222
 10
542.995114003272
 20
2026.0220664283042
 10
552.5621998123992
 20
2027.9250781155222
 10
560.6727835329357
 20
2033.3443968986405
 10
566.0921023160541
 20
2041.454980619177
 10
567.995114003272
 20
2051.0220664283042
  0
LWPOLYLINE
  5
2BF
330
17
100
AcDbEntity
  8
HIDDEN
100
AcDbPolyline
 90
17
 70
0
 10
567.995114003272
 20
2051.0220664283042
 10
566.0921023160541
 20
2060.5891522374313
 10
560.6727835329357
 20
2068.6997359579677
 10
552.5621998123992
 20
2074.1190547410865
 10
542.995114003272
 20
2076.0220664283042
 10
533.4280281941448
 20
2074.1190547410865
 10
525.3174444736082
 20
2068.6997359579677
 10
519.8981256904898
 20
2060.5891522374313
 10
517.995114003272
 20
2051.0220664283042
 10
519.8981256904898
 20
2041.454980619177
 10
525.3174444736082
 20
2033.3443968986405
 10
533.4280281941448
 20
2027.9250781155222
 10
542.995114003272
 20
2026.0220664283042
 10
552.5621998123992
 20
2027.9250781155222
 10
560.6727835329357
 20
2033.3443968986405
 10
566.0921023160541
 20
2041.454980619177
 10
567.995114003272
 20
2051.0220664283042
  0
LWPOLYLINE
  5
2C0
330
17
100
AcDbEntity
  8
HIDDEN
100
AcDbPolyline
 90
14
 70
0
 10
557.995114003272
 20
2051.0220664283042
 10
556.2769543880701
 20
2057.9929140089607
 10
551.5160852042393
 20
2063.3668244167093
 10
544.8031642071018
 20
2065.912699539775
 10
537.6760406976339
 20
2065.0473100685854
 10
531.7674527807054
 20
2060.9689063019164
 10
528.4309867418812
 20
2054.6118013926175
 10
528.4309867418812
 20
2047.432331463991
 10
531.7674527807054
 20
2041.0752265546923
 10
537.6760406976339
 20
2036.996822788023
 10
544.8031642071018
 20
2036.1314333168334
 10
551.5160852042393
 20
2038.6773084398994
 10
556.2769543880701
 20
2044.0512188476478
 10
557.995114003272
 20
2051.0220664283042
  0
LWPOLYLINE
  5
2C1
330
17
100
AcDbEntity
  8
HIDDEN
100
AcDbPolyline
 90
14
 70
0
 10
557.995114003272
 20
2051.0220664283042
 10
556.2769543880701
 20
2057.9929140089607
 10
551.5160852042393
 20
2063.3668244167093
 10
544.8031642071018
 20
2065.912699539775
 10
537.6760406976339
 20
2065.0473100685854
 10
531.7674527807054
 20
2060.9689063019164
 10
528.4309867418812
 20
2054.6118013926175
 10
528.4309867418812
 20
2047.432331463991
 10
531.7674527807054
 20
2041.0752265546923
 10
537.6760406976339
 20
2036.996822788023
 10
544.8031642071018
 20
2036.1314333168334
 10
551.5160852042393
 20
2038.6773084398994
 10
556.2769543880701
 20
2044.0512188476478
 10
557.995114003272
 20
2051.0220664283042
  0
LWPOLYLINE
  5
2C2
330
17
100
AcDbEntity
  8
HIDDEN
100
AcDbPolyline
 90
17
 70
0
 10
436.43511400327196
 20
2003.1420664283041
 10
434.53210231605414
 20
2012.7091522374315
 10
429.1127835329356
 20
2020.8197359579679
 10
421.0021998123992
 20
2026.2390547410864
 10
411.43511400327196
 20
2028.1420664283041
 10
401.8680281941447
 20
2026.2390547410864
 10
393.7574444736083
 20
2020.8197359579679
 10
388.3381256904898
 20
2012.7091522374315
 10
386.43511400327196
 20
2003.1420664283041
 10
388.3381256904898
 20
1993.574980619177
 10
393.7574444736083
 20
1985.4643968986406
 10
401.8680281941447
 20
1980.045078115522
 10
411.43511400327196
 20
1978.1420664283041
 10
421.0021998123992
 20
1980.045078115522
 10
429.1127835329357
 20
1985.4643968986406
 10
434.53210231605414
 20
1993.574980619177
 10
436.43511400327196
 20
2003.1420664283044
  0
LWPOLYLINE
  5
2C3
330
17
100
AcDbEntity
  8
HIDDEN
100
AcDbPolyline
 90
17
 70
0
 10
436.43511400327196
 20
2003.1420664283041
 10
434.53210231605414
 20
2012.7091522374315
 10
429.1127835329356
 20
2020.8197359579679
 10
421.0021998123992
 20
2026.2390547410864
 10
411.43511400327196
 20
2028.1420664283041
 10
401.8680281941447
 20
2026.2390547410864
 10
393.7574444736083
 20
2020.8197359579679
 10
388.3381256904898
 20
2012.7091522374315
 10
386.43511400327196
 20
2003.1420664283041
 10
388.3381256904898
 20
1993.574980619177
 10
393.7574444736083
 20
1985.4643968986406
 10
401.8680281941447
 20
1980.045078115522
 10
411.43511400327196
 20
1978.1420664283041
 10
421.0021998123992
 20
1980.045078115522
 10
429.1127835329357
 20
1985.4643968986406
 10
434.53210231605414
 20
1993.574980619177
 10
436.43511400327196
 20
2003.1420664283044
  0
LWPOLYLINE
  5
2C4
330
17
100
AcDbEntity
  8
HIDDEN
100
AcDbPolyline
 90
14
 70
0
 10
426.43511400327196
 20
2003.1420664283041
 10
424.7169543880701
 20
2010.1129140089608
 10
419.9560852042393
 20
2015.4868244167092
 10
413.2431642071018
 20
2018.032699539775
 10
406.11604069763393
 20
2017.1673100685855
 10
400.20745278070547
 20
2013.0889063019163
 10
396.8709867418812
 20
2006.7318013926176
 10
396.8709867418812
 20
1999.5523314639909
 10
400.20745278070547
 20
1993.1952265546922
 10
406.11604069763393
 20
1989.116822788023
 10
413.2431642071018
 20
1988.2514333168335
 10
419.9560852042393
 20
1990.7973084398993
 10
424.7169543880701
 20
1996.1712188476477
 10
426.43511400327196
 20
2003.1420664283041
  0
LWPOLYLINE
  5
2C5
330
17
100
AcDbEntity
  8
HIDDEN
100
AcDbPolyline
 90
14
 70
0
 10
426.43511400327196
 20
2003.1420664283041
 10
424.7169543880701
 20
2010.1129140089608
 10
419.9560852042393
 20
2015.4868244167092
 10
413.2431642071018
 20
2018.032699539775
 10
406.11604069763393
 20
2017.1673100685855
 10
400.20745278070547
 20
2013.0889063019163
 10
396.8709867418812
 20
2006.7318013926176
 10
396.8709867418812
 20
1999.5523314639909
 10
400.20745278070547
 20
1993.1952265546922
 10
406.11604069763393
 20
1989.116822788023
 10
413.2431642071018
 20
1988.2514333168335
 10
419.9560852042393
 20
1990.7973084398993
 10
424.7169543880701
 20
1996.1712188476477
 10
426.43511400327196
 20
2003.1420664283041
  0
LWPOLYLINE
  5
2C6
330
17
100
AcDbEntity
  8
VIEW
100
AcDbPolyline
 90
2
 70
0
 10
342.99511400327196
 20
1550.0180274117533
 10
342.99511400327196
 20
1558.0180274117533
  0
LWPOLYLINE
  5
2C7
330
17
100
AcDbEntity
  8
VIEW
100
AcDbPolyline
 90
2
 70
0
 10
342.99511400327196
 20
1158.0180274117533
 10
342.99511400327196
 20
1166.0180274117533
  0
LWPOLYLINE
  5
2C8
330
17
100
AcDbEntity
  8
VIEW
100
AcDbPolyline
 90
2
 70
0
 10
353.39480572558097
 20
1550.0180274117533
 10
353.39480572558097
 20
1558.0180274117533
  0
LWPOLYLINE
  5
2C9
330
17
100
AcDbEntity
  8
VIEW
100
AcDbPolyline
 90
2
 70
0
 10
353.39480572558097
 20
1558.0180274117533
 10
342.99511400327196
 20
1558.0180274117533
  0
LWPOLYLINE
  5
2CA
330
17
100
AcDbEntity
  8
VIEW
100
AcDbPolyline
 90
2
 70
0
 10
696.9041784998229
 20
1558.0180274117533
 10
532.995114003272
 20
1558.0180274117533
  0
LWPOLYLINE
  5
2CB
330
17
100
AcDbEntity
  8
VIEW
100
AcDbPolyline
 90
2
 70
0
 10
532.995114003272
 20
1558.0180274117533
 10
519.9092929354703
 20
1558.0180274117533
  0
LWPOLYLINE
  5
2CC
330
17
100
AcDbEntity
  8
VIEW
100
AcDbPolyline
 90
2
 70
0
 10
519.9092929354703
 20
1558.0180274117533
 10
504.9159123093385
 20
1558.0180274117533
  0
LWPOLYLINE
  5
2CD
330
17
100
AcDbEntity
  8
VIEW
100
AcDbPolyline
 90
2
 70
0
 10
504.9159123093385
 20
1558.0180274117533
 10
490.0228441468483
 20
1558.0180274117533
  0
LWPOLYLINE
  5
2CE
330
17
100
AcDbEntity
  8
VIEW
100
AcDbPolyline
 90
2
 70
0
 10
490.0228441468483
 20
1558.0180274117533
 10
475.4359007231352
 20
1558.0180274117533
  0
LWPOLYLINE
  5
2CF
330
17
100
AcDbEntity
  8
VIEW
100
AcDbPolyline
 90
2
 70
0
 10
475.4359007231352
 20
1558.0180274117533
 10
461.25899612651864
 20
1558.0180274117533
  0
LWPOLYLINE
  5
2D0
330
17
100
AcDbEntity
  8
VIEW
100
AcDbPolyline
 90
2
 70
0
 10
461.25899612651864
 20
1558.0180274117533
 10
447.59312342138196
 20
1558.0180274117533
  0
LWPOLYLINE
  5
2D1
330
17
100
AcDbEntity
  8
VIEW
100
AcDbPolyline
 90
2
 70
0
 10
447.59312342138196
 20
1558.0180274117533
 10
434.6193470575349
 20
1558.0180274117533
  0
LWPOLYLINE
  5
2D2
330
17
100
AcDbEntity
  8
VIEW
100
AcDbPolyline
 90
2
 70
0
 10
434.6193470575349
 20
1558.0180274117533
 10
422.2583539434652
 20
1558.0180274117533
  0
LWPOLYLINE
  5
2D3
330
17
100
AcDbEntity
  8
VIEW
100
AcDbPolyline
 90
2
 70
0
 10
422.2583539434652
 20
1558.0180274117533
 10
410.68622448169026
 20
1558.0180274117533
  0
LWPOLYLINE
  5
2D4
330
17
100
AcDbEntity
  8
VIEW
100
AcDbPolyline
 90
2
 70
0
 10
410.68622448169026
 20
1558.0180274117533
 10
401.06844721736894
 20
1558.0180274117533
  0
LWPOLYLINE
  5
2D5
330
17
100
AcDbEntity
  8
VIEW
100
AcDbPolyline
 90
2
 70
0
 10
401.06844721736894
 20
1558.0180274117533
 10
392.14086104385154
 20
1558.0180274117533
  0
LWPOLYLINE
  5
2D6
330
17
100
AcDbEntity
  8
VIEW
100
AcDbPolyline
 90
2
 70
0
 10
392.14086104385154
 20
1558.0180274117533
 10
384.0846539125315
 20
1558.0180274117533
  0
LWPOLYLINE
  5
2D7
330
17
100
AcDbEntity
  8
VIEW
100
AcDbPolyline
 90
2
 70
0
 10
384.0846539125315
 20
1558.0180274117533
 10
376.8280373876326
 20
1558.0180274117533
  0
LWPOLYLINE
  5
2D8
330
17
100
AcDbEntity
  8
VIEW
100
AcDbPolyline
 90
2
 70
0
 10
376.8280373876326
 20
1558.0180274117533
 10
370.51828660676074
 20
1558.0180274117533
  0
LWPOLYLINE
  5
2D9
330
17
100
AcDbEntity
  8
VIEW
100
AcDbPolyline
 90
2
 70
0
 10
370.51828660676074
 20
1558.0180274117533
 10
365.0991757143349
 20
1558.0180274117533
  0
LWPOLYLINE
  5
2DA
330
17
100
AcDbEntity
  8
VIEW
100
AcDbPolyline
 90
2
 70
0
 10
365.0991757143349
 20
1558.0180274117533
 10
360.68068713806696
 20
1558.0180274117533
  0
LWPOLYLINE
  5
2DB
330
17
100
AcDbEntity
  8
VIEW
100
AcDbPolyline
 90
2
 70
0
 10
360.68068713806696
 20
1558.0180274117533
 10
357.223447959881
 20
1558.0180274117533
  0
LWPOLYLINE
  5
2DC
330
17
100
AcDbEntity
  8
VIEW
100
AcDbPolyline
 90
2
 70
0
 10
357.223447959881
 20
1558.0180274117533
 10
354.81176502943333
 20
1558.0180274117533
  0
LWPOLYLINE
  5
2DD
330
17
100
AcDbEntity
  8
VIEW
100
AcDbPolyline
 90
2
 70
0
 10
354.81176502943333
 20
1558.0180274117533
 10
353.39480572558097
 20
1558.0180274117533
  0
LWPOLYLINE
  5
2DE
330
17
100
AcDbEntity
  8
VIEW
100
AcDbPolyline
 90
2
 70
0
 10
353.39480572558097
 20
1158.0180274117533
 10
353.39480572558097
 20
1166.0180274117533
  0
LWPOLYLINE
  5
2DF
330
17
100
AcDbEntity
  8
VIEW
100
AcDbPolyline
 90
2
 70
0
 10
353.39480572558097
 20
1158.0180274117533
 10
342.99511400327196
 20
1158.0180274117533
  0
LWPOLYLINE
  5
2E0
330
17
100
AcDbEntity
  8
VIEW
100
AcDbPolyline
 90
2
 70
0
 10
696.9041784998229
 20
1550.0180274117533
 10
696.9041784998229
 20
1558.0180274117533
  0
LWPOLYLINE
  5
2E1
330
17
100
AcDbEntity
  8
VIEW
100
AcDbPolyline
 90
2
 70
0
 10
696.9041784998229
 20
1158.0180274117533
 10
532.995114003272
 20
1158.0180274117533
  0
LWPOLYLINE
  5
2E2
330
17
100
AcDbEntity
  8
VIEW
100
AcDbPolyline
 90
2
 70
0
 10
532.995114003272
 20
1158.0180274117533
 10
519.9092929354703
 20
1158.0180274117533
  0
LWPOLYLINE
  5
2E3
330
17
100
AcDbEntity
  8
VIEW
100
AcDbPolyline
 90
2
 70
0
 10
519.9092929354703
 20
1158.0180274117533
 10
504.9159123093385
 20
1158.0180274117533
  0
LWPOLYLINE
  5
2E4
330
17
100
AcDbEntity
  8
VIEW
100
AcDbPolyline
 90
2
 70
0
 10
504.9159123093385
 20
1158.0180274117533
 10
490.0228441468483
 20
1158.0180274117533
  0
LWPOLYLINE
  5
2E5
330
17
100
AcDbEntity
  8
VIEW
100
AcDbPolyline
 90
2
 70
0
 10
490.0228441468483
 20
1158.0180274117533
 10
475.4359007231352
 20
1158.0180274117533
  0
LWPOLYLINE
  5
2E6
330
17
100
AcDbEntity
  8
VIEW
100
AcDbPolyline
 90
2
 70
0
 10
475.4359007231352
 20
1158.0180274117533
 10
461.25899612651864
 20
1158.0180274117533
  0
LWPOLYLINE
  5
2E7
330
17
100
AcDbEntity
  8
VIEW
100
AcDbPolyline
 90
2
 70
0
 10
461.25899612651864
 20
1158.0180274117533
 10
447.59312342138196
 20
1158.0180274117533
  0
LWPOLYLINE
  5
2E8
330
17
100
AcDbEntity
  8
VIEW
100
AcDbPolyline
 90
2
 70
0
 10
447.59312342138196
 20
1158.0180274117533
 10
434.6193470575349
 20
1158.0180274117533
  0
LWPOLYLINE
  5
2E9
330
17
100
AcDbEntity
  8
VIEW
100
AcDbPolyline
 90
2
 70
0
 10
434.6193470575349
 20
1158.0180274117533
 10
422.2583539434652
 20
1158.0180274117533
  0
LWPOLYLINE
  5
2EA
330
17
100
AcDbEntity
  8
VIEW
100
AcDbPolyline
 90
2
 70
0
 10
422.2583539434652
 20
1158.0180274117533
 10
410.68622448169026
 20
1158.0180274117533
  0
LWPOLYLINE
  5
2EB
330
17
100
AcDbEntity
  8
VIEW
100
AcDbPolyline
 90
2
 70
0
 10
410.68622448169026
 20
1158.0180274117533
 10
401.06844721736894
 20
1158.0180274117533
  0
LWPOLYLINE
  5
2EC
330
17
100
AcDbEntity
  8
VIEW
100
AcDbPolyline
 90
2
 70
0
 10
401.06844721736894
 20
1158.0180274117533
 10
392.14086104385154
 20
1158.0180274117533
  0
LWPOLYLINE
  5
2ED
330
17
100
AcDbEntity
  8
VIEW
100
AcDbPolyline
 90
2
 70
0
 10
392.14086104385154
 20
1158.0180274117533
 10
384.0846539125315
 20
1158.0180274117533
  0
LWPOLYLINE
  5
2EE
330
17
100
AcDbEntity
  8
VIEW
100
AcDbPolyline
 90
2
 70
0
 10
384.0846539125315
 20
1158.0180274117533
 10
376.8280373876326
 20
1158.0180274117533
  0
LWPOLYLINE
  5
2EF
330
17
100
AcDbEntity
  8
VIEW
100
AcDbPolyline
 90
2
 70
0
 10
376.8280373876326
 20
1158.0180274117533
 10
370.51828660676074
 20
1158.0180274117533
  0
LWPOLYLINE
  5
2F0
330
17
100
AcDbEntity
  8
VIEW
100
AcDbPolyline
 90
2
 70
0
 10
370.51828660676074
 20
1158.0180274117533
 10
365.0991757143349
 20
1158.0180274117533
  0
LWPOLYLINE
  5
2F1
330
17
100
AcDbEntity
  8
VIEW
100
AcDbPolyline
 90
2
 70
0
 10
365.0991757143349
 20
1158.0180274117533
 10
360.68068713806696
 20
1158.0180274117533
  0
LWPOLYLINE
  5
2F2
330
17
100
AcDbEntity
  8
VIEW
100
AcDbPolyline
 90
2
 70
0
 10
360.68068713806696
 20
1158.0180274117533
 10
357.223447959881
 20
1158.0180274117533
  0
LWPOLYLINE
  5
2F3
330
17
100
AcDbEntity
  8
VIEW
100
AcDbPolyline
 90
2
 70
0
 10
357.223447959881
 20
1158.0180274117533
 10
354.81176502943333
 20
1158.0180274117533
  0
LWPOLYLINE
  5
2F4
330
17
100
AcDbEntity
  8
VIEW
100
AcDbPolyline
 90
2
 70
0
 10
354.81176502943333
 20
1158.0180274117533
 10
353.39480572558097
 20
1158.0180274117533
  0
LWPOLYLINE
  5
2F5
330
17
100
AcDbEntity
  8
VIEW
100
AcDbPolyline
 90
2
 70
0
 10
696.9041784998229
 20
1158.0180274117533
 10
696.9041784998229
 20
1166.0180274117533
  0
LWPOLYLINE
  5
2F6
330
17
100
AcDbEntity
  8
VIEW
100
AcDbPolyline
 90
2
 70
0
 10
340.0
 20
1166.0180274117533
 10
340.0
 20
1550.0180274117533
  0
LWPOLYLINE
  5
2F7
330
17
100
AcDbEntity
  8
VIEW
100
AcDbPolyline
 90
2
 70
0
 10
354.81176502943333
 20
1550.0180274117533
 10
354.81176502943333
 20
1558.0180274117533
  0
LWPOLYLINE
  5
2F8
330
17
100
AcDbEntity
  8
VIEW
100
AcDbPolyline
 90
2
 70
0
 10
588.8716350232594
 20
1550.0180274117533
 10
533.2173942417896
 20
1550.0180274117533
  0
LWPOLYLINE
  5
2F9
330
17
100
AcDbEntity
  8
VIEW
100
AcDbPolyline
 90
2
 70
0
 10
533.2173942417896
 20
1550.0180274117533
 10
509.10876840245794
 20
1550.0180274117533
  0
LWPOLYLINE
  5
2FA
330
17
100
AcDbEntity
  8
VIEW
100
AcDbPolyline
 90
2
 70
0
 10
509.10876840245794
 20
1550.0180274117533
 10
485.63112479742006
 20
1550.0180274117533
  0
LWPOLYLINE
  5
2FB
330
17
100
AcDbEntity
  8
VIEW
100
AcDbPolyline
 90
2
 70
0
 10
485.63112479742006
 20
1550.0180274117533
 10
462.96389217947353
 20
1550.0180274117533
  0
LWPOLYLINE
  5
2FC
330
17
100
AcDbEntity
  8
VIEW
100
AcDbPolyline
 90
2
 70
0
 10
462.96389217947353
 20
1550.0180274117533
 10
441.4949131832542
 20
1550.0180274117533
  0
LWPOLYLINE
  5
2FD
330
17
100
AcDbEntity
  8
VIEW
100
AcDbPolyline
 90
2
 70
0
 10
441.4949131832542
 20
1550.0180274117533
 10
421.5915279917133
 20
1550.0180274117533
  0
LWPOLYLINE
  5
2FE
330
17
100
AcDbEntity
  8
VIEW
100
AcDbPolyline
 90
2
 70
0
 10
421.5915279917133
 20
1550.0180274117533
 10
403.5942890437409
 20
1550.0180274117533
  0
LWPOLYLINE
  5
2FF
330
17
100
AcDbEntity
  8
VIEW
100
AcDbPolyline
 90
2
 70
0
 10
403.5942890437409
 20
1550.0180274117533
 10
387.81113408751185
 20
1550.0180274117533
  0
LWPOLYLINE
  5
300
330
17
100
AcDbEntity
  8
VIEW
100
AcDbPolyline
 90
2
 70
0
 10
387.81113408751185
 20
1550.0180274117533
 10
377.59077371031344
 20
1550.0180274117533
  0
LWPOLYLINE
  5
301
330
17
100
AcDbEntity
  8
VIEW
100
AcDbPolyline
 90
2
 70
0
 10
377.59077371031344
 20
1550.0180274117533
 10
371.6031684126349
 20
1550.0180274117533
  0
LWPOLYLINE
  5
302
330
17
100
AcDbEntity
  8
VIEW
100
AcDbPolyline
 90
2
 70
0
 10
371.6031684126349
 20
1550.0180274117533
 10
363.9247884866984
 20
1550.0180274117533
  0
LWPOLYLINE
  5
303
330
17
100
AcDbEntity
  8
VIEW
100
AcDbPolyline
 90
2
 70
0
 10
363.9247884866984
 20
1550.0180274117533
 10
357.8746482187273
 20
1550.0180274117533
  0
LWPOLYLINE
  5
304
330
17
100
AcDbEntity
  8
VIEW
100
AcDbPolyline
 90
2
 70
0
 10
357.8746482187273
 20
1550.0180274117533
 10
353.51101376684574
 20
1550.0180274117533
  0
LWPOLYLINE
  5
305
330
17
100
AcDbEntity
  8
VIEW
100
AcDbPolyline
 90
2
 70
0
 10
353.51101376684574
 20
1550.0180274117533
 10
351.5603061679151
 20
1550.0180274117533
  0
LWPOLYLINE
  5
306
330
17
100
AcDbEntity
  8
VIEW
100
AcDbPolyline
 90
2
 70
0
 10
351.5603061679151
 20
1550.0180274117533
 10
350.386530270514
 20
1550.0180274117533
  0
LWPOLYLINE
  5
307
330
17
100
AcDbEntity
  8
VIEW
100
AcDbPolyline
 90
2
 70
0
 10
350.386530270514
 20
1550.0180274117533
 10
340.0
 20
1550.0180274117533
  0
LWPOLYLINE
  5
308
330
17
100
AcDbEntity
  8
VIEW
100
AcDbPolyline
 90
2
 70
0
 10
532.995114003272
 20
1550.0180274117533
 10
532.995114003272
 20
1558.0180274117533
  0
LWPOLYLINE
  5
309
330
17
100
AcDbEntity
  8
VIEW
100
AcDbPolyline
 90
2
 70
0
 10
532.995114003272
 20
1158.0180274117533
 10
532.995114003272
 20
1166.0180274117533
  0
LWPOLYLINE
  5
30A
330
17
100
AcDbEntity
  8
VIEW
100
AcDbPolyline
 90
2
 70
0
 10
696.9041784998229
 20
1166.0180274117533
 10
696.9041784998229
 20
1550.0180274117533
  0
LWPOLYLINE
  5
30B
330
17
100
AcDbEntity
  8
VIEW
100
AcDbPolyline
 90
2
 70
0
 10
519.9092929354703
 20
1550.0180274117533
 10
519.9092929354703
 20
1558.0180274117533
  0
LWPOLYLINE
  5
30C
330
17
100
AcDbEntity
  8
VIEW
100
AcDbPolyline
 90
2
 70
0
 10
504.9159123093385
 20
1550.0180274117533
 10
504.9159123093385
 20
1558.0180274117533
  0
LWPOLYLINE
  5
30D
330
17
100
AcDbEntity
  8
VIEW
100
AcDbPolyline
 90
2
 70
0
 10
490.0228441468483
 20
1550.0180274117533
 10
490.0228441468483
 20
1558.0180274117533
  0
LWPOLYLINE
  5
30E
330
17
100
AcDbEntity
  8
VIEW
100
AcDbPolyline
 90
2
 70
0
 10
475.4359007231352
 20
1550.0180274117533
 10
475.4359007231352
 20
1558.0180274117533
  0
LWPOLYLINE
  5
30F
330
17
100
AcDbEntity
  8
VIEW
100
AcDbPolyline
 90
2
 70
0
 10
461.25899612651864
 20
1550.0180274117533
 10
461.25899612651864
 20
1558.0180274117533
  0
LWPOLYLINE
  5
310
330
17
100
AcDbEntity
  8
VIEW
100
AcDbPolyline
 90
2
 70
0
 10
447.59312342138196
 20
1550.0180274117533
 10
447.59312342138196
 20
1558.0180274117533
  0
LWPOLYLINE
  5
311
330
17
100
AcDbEntity
  8
VIEW
100
AcDbPolyline
 90
2
 70
0
 10
434.6193470575349
 20
1550.0180274117533
 10
434.6193470575349
 20
1558.0180274117533
  0
LWPOLYLINE
  5
312
330
17
100
AcDbEntity
  8
VIEW
100
AcDbPolyline
 90
2
 70
0
 10
422.2583539434652
 20
1550.0180274117533
 10
422.2583539434652
 20
1558.0180274117533
  0
LWPOLYLINE
  5
313
330
17
100
AcDbEntity
  8
VIEW
100
AcDbPolyline
 90
2
 70
0
 10
410.68622448169026
 20
1550.0180274117533
 10
410.68622448169026
 20
1558.0180274117533
  0
LWPOLYLINE
  5
314
330
17
100
AcDbEntity
  8
VIEW
100
AcDbPolyline
 90
2
 70
0
 10
401.06844721736894
 20
1550.0180274117533
 10
401.06844721736894
 20
1558.0180274117533
  0
LWPOLYLINE
  5
315
330
17
100
AcDbEntity
  8
VIEW
100
AcDbPolyline
 90
2
 70
0
 10
392.14086104385154
 20
1550.0180274117533
 10
392.14086104385154
 20
1558.0180274117533
  0
LWPOLYLINE
  5
316
330
17
100
AcDbEntity
  8
VIEW
100
AcDbPolyline
 90
2
 70
0
 10
384.0846539125315
 20
1550.0180274117533
 10
384.0846539125315
 20
1558.0180274117533
  0
LWPOLYLINE
  5
317
330
17
100
AcDbEntity
  8
VIEW
100
AcDbPolyline
 90
2
 70
0
 10
376.8280373876326
 20
1550.0180274117533
 10
376.8280373876326
 20
1558.0180274117533
  0
LWPOLYLINE
  5
318
330
17
100
AcDbEntity
  8
VIEW
100
AcDbPolyline
 90
2
 70
0
 10
370.51828660676074
 20
1550.0180274117533
 10
370.51828660676074
 20
1558.0180274117533
  0
LWPOLYLINE
  5
319
330
17
100
AcDbEntity
  8
VIEW
100
AcDbPolyline
 90
2
 70
0
 10
365.0991757143349
 20
1550.0180274117533
 10
365.0991757143349
 20
1558.0180274117533
  0
LWPOLYLINE
  5
31A
330
17
100
AcDbEntity
  8
VIEW
100
AcDbPolyline
 90
2
 70
0
 10
360.68068713806696
 20
1550.0180274117533
 10
360.68068713806696
 20
1558.0180274117533
  0
LWPOLYLINE
  5
31B
330
17
100
AcDbEntity
  8
VIEW
100
AcDbPolyline
 90
2
 70
0
 10
357.223447959881
 20
1550.0180274117533
 10
357.223447959881
 20
1558.0180274117533
  0
LWPOLYLINE
  5
31C
330
17
100
AcDbEntity
  8
VIEW
100
AcDbPolyline
 90
2
 70
0
 10
354.81176502943333
 20
1158.0180274117533
 10
354.81176502943333
 20
1166.0180274117533
  0
LWPOLYLINE
  5
31D
330
17
100
AcDbEntity
  8
VIEW
100
AcDbPolyline
 90
2
 70
0
 10
588.8716350232594
 20
1166.0180274117533
 10
533.2173942417896
 20
1166.0180274117533
  0
LWPOLYLINE
  5
31E
330
17
100
AcDbEntity
  8
VIEW
100
AcDbPolyline
 90
2
 70
0
 10
533.2173942417896
 20
1166.0180274117533
 10
509.10876840245794
 20
1166.0180274117533
  0
LWPOLYLINE
  5
31F
330
17
100
AcDbEntity
  8
VIEW
100
AcDbPolyline
 90
2
 70
0
 10
509.10876840245794
 20
1166.0180274117533
 10
485.63112479742006
 20
1166.0180274117533
  0
LWPOLYLINE
  5
320
330
17
100
AcDbEntity
  8
VIEW
100
AcDbPolyline
 90
2
 70
0
 10
485.63112479742006
 20
1166.0180274117533
 10
462.96389217947353
 20
1166.0180274117533
  0
LWPOLYLINE
  5
321
330
17
100
AcDbEntity
  8
VIEW
100
AcDbPolyline
 90
2
 70
0
 10
462.96389217947353
 20
1166.0180274117533
 10
441.4949131832542
 20
1166.0180274117533
  0
LWPOLYLINE
  5
322
330
17
100
AcDbEntity
  8
VIEW
100
AcDbPolyline
 90
2
 70
0
 10
441.4949131832542
 20
1166.0180274117533
 10
421.5915279917133
 20
1166.0180274117533
  0
LWPOLYLINE
  5
323
330
17
100
AcDbEntity
  8
VIEW
100
AcDbPolyline
 90
2
 70
0
 10
421.5915279917133
 20
1166.0180274117533
 10
403.5942890437409
 20
1166.0180274117533
  0
LWPOLYLINE
  5
324
330
17
100
AcDbEntity
  8
VIEW
100
AcDbPolyline
 90
2
 70
0
 10
403.5942890437409
 20
1166.0180274117533
 10
387.81113408751185
 20
1166.0180274117533
  0
LWPOLYLINE
  5
325
330
17
100
AcDbEntity
  8
VIEW
100
AcDbPolyline
 90
2
 70
0
 10
387.81113408751185
 20
1166.0180274117533
 10
377.59077371031344
 20
1166.0180274117533
  0
LWPOLYLINE
  5
326
330
17
100
AcDbEntity
  8
VIEW
100
AcDbPolyline
 90
2
 70
0
 10
377.59077371031344
 20
1166.0180274117533
 10
371.6031684126349
 20
1166.0180274117533
  0
LWPOLYLINE
  5
327
330
17
100
AcDbEntity
  8
VIEW
100
AcDbPolyline
 90
2
 70
0
 10
371.6031684126349
 20
1166.0180274117533
 10
363.9247884866984
 20
1166.0180274117533
  0
LWPOLYLINE
  5
328
330
17
100
AcDbEntity
  8
VIEW
100
AcDbPolyline
 90
2
 70
0
 10
363.9247884866984
 20
1166.0180274117533
 10
357.8746482187273
 20
1166.0180274117533
  0
LWPOLYLINE
  5
329
330
17
100
AcDbEntity
  8
VIEW
100
AcDbPolyline
 90
2
 70
0
 10
357.8746482187273
 20
1166.0180274117533
 10
353.51101376684574
 20
1166.0180274117533
  0
LWPOLYLINE
  5
32A
330
17
100
AcDbEntity
  8
VIEW
100
AcDbPolyline
 90
2
 70
0
 10
353.51101376684574
 20
1166.0180274117533
 10
351.5603061679151
 20
1166.0180274117533
  0
LWPOLYLINE
  5
32B
330
17
100
AcDbEntity
  8
VIEW
100
AcDbPolyline
 90
2
 70
0
 10
351.5603061679151
 20
1166.0180274117533
 10
350.386530270514
 20
1166.0180274117533
  0
LWPOLYLINE
  5
32C
330
17
100
AcDbEntity
  8
VIEW
100
AcDbPolyline
 90
2
 70
0
 10
350.386530270514
 20
1166.0180274117533
 10
340.0
 20
1166.0180274117533
  0
LWPOLYLINE
  5
32D
330
17
100
AcDbEntity
  8
VIEW
100
AcDbPolyline
 90
2
 70
0
 10
519.9092929354703
 20
1158.0180274117533
 10
519.9092929354703
 20
1166.0180274117533
  0
LWPOLYLINE
  5
32E
330
17
100
AcDbEntity
  8
VIEW
100
AcDbPolyline
 90
2
 70
0
 10
504.9159123093385
 20
1158.0180274117533
 10
504.9159123093385
 20
1166.0180274117533
  0
LWPOLYLINE
  5
32F
330
17
100
AcDbEntity
  8
VIEW
100
AcDbPolyline
 90
2
 70
0
 10
490.0228441468483
 20
1158.0180274117533
 10
490.0228441468483
 20
1166.0180274117533
  0
LWPOLYLINE
  5
330
330
17
100
AcDbEntity
  8
VIEW
100
AcDbPolyline
 90
2
 70
0
 10
475.4359007231352
 20
1158.0180274117533
 10
475.4359007231352
 20
1166.0180274117533
  0
LWPOLYLINE
  5
331
330
17
100
AcDbEntity
  8
VIEW
100
AcDbPolyline
 90
2
 70
0
 10
461.25899612651864
 20
1158.0180274117533
 10
461.25899612651864
 20
1166.0180274117533
  0
LWPOLYLINE
  5
332
330
17
100
AcDbEntity
  8
VIEW
100
AcDbPolyline
 90
2
 70
0
 10
447.59312342138196
 20
1158.0180274117533
 10
447.59312342138196
 20
1166.0180274117533
  0
LWPOLYLINE
  5
333
330
17
100
AcDbEntity
  8
VIEW
100
AcDbPolyline
 90
2
 70
0
 10
434.6193470575349
 20
1158.0180274117533
 10
434.6193470575349
 20
1166.0180274117533
  0
LWPOLYLINE
  5
334
330
17
100
AcDbEntity
  8
VIEW
100
AcDbPolyline
 90
2
 70
0
 10
422.2583539434652
 20
1158.0180274117533
 10
422.2583539434652
 20
1166.0180274117533
  0
LWPOLYLINE
  5
335
330
17
100
AcDbEntity
  8
VIEW
100
AcDbPolyline
 90
2
 70
0
 10
410.68622448169026
 20
1158.0180274117533
 10
410.68622448169026
 20
1166.0180274117533
  0
LWPOLYLINE
  5
336
330
17
100
AcDbEntity
  8
VIEW
100
AcDbPolyline
 90
2
 70
0
 10
401.06844721736894
 20
1158.0180274117533
 10
401.06844721736894
 20
1166.0180274117533
  0
LWPOLYLINE
  5
337
330
17
100
AcDbEntity
  8
VIEW
100
AcDbPolyline
 90
2
 70
0
 10
392.14086104385154
 20
1158.0180274117533
 10
392.14086104385154
 20
1166.0180274117533
  0
LWPOLYLINE
  5
338
330
17
100
AcDbEntity
  8
VIEW
100
AcDbPolyline
 90
2
 70
0
 10
384.0846539125315
 20
1158.0180274117533
 10
384.0846539125315
 20
1166.0180274117533
  0
LWPOLYLINE
  5
339
330
17
100
AcDbEntity
  8
VIEW
100
AcDbPolyline
 90
2
 70
0
 10
376.8280373876326
 20
1158.0180274117533
 10
376.8280373876326
 20
1166.0180274117533
  0
LWPOLYLINE
  5
33A
330
17
100
AcDbEntity
  8
VIEW
100
AcDbPolyline
 90
2
 70
0
 10
370.51828660676074
 20
1158.0180274117533
 10
370.51828660676074
 20
1166.0180274117533
  0
LWPOLYLINE
  5
33B
330
17
100
AcDbEntity
  8
VIEW
100
AcDbPolyline
 90
2
 70
0
 10
365.0991757143349
 20
1158.0180274117533
 10
365.0991757143349
 20
1166.0180274117533
  0
LWPOLYLINE
  5
33C
330
17
100
AcDbEntity
  8
VIEW
100
AcDbPolyline
 90
2
 70
0
 10
360.68068713806696
 20
1158.0180274117533
 10
360.68068713806696
 20
1166.0180274117533
  0
LWPOLYLINE
  5
33D
330
17
100
AcDbEntity
  8
VIEW
100
AcDbPolyline
 90
2
 70
0
 10
357.223447959881
 20
1158.0180274117533
 10
357.223447959881
 20
1166.0180274117533
  0
LWPOLYLINE
  5
33E
330
17
100
AcDbEntity
  8
VIEW
100
AcDbPolyline
 90
2
 70
0
 10
350.386530270514
 20
1166.0180274117533
 10
350.386530270514
 20
1550.0180274117533
  0
LWPOLYLINE
  5
33F
330
17
100
AcDbEntity
  8
VIEW
100
AcDbPolyline
 90
2
 70
0
 10
588.8716350232594
 20
1166.0180274117533
 10
588.8716350232594
 20
1550.0180274117533
  0
LWPOLYLINE
  5
340
330
17
100
AcDbEntity
  8
VIEW
100
AcDbPolyline
 90
2
 70
0
 10
533.2173942417896
 20
1166.0180274117533
 10
533.2173942417896
 20
1550.0180274117533
  0
LWPOLYLINE
  5
341
330
17
100
AcDbEntity
  8
VIEW
100
AcDbPolyline
 90
2
 70
0
 10
509.10876840245794
 20
1166.0180274117533
 10
509.10876840245794
 20
1550.0180274117533
  0
LWPOLYLINE
  5
342
330
17
100
AcDbEntity
  8
VIEW
100
AcDbPolyline
 90
2
 70
0
 10
485.63112479742006
 20
1166.0180274117533
 10
485.63112479742006
 20
1550.0180274117533
  0
LWPOLYLINE
  5
343
330
17
100
AcDbEntity
  8
VIEW
100
AcDbPolyline
 90
2
 70
0
 10
462.96389217947353
 20
1166.0180274117533
 10
462.96389217947353
 20
1550.0180274117533
  0
LWPOLYLINE
  5
344
330
17
100
AcDbEntity
  8
VIEW
100
AcDbPolyline
 90
2
 70
0
 10
441.4949131832542
 20
1166.0180274117533
 10
441.4949131832542
 20
1550.0180274117533
  0
LWPOLYLINE
  5
345
330
17
100
AcDbEntity
  8
VIEW
100
AcDbPolyline
 90
2
 70
0
 10
421.5915279917133
 20
1166.0180274117533
 10
421.5915279917133
 20
1550.0180274117533
  0
LWPOLYLINE
  5
346
330
17
100
AcDbEntity
  8
VIEW
100
AcDbPolyline
 90
2
 70
0
 10
403.5942890437409
 20
1166.0180274117533
 10
403.5942890437409
 20
1550.0180274117533
  0
LWPOLYLINE
  5
347
330
17
100
AcDbEntity
  8
VIEW
100
AcDbPolyline
 90
2
 70
0
 10
387.81113408751185
 20
1166.0180274117533
 10
387.81113408751185
 20
1550.0180274117533
  0
LWPOLYLINE
  5
348
330
17
100
AcDbEntity
  8
VIEW
100
AcDbPolyline
 90
2
 70
0
 10
377.59077371031344
 20
1166.0180274117533
 10
377.59077371031344
 20
1550.0180274117533
  0
LWPOLYLINE
  5
349
330
17
100
AcDbEntity
  8
VIEW
100
AcDbPolyline
 90
2
 70
0
 10
371.6031684126349
 20
1166.0180274117533
 10
371.6031684126349
 20
1550.0180274117533
  0
LWPOLYLINE
  5
34A
330
17
100
AcDbEntity
  8
VIEW
100
AcDbPolyline
 90
2
 70
0
 10
363.9247884866984
 20
1166.0180274117533
 10
363.9247884866984
 20
1550.0180274117533
  0
LWPOLYLINE
  5
34B
330
17
100
AcDbEntity
  8
VIEW
100
AcDbPolyline
 90
2
 70
0
 10
357.8746482187273
 20
1166.0180274117533
 10
357.8746482187273
 20
1550.0180274117533
  0
LWPOLYLINE
  5
34C
330
17
100
AcDbEntity
  8
VIEW
100
AcDbPolyline
 90
2
 70
0
 10
353.51101376684574
 20
1166.0180274117533
 10
353.51101376684574
 20
1550.0180274117533
  0
LWPOLYLINE
  5
34D
330
17
100
AcDbEntity
  8
VIEW
100
AcDbPolyline
 90
2
 70
0
 10
351.5603061679151
 20
1166.0180274117533
 10
351.5603061679151
 20
1550.0180274117533
  0
LWPOLYLINE
  5
34E
330
17
100
AcDbEntity
  8
HIDDEN
100
AcDbPolyline
 90
2
 70
0
 10
345.9997449175686
 20
1550.0180274117533
 10
342.99511400327196
 20
1550.0180274117533
  0
LWPOLYLINE
  5
34F
330
17
100
AcDbEntity
  8
HIDDEN
100
AcDbPolyline
 90
2
 70
0
 10
345.9997449175686
 20
1550.0180274117533
 10
345.9997449175686
 20
1166.0180274117533
  0
LWPOLYLINE
  5
350
330
17
100
AcDbEntity
  8
HIDDEN
100
AcDbPolyline
 90
2
 70
0
 10
345.9997449175686
 20
1166.0180274117533
 10
342.99511400327196
 20
1166.0180274117533
  0
LWPOLYLINE
  5
351
330
17
100
AcDbEntity
  8
HIDDEN
100
AcDbPolyline
 90
2
 70
0
 10
342.99511400327196
 20
1558.0180274117533
 10
622.995114003272
 20
1558.0180274117533
  0
LWPOLYLINE
  5
352
330
17
100
AcDbEntity
  8
HIDDEN
100
AcDbPolyline
 90
2
 70
0
 10
622.995114003272
 20
1550.0180274117533
 10
622.995114003272
 20
1558.0180274117533
  0
LWPOLYLINE
  5
353
330
17
100
AcDbEntity
  8
HIDDEN
100
AcDbPolyline
 90
2
 70
0
 10
342.99511400327196
 20
1158.0180274117533
 10
622.995114003272
 20
1158.0180274117533
  0
LWPOLYLINE
  5
354
330
17
100
AcDbEntity
  8
HIDDEN
100
AcDbPolyline
 90
2
 70
0
 10
622.995114003272
 20
1166.0180274117533
 10
622.995114003272
 20
1550.0180274117533
  0
LWPOLYLINE
  5
355
330
17
100
AcDbEntity
  8
HIDDEN
100
AcDbPolyline
 90
2
 70
0
 10
622.995114003272
 20
1158.0180274117533
 10
622.995114003272
 20
1166.0180274117533
  0
LWPOLYLINE
  5
356
330
17
100
AcDbEntity
  8
HIDDEN
100
AcDbPolyline
 90
2
 70
0
 10
458.99511400327196
 20
1490.0180274117533
 10
458.99511400327196
 20
1550.0180274117533
  0
LWPOLYLINE
  5
357
330
17
100
AcDbEntity
  8
HIDDEN
100
AcDbPolyline
 90
2
 70
0
 10
458.99511400327196
 20
1490.0180274117533
 10
466.99511400327196
 20
1490.0180274117533
  0
LWPOLYLINE
  5
358
330
17
100
AcDbEntity
  8
HIDDEN
100
AcDbPolyline
 90
2
 70
0
 10
458.99511400327196
 20
1550.0180274117533
 10
466.99511400327196
 20
1550.0180274117533
  0
LWPOLYLINE
  5
359
330
17
100
AcDbEntity
  8
HIDDEN
100
AcDbPolyline
 90
2
 70
0
 10
466.99511400327196
 20
1490.0180274117533
 10
466.99511400327196
 20
1550.0180274117533
  0
LWPOLYLINE
  5
35A
330
17
100
AcDbEntity
  8
HIDDEN
100
AcDbPolyline
 90
2
 70
0
 10
558.995114003272
 20
1490.0180274117533
 10
558.995114003272
 20
1550.0180274117533
  0
LWPOLYLINE
  5
35B
330
17
100
AcDbEntity
  8
HIDDEN
100
AcDbPolyline
 90
2
 70
0
 10
558.995114003272
 20
1550.0180274117533
 10
566.995114003272
 20
1550.0180274117533
  0
LWPOLYLINE
  5
35C
330
17
100
AcDbEntity
  8
HIDDEN
100
AcDbPolyline
 90
2
 70
0
 10
566.995114003272
 20
1490.0180274117533
 10
566.995114003272
 20
1550.0180274117533
  0
LWPOLYLINE
  5
35D
330
17
100
AcDbEntity
  8
HIDDEN
100
AcDbPolyline
 90
2
 70
0
 10
558.995114003272
 20
1490.0180274117533
 10
566.995114003272
 20
1490.0180274117533
  0
LWPOLYLINE
  5
35E
330
17
100
AcDbEntity
  8
HIDDEN
100
AcDbPolyline
 90
2
 70
0
 10
362.99511400327196
 20
1406.5180274117533
 10
602.995114003272
 20
1406.5180274117533
  0
LWPOLYLINE
  5
35F
330
17
100
AcDbEntity
  8
HIDDEN
100
AcDbPolyline
 90
2
 70
0
 10
362.99511400327196
 20
1406.5180274117533
 10
362.99511400327196
 20
1418.5180274117533
  0
LWPOLYLINE
  5
360
330
17
100
AcDbEntity
  8
HIDDEN
100
AcDbPolyline
 90
2
 70
0
 10
602.995114003272
 20
1406.5180274117533
 10
602.995114003272
 20
1418.5180274117533
  0
LWPOLYLINE
  5
361
330
17
100
AcDbEntity
  8
HIDDEN
100
AcDbPolyline
 90
2
 70
0
 10
362.99511400327196
 20
1418.5180274117533
 10
602.995114003272
 20
1418.5180274117533
  0
LWPOLYLINE
  5
362
330
17
100
AcDbEntity
  8
HIDDEN
100
AcDbPolyline
 90
2
 70
0
 10
458.99511400327196
 20
1166.0180274117533
 10
458.99511400327196
 20
1226.0180274117533
  0
LWPOLYLINE
  5
363
330
17
100
AcDbEntity
  8
HIDDEN
100
AcDbPolyline
 90
2
 70
0
 10
458.99511400327196
 20
1166.0180274117533
 10
466.99511400327196
 20
1166.0180274117533
  0
LWPOLYLINE
  5
364
330
17
100
AcDbEntity
  8
HIDDEN
100
AcDbPolyline
 90
2
 70
0
 10
458.99511400327196
 20
1226.0180274117533
 10
466.99511400327196
 20
1226.0180274117533
  0
LWPOLYLINE
  5
365
330
17
100
AcDbEntity
  8
HIDDEN
100
AcDbPolyline
 90
2
 70
0
 10
466.99511400327196
 20
1166.0180274117533
 10
466.99511400327196
 20
1226.0180274117533
  0
LWPOLYLINE
  5
366
330
17
100
AcDbEntity
  8
HIDDEN
100
AcDbPolyline
 90
2
 70
0
 10
362.99511400327196
 20
1297.5180274117533
 10
602.995114003272
 20
1297.5180274117533
  0
LWPOLYLINE
  5
367
330
17
100
AcDbEntity
  8
HIDDEN
100
AcDbPolyline
 90
2
 70
0
 10
362.99511400327196
 20
1297.5180274117533
 10
362.99511400327196
 20
1309.5180274117533
  0
LWPOLYLINE
  5
368
330
17
100
AcDbEntity
  8
HIDDEN
100
AcDbPolyline
 90
2
 70
0
 10
602.995114003272
 20
1297.5180274117533
 10
602.995114003272
 20
1309.5180274117533
  0
LWPOLYLINE
  5
369
330
17
100
AcDbEntity
  8
HIDDEN
100
AcDbPolyline
 90
2
 70
0
 10
362.99511400327196
 20
1309.5180274117533
 10
602.995114003272
 20
1309.5180274117533
  0
LWPOLYLINE
  5
36A
330
17
100
AcDbEntity
  8
HIDDEN
100
AcDbPolyline
 90
2
 70
0
 10
558.995114003272
 20
1166.0180274117533
 10
558.995114003272
 20
1226.0180274117533
  0
LWPOLYLINE
  5
36B
330
17
100
AcDbEntity
  8
HIDDEN
100
AcDbPolyline
 90
2
 70
0
 10
558.995114003272
 20
1166.0180274117533
 10
566.995114003272
 20
1166.0180274117533
  0
LWPOLYLINE
  5
36C
330
17
100
AcDbEntity
  8
HIDDEN
100
AcDbPolyline
 90
2
 70
0
 10
558.995114003272
 20
1226.0180274117533
 10
566.995114003272
 20
1226.0180274117533
  0
LWPOLYLINE
  5
36D
330
17
100
AcDbEntity
  8
HIDDEN
100
AcDbPolyline
 90
2
 70
0
 10
566.995114003272
 20
1166.0180274117533
 10
566.995114003272
 20
1226.0180274117533
  0
LWPOLYLINE
  5
36E
330
17
100
AcDbEntity
  8
HIDDEN
100
AcDbPolyline
 90
2
 70
0
 10
345.99022800654393
 20
1550.0180274117533
 10
345.9997449175686
 20
1550.0180274117533
  0
LWPOLYLINE
  5
36F
330
17
100
AcDbEntity
  8
HIDDEN
100
AcDbPolyline
 90
2
 70
0
 10
342.99511400327196
 20
1550.0180274117533
 10
345.99022800654393
 20
1550.0180274117533
  0
LWPOLYLINE
  5
370
330
17
100
AcDbEntity
  8
HIDDEN
100
AcDbPolyline
 90
2
 70
0
 10
345.99022800654393
 20
1166.0180274117533
 10
345.9997449175686
 20
1166.0180274117533
  0
LWPOLYLINE
  5
371
330
17
100
AcDbEntity
  8
HIDDEN
100
AcDbPolyline
 90
2
 70
0
 10
345.99022800654393
 20
1166.0180274117533
 10
345.99022800654393
 20
1550.0180274117533
  0
LWPOLYLINE
  5
372
330
17
100
AcDbEntity
  8
HIDDEN
100
AcDbPolyline
 90
2
 70
0
 10
342.99511400327196
 20
1550.0180274117533
 10
353.39480572558097
 20
1550.0180274117533
  0
LWPOLYLINE
  5
373
330
17
100
AcDbEntity
  8
HIDDEN
100
AcDbPolyline
 90
2
 70
0
 10
342.99511400327196
 20
1166.0180274117533
 10
345.99022800654393
 20
1166.0180274117533
  0
LWPOLYLINE
  5
374
330
17
100
AcDbEntity
  8
HIDDEN
100
AcDbPolyline
 90
2
 70
0
 10
622.995114003272
 20
1558.0180274117533
 10
696.9041784998229
 20
1558.0180274117533
  0
LWPOLYLINE
  5
375
330
17
100
AcDbEntity
  8
HIDDEN
100
AcDbPolyline
 90
2
 70
0
 10
353.39480572558097
 20
1166.0180274117533
 10
342.99511400327196
 20
1166.0180274117533
  0
LWPOLYLINE
  5
376
330
17
100
AcDbEntity
  8
HIDDEN
100
AcDbPolyline
 90
2
 70
0
 10
622.995114003272
 20
1550.0180274117533
 10
694.2608783466485
 20
1550.0180274117533
  0
LWPOLYLINE
  5
377
330
17
100
AcDbEntity
  8
HIDDEN
100
AcDbPolyline
 90
2
 70
0
 10
694.2608783466485
 20
1550.0180274117533
 10
696.9041784998229
 20
1550.0180274117533
  0
LWPOLYLINE
  5
378
330
17
100
AcDbEntity
  8
HIDDEN
100
AcDbPolyline
 90
2
 70
0
 10
622.995114003272
 20
1158.0180274117533
 10
696.9041784998229
 20
1158.0180274117533
  0
LWPOLYLINE
  5
379
330
17
100
AcDbEntity
  8
HIDDEN
100
AcDbPolyline
 90
2
 70
0
 10
622.995114003272
 20
1166.0180274117533
 10
622.995114003272
 20
1550.0180274117533
  0
LWPOLYLINE
  5
37A
330
17
100
AcDbEntity
  8
HIDDEN
100
AcDbPolyline
 90
2
 70
0
 10
622.995114003272
 20
1166.0180274117533
 10
694.2608783466485
 20
1166.0180274117533
  0
LWPOLYLINE
  5
37B
330
17
100
AcDbEntity
  8
HIDDEN
100
AcDbPolyline
 90
2
 70
0
 10
694.2608783466485
 20
1166.0180274117533
 10
696.9041784998229
 20
1166.0180274117533
  0
LWPOLYLINE
  5
37C
330
17
100
AcDbEntity
  8
HIDDEN
100
AcDbPolyline
 90
2
 70
0
 10
458.99511400327196
 20
1550.0180274117533
 10
458.99511400327196
 20
1490.0180274117533
  0
LWPOLYLINE
  5
37D
330
17
100
AcDbEntity
  8
HIDDEN
100
AcDbPolyline
 90
2
 70
0
 10
458.99511400327196
 20
1490.0180274117533
 10
466.99511400327196
 20
1490.0180274117533
  0
LWPOLYLINE
  5
37E
330
17
100
AcDbEntity
  8
HIDDEN
100
AcDbPolyline
 90
2
 70
0
 10
466.99511400327196
 20
1550.0180274117533
 10
466.99511400327196
 20
1490.0180274117533
  0
LWPOLYLINE
  5
37F
330
17
100
AcDbEntity
  8
HIDDEN
100
AcDbPolyline
 90
2
 70
0
 10
558.995114003272
 20
1550.0180274117533
 10
558.995114003272
 20
1490.0180274117533
  0
LWPOLYLINE
  5
380
330
17
100
AcDbEntity
  8
HIDDEN
100
AcDbPolyline
 90
2
 70
0
 10
558.995114003272
 20
1490.0180274117533
 10
566.995114003272
 20
1490.0180274117533
  0
LWPOLYLINE
  5
381
330
17
100
AcDbEntity
  8
HIDDEN
100
AcDbPolyline
 90
2
 70
0
 10
566.995114003272
 20
1550.0180274117533
 10
566.995114003272
 20
1490.0180274117533
  0
LWPOLYLINE
  5
382
330
17
100
AcDbEntity
  8
HIDDEN
100
AcDbPolyline
 90
2
 70
0
 10
602.995114003272
 20
1406.5180274117533
 10
587.4351222242567
 20
1406.5180274117533
  0
LWPOLYLINE
  5
383
330
17
100
AcDbEntity
  8
HIDDEN
100
AcDbPolyline
 90
2
 70
0
 10
587.4351222242567
 20
1406.5180274117533
 10
585.4173471038941
 20
1406.5180274117533
  0
LWPOLYLINE
  5
384
330
17
100
AcDbEntity
  8
HIDDEN
100
AcDbPolyline
 90
2
 70
0
 10
366.58484912435375
 20
1406.5180274117533
 10
362.99511400327196
 20
1406.5180274117533
  0
LWPOLYLINE
  5
385
330
17
100
AcDbEntity
  8
HIDDEN
100
AcDbPolyline
 90
2
 70
0
 10
585.4173471038941
 20
1406.5180274117533
 10
580.4689105246747
 20
1406.5180274117533
  0
LWPOLYLINE
  5
386
330
17
100
AcDbEntity
  8
HIDDEN
100
AcDbPolyline
 90
2
 70
0
 10
367.73896413929776
 20
1406.5180274117533
 10
366.58484912435375
 20
1406.5180274117533
  0
LWPOLYLINE
  5
387
330
17
100
AcDbEntity
  8
HIDDEN
100
AcDbPolyline
 90
2
 70
0
 10
580.4689105246747
 20
1406.5180274117533
 10
573.1786555398846
 20
1406.5180274117533
  0
LWPOLYLINE
  5
388
330
17
100
AcDbEntity
  8
HIDDEN
100
AcDbPolyline
 90
2
 70
0
 10
371.3101765786884
 20
1406.5180274117533
 10
367.73896413929776
 20
1406.5180274117533
  0
LWPOLYLINE
  5
389
330
17
100
AcDbEntity
  8
HIDDEN
100
AcDbPolyline
 90
2
 70
0
 10
573.1786555398846
 20
1406.5180274117533
 10
564.1172825061253
 20
1406.5180274117533
  0
LWPOLYLINE
  5
38A
330
17
100
AcDbEntity
  8
HIDDEN
100
AcDbPolyline
 90
2
 70
0
 10
377.03110483457795
 20
1406.5180274117533
 10
371.3101765786884
 20
1406.5180274117533
  0
LWPOLYLINE
  5
38B
330
17
100
AcDbEntity
  8
HIDDEN
100
AcDbPolyline
 90
2
 70
0
 10
564.1172825061253
 20
1406.5180274117533
 10
553.7776955229468
 20
1406.5180274117533
  0
LWPOLYLINE
  5
38C
330
17
100
AcDbEntity
  8
HIDDEN
100
AcDbPolyline
 90
2
 70
0
 10
384.57488593895414
 20
1406.5180274117533
 10
377.03110483457795
 20
1406.5180274117533
  0
LWPOLYLINE
  5
38D
330
17
100
AcDbEntity
  8
HIDDEN
100
AcDbPolyline
 90
2
 70
0
 10
553.7776955229468
 20
1406.5180274117533
 10
547.7756751949947
 20
1406.5180274117533
  0
LWPOLYLINE
  5
38E
330
17
100
AcDbEntity
  8
HIDDEN
100
AcDbPolyline
 90
2
 70
0
 10
393.5418222052174
 20
1406.5180274117533
 10
384.57488593895414
 20
1406.5180274117533
  0
LWPOLYLINE
  5
38F
330
17
100
AcDbEntity
  8
HIDDEN
100
AcDbPolyline
 90
2
 70
0
 10
547.7756751949947
 20
1406.5180274117533
 10
541.5860392642568
 20
1406.5180274117533
  0
LWPOLYLINE
  5
390
330
17
100
AcDbEntity
  8
HIDDEN
100
AcDbPolyline
 90
2
 70
0
 10
529.4989660073442
 20
1406.5180274117533
 10
393.5418222052174
 20
1406.5180274117533
  0
LWPOLYLINE
  5
391
330
17
100
AcDbEntity
  8
HIDDEN
100
AcDbPolyline
 90
2
 70
0
 10
541.5860392642568
 20
1406.5180274117533
 10
535.4230996904217
 20
1406.5180274117533
  0
LWPOLYLINE
  5
392
330
17
100
AcDbEntity
  8
HIDDEN
100
AcDbPolyline
 90
2
 70
0
 10
535.4230996904217
 20
1406.5180274117533
 10
529.4989660073442
 20
1406.5180274117533
  0
LWPOLYLINE
  5
393
330
17
100
AcDbEntity
  8
HIDDEN
100
AcDbPolyline
 90
2
 70
0
 10
436.68511400327196
 20
1406.5180274117533
 10
436.19136722467636
 20
1406.5180274117533
  0
LWPOLYLINE
  5
394
330
17
100
AcDbEntity
  8
HIDDEN
100
AcDbPolyline
 90
2
 70
0
 10
436.19136722467636
 20
1406.5180274117533
 10
434.7678544025266
 20
1406.5180274117533
  0
LWPOLYLINE
  5
395
330
17
100
AcDbEntity
  8
HIDDEN
100
AcDbPolyline
 90
2
 70
0
 10
434.7678544025266
 20
1406.5180274117533
 10
432.4123385391439
 20
1406.5180274117533
  0
LWPOLYLINE
  5
396
330
17
100
AcDbEntity
  8
HIDDEN
100
AcDbPolyline
 90
2
 70
0
 10
432.4123385391439
 20
1406.5180274117533
 10
429.3072347588372
 20
1406.5180274117533
  0
LWPOLYLINE
  5
397
330
17
100
AcDbEntity
  8
HIDDEN
100
AcDbPolyline
 90
2
 70
0
 10
429.3072347588372
 20
1406.5180274117533
 10
425.4476635060161
 20
1406.5180274117533
  0
LWPOLYLINE
  5
398
330
17
100
AcDbEntity
  8
HIDDEN
100
AcDbPolyline
 90
2
 70
0
 10
425.4476635060161
 20
1406.5180274117533
 10
421.13251649302595
 20
1406.5180274117533
  0
LWPOLYLINE
  5
399
330
17
100
AcDbEntity
  8
HIDDEN
100
AcDbPolyline
 90
2
 70
0
 10
421.13251649302595
 20
1406.5180274117533
 10
416.4530883038193
 20
1406.5180274117533
  0
LWPOLYLINE
  5
39A
330
17
100
AcDbEntity
  8
HIDDEN
100
AcDbPolyline
 90
2
 70
0
 10
416.4530883038193
 20
1406.5180274117533
 10
411.4851298687378
 20
1406.5180274117533
  0
LWPOLYLINE
  5
39B
330
17
100
AcDbEntity
  8
HIDDEN
100
AcDbPolyline
 90
2
 70
0
 10
411.4851298687378
 20
1406.5180274117533
 10
406.51521538039265
 20
1406.5180274117533
  0
LWPOLYLINE
  5
39C
330
17
100
AcDbEntity
  8
HIDDEN
100
AcDbPolyline
 90
2
 70
0
 10
406.51521538039265
 20
1406.5180274117533
 10
401.8301477277561
 20
1406.5180274117533
  0
LWPOLYLINE
  5
39D
330
17
100
AcDbEntity
  8
HIDDEN
100
AcDbPolyline
 90
2
 70
0
 10
401.8301477277561
 20
1406.5180274117533
 10
397.5058889016133
 20
1406.5180274117533
  0
LWPOLYLINE
  5
39E
330
17
100
AcDbEntity
  8
HIDDEN
100
AcDbPolyline
 90
2
 70
0
 10
397.5058889016133
 20
1406.5180274117533
 10
393.63379638333436
 20
1406.5180274117533
  0
LWPOLYLINE
  5
39F
330
17
100
AcDbEntity
  8
HIDDEN
100
AcDbPolyline
 90
2
 70
0
 10
393.63379638333436
 20
1406.5180274117533
 10
390.45788946740004
 20
1406.5180274117533
  0
LWPOLYLINE
  5
3A0
330
17
100
AcDbEntity
  8
HIDDEN
100
AcDbPolyline
 90
2
 70
0
 10
390.45788946740004
 20
1406.5180274117533
 10
388.1023736040173
 20
1406.5180274117533
  0
LWPOLYLINE
  5
3A1
330
17
100
AcDbEntity
  8
HIDDEN
100
AcDbPolyline
 90
2
 70
0
 10
388.1023736040173
 20
1406.5180274117533
 10
386.67886078186757
 20
1406.5180274117533
  0
LWPOLYLINE
  5
3A2
330
17
100
AcDbEntity
  8
HIDDEN
100
AcDbPolyline
 90
2
 70
0
 10
386.67886078186757
 20
1406.5180274117533
 10
386.18511400327196
 20
1406.5180274117533
  0
LWPOLYLINE
  5
3A3
330
17
100
AcDbEntity
  8
HIDDEN
100
AcDbPolyline
 90
2
 70
0
 10
386.18511400327196
 20
1406.5180274117533
 10
386.67886078186757
 20
1406.5180274117533
  0
LWPOLYLINE
  5
3A4
330
17
100
AcDbEntity
  8
HIDDEN
100
AcDbPolyline
 90
2
 70
0
 10
386.67886078186757
 20
1406.5180274117533
 10
388.1023736040173
 20
1406.5180274117533
  0
LWPOLYLINE
  5
3A5
330
17
100
AcDbEntity
  8
HIDDEN
100
AcDbPolyline
 90
2
 70
0
 10
388.1023736040173
 20
1406.5180274117533
 10
390.4023766126862
 20
1406.5180274117533
  0
LWPOLYLINE
  5
3A6
330
17
100
AcDbEntity
  8
HIDDEN
100
AcDbPolyline
 90
2
 70
0
 10
390.4023766126862
 20
1406.5180274117533
 10
393.56299324770674
 20
1406.5180274117533
  0
LWPOLYLINE
  5
3A7
330
17
100
AcDbEntity
  8
HIDDEN
100
AcDbPolyline
 90
2
 70
0
 10
393.56299324770674
 20
1406.5180274117533
 10
397.3394600220936
 20
1406.5180274117533
  0
LWPOLYLINE
  5
3A8
330
17
100
AcDbEntity
  8
HIDDEN
100
AcDbPolyline
 90
2
 70
0
 10
397.3394600220936
 20
1406.5180274117533
 10
401.7377115135179
 20
1406.5180274117533
  0
LWPOLYLINE
  5
3A9
330
17
100
AcDbEntity
  8
HIDDEN
100
AcDbPolyline
 90
2
 70
0
 10
401.7377115135179
 20
1406.5180274117533
 10
406.4171397027246
 20
1406.5180274117533
  0
LWPOLYLINE
  5
3AA
330
17
100
AcDbEntity
  8
HIDDEN
100
AcDbPolyline
 90
2
 70
0
 10
406.4171397027246
 20
1406.5180274117533
 10
411.38509813780615
 20
1406.5180274117533
  0
LWPOLYLINE
  5
3AB
330
17
100
AcDbEntity
  8
HIDDEN
100
AcDbPolyline
 90
2
 70
0
 10
411.38509813780615
 20
1406.5180274117533
 10
416.2568597321888
 20
1406.5180274117533
  0
LWPOLYLINE
  5
3AC
330
17
100
AcDbEntity
  8
HIDDEN
100
AcDbPolyline
 90
2
 70
0
 10
416.2568597321888
 20
1406.5180274117533
 10
421.0400802787878
 20
1406.5180274117533
  0
LWPOLYLINE
  5
3AD
330
17
100
AcDbEntity
  8
HIDDEN
100
AcDbPolyline
 90
2
 70
0
 10
421.0400802787878
 20
1406.5180274117533
 10
425.4476635060161
 20
1406.5180274117533
  0
LWPOLYLINE
  5
3AE
330
17
100
AcDbEntity
  8
HIDDEN
100
AcDbPolyline
 90
2
 70
0
 10
425.4476635060161
 20
1406.5180274117533
 10
429.23643162320957
 20
1406.5180274117533
  0
LWPOLYLINE
  5
3AF
330
17
100
AcDbEntity
  8
HIDDEN
100
AcDbPolyline
 90
2
 70
0
 10
429.23643162320957
 20
1406.5180274117533
 10
432.4123385391439
 20
1406.5180274117533
  0
LWPOLYLINE
  5
3B0
330
17
100
AcDbEntity
  8
HIDDEN
100
AcDbPolyline
 90
2
 70
0
 10
432.4123385391439
 20
1406.5180274117533
 10
434.7678544025266
 20
1406.5180274117533
  0
LWPOLYLINE
  5
3B1
330
17
100
AcDbEntity
  8
HIDDEN
100
AcDbPolyline
 90
2
 70
0
 10
434.7678544025266
 20
1406.5180274117533
 10
436.19136722467636
 20
1406.5180274117533
  0
LWPOLYLINE
  5
3B2
330
17
100
AcDbEntity
  8
HIDDEN
100
AcDbPolyline
 90
2
 70
0
 10
436.19136722467636
 20
1406.5180274117533
 10
436.68511400327196
 20
1406.5180274117533
  0
LWPOLYLINE
  5
3B3
330
17
100
AcDbEntity
  8
HIDDEN
100
AcDbPolyline
 90
2
 70
0
 10
568.245114003272
 20
1406.5180274117533
 10
567.7513672246764
 20
1406.5180274117533
  0
LWPOLYLINE
  5
3B4
330
17
100
AcDbEntity
  8
HIDDEN
100
AcDbPolyline
 90
2
 70
0
 10
567.7513672246763
 20
1406.5180274117533
 10
568.245114003272
 20
1406.5180274117533
  0
LWPOLYLINE
  5
3B5
330
17
100
AcDbEntity
  8
HIDDEN
100
AcDbPolyline
 90
2
 70
0
 10
567.7513672246764
 20
1406.5180274117533
 10
566.3278544025267
 20
1406.5180274117533
  0
LWPOLYLINE
  5
3B6
330
17
100
AcDbEntity
  8
HIDDEN
100
AcDbPolyline
 90
2
 70
0
 10
566.2894366616716
 20
1406.5180274117533
 10
567.7513672246763
 20
1406.5180274117533
  0
LWPOLYLINE
  5
3B7
330
17
100
AcDbEntity
  8
HIDDEN
100
AcDbPolyline
 90
2
 70
0
 10
566.3278544025267
 20
1406.5180274117533
 10
563.972338539144
 20
1406.5180274117533
  0
LWPOLYLINE
  5
3B8
330
17
100
AcDbEntity
  8
HIDDEN
100
AcDbPolyline
 90
2
 70
0
 10
563.9164964533479
 20
1406.5180274117533
 10
566.2894366616716
 20
1406.5180274117533
  0
LWPOLYLINE
  5
3B9
330
17
100
AcDbEntity
  8
HIDDEN
100
AcDbPolyline
 90
2
 70
0
 10
563.972338539144
 20
1406.5180274117533
 10
560.8672347588372
 20
1406.5180274117533
  0
LWPOLYLINE
  5
3BA
330
17
100
AcDbEntity
  8
HIDDEN
100
AcDbPolyline
 90
2
 70
0
 10
560.7964316232096
 20
1406.5180274117533
 10
563.9164964533479
 20
1406.5180274117533
  0
LWPOLYLINE
  5
3BB
330
17
100
AcDbEntity
  8
HIDDEN
100
AcDbPolyline
 90
2
 70
0
 10
560.8672347588372
 20
1406.5180274117533
 10
557.0076635060161
 20
1406.5180274117533
  0
LWPOLYLINE
  5
3BC
330
17
100
AcDbEntity
  8
HIDDEN
100
AcDbPolyline
 90
2
 70
0
 10
557.0076635060161
 20
1406.5180274117533
 10
560.7964316232096
 20
1406.5180274117533
  0
LWPOLYLINE
  5
3BD
330
17
100
AcDbEntity
  8
HIDDEN
100
AcDbPolyline
 90
2
 70
0
 10
557.0076635060161
 20
1406.5180274117533
 10
552.692516493026
 20
1406.5180274117533
  0
LWPOLYLINE
  5
3BE
330
17
100
AcDbEntity
  8
HIDDEN
100
AcDbPolyline
 90
2
 70
0
 10
552.6000802787878
 20
1406.5180274117533
 10
557.0076635060161
 20
1406.5180274117533
  0
LWPOLYLINE
  5
3BF
330
17
100
AcDbEntity
  8
HIDDEN
100
AcDbPolyline
 90
2
 70
0
 10
552.692516493026
 20
1406.5180274117533
 10
548.0130883038192
 20
1406.5180274117533
  0
LWPOLYLINE
  5
3C0
330
17
100
AcDbEntity
  8
HIDDEN
100
AcDbPolyline
 90
2
 70
0
 10
547.9150126261513
 20
1406.5180274117533
 10
552.6000802787878
 20
1406.5180274117533
  0
LWPOLYLINE
  5
3C1
330
17
100
AcDbEntity
  8
HIDDEN
100
AcDbPolyline
 90
2
 70
0
 10
548.0130883038192
 20
1406.5180274117533
 10
543.0451298687377
 20
1406.5180274117533
  0
LWPOLYLINE
  5
3C2
330
17
100
AcDbEntity
  8
HIDDEN
100
AcDbPolyline
 90
2
 70
0
 10
542.9450981378062
 20
1406.5180274117533
 10
547.9150126261513
 20
1406.5180274117533
  0
LWPOLYLINE
  5
3C3
330
17
100
AcDbEntity
  8
HIDDEN
100
AcDbPolyline
 90
2
 70
0
 10
543.0451298687377
 20
1406.5180274117533
 10
538.0752153803927
 20
1406.5180274117533
  0
LWPOLYLINE
  5
3C4
330
17
100
AcDbEntity
  8
HIDDEN
100
AcDbPolyline
 90
2
 70
0
 10
537.9771397027247
 20
1406.5180274117533
 10
542.9450981378062
 20
1406.5180274117533
  0
LWPOLYLINE
  5
3C5
330
17
100
AcDbEntity
  8
HIDDEN
100
AcDbPolyline
 90
2
 70
0
 10
538.0752153803927
 20
1406.5180274117533
 10
533.2977115135179
 20
1406.5180274117533
  0
LWPOLYLINE
  5
3C6
330
17
100
AcDbEntity
  8
HIDDEN
100
AcDbPolyline
 90
2
 70
0
 10
533.2977115135179
 20
1406.5180274117533
 10
537.9771397027247
 20
1406.5180274117533
  0
LWPOLYLINE
  5
3C7
330
17
100
AcDbEntity
  8
HIDDEN
100
AcDbPolyline
 90
2
 70
0
 10
533.2977115135179
 20
1406.5180274117533
 10
528.9825645005278
 20
1406.5180274117533
  0
LWPOLYLINE
  5
3C8
330
17
100
AcDbEntity
  8
HIDDEN
100
AcDbPolyline
 90
2
 70
0
 10
528.8994600220936
 20
1406.5180274117533
 10
533.2977115135179
 20
1406.5180274117533
  0
LWPOLYLINE
  5
3C9
330
17
100
AcDbEntity
  8
HIDDEN
100
AcDbPolyline
 90
2
 70
0
 10
528.9825645005278
 20
1406.5180274117533
 10
525.1229932477067
 20
1406.5180274117533
  0
LWPOLYLINE
  5
3CA
330
17
100
AcDbEntity
  8
HIDDEN
100
AcDbPolyline
 90
2
 70
0
 10
525.1229932477067
 20
1406.5180274117533
 10
528.8994600220936
 20
1406.5180274117533
  0
LWPOLYLINE
  5
3CB
330
17
100
AcDbEntity
  8
HIDDEN
100
AcDbPolyline
 90
2
 70
0
 10
525.1229932477067
 20
1406.5180274117533
 10
521.9623766126862
 20
1406.5180274117533
  0
LWPOLYLINE
  5
3CC
330
17
100
AcDbEntity
  8
HIDDEN
100
AcDbPolyline
 90
2
 70
0
 10
522.0178894674
 20
1406.5180274117533
 10
525.1229932477067
 20
1406.5180274117533
  0
LWPOLYLINE
  5
3CD
330
17
100
AcDbEntity
  8
HIDDEN
100
AcDbPolyline
 90
2
 70
0
 10
521.9623766126862
 20
1406.5180274117533
 10
519.6623736040173
 20
1406.5180274117533
  0
LWPOLYLINE
  5
3CE
330
17
100
AcDbEntity
  8
HIDDEN
100
AcDbPolyline
 90
2
 70
0
 10
519.6623736040173
 20
1406.5180274117533
 10
522.0178894674
 20
1406.5180274117533
  0
LWPOLYLINE
  5
3CF
330
17
100
AcDbEntity
  8
HIDDEN
100
AcDbPolyline
 90
2
 70
0
 10
519.6623736040173
 20
1406.5180274117533
 10
518.2388607818676
 20
1406.5180274117533
  0
LWPOLYLINE
  5
3D0
330
17
100
AcDbEntity
  8
HIDDEN
100
AcDbPolyline
 90
2
 70
0
 10
518.2388607818676
 20
1406.5180274117533
 10
519.6623736040173
 20
1406.5180274117533
  0
LWPOLYLINE
  5
3D1
330
17
100
AcDbEntity
  8
HIDDEN
100
AcDbPolyline
 90
2
 70
0
 10
518.2388607818676
 20
1406.5180274117533
 10
517.745114003272
 20
1406.5180274117533
  0
LWPOLYLINE
  5
3D2
330
17
100
AcDbEntity
  8
HIDDEN
100
AcDbPolyline
 90
2
 70
0
 10
517.745114003272
 20
1406.5180274117533
 10
518.2388607818676
 20
1406.5180274117533
  0
LWPOLYLINE
  5
3D3
330
17
100
AcDbEntity
  8
HIDDEN
100
AcDbPolyline
 90
2
 70
0
 10
366.58484912435375
 20
1406.5180274117533
 10
366.58484912435375
 20
1418.5180274117533
  0
LWPOLYLINE
  5
3D4
330
17
100
AcDbEntity
  8
HIDDEN
100
AcDbPolyline
 90
2
 70
0
 10
366.58484912435375
 20
1418.5180274117533
 10
362.99511400327196
 20
1418.5180274117533
  0
LWPOLYLINE
  5
3D5
330
17
100
AcDbEntity
  8
HIDDEN
100
AcDbPolyline
 90
2
 70
0
 10
587.4351222242567
 20
1406.5180274117533
 10
587.4351222242567
 20
1418.5180274117533
  0
LWPOLYLINE
  5
3D6
330
17
100
AcDbEntity
  8
HIDDEN
100
AcDbPolyline
 90
2
 70
0
 10
602.995114003272
 20
1418.5180274117533
 10
587.4351222242567
 20
1418.5180274117533
  0
LWPOLYLINE
  5
3D7
330
17
100
AcDbEntity
  8
HIDDEN
100
AcDbPolyline
 90
2
 70
0
 10
587.4351222242567
 20
1418.5180274117533
 10
585.4173471038941
 20
1418.5180274117533
  0
LWPOLYLINE
  5
3D8
330
17
100
AcDbEntity
  8
HIDDEN
100
AcDbPolyline
 90
2
 70
0
 10
585.4173471038941
 20
1418.5180274117533
 10
580.4689105246747
 20
1418.5180274117533
  0
LWPOLYLINE
  5
3D9
330
17
100
AcDbEntity
  8
HIDDEN
100
AcDbPolyline
 90
2
 70
0
 10
367.73896413929776
 20
1418.5180274117533
 10
366.58484912435375
 20
1418.5180274117533
  0
LWPOLYLINE
  5
3DA
330
17
100
AcDbEntity
  8
HIDDEN
100
AcDbPolyline
 90
2
 70
0
 10
580.4689105246747
 20
1418.5180274117533
 10
573.1786555398846
 20
1418.5180274117533
  0
LWPOLYLINE
  5
3DB
330
17
100
AcDbEntity
  8
HIDDEN
100
AcDbPolyline
 90
2
 70
0
 10
371.3101765786884
 20
1418.5180274117533
 10
367.73896413929776
 20
1418.5180274117533
  0
LWPOLYLINE
  5
3DC
330
17
100
AcDbEntity
  8
HIDDEN
100
AcDbPolyline
 90
2
 70
0
 10
573.1786555398846
 20
1418.5180274117533
 10
564.1172825061253
 20
1418.5180274117533
  0
LWPOLYLINE
  5
3DD
330
17
100
AcDbEntity
  8
HIDDEN
100
AcDbPolyline
 90
2
 70
0
 10
377.03110483457795
 20
1418.5180274117533
 10
371.3101765786884
 20
1418.5180274117533
  0
LWPOLYLINE
  5
3DE
330
17
100
AcDbEntity
  8
HIDDEN
100
AcDbPolyline
 90
2
 70
0
 10
564.1172825061253
 20
1418.5180274117533
 10
553.7776955229468
 20
1418.5180274117533
  0
LWPOLYLINE
  5
3DF
330
17
100
AcDbEntity
  8
HIDDEN
100
AcDbPolyline
 90
2
 70
0
 10
384.57488593895414
 20
1418.5180274117533
 10
377.03110483457795
 20
1418.5180274117533
  0
LWPOLYLINE
  5
3E0
330
17
100
AcDbEntity
  8
HIDDEN
100
AcDbPolyline
 90
2
 70
0
 10
553.7776955229468
 20
1418.5180274117533
 10
547.7756751949947
 20
1418.5180274117533
  0
LWPOLYLINE
  5
3E1
330
17
100
AcDbEntity
  8
HIDDEN
100
AcDbPolyline
 90
2
 70
0
 10
393.5418222052174
 20
1418.5180274117533
 10
384.57488593895414
 20
1418.5180274117533
  0
LWPOLYLINE
  5
3E2
330
17
100
AcDbEntity
  8
HIDDEN
100
AcDbPolyline
 90
2
 70
0
 10
547.7756751949947
 20
1418.5180274117533
 10
541.5860392642568
 20
1418.5180274117533
  0
LWPOLYLINE
  5
3E3
330
17
100
AcDbEntity
  8
HIDDEN
100
AcDbPolyline
 90
2
 70
0
 10
529.4989660073442
 20
1418.5180274117533
 10
393.5418222052174
 20
1418.5180274117533
  0
LWPOLYLINE
  5
3E4
330
17
100
AcDbEntity
  8
HIDDEN
100
AcDbPolyline
 90
2
 70
0
 10
541.5860392642568
 20
1418.5180274117533
 10
535.4230996904217
 20
1418.5180274117533
  0
LWPOLYLINE
  5
3E5
330
17
100
AcDbEntity
  8
HIDDEN
100
AcDbPolyline
 90
2
 70
0
 10
535.4230996904217
 20
1418.5180274117533
 10
529.4989660073442
 20
1418.5180274117533
  0
LWPOLYLINE
  5
3E6
330
17
100
AcDbEntity
  8
HIDDEN
100
AcDbPolyline
 90
2
 70
0
 10
436.68511400327196
 20
1418.5180274117533
 10
436.19136722467636
 20
1418.5180274117533
  0
LWPOLYLINE
  5
3E7
330
17
100
AcDbEntity
  8
HIDDEN
100
AcDbPolyline
 90
2
 70
0
 10
436.19136722467636
 20
1418.5180274117533
 10
434.7678544025266
 20
1418.5180274117533
  0
LWPOLYLINE
  5
3E8
330
17
100
AcDbEntity
  8
HIDDEN
100
AcDbPolyline
 90
2
 70
0
 10
434.7678544025266
 20
1418.5180274117533
 10
432.4123385391439
 20
1418.5180274117533
  0
LWPOLYLINE
  5
3E9
330
17
100
AcDbEntity
  8
HIDDEN
100
AcDbPolyline
 90
2
 70
0
 10
432.4123385391439
 20
1418.5180274117533
 10
429.3072347588372
 20
1418.5180274117533
  0
LWPOLYLINE
  5
3EA
330
17
100
AcDbEntity
  8
HIDDEN
100
AcDbPolyline
 90
2
 70
0
 10
429.3072347588372
 20
1418.5180274117533
 10
425.4476635060161
 20
1418.5180274117533
  0
LWPOLYLINE
  5
3EB
330
17
100
AcDbEntity
  8
HIDDEN
100
AcDbPolyline
 90
2
 70
0
 10
425.4476635060161
 20
1418.5180274117533
 10
421.13251649302595
 20
1418.5180274117533
  0
LWPOLYLINE
  5
3EC
330
17
100
AcDbEntity
  8
HIDDEN
100
AcDbPolyline
 90
2
 70
0
 10
421.13251649302595
 20
1418.5180274117533
 10
416.4530883038193
 20
1418.5180274117533
  0
LWPOLYLINE
  5
3ED
330
17
100
AcDbEntity
  8
HIDDEN
100
AcDbPolyline
 90
2
 70
0
 10
416.4530883038193
 20
1418.5180274117533
 10
411.4851298687378
 20
1418.5180274117533
  0
LWPOLYLINE
  5
3EE
330
17
100
AcDbEntity
  8
HIDDEN
100
AcDbPolyline
 90
2
 70
0
 10
411.4851298687378
 20
1418.5180274117533
 10
406.51521538039265
 20
1418.5180274117533
  0
LWPOLYLINE
  5
3EF
330
17
100
AcDbEntity
  8
HIDDEN
100
AcDbPolyline
 90
2
 70
0
 10
406.51521538039265
 20
1418.5180274117533
 10
401.8301477277561
 20
1418.5180274117533
  0
LWPOLYLINE
  5
3F0
330
17
100
AcDbEntity
  8
HIDDEN
100
AcDbPolyline
 90
2
 70
0
 10
401.8301477277561
 20
1418.5180274117533
 10
397.5058889016133
 20
1418.5180274117533
  0
LWPOLYLINE
  5
3F1
330
17
100
AcDbEntity
  8
HIDDEN
100
AcDbPolyline
 90
2
 70
0
 10
397.5058889016133
 20
1418.5180274117533
 10
393.63379638333436
 20
1418.5180274117533
  0
LWPOLYLINE
  5
3F2
330
17
100
AcDbEntity
  8
HIDDEN
100
AcDbPolyline
 90
2
 70
0
 10
393.63379638333436
 20
1418.5180274117533
 10
390.45788946740004
 20
1418.5180274117533
  0
LWPOLYLINE
  5
3F3
330
17
100
AcDbEntity
  8
HIDDEN
100
AcDbPolyline
 90
2
 70
0
 10
390.45788946740004
 20
1418.5180274117533
 10
388.1023736040173
 20
1418.5180274117533
  0
LWPOLYLINE
  5
3F4
330
17
100
AcDbEntity
  8
HIDDEN
100
AcDbPolyline
 90
2
 70
0
 10
388.1023736040173
 20
1418.5180274117533
 10
386.67886078186757
 20
1418.5180274117533
  0
LWPOLYLINE
  5
3F5
330
17
100
AcDbEntity
  8
HIDDEN
100
AcDbPolyline
 90
2
 70
0
 10
386.67886078186757
 20
1418.5180274117533
 10
386.18511400327196
 20
1418.5180274117533
  0
LWPOLYLINE
  5
3F6
330
17
100
AcDbEntity
  8
HIDDEN
100
AcDbPolyline
 90
2
 70
0
 10
386.18511400327196
 20
1418.5180274117533
 10
386.67886078186757
 20
1418.5180274117533
  0
LWPOLYLINE
  5
3F7
330
17
100
AcDbEntity
  8
HIDDEN
100
AcDbPolyline
 90
2
 70
0
 10
386.67886078186757
 20
1418.5180274117533
 10
388.1023736040173
 20
1418.5180274117533
  0
LWPOLYLINE
  5
3F8
330
17
100
AcDbEntity
  8
HIDDEN
100
AcDbPolyline
 90
2
 70
0
 10
388.1023736040173
 20
1418.5180274117533
 10
390.4023766126862
 20
1418.5180274117533
  0
LWPOLYLINE
  5
3F9
330
17
100
AcDbEntity
  8
HIDDEN
100
AcDbPolyline
 90
2
 70
0
 10
390.4023766126862
 20
1418.5180274117533
 10
393.56299324770674
 20
1418.5180274117533
  0
LWPOLYLINE
  5
3FA
330
17
100
AcDbEntity
  8
HIDDEN
100
AcDbPolyline
 90
2
 70
0
 10
393.56299324770674
 20
1418.5180274117533
 10
397.3394600220936
 20
1418.5180274117533
  0
LWPOLYLINE
  5
3FB
330
17
100
AcDbEntity
  8
HIDDEN
100
AcDbPolyline
 90
2
 70
0
 10
397.3394600220936
 20
1418.5180274117533
 10
401.7377115135179
 20
1418.5180274117533
  0
LWPOLYLINE
  5
3FC
330
17
100
AcDbEntity
  8
HIDDEN
100
AcDbPolyline
 90
2
 70
0
 10
401.7377115135179
 20
1418.5180274117533
 10
406.4171397027246
 20
1418.5180274117533
  0
LWPOLYLINE
  5
3FD
330
17
100
AcDbEntity
  8
HIDDEN
100
AcDbPolyline
 90
2
 70
0
 10
406.4171397027246
 20
1418.5180274117533
 10
411.38509813780615
 20
1418.5180274117533
  0
LWPOLYLINE
  5
3FE
330
17
100
AcDbEntity
  8
HIDDEN
100
AcDbPolyline
 90
2
 70
0
 10
411.38509813780615
 20
1418.5180274117533
 10
416.2568597321888
 20
1418.5180274117533
  0
LWPOLYLINE
  5
3FF
330
17
100
AcDbEntity
  8
HIDDEN
100
AcDbPolyline
 90
2
 70
0
 10
416.2568597321888
 20
1418.5180274117533
 10
421.0400802787878
 20
1418.5180274117533
  0
LWPOLYLINE
  5
400
330
17
100
AcDbEntity
  8
HIDDEN
100
AcDbPolyline
 90
2
 70
0
 10
421.0400802787878
 20
1418.5180274117533
 10
425.4476635060161
 20
1418.5180274117533
  0
LWPOLYLINE
  5
401
330
17
100
AcDbEntity
  8
HIDDEN
100
AcDbPolyline
 90
2
 70
0
 10
425.4476635060161
 20
1418.5180274117533
 10
429.23643162320957
 20
1418.5180274117533
  0
LWPOLYLINE
  5
402
330
17
100
AcDbEntity
  8
HIDDEN
100
AcDbPolyline
 90
2
 70
0
 10
429.23643162320957
 20
1418.5180274117533
 10
432.4123385391439
 20
1418.5180274117533
  0
LWPOLYLINE
  5
403
330
17
100
AcDbEntity
  8
HIDDEN
100
AcDbPolyline
 90
2
 70
0
 10
432.4123385391439
 20
1418.5180274117533
 10
434.7678544025266
 20
1418.5180274117533
  0
LWPOLYLINE
  5
404
330
17
100
AcDbEntity
  8
HIDDEN
100
AcDbPolyline
 90
2
 70
0
 10
434.7678544025266
 20
1418.5180274117533
 10
436.19136722467636
 20
1418.5180274117533
  0
LWPOLYLINE
  5
405
330
17
100
AcDbEntity
  8
HIDDEN
100
AcDbPolyline
 90
2
 70
0
 10
436.19136722467636
 20
1418.5180274117533
 10
436.68511400327196
 20
1418.5180274117533
  0
LWPOLYLINE
  5
406
330
17
100
AcDbEntity
  8
HIDDEN
100
AcDbPolyline
 90
2
 70
0
 10
568.245114003272
 20
1418.5180274117533
 10
567.7513672246764
 20
1418.5180274117533
  0
LWPOLYLINE
  5
407
330
17
100
AcDbEntity
  8
HIDDEN
100
AcDbPolyline
 90
2
 70
0
 10
567.7513672246763
 20
1418.5180274117533
 10
568.245114003272
 20
1418.5180274117533
  0
LWPOLYLINE
  5
408
330
17
100
AcDbEntity
  8
HIDDEN
100
AcDbPolyline
 90
2
 70
0
 10
567.7513672246764
 20
1418.5180274117533
 10
566.3278544025267
 20
1418.5180274117533
  0
LWPOLYLINE
  5
409
330
17
100
AcDbEntity
  8
HIDDEN
100
AcDbPolyline
 90
2
 70
0
 10
566.2894366616716
 20
1418.5180274117533
 10
567.7513672246763
 20
1418.5180274117533
  0
LWPOLYLINE
  5
40A
330
17
100
AcDbEntity
  8
HIDDEN
100
AcDbPolyline
 90
2
 70
0
 10
566.3278544025267
 20
1418.5180274117533
 10
563.972338539144
 20
1418.5180274117533
  0
LWPOLYLINE
  5
40B
330
17
100
AcDbEntity
  8
HIDDEN
100
AcDbPolyline
 90
2
 70
0
 10
563.9164964533479
 20
1418.5180274117533
 10
566.2894366616716
 20
1418.5180274117533
  0
LWPOLYLINE
  5
40C
330
17
100
AcDbEntity
  8
HIDDEN
100
AcDbPolyline
 90
2
 70
0
 10
563.972338539144
 20
1418.5180274117533
 10
560.8672347588372
 20
1418.5180274117533
  0
LWPOLYLINE
  5
40D
330
17
100
AcDbEntity
  8
HIDDEN
100
AcDbPolyline
 90
2
 70
0
 10
560.7964316232096
 20
1418.5180274117533
 10
563.9164964533479
 20
1418.5180274117533
  0
LWPOLYLINE
  5
40E
330
17
100
AcDbEntity
  8
HIDDEN
100
AcDbPolyline
 90
2
 70
0
 10
560.8672347588372
 20
1418.5180274117533
 10
557.0076635060161
 20
1418.5180274117533
  0
LWPOLYLINE
  5
40F
330
17
100
AcDbEntity
  8
HIDDEN
100
AcDbPolyline
 90
2
 70
0
 10
557.0076635060161
 20
1418.5180274117533
 10
560.7964316232096
 20
1418.5180274117533
  0
LWPOLYLINE
  5
410
330
17
100
AcDbEntity
  8
HIDDEN
100
AcDbPolyline
 90
2
 70
0
 10
557.0076635060161
 20
1418.5180274117533
 10
552.692516493026
 20
1418.5180274117533
  0
LWPOLYLINE
  5
411
330
17
100
AcDbEntity
  8
HIDDEN
100
AcDbPolyline
 90
2
 70
0
 10
552.6000802787878
 20
1418.5180274117533
 10
557.0076635060161
 20
1418.5180274117533
  0
LWPOLYLINE
  5
412
330
17
100
AcDbEntity
  8
HIDDEN
100
AcDbPolyline
 90
2
 70
0
 10
552.692516493026
 20
1418.5180274117533
 10
548.0130883038192
 20
1418.5180274117533
  0
LWPOLYLINE
  5
413
330
17
100
AcDbEntity
  8
HIDDEN
100
AcDbPolyline
 90
2
 70
0
 10
547.9150126261513
 20
1418.5180274117533
 10
552.6000802787878
 20
1418.5180274117533
  0
LWPOLYLINE
  5
414
330
17
100
AcDbEntity
  8
HIDDEN
100
AcDbPolyline
 90
2
 70
0
 10
548.0130883038192
 20
1418.5180274117533
 10
543.0451298687377
 20
1418.5180274117533
  0
LWPOLYLINE
  5
415
330
17
100
AcDbEntity
  8
HIDDEN
100
AcDbPolyline
 90
2
 70
0
 10
542.9450981378062
 20
1418.5180274117533
 10
547.9150126261513
 20
1418.5180274117533
  0
LWPOLYLINE
  5
416
330
17
100
AcDbEntity
  8
HIDDEN
100
AcDbPolyline
 90
2
 70
0
 10
543.0451298687377
 20
1418.5180274117533
 10
538.0752153803927
 20
1418.5180274117533
  0
LWPOLYLINE
  5
417
330
17
100
AcDbEntity
  8
HIDDEN
100
AcDbPolyline
 90
2
 70
0
 10
537.9771397027247
 20
1418.5180274117533
 10
542.9450981378062
 20
1418.5180274117533
  0
LWPOLYLINE
  5
418
330
17
100
AcDbEntity
  8
HIDDEN
100
AcDbPolyline
 90
2
 70
0
 10
538.0752153803927
 20
1418.5180274117533
 10
533.2977115135179
 20
1418.5180274117533
  0
LWPOLYLINE
  5
419
330
17
100
AcDbEntity
  8
HIDDEN
100
AcDbPolyline
 90
2
 70
0
 10
533.2977115135179
 20
1418.5180274117533
 10
537.9771397027247
 20
1418.5180274117533
  0
LWPOLYLINE
  5
41A
330
17
100
AcDbEntity
  8
HIDDEN
100
AcDbPolyline
 90
2
 70
0
 10
533.2977115135179
 20
1418.5180274117533
 10
528.9825645005278
 20
1418.5180274117533
  0
LWPOLYLINE
  5
41B
330
17
100
AcDbEntity
  8
HIDDEN
100
AcDbPolyline
 90
2
 70
0
 10
528.8994600220936
 20
1418.5180274117533
 10
533.2977115135179
 20
1418.5180274117533
  0
LWPOLYLINE
  5
41C
330
17
100
AcDbEntity
  8
HIDDEN
100
AcDbPolyline
 90
2
 70
0
 10
528.9825645005278
 20
1418.5180274117533
 10
525.1229932477067
 20
1418.5180274117533
  0
LWPOLYLINE
  5
41D
330
17
100
AcDbEntity
  8
HIDDEN
100
AcDbPolyline
 90
2
 70
0
 10
525.1229932477067
 20
1418.5180274117533
 10
528.8994600220936
 20
1418.5180274117533
  0
LWPOLYLINE
  5
41E
330
17
100
AcDbEntity
  8
HIDDEN
100
AcDbPolyline
 90
2
 70
0
 10
525.1229932477067
 20
1418.5180274117533
 10
521.9623766126862
 20
1418.5180274117533
  0
LWPOLYLINE
  5
41F
330
17
100
AcDbEntity
  8
HIDDEN
100
AcDbPolyline
 90
2
 70
0
 10
522.0178894674
 20
1418.5180274117533
 10
525.1229932477067
 20
1418.5180274117533
  0
LWPOLYLINE
  5
420
330
17
100
AcDbEntity
  8
HIDDEN
100
AcDbPolyline
 90
2
 70
0
 10
521.9623766126862
 20
1418.5180274117533
 10
519.6623736040173
 20
1418.5180274117533
  0
LWPOLYLINE
  5
421
330
17
100
AcDbEntity
  8
HIDDEN
100
AcDbPolyline
 90
2
 70
0
 10
519.6623736040173
 20
1418.5180274117533
 10
522.0178894674
 20
1418.5180274117533
  0
LWPOLYLINE
  5
422
330
17
100
AcDbEntity
  8
HIDDEN
100
AcDbPolyline
 90
2
 70
0
 10
519.6623736040173
 20
1418.5180274117533
 10
518.2388607818676
 20
1418.5180274117533
  0
LWPOLYLINE
  5
423
330
17
100
AcDbEntity
  8
HIDDEN
100
AcDbPolyline
 90
2
 70
0
 10
518.2388607818676
 20
1418.5180274117533
 10
519.6623736040173
 20
1418.5180274117533
  0
LWPOLYLINE
  5
424
330
17
100
AcDbEntity
  8
HIDDEN
100
AcDbPolyline
 90
2
 70
0
 10
518.2388607818676
 20
1418.5180274117533
 10
517.745114003272
 20
1418.5180274117533
  0
LWPOLYLINE
  5
425
330
17
100
AcDbEntity
  8
HIDDEN
100
AcDbPolyline
 90
2
 70
0
 10
517.745114003272
 20
1418.5180274117533
 10
518.2388607818676
 20
1418.5180274117533
  0
LWPOLYLINE
  5
426
330
17
100
AcDbEntity
  8
HIDDEN
100
AcDbPolyline
 90
2
 70
0
 10
458.99511400327196
 20
1226.0180274117533
 10
458.99511400327196
 20
1166.0180274117533
  0
LWPOLYLINE
  5
427
330
17
100
AcDbEntity
  8
HIDDEN
100
AcDbPolyline
 90
2
 70
0
 10
458.99511400327196
 20
1166.0180274117533
 10
466.99511400327196
 20
1166.0180274117533
  0
LWPOLYLINE
  5
428
330
17
100
AcDbEntity
  8
HIDDEN
100
AcDbPolyline
 90
2
 70
0
 10
466.99511400327196
 20
1226.0180274117533
 10
466.99511400327196
 20
1166.0180274117533
  0
LWPOLYLINE
  5
429
330
17
100
AcDbEntity
  8
HIDDEN
100
AcDbPolyline
 90
2
 70
0
 10
602.995114003272
 20
1297.5180274117533
 10
587.4351222242567
 20
1297.5180274117533
  0
LWPOLYLINE
  5
42A
330
17
100
AcDbEntity
  8
HIDDEN
100
AcDbPolyline
 90
2
 70
0
 10
587.4351222242567
 20
1297.5180274117533
 10
585.4173471038941
 20
1297.5180274117533
  0
LWPOLYLINE
  5
42B
330
17
100
AcDbEntity
  8
HIDDEN
100
AcDbPolyline
 90
2
 70
0
 10
366.58484912435375
 20
1297.5180274117533
 10
362.99511400327196
 20
1297.5180274117533
  0
LWPOLYLINE
  5
42C
330
17
100
AcDbEntity
  8
HIDDEN
100
AcDbPolyline
 90
2
 70
0
 10
585.4173471038941
 20
1297.5180274117533
 10
580.4689105246747
 20
1297.5180274117533
  0
LWPOLYLINE
  5
42D
330
17
100
AcDbEntity
  8
HIDDEN
100
AcDbPolyline
 90
2
 70
0
 10
367.73896413929776
 20
1297.5180274117533
 10
366.58484912435375
 20
1297.5180274117533
  0
LWPOLYLINE
  5
42E
330
17
100
AcDbEntity
  8
HIDDEN
100
AcDbPolyline
 90
2
 70
0
 10
580.4689105246747
 20
1297.5180274117533
 10
573.1786555398846
 20
1297.5180274117533
  0
LWPOLYLINE
  5
42F
330
17
100
AcDbEntity
  8
HIDDEN
100
AcDbPolyline
 90
2
 70
0
 10
371.3101765786884
 20
1297.5180274117533
 10
367.73896413929776
 20
1297.5180274117533
  0
LWPOLYLINE
  5
430
330
17
100
AcDbEntity
  8
HIDDEN
100
AcDbPolyline
 90
2
 70
0
 10
573.1786555398846
 20
1297.5180274117533
 10
564.1172825061253
 20
1297.5180274117533
  0
LWPOLYLINE
  5
431
330
17
100
AcDbEntity
  8
HIDDEN
100
AcDbPolyline
 90
2
 70
0
 10
377.03110483457795
 20
1297.5180274117533
 10
371.3101765786884
 20
1297.5180274117533
  0
LWPOLYLINE
  5
432
330
17
100
AcDbEntity
  8
HIDDEN
100
AcDbPolyline
 90
2
 70
0
 10
564.1172825061253
 20
1297.5180274117533
 10
553.7776955229468
 20
1297.5180274117533
  0
LWPOLYLINE
  5
433
330
17
100
AcDbEntity
  8
HIDDEN
100
AcDbPolyline
 90
2
 70
0
 10
384.57488593895414
 20
1297.5180274117533
 10
377.03110483457795
 20
1297.5180274117533
  0
LWPOLYLINE
  5
434
330
17
100
AcDbEntity
  8
HIDDEN
100
AcDbPolyline
 90
2
 70
0
 10
553.7776955229468
 20
1297.5180274117533
 10
547.7756751949947
 20
1297.5180274117533
  0
LWPOLYLINE
  5
435
330
17
100
AcDbEntity
  8
HIDDEN
100
AcDbPolyline
 90
2
 70
0
 10
393.5418222052174
 20
1297.5180274117533
 10
384.57488593895414
 20
1297.5180274117533
  0
LWPOLYLINE
  5
436
330
17
100
AcDbEntity
  8
HIDDEN
100
AcDbPolyline
 90
2
 70
0
 10
547.7756751949947
 20
1297.5180274117533
 10
541.5860392642568
 20
1297.5180274117533
  0
LWPOLYLINE
  5
437
330
17
100
AcDbEntity
  8
HIDDEN
100
AcDbPolyline
 90
2
 70
0
 10
529.4989660073442
 20
1297.5180274117533
 10
393.5418222052174
 20
1297.5180274117533
  0
LWPOLYLINE
  5
438
330
17
100
AcDbEntity
  8
HIDDEN
100
AcDbPolyline
 90
2
 70
0
 10
541.5860392642568
 20
1297.5180274117533
 10
535.4230996904217
 20
1297.5180274117533
  0
LWPOLYLINE
  5
439
330
17
100
AcDbEntity
  8
HIDDEN
100
AcDbPolyline
 90
2
 70
0
 10
535.4230996904217
 20
1297.5180274117533
 10
529.4989660073442
 20
1297.5180274117533
  0
LWPOLYLINE
  5
43A
330
17
100
AcDbEntity
  8
HIDDEN
100
AcDbPolyline
 90
2
 70
0
 10
436.68511400327196
 20
1297.5180274117533
 10
436.19136722467636
 20
1297.5180274117533
  0
LWPOLYLINE
  5
43B
330
17
100
AcDbEntity
  8
HIDDEN
100
AcDbPolyline
 90
2
 70
0
 10
436.19136722467636
 20
1297.5180274117533
 10
434.7678544025266
 20
1297.5180274117533
  0
LWPOLYLINE
  5
43C
330
17
100
AcDbEntity
  8
HIDDEN
100
AcDbPolyline
 90
2
 70
0
 10
434.7678544025266
 20
1297.5180274117533
 10
432.4123385391439
 20
1297.5180274117533
  0
LWPOLYLINE
  5
43D
330
17
100
AcDbEntity
  8
HIDDEN
100
AcDbPolyline
 90
2
 70
0
 10
432.4123385391439
 20
1297.5180274117533
 10
429.3072347588372
 20
1297.5180274117533
  0
LWPOLYLINE
  5
43E
330
17
100
AcDbEntity
  8
HIDDEN
100
AcDbPolyline
 90
2
 70
0
 10
429.3072347588372
 20
1297.5180274117533
 10
425.4476635060161
 20
1297.5180274117533
  0
LWPOLYLINE
  5
43F
330
17
100
AcDbEntity
  8
HIDDEN
100
AcDbPolyline
 90
2
 70
0
 10
425.4476635060161
 20
1297.5180274117533
 10
421.13251649302595
 20
1297.5180274117533
  0
LWPOLYLINE
  5
440
330
17
100
AcDbEntity
  8
HIDDEN
100
AcDbPolyline
 90
2
 70
0
 10
421.13251649302595
 20
1297.5180274117533
 10
416.4530883038193
 20
1297.5180274117533
  0
LWPOLYLINE
  5
441
330
17
100
AcDbEntity
  8
HIDDEN
100
AcDbPolyline
 90
2
 70
0
 10
416.4530883038193
 20
1297.5180274117533
 10
411.4851298687378
 20
1297.5180274117533
  0
LWPOLYLINE
  5
442
330
17
100
AcDbEntity
  8
HIDDEN
100
AcDbPolyline
 90
2
 70
0
 10
411.4851298687378
 20
1297.5180274117533
 10
406.51521538039265
 20
1297.5180274117533
  0
LWPOLYLINE
  5
443
330
17
100
AcDbEntity
  8
HIDDEN
100
AcDbPolyline
 90
2
 70
0
 10
406.51521538039265
 20
1297.5180274117533
 10
401.8301477277561
 20
1297.5180274117533
  0
LWPOLYLINE
  5
444
330
17
100
AcDbEntity
  8
HIDDEN
100
AcDbPolyline
 90
2
 70
0
 10
401.8301477277561
 20
1297.5180274117533
 10
397.5058889016133
 20
1297.5180274117533
  0
LWPOLYLINE
  5
445
330
17
100
AcDbEntity
  8
HIDDEN
100
AcDbPolyline
 90
2
 70
0
 10
397.5058889016133
 20
1297.5180274117533
 10
393.63379638333436
 20
1297.5180274117533
  0
LWPOLYLINE
  5
446
330
17
100
AcDbEntity
  8
HIDDEN
100
AcDbPolyline
 90
2
 70
0
 10
393.63379638333436
 20
1297.5180274117533
 10
390.45788946740004
 20
1297.5180274117533
  0
LWPOLYLINE
  5
447
330
17
100
AcDbEntity
  8
HIDDEN
100
AcDbPolyline
 90
2
 70
0
 10
390.45788946740004
 20
1297.5180274117533
 10
388.1023736040173
 20
1297.5180274117533
  0
LWPOLYLINE
  5
448
330
17
100
AcDbEntity
  8
HIDDEN
100
AcDbPolyline
 90
2
 70
0
 10
388.1023736040173
 20
1297.5180274117533
 10
386.67886078186757
 20
1297.5180274117533
  0
LWPOLYLINE
  5
449
330
17
100
AcDbEntity
  8
HIDDEN
100
AcDbPolyline
 90
2
 70
0
 10
386.67886078186757
 20
1297.5180274117533
 10
386.18511400327196
 20
1297.5180274117533
  0
LWPOLYLINE
  5
44A
330
17
100
AcDbEntity
  8
HIDDEN
100
AcDbPolyline
 90
2
 70
0
 10
386.18511400327196
 20
1297.5180274117533
 10
386.67886078186757
 20
1297.5180274117533
  0
LWPOLYLINE
  5
44B
330
17
100
AcDbEntity
  8
HIDDEN
100
AcDbPolyline
 90
2
 70
0
 10
386.67886078186757
 20
1297.5180274117533
 10
388.1023736040173
 20
1297.5180274117533
  0
LWPOLYLINE
  5
44C
330
17
100
AcDbEntity
  8
HIDDEN
100
AcDbPolyline
 90
2
 70
0
 10
388.1023736040173
 20
1297.5180274117533
 10
390.4023766126862
 20
1297.5180274117533
  0
LWPOLYLINE
  5
44D
330
17
100
AcDbEntity
  8
HIDDEN
100
AcDbPolyline
 90
2
 70
0
 10
390.4023766126862
 20
1297.5180274117533
 10
393.56299324770674
 20
1297.5180274117533
  0
LWPOLYLINE
  5
44E
330
17
100
AcDbEntity
  8
HIDDEN
100
AcDbPolyline
 90
2
 70
0
 10
393.56299324770674
 20
1297.5180274117533
 10
397.3394600220936
 20
1297.5180274117533
  0
LWPOLYLINE
  5
44F
330
17
100
AcDbEntity
  8
HIDDEN
100
AcDbPolyline
 90
2
 70
0
 10
397.3394600220936
 20
1297.5180274117533
 10
401.7377115135179
 20
1297.5180274117533
  0
LWPOLYLINE
  5
450
330
17
100
AcDbEntity
  8
HIDDEN
100
AcDbPolyline
 90
2
 70
0
 10
401.7377115135179
 20
1297.5180274117533
 10
406.4171397027246
 20
1297.5180274117533
  0
LWPOLYLINE
  5
451
330
17
100
AcDbEntity
  8
HIDDEN
100
AcDbPolyline
 90
2
 70
0
 10
406.4171397027246
 20
1297.5180274117533
 10
411.38509813780615
 20
1297.5180274117533
  0
LWPOLYLINE
  5
452
330
17
100
AcDbEntity
  8
HIDDEN
100
AcDbPolyline
 90
2
 70
0
 10
411.38509813780615
 20
1297.5180274117533
 10
416.2568597321888
 20
1297.5180274117533
  0
LWPOLYLINE
  5
453
330
17
100
AcDbEntity
  8
HIDDEN
100
AcDbPolyline
 90
2
 70
0
 10
416.2568597321888
 20
1297.5180274117533
 10
421.0400802787878
 20
1297.5180274117533
  0
LWPOLYLINE
  5
454
330
17
100
AcDbEntity
  8
HIDDEN
100
AcDbPolyline
 90
2
 70
0
 10
421.0400802787878
 20
1297.5180274117533
 10
425.4476635060161
 20
1297.5180274117533
  0
LWPOLYLINE
  5
455
330
17
100
AcDbEntity
  8
HIDDEN
100
AcDbPolyline
 90
2
 70
0
 10
425.4476635060161
 20
1297.5180274117533
 10
429.23643162320957
 20
1297.5180274117533
  0
LWPOLYLINE
  5
456
330
17
100
AcDbEntity
  8
HIDDEN
100
AcDbPolyline
 90
2
 70
0
 10
429.23643162320957
 20
1297.5180274117533
 10
432.4123385391439
 20
1297.5180274117533
  0
LWPOLYLINE
  5
457
330
17
100
AcDbEntity
  8
HIDDEN
100
AcDbPolyline
 90
2
 70
0
 10
432.4123385391439
 20
1297.5180274117533
 10
434.7678544025266
 20
1297.5180274117533
  0
LWPOLYLINE
  5
458
330
17
100
AcDbEntity
  8
HIDDEN
100
AcDbPolyline
 90
2
 70
0
 10
434.7678544025266
 20
1297.5180274117533
 10
436.19136722467636
 20
1297.5180274117533
  0
LWPOLYLINE
  5
459
330
17
100
AcDbEntity
  8
HIDDEN
100
AcDbPolyline
 90
2
 70
0
 10
436.19136722467636
 20
1297.5180274117533
 10
436.68511400327196
 20
1297.5180274117533
  0
LWPOLYLINE
  5
45A
330
17
100
AcDbEntity
  8
HIDDEN
100
AcDbPolyline
 90
2
 70
0
 10
568.245114003272
 20
1297.5180274117533
 10
567.7513672246764
 20
1297.5180274117533
  0
LWPOLYLINE
  5
45B
330
17
100
AcDbEntity
  8
HIDDEN
100
AcDbPolyline
 90
2
 70
0
 10
567.7513672246763
 20
1297.5180274117533
 10
568.245114003272
 20
1297.5180274117533
  0
LWPOLYLINE
  5
45C
330
17
100
AcDbEntity
  8
HIDDEN
100
AcDbPolyline
 90
2
 70
0
 10
567.7513672246764
 20
1297.5180274117533
 10
566.3278544025267
 20
1297.5180274117533
  0
LWPOLYLINE
  5
45D
330
17
100
AcDbEntity
  8
HIDDEN
100
AcDbPolyline
 90
2
 70
0
 10
566.2894366616716
 20
1297.5180274117533
 10
567.7513672246763
 20
1297.5180274117533
  0
LWPOLYLINE
  5
45E
330
17
100
AcDbEntity
  8
HIDDEN
100
AcDbPolyline
 90
2
 70
0
 10
566.3278544025267
 20
1297.5180274117533
 10
563.972338539144
 20
1297.5180274117533
  0
LWPOLYLINE
  5
45F
330
17
100
AcDbEntity
  8
HIDDEN
100
AcDbPolyline
 90
2
 70
0
 10
563.9164964533479
 20
1297.5180274117533
 10
566.2894366616716
 20
1297.5180274117533
  0
LWPOLYLINE
  5
460
330
17
100
AcDbEntity
  8
HIDDEN
100
AcDbPolyline
 90
2
 70
0
 10
563.972338539144
 20
1297.5180274117533
 10
560.8672347588372
 20
1297.5180274117533
  0
LWPOLYLINE
  5
461
330
17
100
AcDbEntity
  8
HIDDEN
100
AcDbPolyline
 90
2
 70
0
 10
560.7964316232096
 20
1297.5180274117533
 10
563.9164964533479
 20
1297.5180274117533
  0
LWPOLYLINE
  5
462
330
17
100
AcDbEntity
  8
HIDDEN
100
AcDbPolyline
 90
2
 70
0
 10
560.8672347588372
 20
1297.5180274117533
 10
557.0076635060161
 20
1297.5180274117533
  0
LWPOLYLINE
  5
463
330
17
100
AcDbEntity
  8
HIDDEN
100
AcDbPolyline
 90
2
 70
0
 10
557.0076635060161
 20
1297.5180274117533
 10
560.7964316232096
 20
1297.5180274117533
  0
LWPOLYLINE
  5
464
330
17
100
AcDbEntity
  8
HIDDEN
100
AcDbPolyline
 90
2
 70
0
 10
557.0076635060161
 20
1297.5180274117533
 10
552.692516493026
 20
1297.5180274117533
  0
LWPOLYLINE
  5
465
330
17
100
AcDbEntity
  8
HIDDEN
100
AcDbPolyline
 90
2
 70
0
 10
552.6000802787878
 20
1297.5180274117533
 10
557.0076635060161
 20
1297.5180274117533
  0
LWPOLYLINE
  5
466
330
17
100
AcDbEntity
  8
HIDDEN
100
AcDbPolyline
 90
2
 70
0
 10
552.692516493026
 20
1297.5180274117533
 10
548.0130883038192
 20
1297.5180274117533
  0
LWPOLYLINE
  5
467
330
17
100
AcDbEntity
  8
HIDDEN
100
AcDbPolyline
 90
2
 70
0
 10
547.9150126261513
 20
1297.5180274117533
 10
552.6000802787878
 20
1297.5180274117533
  0
LWPOLYLINE
  5
468
330
17
100
AcDbEntity
  8
HIDDEN
100
AcDbPolyline
 90
2
 70
0
 10
548.0130883038192
 20
1297.5180274117533
 10
543.0451298687377
 20
1297.5180274117533
  0
LWPOLYLINE
  5
469
330
17
100
AcDbEntity
  8
HIDDEN
100
AcDbPolyline
 90
2
 70
0
 10
542.9450981378062
 20
1297.5180274117533
 10
547.9150126261513
 20
1297.5180274117533
  0
LWPOLYLINE
  5
46A
330
17
100
AcDbEntity
  8
HIDDEN
100
AcDbPolyline
 90
2
 70
0
 10
543.0451298687377
 20
1297.5180274117533
 10
538.0752153803927
 20
1297.5180274117533
  0
LWPOLYLINE
  5
46B
330
17
100
AcDbEntity
  8
HIDDEN
100
AcDbPolyline
 90
2
 70
0
 10
537.9771397027247
 20
1297.5180274117533
 10
542.9450981378062
 20
1297.5180274117533
  0
LWPOLYLINE
  5
46C
330
17
100
AcDbEntity
  8
HIDDEN
100
AcDbPolyline
 90
2
 70
0
 10
538.0752153803927
 20
1297.5180274117533
 10
533.2977115135179
 20
1297.5180274117533
  0
LWPOLYLINE
  5
46D
330
17
100
AcDbEntity
  8
HIDDEN
100
AcDbPolyline
 90
2
 70
0
 10
533.2977115135179
 20
1297.5180274117533
 10
537.9771397027247
 20
1297.5180274117533
  0
LWPOLYLINE
  5
46E
330
17
100
AcDbEntity
  8
HIDDEN
100
AcDbPolyline
 90
2
 70
0
 10
533.2977115135179
 20
1297.5180274117533
 10
528.9825645005278
 20
1297.5180274117533
  0
LWPOLYLINE
  5
46F
330
17
100
AcDbEntity
  8
HIDDEN
100
AcDbPolyline
 90
2
 70
0
 10
528.8994600220936
 20
1297.5180274117533
 10
533.2977115135179
 20
1297.5180274117533
  0
LWPOLYLINE
  5
470
330
17
100
AcDbEntity
  8
HIDDEN
100
AcDbPolyline
 90
2
 70
0
 10
528.9825645005278
 20
1297.5180274117533
 10
525.1229932477067
 20
1297.5180274117533
  0
LWPOLYLINE
  5
471
330
17
100
AcDbEntity
  8
HIDDEN
100
AcDbPolyline
 90
2
 70
0
 10
525.1229932477067
 20
1297.5180274117533
 10
528.8994600220936
 20
1297.5180274117533
  0
LWPOLYLINE
  5
472
330
17
100
AcDbEntity
  8
HIDDEN
100
AcDbPolyline
 90
2
 70
0
 10
525.1229932477067
 20
1297.5180274117533
 10
521.9623766126862
 20
1297.5180274117533
  0
LWPOLYLINE
  5
473
330
17
100
AcDbEntity
  8
HIDDEN
100
AcDbPolyline
 90
2
 70
0
 10
522.0178894674
 20
1297.5180274117533
 10
525.1229932477067
 20
1297.5180274117533
  0
LWPOLYLINE
  5
474
330
17
100
AcDbEntity
  8
HIDDEN
100
AcDbPolyline
 90
2
 70
0
 10
521.9623766126862
 20
1297.5180274117533
 10
519.6623736040173
 20
1297.5180274117533
  0
LWPOLYLINE
  5
475
330
17
100
AcDbEntity
  8
HIDDEN
100
AcDbPolyline
 90
2
 70
0
 10
519.6623736040173
 20
1297.5180274117533
 10
522.0178894674
 20
1297.5180274117533
  0
LWPOLYLINE
  5
476
330
17
100
AcDbEntity
  8
HIDDEN
100
AcDbPolyline
 90
2
 70
0
 10
519.6623736040173
 20
1297.5180274117533
 10
518.2388607818676
 20
1297.5180274117533
  0
LWPOLYLINE
  5
477
330
17
100
AcDbEntity
  8
HIDDEN
100
AcDbPolyline
 90
2
 70
0
 10
518.2388607818676
 20
1297.5180274117533
 10
519.6623736040173
 20
1297.5180274117533
  0
LWPOLYLINE
  5
478
330
17
100
AcDbEntity
  8
HIDDEN
100
AcDbPolyline
 90
2
 70
0
 10
518.2388607818676
 20
1297.5180274117533
 10
517.745114003272
 20
1297.5180274117533
  0
LWPOLYLINE
  5
479
330
17
100
AcDbEntity
  8
HIDDEN
100
AcDbPolyline
 90
2
 70
0
 10
517.745114003272
 20
1297.5180274117533
 10
518.2388607818676
 20
1297.5180274117533
  0
LWPOLYLINE
  5
47A
330
17
100
AcDbEntity
  8
HIDDEN
100
AcDbPolyline
 90
2
 70
0
 10
366.58484912435375
 20
1297.5180274117533
 10
366.58484912435375
 20
1309.5180274117533
  0
LWPOLYLINE
  5
47B
330
17
100
AcDbEntity
  8
HIDDEN
100
AcDbPolyline
 90
2
 70
0
 10
366.58484912435375
 20
1309.5180274117533
 10
362.99511400327196
 20
1309.5180274117533
  0
LWPOLYLINE
  5
47C
330
17
100
AcDbEntity
  8
HIDDEN
100
AcDbPolyline
 90
2
 70
0
 10
587.4351222242567
 20
1297.5180274117533
 10
587.4351222242567
 20
1309.5180274117533
  0
LWPOLYLINE
  5
47D
330
17
100
AcDbEntity
  8
HIDDEN
100
AcDbPolyline
 90
2
 70
0
 10
602.995114003272
 20
1309.5180274117533
 10
587.4351222242567
 20
1309.5180274117533
  0
LWPOLYLINE
  5
47E
330
17
100
AcDbEntity
  8
HIDDEN
100
AcDbPolyline
 90
2
 70
0
 10
587.4351222242567
 20
1309.5180274117533
 10
585.4173471038941
 20
1309.5180274117533
  0
LWPOLYLINE
  5
47F
330
17
100
AcDbEntity
  8
HIDDEN
100
AcDbPolyline
 90
2
 70
0
 10
585.4173471038941
 20
1309.5180274117533
 10
580.4689105246747
 20
1309.5180274117533
  0
LWPOLYLINE
  5
480
330
17
100
AcDbEntity
  8
HIDDEN
100
AcDbPolyline
 90
2
 70
0
 10
367.73896413929776
 20
1309.5180274117533
 10
366.58484912435375
 20
1309.5180274117533
  0
LWPOLYLINE
  5
481
330
17
100
AcDbEntity
  8
HIDDEN
100
AcDbPolyline
 90
2
 70
0
 10
580.4689105246747
 20
1309.5180274117533
 10
573.1786555398846
 20
1309.5180274117533
  0
LWPOLYLINE
  5
482
330
17
100
AcDbEntity
  8
HIDDEN
100
AcDbPolyline
 90
2
 70
0
 10
371.3101765786884
 20
1309.5180274117533
 10
367.73896413929776
 20
1309.5180274117533
  0
LWPOLYLINE
  5
483
330
17
100
AcDbEntity
  8
HIDDEN
100
AcDbPolyline
 90
2
 70
0
 10
573.1786555398846
 20
1309.5180274117533
 10
564.1172825061253
 20
1309.5180274117533
  0
LWPOLYLINE
  5
484
330
17
100
AcDbEntity
  8
HIDDEN
100
AcDbPolyline
 90
2
 70
0
 10
377.03110483457795
 20
1309.5180274117533
 10
371.3101765786884
 20
1309.5180274117533
  0
LWPOLYLINE
  5
485
330
17
100
AcDbEntity
  8
HIDDEN
100
AcDbPolyline
 90
2
 70
0
 10
564.1172825061253
 20
1309.5180274117533
 10
553.7776955229468
 20
1309.5180274117533
  0
LWPOLYLINE
  5
486
330
17
100
AcDbEntity
  8
HIDDEN
100
AcDbPolyline
 90
2
 70
0
 10
384.57488593895414
 20
1309.5180274117533
 10
377.03110483457795
 20
1309.5180274117533
  0
LWPOLYLINE
  5
487
330
17
100
AcDbEntity
  8
HIDDEN
100
AcDbPolyline
 90
2
 70
0
 10
553.7776955229468
 20
1309.5180274117533
 10
547.7756751949947
 20
1309.5180274117533
  0
LWPOLYLINE
  5
488
330
17
100
AcDbEntity
  8
HIDDEN
100
AcDbPolyline
 90
2
 70
0
 10
393.5418222052174
 20
1309.5180274117533
 10
384.57488593895414
 20
1309.5180274117533
  0
LWPOLYLINE
  5
489
330
17
100
AcDbEntity
  8
HIDDEN
100
AcDbPolyline
 90
2
 70
0
 10
547.7756751949947
 20
1309.5180274117533
 10
541.5860392642568
 20
1309.5180274117533
  0
LWPOLYLINE
  5
48A
330
17
100
AcDbEntity
  8
HIDDEN
100
AcDbPolyline
 90
2
 70
0
 10
529.4989660073442
 20
1309.5180274117533
 10
393.5418222052174
 20
1309.5180274117533
  0
LWPOLYLINE
  5
48B
330
17
100
AcDbEntity
  8
HIDDEN
100
AcDbPolyline
 90
2
 70
0
 10
541.5860392642568
 20
1309.5180274117533
 10
535.4230996904217
 20
1309.5180274117533
  0
LWPOLYLINE
  5
48C
330
17
100
AcDbEntity
  8
HIDDEN
100
AcDbPolyline
 90
2
 70
0
 10
535.4230996904217
 20
1309.5180274117533
 10
529.4989660073442
 20
1309.5180274117533
  0
LWPOLYLINE
  5
48D
330
17
100
AcDbEntity
  8
HIDDEN
100
AcDbPolyline
 90
2
 70
0
 10
436.68511400327196
 20
1309.5180274117533
 10
436.19136722467636
 20
1309.5180274117533
  0
LWPOLYLINE
  5
48E
330
17
100
AcDbEntity
  8
HIDDEN
100
AcDbPolyline
 90
2
 70
0
 10
436.19136722467636
 20
1309.5180274117533
 10
434.7678544025266
 20
1309.5180274117533
  0
LWPOLYLINE
  5
48F
330
17
100
AcDbEntity
  8
HIDDEN
100
AcDbPolyline
 90
2
 70
0
 10
434.7678544025266
 20
1309.5180274117533
 10
432.4123385391439
 20
1309.5180274117533
  0
LWPOLYLINE
  5
490
330
17
100
AcDbEntity
  8
HIDDEN
100
AcDbPolyline
 90
2
 70
0
 10
432.4123385391439
 20
1309.5180274117533
 10
429.3072347588372
 20
1309.5180274117533
  0
LWPOLYLINE
  5
491
330
17
100
AcDbEntity
  8
HIDDEN
100
AcDbPolyline
 90
2
 70
0
 10
429.3072347588372
 20
1309.5180274117533
 10
425.4476635060161
 20
1309.5180274117533
  0
LWPOLYLINE
  5
492
330
17
100
AcDbEntity
  8
HIDDEN
100
AcDbPolyline
 90
2
 70
0
 10
425.4476635060161
 20
1309.5180274117533
 10
421.13251649302595
 20
1309.5180274117533
  0
LWPOLYLINE
  5
493
330
17
100
AcDbEntity
  8
HIDDEN
100
AcDbPolyline
 90
2
 70
0
 10
421.13251649302595
 20
1309.5180274117533
 10
416.4530883038193
 20
1309.5180274117533
  0
LWPOLYLINE
  5
494
330
17
100
AcDbEntity
  8
HIDDEN
100
AcDbPolyline
 90
2
 70
0
 10
416.4530883038193
 20
1309.5180274117533
 10
411.4851298687378
 20
1309.5180274117533
  0
LWPOLYLINE
  5
495
330
17
100
AcDbEntity
  8
HIDDEN
100
AcDbPolyline
 90
2
 70
0
 10
411.4851298687378
 20
1309.5180274117533
 10
406.51521538039265
 20
1309.5180274117533
  0
LWPOLYLINE
  5
496
330
17
100
AcDbEntity
  8
HIDDEN
100
AcDbPolyline
 90
2
 70
0
 10
406.51521538039265
 20
1309.5180274117533
 10
401.8301477277561
 20
1309.5180274117533
  0
LWPOLYLINE
  5
497
330
17
100
AcDbEntity
  8
HIDDEN
100
AcDbPolyline
 90
2
 70
0
 10
401.8301477277561
 20
1309.5180274117533
 10
397.5058889016133
 20
1309.5180274117533
  0
LWPOLYLINE
  5
498
330
17
100
AcDbEntity
  8
HIDDEN
100
AcDbPolyline
 90
2
 70
0
 10
397.5058889016133
 20
1309.5180274117533
 10
393.63379638333436
 20
1309.5180274117533
  0
LWPOLYLINE
  5
499
330
17
100
AcDbEntity
  8
HIDDEN
100
AcDbPolyline
 90
2
 70
0
 10
393.63379638333436
 20
1309.5180274117533
 10
390.45788946740004
 20
1309.5180274117533
  0
LWPOLYLINE
  5
49A
330
17
100
AcDbEntity
  8
HIDDEN
100
AcDbPolyline
 90
2
 70
0
 10
390.45788946740004
 20
1309.5180274117533
 10
388.1023736040173
 20
1309.5180274117533
  0
LWPOLYLINE
  5
49B
330
17
100
AcDbEntity
  8
HIDDEN
100
AcDbPolyline
 90
2
 70
0
 10
388.1023736040173
 20
1309.5180274117533
 10
386.67886078186757
 20
1309.5180274117533
  0
LWPOLYLINE
  5
49C
330
17
100
AcDbEntity
  8
HIDDEN
100
AcDbPolyline
 90
2
 70
0
 10
386.67886078186757
 20
1309.5180274117533
 10
386.18511400327196
 20
1309.5180274117533
  0
LWPOLYLINE
  5
49D
330
17
100
AcDbEntity
  8
HIDDEN
100
AcDbPolyline
 90
2
 70
0
 10
386.18511400327196
 20
1309.5180274117533
 10
386.67886078186757
 20
1309.5180274117533
  0
LWPOLYLINE
  5
49E
330
17
100
AcDbEntity
  8
HIDDEN
100
AcDbPolyline
 90
2
 70
0
 10
386.67886078186757
 20
1309.5180274117533
 10
388.1023736040173
 20
1309.5180274117533
  0
LWPOLYLINE
  5
49F
330
17
100
AcDbEntity
  8
HIDDEN
100
AcDbPolyline
 90
2
 70
0
 10
388.1023736040173
 20
1309.5180274117533
 10
390.4023766126862
 20
1309.5180274117533
  0
LWPOLYLINE
  5
4A0
330
17
100
AcDbEntity
  8
HIDDEN
100
AcDbPolyline
 90
2
 70
0
 10
390.4023766126862
 20
1309.5180274117533
 10
393.56299324770674
 20
1309.5180274117533
  0
LWPOLYLINE
  5
4A1
330
17
100
AcDbEntity
  8
HIDDEN
100
AcDbPolyline
 90
2
 70
0
 10
393.56299324770674
 20
1309.5180274117533
 10
397.3394600220936
 20
1309.5180274117533
  0
LWPOLYLINE
  5
4A2
330
17
100
AcDbEntity
  8
HIDDEN
100
AcDbPolyline
 90
2
 70
0
 10
397.3394600220936
 20
1309.5180274117533
 10
401.7377115135179
 20
1309.5180274117533
  0
LWPOLYLINE
  5
4A3
330
17
100
AcDbEntity
  8
HIDDEN
100
AcDbPolyline
 90
2
 70
0
 10
401.7377115135179
 20
1309.5180274117533
 10
406.4171397027246
 20
1309.5180274117533
  0
LWPOLYLINE
  5
4A4
330
17
100
AcDbEntity
  8
HIDDEN
100
AcDbPolyline
 90
2
 70
0
 10
406.4171397027246
 20
1309.5180274117533
 10
411.38509813780615
 20
1309.5180274117533
  0
LWPOLYLINE
  5
4A5
330
17
100
AcDbEntity
  8
HIDDEN
100
AcDbPolyline
 90
2
 70
0
 10
411.38509813780615
 20
1309.5180274117533
 10
416.2568597321888
 20
1309.5180274117533
  0
LWPOLYLINE
  5
4A6
330
17
100
AcDbEntity
  8
HIDDEN
100
AcDbPolyline
 90
2
 70
0
 10
416.2568597321888
 20
1309.5180274117533
 10
421.0400802787878
 20
1309.5180274117533
  0
LWPOLYLINE
  5
4A7
330
17
100
AcDbEntity
  8
HIDDEN
100
AcDbPolyline
 90
2
 70
0
 10
421.0400802787878
 20
1309.5180274117533
 10
425.4476635060161
 20
1309.5180274117533
  0
LWPOLYLINE
  5
4A8
330
17
100
AcDbEntity
  8
HIDDEN
100
AcDbPolyline
 90
2
 70
0
 10
425.4476635060161
 20
1309.5180274117533
 10
429.23643162320957
 20
1309.5180274117533
  0
LWPOLYLINE
  5
4A9
330
17
100
AcDbEntity
  8
HIDDEN
100
AcDbPolyline
 90
2
 70
0
 10
429.23643162320957
 20
1309.5180274117533
 10
432.4123385391439
 20
1309.5180274117533
  0
LWPOLYLINE
  5
4AA
330
17
100
AcDbEntity
  8
HIDDEN
100
AcDbPolyline
 90
2
 70
0
 10
432.4123385391439
 20
1309.5180274117533
 10
434.7678544025266
 20
1309.5180274117533
  0
LWPOLYLINE
  5
4AB
330
17
100
AcDbEntity
  8
HIDDEN
100
AcDbPolyline
 90
2
 70
0
 10
434.7678544025266
 20
1309.5180274117533
 10
436.19136722467636
 20
1309.5180274117533
  0
LWPOLYLINE
  5
4AC
330
17
100
AcDbEntity
  8
HIDDEN
100
AcDbPolyline
 90
2
 70
0
 10
436.19136722467636
 20
1309.5180274117533
 10
436.68511400327196
 20
1309.5180274117533
  0
LWPOLYLINE
  5
4AD
330
17
100
AcDbEntity
  8
HIDDEN
100
AcDbPolyline
 90
2
 70
0
 10
568.245114003272
 20
1309.5180274117533
 10
567.7513672246764
 20
1309.5180274117533
  0
LWPOLYLINE
  5
4AE
330
17
100
AcDbEntity
  8
HIDDEN
100
AcDbPolyline
 90
2
 70
0
 10
567.7513672246763
 20
1309.5180274117533
 10
568.245114003272
 20
1309.5180274117533
  0
LWPOLYLINE
  5
4AF
330
17
100
AcDbEntity
  8
HIDDEN
100
AcDbPolyline
 90
2
 70
0
 10
567.7513672246764
 20
1309.5180274117533
 10
566.3278544025267
 20
1309.5180274117533
  0
LWPOLYLINE
  5
4B0
330
17
100
AcDbEntity
  8
HIDDEN
100
AcDbPolyline
 90
2
 70
0
 10
566.2894366616716
 20
1309.5180274117533
 10
567.7513672246763
 20
1309.5180274117533
  0
LWPOLYLINE
  5
4B1
330
17
100
AcDbEntity
  8
HIDDEN
100
AcDbPolyline
 90
2
 70
0
 10
566.3278544025267
 20
1309.5180274117533
 10
563.972338539144
 20
1309.5180274117533
  0
LWPOLYLINE
  5
4B2
330
17
100
AcDbEntity
  8
HIDDEN
100
AcDbPolyline
 90
2
 70
0
 10
563.9164964533479
 20
1309.5180274117533
 10
566.2894366616716
 20
1309.5180274117533
  0
LWPOLYLINE
  5
4B3
330
17
100
AcDbEntity
  8
HIDDEN
100
AcDbPolyline
 90
2
 70
0
 10
563.972338539144
 20
1309.5180274117533
 10
560.8672347588372
 20
1309.5180274117533
  0
LWPOLYLINE
  5
4B4
330
17
100
AcDbEntity
  8
HIDDEN
100
AcDbPolyline
 90
2
 70
0
 10
560.7964316232096
 20
1309.5180274117533
 10
563.9164964533479
 20
1309.5180274117533
  0
LWPOLYLINE
  5
4B5
330
17
100
AcDbEntity
  8
HIDDEN
100
AcDbPolyline
 90
2
 70
0
 10
560.8672347588372
 20
1309.5180274117533
 10
557.0076635060161
 20
1309.5180274117533
  0
LWPOLYLINE
  5
4B6
330
17
100
AcDbEntity
  8
HIDDEN
100
AcDbPolyline
 90
2
 70
0
 10
557.0076635060161
 20
1309.5180274117533
 10
560.7964316232096
 20
1309.5180274117533
  0
LWPOLYLINE
  5
4B7
330
17
100
AcDbEntity
  8
HIDDEN
100
AcDbPolyline
 90
2
 70
0
 10
557.0076635060161
 20
1309.5180274117533
 10
552.692516493026
 20
1309.5180274117533
  0
LWPOLYLINE
  5
4B8
330
17
100
AcDbEntity
  8
HIDDEN
100
AcDbPolyline
 90
2
 70
0
 10
552.6000802787878
 20
1309.5180274117533
 10
557.0076635060161
 20
1309.5180274117533
  0
LWPOLYLINE
  5
4B9
330
17
100
AcDbEntity
  8
HIDDEN
100
AcDbPolyline
 90
2
 70
0
 10
552.692516493026
 20
1309.5180274117533
 10
548.0130883038192
 20
1309.5180274117533
  0
LWPOLYLINE
  5
4BA
330
17
100
AcDbEntity
  8
HIDDEN
100
AcDbPolyline
 90
2
 70
0
 10
547.9150126261513
 20
1309.5180274117533
 10
552.6000802787878
 20
1309.5180274117533
  0
LWPOLYLINE
  5
4BB
330
17
100
AcDbEntity
  8
HIDDEN
100
AcDbPolyline
 90
2
 70
0
 10
548.0130883038192
 20
1309.5180274117533
 10
543.0451298687377
 20
1309.5180274117533
  0
LWPOLYLINE
  5
4BC
330
17
100
AcDbEntity
  8
HIDDEN
100
AcDbPolyline
 90
2
 70
0
 10
542.9450981378062
 20
1309.5180274117533
 10
547.9150126261513
 20
1309.5180274117533
  0
LWPOLYLINE
  5
4BD
330
17
100
AcDbEntity
  8
HIDDEN
100
AcDbPolyline
 90
2
 70
0
 10
543.0451298687377
 20
1309.5180274117533
 10
538.0752153803927
 20
1309.5180274117533
  0
LWPOLYLINE
  5
4BE
330
17
100
AcDbEntity
  8
HIDDEN
100
AcDbPolyline
 90
2
 70
0
 10
537.9771397027247
 20
1309.5180274117533
 10
542.9450981378062
 20
1309.5180274117533
  0
LWPOLYLINE
  5
4BF
330
17
100
AcDbEntity
  8
HIDDEN
100
AcDbPolyline
 90
2
 70
0
 10
538.0752153803927
 20
1309.5180274117533
 10
533.2977115135179
 20
1309.5180274117533
  0
LWPOLYLINE
  5
4C0
330
17
100
AcDbEntity
  8
HIDDEN
100
AcDbPolyline
 90
2
 70
0
 10
533.2977115135179
 20
1309.5180274117533
 10
537.9771397027247
 20
1309.5180274117533
  0
LWPOLYLINE
  5
4C1
330
17
100
AcDbEntity
  8
HIDDEN
100
AcDbPolyline
 90
2
 70
0
 10
533.2977115135179
 20
1309.5180274117533
 10
528.9825645005278
 20
1309.5180274117533
  0
LWPOLYLINE
  5
4C2
330
17
100
AcDbEntity
  8
HIDDEN
100
AcDbPolyline
 90
2
 70
0
 10
528.8994600220936
 20
1309.5180274117533
 10
533.2977115135179
 20
1309.5180274117533
  0
LWPOLYLINE
  5
4C3
330
17
100
AcDbEntity
  8
HIDDEN
100
AcDbPolyline
 90
2
 70
0
 10
528.9825645005278
 20
1309.5180274117533
 10
525.1229932477067
 20
1309.5180274117533
  0
LWPOLYLINE
  5
4C4
330
17
100
AcDbEntity
  8
HIDDEN
100
AcDbPolyline
 90
2
 70
0
 10
525.1229932477067
 20
1309.5180274117533
 10
528.8994600220936
 20
1309.5180274117533
  0
LWPOLYLINE
  5
4C5
330
17
100
AcDbEntity
  8
HIDDEN
100
AcDbPolyline
 90
2
 70
0
 10
525.1229932477067
 20
1309.5180274117533
 10
521.9623766126862
 20
1309.5180274117533
  0
LWPOLYLINE
  5
4C6
330
17
100
AcDbEntity
  8
HIDDEN
100
AcDbPolyline
 90
2
 70
0
 10
522.0178894674
 20
1309.5180274117533
 10
525.1229932477067
 20
1309.5180274117533
  0
LWPOLYLINE
  5
4C7
330
17
100
AcDbEntity
  8
HIDDEN
100
AcDbPolyline
 90
2
 70
0
 10
521.9623766126862
 20
1309.5180274117533
 10
519.6623736040173
 20
1309.5180274117533
  0
LWPOLYLINE
  5
4C8
330
17
100
AcDbEntity
  8
HIDDEN
100
AcDbPolyline
 90
2
 70
0
 10
519.6623736040173
 20
1309.5180274117533
 10
522.0178894674
 20
1309.5180274117533
  0
LWPOLYLINE
  5
4C9
330
17
100
AcDbEntity
  8
HIDDEN
100
AcDbPolyline
 90
2
 70
0
 10
519.6623736040173
 20
1309.5180274117533
 10
518.2388607818676
 20
1309.5180274117533
  0
LWPOLYLINE
  5
4CA
330
17
100
AcDbEntity
  8
HIDDEN
100
AcDbPolyline
 90
2
 70
0
 10
518.2388607818676
 20
1309.5180274117533
 10
519.6623736040173
 20
1309.5180274117533
  0
LWPOLYLINE
  5
4CB
330
17
100
AcDbEntity
  8
HIDDEN
100
AcDbPolyline
 90
2
 70
0
 10
518.2388607818676
 20
1309.5180274117533
 10
517.745114003272
 20
1309.5180274117533
  0
LWPOLYLINE
  5
4CC
330
17
100
AcDbEntity
  8
HIDDEN
100
AcDbPolyline
 90
2
 70
0
 10
517.745114003272
 20
1309.5180274117533
 10
518.2388607818676
 20
1309.5180274117533
  0
LWPOLYLINE
  5
4CD
330
17
100
AcDbEntity
  8
HIDDEN
100
AcDbPolyline
 90
2
 70
0
 10
558.995114003272
 20
1226.0180274117533
 10
558.995114003272
 20
1166.0180274117533
  0
LWPOLYLINE
  5
4CE
330
17
100
AcDbEntity
  8
HIDDEN
100
AcDbPolyline
 90
2
 70
0
 10
558.995114003272
 20
1166.0180274117533
 10
566.995114003272
 20
1166.0180274117533
  0
LWPOLYLINE
  5
4CF
330
17
100
AcDbEntity
  8
HIDDEN
100
AcDbPolyline
 90
2
 70
0
 10
566.995114003272
 20
1226.0180274117533
 10
566.995114003272
 20
1166.0180274117533
  0
LWPOLYLINE
  5
4D0
330
17
100
AcDbEntity
  8
HIDDEN
100
AcDbPolyline
 90
2
 70
0
 10
340.0
 20
1166.0180274117533
 10
342.99511400327196
 20
1166.0180274117533
  0
LWPOLYLINE
  5
4D1
330
17
100
AcDbEntity
  8
HIDDEN
100
AcDbPolyline
 90
2
 70
0
 10
340.0
 20
1550.0180274117533
 10
342.99511400327196
 20
1550.0180274117533
  0
LWPOLYLINE
  5
4D2
330
17
100
AcDbEntity
  8
HIDDEN
100
AcDbPolyline
 90
2
 70
0
 10
354.81176502943333
 20
1550.0180274117533
 10
353.39480572558097
 20
1550.0180274117533
  0
LWPOLYLINE
  5
4D3
330
17
100
AcDbEntity
  8
HIDDEN
100
AcDbPolyline
 90
2
 70
0
 10
357.223447959881
 20
1550.0180274117533
 10
354.81176502943333
 20
1550.0180274117533
  0
LWPOLYLINE
  5
4D4
330
17
100
AcDbEntity
  8
HIDDEN
100
AcDbPolyline
 90
2
 70
0
 10
360.68068713806696
 20
1550.0180274117533
 10
357.223447959881
 20
1550.0180274117533
  0
LWPOLYLINE
  5
4D5
330
17
100
AcDbEntity
  8
HIDDEN
100
AcDbPolyline
 90
2
 70
0
 10
365.0991757143349
 20
1550.0180274117533
 10
360.68068713806696
 20
1550.0180274117533
  0
LWPOLYLINE
  5
4D6
330
17
100
AcDbEntity
  8
HIDDEN
100
AcDbPolyline
 90
2
 70
0
 10
370.51828660676074
 20
1550.0180274117533
 10
365.0991757143349
 20
1550.0180274117533
  0
LWPOLYLINE
  5
4D7
330
17
100
AcDbEntity
  8
HIDDEN
100
AcDbPolyline
 90
2
 70
0
 10
376.8280373876326
 20
1550.0180274117533
 10
370.51828660676074
 20
1550.0180274117533
  0
LWPOLYLINE
  5
4D8
330
17
100
AcDbEntity
  8
HIDDEN
100
AcDbPolyline
 90
2
 70
0
 10
384.0846539125315
 20
1550.0180274117533
 10
376.8280373876326
 20
1550.0180274117533
  0
LWPOLYLINE
  5
4D9
330
17
100
AcDbEntity
  8
HIDDEN
100
AcDbPolyline
 90
2
 70
0
 10
392.14086104385154
 20
1550.0180274117533
 10
384.0846539125315
 20
1550.0180274117533
  0
LWPOLYLINE
  5
4DA
330
17
100
AcDbEntity
  8
HIDDEN
100
AcDbPolyline
 90
2
 70
0
 10
401.06844721736894
 20
1550.0180274117533
 10
392.14086104385154
 20
1550.0180274117533
  0
LWPOLYLINE
  5
4DB
330
17
100
AcDbEntity
  8
HIDDEN
100
AcDbPolyline
 90
2
 70
0
 10
410.68622448169026
 20
1550.0180274117533
 10
401.06844721736894
 20
1550.0180274117533
  0
LWPOLYLINE
  5
4DC
330
17
100
AcDbEntity
  8
HIDDEN
100
AcDbPolyline
 90
2
 70
0
 10
422.2583539434652
 20
1550.0180274117533
 10
410.68622448169026
 20
1550.0180274117533
  0
LWPOLYLINE
  5
4DD
330
17
100
AcDbEntity
  8
HIDDEN
100
AcDbPolyline
 90
2
 70
0
 10
434.6193470575349
 20
1550.0180274117533
 10
422.2583539434652
 20
1550.0180274117533
  0
LWPOLYLINE
  5
4DE
330
17
100
AcDbEntity
  8
HIDDEN
100
AcDbPolyline
 90
2
 70
0
 10
447.59312342138196
 20
1550.0180274117533
 10
434.6193470575349
 20
1550.0180274117533
  0
LWPOLYLINE
  5
4DF
330
17
100
AcDbEntity
  8
HIDDEN
100
AcDbPolyline
 90
2
 70
0
 10
461.25899612651864
 20
1550.0180274117533
 10
447.59312342138196
 20
1550.0180274117533
  0
LWPOLYLINE
  5
4E0
330
17
100
AcDbEntity
  8
HIDDEN
100
AcDbPolyline
 90
2
 70
0
 10
475.4359007231352
 20
1550.0180274117533
 10
461.25899612651864
 20
1550.0180274117533
  0
LWPOLYLINE
  5
4E1
330
17
100
AcDbEntity
  8
HIDDEN
100
AcDbPolyline
 90
2
 70
0
 10
490.0228441468483
 20
1550.0180274117533
 10
475.4359007231352
 20
1550.0180274117533
  0
LWPOLYLINE
  5
4E2
330
17
100
AcDbEntity
  8
HIDDEN
100
AcDbPolyline
 90
2
 70
0
 10
504.9159123093385
 20
1550.0180274117533
 10
490.0228441468483
 20
1550.0180274117533
  0
LWPOLYLINE
  5
4E3
330
17
100
AcDbEntity
  8
HIDDEN
100
AcDbPolyline
 90
2
 70
0
 10
519.9092929354703
 20
1550.0180274117533
 10
504.9159123093385
 20
1550.0180274117533
  0
LWPOLYLINE
  5
4E4
330
17
100
AcDbEntity
  8
HIDDEN
100
AcDbPolyline
 90
2
 70
0
 10
532.995114003272
 20
1550.0180274117533
 10
519.9092929354703
 20
1550.0180274117533
  0
LWPOLYLINE
  5
4E5
330
17
100
AcDbEntity
  8
HIDDEN
100
AcDbPolyline
 90
2
 70
0
 10
588.381598242064
 20
1550.0180274117533
 10
532.995114003272
 20
1550.0180274117533
  0
LWPOLYLINE
  5
4E6
330
17
100
AcDbEntity
  8
HIDDEN
100
AcDbPolyline
 90
2
 70
0
 10
588.381598242064
 20
1550.0180274117533
 10
588.8716350232594
 20
1550.0180274117533
  0
LWPOLYLINE
  5
4E7
330
17
100
AcDbEntity
  8
HIDDEN
100
AcDbPolyline
 90
2
 70
0
 10
588.381598242064
 20
1166.0180274117533
 10
588.381598242064
 20
1550.0180274117533
  0
LWPOLYLINE
  5
4E8
330
17
100
AcDbEntity
  8
HIDDEN
100
AcDbPolyline
 90
2
 70
0
 10
588.381598242064
 20
1166.0180274117533
 10
532.995114003272
 20
1166.0180274117533
  0
LWPOLYLINE
  5
4E9
330
17
100
AcDbEntity
  8
HIDDEN
100
AcDbPolyline
 90
2
 70
0
 10
354.81176502943333
 20
1166.0180274117533
 10
353.39480572558097
 20
1166.0180274117533
  0
LWPOLYLINE
  5
4EA
330
17
100
AcDbEntity
  8
HIDDEN
100
AcDbPolyline
 90
2
 70
0
 10
357.223447959881
 20
1166.0180274117533
 10
354.81176502943333
 20
1166.0180274117533
  0
LWPOLYLINE
  5
4EB
330
17
100
AcDbEntity
  8
HIDDEN
100
AcDbPolyline
 90
2
 70
0
 10
360.68068713806696
 20
1166.0180274117533
 10
357.223447959881
 20
1166.0180274117533
  0
LWPOLYLINE
  5
4EC
330
17
100
AcDbEntity
  8
HIDDEN
100
AcDbPolyline
 90
2
 70
0
 10
365.0991757143349
 20
1166.0180274117533
 10
360.68068713806696
 20
1166.0180274117533
  0
LWPOLYLINE
  5
4ED
330
17
100
AcDbEntity
  8
HIDDEN
100
AcDbPolyline
 90
2
 70
0
 10
370.51828660676074
 20
1166.0180274117533
 10
365.0991757143349
 20
1166.0180274117533
  0
LWPOLYLINE
  5
4EE
330
17
100
AcDbEntity
  8
HIDDEN
100
AcDbPolyline
 90
2
 70
0
 10
376.8280373876326
 20
1166.0180274117533
 10
370.51828660676074
 20
1166.0180274117533
  0
LWPOLYLINE
  5
4EF
330
17
100
AcDbEntity
  8
HIDDEN
100
AcDbPolyline
 90
2
 70
0
 10
384.0846539125315
 20
1166.0180274117533
 10
376.8280373876326
 20
1166.0180274117533
  0
LWPOLYLINE
  5
4F0
330
17
100
AcDbEntity
  8
HIDDEN
100
AcDbPolyline
 90
2
 70
0
 10
392.14086104385154
 20
1166.0180274117533
 10
384.0846539125315
 20
1166.0180274117533
  0
LWPOLYLINE
  5
4F1
330
17
100
AcDbEntity
  8
HIDDEN
100
AcDbPolyline
 90
2
 70
0
 10
401.06844721736894
 20
1166.0180274117533
 10
392.14086104385154
 20
1166.0180274117533
  0
LWPOLYLINE
  5
4F2
330
17
100
AcDbEntity
  8
HIDDEN
100
AcDbPolyline
 90
2
 70
0
 10
410.68622448169026
 20
1166.0180274117533
 10
401.06844721736894
 20
1166.0180274117533
  0
LWPOLYLINE
  5
4F3
330
17
100
AcDbEntity
  8
HIDDEN
100
AcDbPolyline
 90
2
 70
0
 10
422.2583539434652
 20
1166.0180274117533
 10
410.68622448169026
 20
1166.0180274117533
  0
LWPOLYLINE
  5
4F4
330
17
100
AcDbEntity
  8
HIDDEN
100
AcDbPolyline
 90
2
 70
0
 10
434.6193470575349
 20
1166.0180274117533
 10
422.2583539434652
 20
1166.0180274117533
  0
LWPOLYLINE
  5
4F5
330
17
100
AcDbEntity
  8
HIDDEN
100
AcDbPolyline
 90
2
 70
0
 10
447.59312342138196
 20
1166.0180274117533
 10
434.6193470575349
 20
1166.0180274117533
  0
LWPOLYLINE
  5
4F6
330
17
100
AcDbEntity
  8
HIDDEN
100
AcDbPolyline
 90
2
 70
0
 10
461.25899612651864
 20
1166.0180274117533
 10
447.59312342138196
 20
1166.0180274117533
  0
LWPOLYLINE
  5
4F7
330
17
100
AcDbEntity
  8
HIDDEN
100
AcDbPolyline
 90
2
 70
0
 10
475.4359007231352
 20
1166.0180274117533
 10
461.25899612651864
 20
1166.0180274117533
  0
LWPOLYLINE
  5
4F8
330
17
100
AcDbEntity
  8
HIDDEN
100
AcDbPolyline
 90
2
 70
0
 10
490.0228441468483
 20
1166.0180274117533
 10
475.4359007231352
 20
1166.0180274117533
  0
LWPOLYLINE
  5
4F9
330
17
100
AcDbEntity
  8
HIDDEN
100
AcDbPolyline
 90
2
 70
0
 10
504.9159123093385
 20
1166.0180274117533
 10
490.0228441468483
 20
1166.0180274117533
  0
LWPOLYLINE
  5
4FA
330
17
100
AcDbEntity
  8
HIDDEN
100
AcDbPolyline
 90
2
 70
0
 10
519.9092929354703
 20
1166.0180274117533
 10
504.9159123093385
 20
1166.0180274117533
  0
LWPOLYLINE
  5
4FB
330
17
100
AcDbEntity
  8
HIDDEN
100
AcDbPolyline
 90
2
 70
0
 10
532.995114003272
 20
1166.0180274117533
 10
519.9092929354703
 20
1166.0180274117533
  0
LWPOLYLINE
  5
4FC
330
17
100
AcDbEntity
  8
HIDDEN
100
AcDbPolyline
 90
2
 70
0
 10
588.381598242064
 20
1166.0180274117533
 10
588.8716350232594
 20
1166.0180274117533
  0
LWPOLYLINE
  5
4FD
330
17
100
AcDbEntity
  8
HIDDEN
100
AcDbPolyline
 90
2
 70
0
 10
346.44459193908426
 20
1550.0180274117533
 10
356.3744853701327
 20
1550.0180274117533
  0
LWPOLYLINE
  5
4FE
330
17
100
AcDbEntity
  8
HIDDEN
100
AcDbPolyline
 90
2
 70
0
 10
356.3744853701327
 20
1550.0180274117533
 10
357.5097717440571
 20
1550.0180274117533
  0
LWPOLYLINE
  5
4FF
330
17
100
AcDbEntity
  8
HIDDEN
100
AcDbPolyline
 90
2
 70
0
 10
357.5097717440571
 20
1550.0180274117533
 10
360.6192798191686
 20
1550.0180274117533
  0
LWPOLYLINE
  5
500
330
17
100
AcDbEntity
  8
HIDDEN
100
AcDbPolyline
 90
2
 70
0
 10
360.6192798191686
 20
1550.0180274117533
 10
365.3888614076891
 20
1550.0180274117533
  0
LWPOLYLINE
  5
501
330
17
100
AcDbEntity
  8
HIDDEN
100
AcDbPolyline
 90
2
 70
0
 10
365.3888614076891
 20
1550.0180274117533
 10
369.4688078157824
 20
1550.0180274117533
  0
LWPOLYLINE
  5
502
330
17
100
AcDbEntity
  8
HIDDEN
100
AcDbPolyline
 90
2
 70
0
 10
369.4688078157824
 20
1550.0180274117533
 10
376.89540442850125
 20
1550.0180274117533
  0
LWPOLYLINE
  5
503
330
17
100
AcDbEntity
  8
HIDDEN
100
AcDbPolyline
 90
2
 70
0
 10
376.89540442850125
 20
1550.0180274117533
 10
385.82532657720617
 20
1550.0180274117533
  0
LWPOLYLINE
  5
504
330
17
100
AcDbEntity
  8
HIDDEN
100
AcDbPolyline
 90
2
 70
0
 10
385.82532657720617
 20
1550.0180274117533
 10
392.57189141418746
 20
1550.0180274117533
  0
LWPOLYLINE
  5
505
330
17
100
AcDbEntity
  8
HIDDEN
100
AcDbPolyline
 90
2
 70
0
 10
392.57189141418746
 20
1550.0180274117533
 10
403.80946627838694
 20
1550.0180274117533
  0
LWPOLYLINE
  5
506
330
17
100
AcDbEntity
  8
HIDDEN
100
AcDbPolyline
 90
2
 70
0
 10
403.80946627838694
 20
1550.0180274117533
 10
411.9995511032603
 20
1550.0180274117533
  0
LWPOLYLINE
  5
507
330
17
100
AcDbEntity
  8
HIDDEN
100
AcDbPolyline
 90
2
 70
0
 10
411.9995511032603
 20
1550.0180274117533
 10
425.24458557169123
 20
1550.0180274117533
  0
LWPOLYLINE
  5
508
330
17
100
AcDbEntity
  8
HIDDEN
100
AcDbPolyline
 90
2
 70
0
 10
425.24458557169123
 20
1550.0180274117533
 10
434.6594058980505
 20
1550.0180274117533
  0
LWPOLYLINE
  5
509
330
17
100
AcDbEntity
  8
HIDDEN
100
AcDbPolyline
 90
2
 70
0
 10
434.6594058980505
 20
1550.0180274117533
 10
449.5580809168725
 20
1550.0180274117533
  0
LWPOLYLINE
  5
50A
330
17
100
AcDbEntity
  8
HIDDEN
100
AcDbPolyline
 90
2
 70
0
 10
449.5580809168725
 20
1550.0180274117533
 10
465.2603001756381
 20
1550.0180274117533
  0
LWPOLYLINE
  5
50B
330
17
100
AcDbEntity
  8
HIDDEN
100
AcDbPolyline
 90
2
 70
0
 10
465.2603001756381
 20
1550.0180274117533
 10
476.1004577475695
 20
1550.0180274117533
  0
LWPOLYLINE
  5
50C
330
17
100
AcDbEntity
  8
HIDDEN
100
AcDbPolyline
 90
2
 70
0
 10
476.1004577475695
 20
1550.0180274117533
 10
492.8027066491057
 20
1550.0180274117533
  0
LWPOLYLINE
  5
50D
330
17
100
AcDbEntity
  8
HIDDEN
100
AcDbPolyline
 90
2
 70
0
 10
492.8027066491057
 20
1550.0180274117533
 10
509.8920304048674
 20
1550.0180274117533
  0
LWPOLYLINE
  5
50E
330
17
100
AcDbEntity
  8
HIDDEN
100
AcDbPolyline
 90
2
 70
0
 10
509.8920304048674
 20
1550.0180274117533
 10
527.203849485111
 20
1550.0180274117533
  0
LWPOLYLINE
  5
50F
330
17
100
AcDbEntity
  8
HIDDEN
100
AcDbPolyline
 90
2
 70
0
 10
527.203849485111
 20
1550.0180274117533
 10
532.7728337647543
 20
1550.0180274117533
  0
LWPOLYLINE
  5
510
330
17
100
AcDbEntity
  8
HIDDEN
100
AcDbPolyline
 90
2
 70
0
 10
532.7728337647543
 20
1550.0180274117533
 10
587.8915614608686
 20
1550.0180274117533
  0
LWPOLYLINE
  5
511
330
17
100
AcDbEntity
  8
HIDDEN
100
AcDbPolyline
 90
2
 70
0
 10
587.8915614608686
 20
1550.0180274117533
 10
586.4214511172825
 20
1550.0180274117533
  0
LWPOLYLINE
  5
512
330
17
100
AcDbEntity
  8
HIDDEN
100
AcDbPolyline
 90
2
 70
0
 10
586.4214511172825
 20
1550.0180274117533
 10
694.2608783466484
 20
1550.0180274117533
  0
LWPOLYLINE
  5
513
330
17
100
AcDbEntity
  8
HIDDEN
100
AcDbPolyline
 90
2
 70
0
 10
346.44459193908426
 20
1550.0180274117533
 10
622.995114003272
 20
1550.0180274117533
  0
LWPOLYLINE
  5
514
330
17
100
AcDbEntity
  8
HIDDEN
100
AcDbPolyline
 90
2
 70
0
 10
694.9440313750414
 20
1550.0180274117533
 10
696.9041784998229
 20
1550.0180274117533
  0
LWPOLYLINE
  5
515
330
17
100
AcDbEntity
  8
HIDDEN
100
AcDbPolyline
 90
2
 70
0
 10
694.2608783466484
 20
1550.0180274117533
 10
694.9440313750414
 20
1550.0180274117533
  0
LWPOLYLINE
  5
516
330
17
100
AcDbEntity
  8
HIDDEN
100
AcDbPolyline
 90
2
 70
0
 10
346.44459193908426
 20
1166.0180274117533
 10
622.995114003272
 20
1166.0180274117533
  0
LWPOLYLINE
  5
517
330
17
100
AcDbEntity
  8
HIDDEN
100
AcDbPolyline
 90
2
 70
0
 10
346.44459193908426
 20
1550.0180274117533
 10
346.44459193908426
 20
1166.0180274117533
  0
LWPOLYLINE
  5
518
330
17
100
AcDbEntity
  8
HIDDEN
100
AcDbPolyline
 90
2
 70
0
 10
346.44459193908426
 20
1166.0180274117533
 10
356.3744853701327
 20
1166.0180274117533
  0
LWPOLYLINE
  5
519
330
17
100
AcDbEntity
  8
HIDDEN
100
AcDbPolyline
 90
2
 70
0
 10
356.3744853701327
 20
1166.0180274117533
 10
357.5097717440571
 20
1166.0180274117533
  0
LWPOLYLINE
  5
51A
330
17
100
AcDbEntity
  8
HIDDEN
100
AcDbPolyline
 90
2
 70
0
 10
357.5097717440571
 20
1166.0180274117533
 10
360.6192798191686
 20
1166.0180274117533
  0
LWPOLYLINE
  5
51B
330
17
100
AcDbEntity
  8
HIDDEN
100
AcDbPolyline
 90
2
 70
0
 10
360.6192798191686
 20
1166.0180274117533
 10
365.3888614076891
 20
1166.0180274117533
  0
LWPOLYLINE
  5
51C
330
17
100
AcDbEntity
  8
HIDDEN
100
AcDbPolyline
 90
2
 70
0
 10
365.3888614076891
 20
1166.0180274117533
 10
369.4688078157824
 20
1166.0180274117533
  0
LWPOLYLINE
  5
51D
330
17
100
AcDbEntity
  8
HIDDEN
100
AcDbPolyline
 90
2
 70
0
 10
369.4688078157824
 20
1166.0180274117533
 10
376.89540442850125
 20
1166.0180274117533
  0
LWPOLYLINE
  5
51E
330
17
100
AcDbEntity
  8
HIDDEN
100
AcDbPolyline
 90
2
 70
0
 10
376.89540442850125
 20
1166.0180274117533
 10
385.82532657720617
 20
1166.0180274117533
  0
LWPOLYLINE
  5
51F
330
17
100
AcDbEntity
  8
HIDDEN
100
AcDbPolyline
 90
2
 70
0
 10
385.82532657720617
 20
1166.0180274117533
 10
392.57189141418746
 20
1166.0180274117533
  0
LWPOLYLINE
  5
520
330
17
100
AcDbEntity
  8
HIDDEN
100
AcDbPolyline
 90
2
 70
0
 10
392.57189141418746
 20
1166.0180274117533
 10
403.80946627838694
 20
1166.0180274117533
  0
LWPOLYLINE
  5
521
330
17
100
AcDbEntity
  8
HIDDEN
100
AcDbPolyline
 90
2
 70
0
 10
403.80946627838694
 20
1166.0180274117533
 10
411.9995511032603
 20
1166.0180274117533
  0
LWPOLYLINE
  5
522
330
17
100
AcDbEntity
  8
HIDDEN
100
AcDbPolyline
 90
2
 70
0
 10
411.9995511032603
 20
1166.0180274117533
 10
425.24458557169123
 20
1166.0180274117533
  0
LWPOLYLINE
  5
523
330
17
100
AcDbEntity
  8
HIDDEN
100
AcDbPolyline
 90
2
 70
0
 10
425.24458557169123
 20
1166.0180274117533
 10
434.6594058980505
 20
1166.0180274117533
  0
LWPOLYLINE
  5
524
330
17
100
AcDbEntity
  8
HIDDEN
100
AcDbPolyline
 90
2
 70
0
 10
434.6594058980505
 20
1166.0180274117533
 10
449.5580809168725
 20
1166.0180274117533
  0
LWPOLYLINE
  5
525
330
17
100
AcDbEntity
  8
HIDDEN
100
AcDbPolyline
 90
2
 70
0
 10
449.5580809168725
 20
1166.0180274117533
 10
465.2603001756381
 20
1166.0180274117533
  0
LWPOLYLINE
  5
526
330
17
100
AcDbEntity
  8
HIDDEN
100
AcDbPolyline
 90
2
 70
0
 10
465.2603001756381
 20
1166.0180274117533
 10
476.1004577475695
 20
1166.0180274117533
  0
LWPOLYLINE
  5
527
330
17
100
AcDbEntity
  8
HIDDEN
100
AcDbPolyline
 90
2
 70
0
 10
476.1004577475695
 20
1166.0180274117533
 10
492.8027066491057
 20
1166.0180274117533
  0
LWPOLYLINE
  5
528
330
17
100
AcDbEntity
  8
HIDDEN
100
AcDbPolyline
 90
2
 70
0
 10
492.8027066491057
 20
1166.0180274117533
 10
509.8920304048674
 20
1166.0180274117533
  0
LWPOLYLINE
  5
529
330
17
100
AcDbEntity
  8
HIDDEN
100
AcDbPolyline
 90
2
 70
0
 10
509.8920304048674
 20
1166.0180274117533
 10
527.203849485111
 20
1166.0180274117533
  0
LWPOLYLINE
  5
52A
330
17
100
AcDbEntity
  8
HIDDEN
100
AcDbPolyline
 90
2
 70
0
 10
527.203849485111
 20
1166.0180274117533
 10
532.7728337647543
 20
1166.0180274117533
  0
LWPOLYLINE
  5
52B
330
17
100
AcDbEntity
  8
HIDDEN
100
AcDbPolyline
 90
2
 70
0
 10
532.7728337647543
 20
1166.0180274117533
 10
587.8915614608686
 20
1166.0180274117533
  0
LWPOLYLINE
  5
52C
330
17
100
AcDbEntity
  8
HIDDEN
100
AcDbPolyline
 90
2
 70
0
 10
587.8915614608686
 20
1166.0180274117533
 10
586.4214511172825
 20
1166.0180274117533
  0
LWPOLYLINE
  5
52D
330
17
100
AcDbEntity
  8
HIDDEN
100
AcDbPolyline
 90
2
 70
0
 10
586.4214511172825
 20
1166.0180274117533
 10
694.2608783466484
 20
1166.0180274117533
  0
LWPOLYLINE
  5
52E
330
17
100
AcDbEntity
  8
HIDDEN
100
AcDbPolyline
 90
2
 70
0
 10
694.9440313750414
 20
1166.0180274117533
 10
696.9041784998229
 20
1166.0180274117533
  0
LWPOLYLINE
  5
52F
330
17
100
AcDbEntity
  8
HIDDEN
100
AcDbPolyline
 90
2
 70
0
 10
694.2608783466484
 20
1166.0180274117533
 10
694.9440313750414
 20
1166.0180274117533
  0
LWPOLYLINE
  5
530
330
17
100
AcDbEntity
  8
HIDDEN
100
AcDbPolyline
 90
2
 70
0
 10
585.4173471038941
 20
1406.5180274117533
 10
585.4173471038941
 20
1418.5180274117533
  0
LWPOLYLINE
  5
531
330
17
100
AcDbEntity
  8
HIDDEN
100
AcDbPolyline
 90
2
 70
0
 10
580.4689105246747
 20
1406.5180274117533
 10
580.4689105246747
 20
1418.5180274117533
  0
LWPOLYLINE
  5
532
330
17
100
AcDbEntity
  8
HIDDEN
100
AcDbPolyline
 90
2
 70
0
 10
367.73896413929776
 20
1406.5180274117533
 10
367.73896413929776
 20
1418.5180274117533
  0
LWPOLYLINE
  5
533
330
17
100
AcDbEntity
  8
HIDDEN
100
AcDbPolyline
 90
2
 70
0
 10
573.1786555398846
 20
1406.5180274117533
 10
573.1786555398846
 20
1418.5180274117533
  0
LWPOLYLINE
  5
534
330
17
100
AcDbEntity
  8
HIDDEN
100
AcDbPolyline
 90
2
 70
0
 10
371.3101765786884
 20
1406.5180274117533
 10
371.3101765786884
 20
1418.5180274117533
  0
LWPOLYLINE
  5
535
330
17
100
AcDbEntity
  8
HIDDEN
100
AcDbPolyline
 90
2
 70
0
 10
564.1172825061253
 20
1406.5180274117533
 10
564.1172825061253
 20
1418.5180274117533
  0
LWPOLYLINE
  5
536
330
17
100
AcDbEntity
  8
HIDDEN
100
AcDbPolyline
 90
2
 70
0
 10
377.03110483457795
 20
1406.5180274117533
 10
377.03110483457795
 20
1418.5180274117533
  0
LWPOLYLINE
  5
537
330
17
100
AcDbEntity
  8
HIDDEN
100
AcDbPolyline
 90
2
 70
0
 10
553.7776955229468
 20
1406.5180274117533
 10
553.7776955229468
 20
1418.5180274117533
  0
LWPOLYLINE
  5
538
330
17
100
AcDbEntity
  8
HIDDEN
100
AcDbPolyline
 90
2
 70
0
 10
384.57488593895414
 20
1406.5180274117533
 10
384.57488593895414
 20
1418.5180274117533
  0
LWPOLYLINE
  5
539
330
17
100
AcDbEntity
  8
HIDDEN
100
AcDbPolyline
 90
2
 70
0
 10
547.7756751949947
 20
1406.5180274117533
 10
547.7756751949947
 20
1418.5180274117533
  0
LWPOLYLINE
  5
53A
330
17
100
AcDbEntity
  8
HIDDEN
100
AcDbPolyline
 90
2
 70
0
 10
393.5418222052174
 20
1406.5180274117533
 10
393.5418222052174
 20
1418.5180274117533
  0
LWPOLYLINE
  5
53B
330
17
100
AcDbEntity
  8
HIDDEN
100
AcDbPolyline
 90
2
 70
0
 10
541.5860392642568
 20
1406.5180274117533
 10
541.5860392642568
 20
1418.5180274117533
  0
LWPOLYLINE
  5
53C
330
17
100
AcDbEntity
  8
HIDDEN
100
AcDbPolyline
 90
2
 70
0
 10
529.4989660073442
 20
1406.5180274117533
 10
529.4989660073442
 20
1418.5180274117533
  0
LWPOLYLINE
  5
53D
330
17
100
AcDbEntity
  8
HIDDEN
100
AcDbPolyline
 90
2
 70
0
 10
535.4230996904217
 20
1406.5180274117533
 10
535.4230996904217
 20
1418.5180274117533
  0
LWPOLYLINE
  5
53E
330
17
100
AcDbEntity
  8
HIDDEN
100
AcDbPolyline
 90
2
 70
0
 10
436.68511400327196
 20
1406.5180274117533
 10
436.68511400327196
 20
1418.5180274117533
  0
LWPOLYLINE
  5
53F
330
17
100
AcDbEntity
  8
HIDDEN
100
AcDbPolyline
 90
2
 70
0
 10
436.19136722467636
 20
1406.5180274117533
 10
436.19136722467636
 20
1418.5180274117533
  0
LWPOLYLINE
  5
540
330
17
100
AcDbEntity
  8
HIDDEN
100
AcDbPolyline
 90
2
 70
0
 10
434.7678544025266
 20
1406.5180274117533
 10
434.7678544025266
 20
1418.5180274117533
  0
LWPOLYLINE
  5
541
330
17
100
AcDbEntity
  8
HIDDEN
100
AcDbPolyline
 90
2
 70
0
 10
432.4123385391439
 20
1406.5180274117533
 10
432.4123385391439
 20
1418.5180274117533
  0
LWPOLYLINE
  5
542
330
17
100
AcDbEntity
  8
HIDDEN
100
AcDbPolyline
 90
2
 70
0
 10
429.3072347588372
 20
1406.5180274117533
 10
429.3072347588372
 20
1418.5180274117533
  0
LWPOLYLINE
  5
543
330
17
100
AcDbEntity
  8
HIDDEN
100
AcDbPolyline
 90
2
 70
0
 10
425.4476635060161
 20
1406.5180274117533
 10
425.4476635060161
 20
1418.5180274117533
  0
LWPOLYLINE
  5
544
330
17
100
AcDbEntity
  8
HIDDEN
100
AcDbPolyline
 90
2
 70
0
 10
421.13251649302595
 20
1406.5180274117533
 10
421.13251649302595
 20
1418.5180274117533
  0
LWPOLYLINE
  5
545
330
17
100
AcDbEntity
  8
HIDDEN
100
AcDbPolyline
 90
2
 70
0
 10
416.4530883038193
 20
1406.5180274117533
 10
416.4530883038193
 20
1418.5180274117533
  0
LWPOLYLINE
  5
546
330
17
100
AcDbEntity
  8
HIDDEN
100
AcDbPolyline
 90
2
 70
0
 10
411.4851298687378
 20
1406.5180274117533
 10
411.4851298687378
 20
1418.5180274117533
  0
LWPOLYLINE
  5
547
330
17
100
AcDbEntity
  8
HIDDEN
100
AcDbPolyline
 90
2
 70
0
 10
406.51521538039265
 20
1406.5180274117533
 10
406.51521538039265
 20
1418.5180274117533
  0
LWPOLYLINE
  5
548
330
17
100
AcDbEntity
  8
HIDDEN
100
AcDbPolyline
 90
2
 70
0
 10
401.8301477277561
 20
1406.5180274117533
 10
401.8301477277561
 20
1418.5180274117533
  0
LWPOLYLINE
  5
549
330
17
100
AcDbEntity
  8
HIDDEN
100
AcDbPolyline
 90
2
 70
0
 10
397.5058889016133
 20
1406.5180274117533
 10
397.5058889016133
 20
1418.5180274117533
  0
LWPOLYLINE
  5
54A
330
17
100
AcDbEntity
  8
HIDDEN
100
AcDbPolyline
 90
2
 70
0
 10
393.63379638333436
 20
1406.5180274117533
 10
393.63379638333436
 20
1418.5180274117533
  0
LWPOLYLINE
  5
54B
330
17
100
AcDbEntity
  8
HIDDEN
100
AcDbPolyline
 90
2
 70
0
 10
390.45788946740004
 20
1406.5180274117533
 10
390.45788946740004
 20
1418.5180274117533
  0
LWPOLYLINE
  5
54C
330
17
100
AcDbEntity
  8
HIDDEN
100
AcDbPolyline
 90
2
 70
0
 10
388.1023736040173
 20
1406.5180274117533
 10
388.1023736040173
 20
1418.5180274117533
  0
LWPOLYLINE
  5
54D
330
17
100
AcDbEntity
  8
HIDDEN
100
AcDbPolyline
 90
2
 70
0
 10
386.67886078186757
 20
1406.5180274117533
 10
386.67886078186757
 20
1418.5180274117533
  0
LWPOLYLINE
  5
54E
330
17
100
AcDbEntity
  8
HIDDEN
100
AcDbPolyline
 90
2
 70
0
 10
386.18511400327196
 20
1406.5180274117533
 10
386.18511400327196
 20
1418.5180274117533
  0
LWPOLYLINE
  5
54F
330
17
100
AcDbEntity
  8
HIDDEN
100
AcDbPolyline
 90
2
 70
0
 10
386.67886078186757
 20
1406.5180274117533
 10
386.67886078186757
 20
1418.5180274117533
  0
LWPOLYLINE
  5
550
330
17
100
AcDbEntity
  8
HIDDEN
100
AcDbPolyline
 90
2
 70
0
 10
388.1023736040173
 20
1406.5180274117533
 10
388.1023736040173
 20
1418.5180274117533
  0
LWPOLYLINE
  5
551
330
17
100
AcDbEntity
  8
HIDDEN
100
AcDbPolyline
 90
2
 70
0
 10
390.4023766126862
 20
1406.5180274117533
 10
390.4023766126862
 20
1418.5180274117533
  0
LWPOLYLINE
  5
552
330
17
100
AcDbEntity
  8
HIDDEN
100
AcDbPolyline
 90
2
 70
0
 10
393.56299324770674
 20
1406.5180274117533
 10
393.56299324770674
 20
1418.5180274117533
  0
LWPOLYLINE
  5
553
330
17
100
AcDbEntity
  8
HIDDEN
100
AcDbPolyline
 90
2
 70
0
 10
397.3394600220936
 20
1406.5180274117533
 10
397.3394600220936
 20
1418.5180274117533
  0
LWPOLYLINE
  5
554
330
17
100
AcDbEntity
  8
HIDDEN
100
AcDbPolyline
 90
2
 70
0
 10
401.7377115135179
 20
1406.5180274117533
 10
401.7377115135179
 20
1418.5180274117533
  0
LWPOLYLINE
  5
555
330
17
100
AcDbEntity
  8
HIDDEN
100
AcDbPolyline
 90
2
 70
0
 10
406.4171397027246
 20
1406.5180274117533
 10
406.4171397027246
 20
1418.5180274117533
  0
LWPOLYLINE
  5
556
330
17
100
AcDbEntity
  8
HIDDEN
100
AcDbPolyline
 90
2
 70
0
 10
411.38509813780615
 20
1406.5180274117533
 10
411.38509813780615
 20
1418.5180274117533
  0
LWPOLYLINE
  5
557
330
17
100
AcDbEntity
  8
HIDDEN
100
AcDbPolyline
 90
2
 70
0
 10
416.2568597321888
 20
1406.5180274117533
 10
416.2568597321888
 20
1418.5180274117533
  0
LWPOLYLINE
  5
558
330
17
100
AcDbEntity
  8
HIDDEN
100
AcDbPolyline
 90
2
 70
0
 10
421.0400802787878
 20
1406.5180274117533
 10
421.0400802787878
 20
1418.5180274117533
  0
LWPOLYLINE
  5
559
330
17
100
AcDbEntity
  8
HIDDEN
100
AcDbPolyline
 90
2
 70
0
 10
425.4476635060161
 20
1406.5180274117533
 10
425.4476635060161
 20
1418.5180274117533
  0
LWPOLYLINE
  5
55A
330
17
100
AcDbEntity
  8
HIDDEN
100
AcDbPolyline
 90
2
 70
0
 10
429.23643162320957
 20
1406.5180274117533
 10
429.23643162320957
 20
1418.5180274117533
  0
LWPOLYLINE
  5
55B
330
17
100
AcDbEntity
  8
HIDDEN
100
AcDbPolyline
 90
2
 70
0
 10
432.4123385391439
 20
1406.5180274117533
 10
432.4123385391439
 20
1418.5180274117533
  0
LWPOLYLINE
  5
55C
330
17
100
AcDbEntity
  8
HIDDEN
100
AcDbPolyline
 90
2
 70
0
 10
434.7678544025266
 20
1406.5180274117533
 10
434.7678544025266
 20
1418.5180274117533
  0
LWPOLYLINE
  5
55D
330
17
100
AcDbEntity
  8
HIDDEN
100
AcDbPolyline
 90
2
 70
0
 10
436.19136722467636
 20
1406.5180274117533
 10
436.19136722467636
 20
1418.5180274117533
  0
LWPOLYLINE
  5
55E
330
17
100
AcDbEntity
  8
HIDDEN
100
AcDbPolyline
 90
2
 70
0
 10
568.245114003272
 20
1406.5180274117533
 10
568.245114003272
 20
1418.5180274117533
  0
LWPOLYLINE
  5
55F
330
17
100
AcDbEntity
  8
HIDDEN
100
AcDbPolyline
 90
2
 70
0
 10
567.7513672246764
 20
1406.5180274117533
 10
567.7513672246764
 20
1418.5180274117533
  0
LWPOLYLINE
  5
560
330
17
100
AcDbEntity
  8
HIDDEN
100
AcDbPolyline
 90
2
 70
0
 10
567.7513672246763
 20
1406.5180274117533
 10
567.7513672246763
 20
1418.5180274117533
  0
LWPOLYLINE
  5
561
330
17
100
AcDbEntity
  8
HIDDEN
100
AcDbPolyline
 90
2
 70
0
 10
566.3278544025267
 20
1406.5180274117533
 10
566.3278544025267
 20
1418.5180274117533
  0
LWPOLYLINE
  5
562
330
17
100
AcDbEntity
  8
HIDDEN
100
AcDbPolyline
 90
2
 70
0
 10
566.2894366616716
 20
1406.5180274117533
 10
566.2894366616716
 20
1418.5180274117533
  0
LWPOLYLINE
  5
563
330
17
100
AcDbEntity
  8
HIDDEN
100
AcDbPolyline
 90
2
 70
0
 10
563.972338539144
 20
1406.5180274117533
 10
563.972338539144
 20
1418.5180274117533
  0
LWPOLYLINE
  5
564
330
17
100
AcDbEntity
  8
HIDDEN
100
AcDbPolyline
 90
2
 70
0
 10
563.9164964533479
 20
1406.5180274117533
 10
563.9164964533479
 20
1418.5180274117533
  0
LWPOLYLINE
  5
565
330
17
100
AcDbEntity
  8
HIDDEN
100
AcDbPolyline
 90
2
 70
0
 10
560.8672347588372
 20
1406.5180274117533
 10
560.8672347588372
 20
1418.5180274117533
  0
LWPOLYLINE
  5
566
330
17
100
AcDbEntity
  8
HIDDEN
100
AcDbPolyline
 90
2
 70
0
 10
560.7964316232096
 20
1406.5180274117533
 10
560.7964316232096
 20
1418.5180274117533
  0
LWPOLYLINE
  5
567
330
17
100
AcDbEntity
  8
HIDDEN
100
AcDbPolyline
 90
2
 70
0
 10
557.0076635060161
 20
1406.5180274117533
 10
557.0076635060161
 20
1418.5180274117533
  0
LWPOLYLINE
  5
568
330
17
100
AcDbEntity
  8
HIDDEN
100
AcDbPolyline
 90
2
 70
0
 10
557.0076635060161
 20
1406.5180274117533
 10
557.0076635060161
 20
1418.5180274117533
  0
LWPOLYLINE
  5
569
330
17
100
AcDbEntity
  8
HIDDEN
100
AcDbPolyline
 90
2
 70
0
 10
552.692516493026
 20
1406.5180274117533
 10
552.692516493026
 20
1418.5180274117533
  0
LWPOLYLINE
  5
56A
330
17
100
AcDbEntity
  8
HIDDEN
100
AcDbPolyline
 90
2
 70
0
 10
552.6000802787878
 20
1406.5180274117533
 10
552.6000802787878
 20
1418.5180274117533
  0
LWPOLYLINE
  5
56B
330
17
100
AcDbEntity
  8
HIDDEN
100
AcDbPolyline
 90
2
 70
0
 10
548.0130883038192
 20
1406.5180274117533
 10
548.0130883038192
 20
1418.5180274117533
  0
LWPOLYLINE
  5
56C
330
17
100
AcDbEntity
  8
HIDDEN
100
AcDbPolyline
 90
2
 70
0
 10
547.9150126261513
 20
1406.5180274117533
 10
547.9150126261513
 20
1418.5180274117533
  0
LWPOLYLINE
  5
56D
330
17
100
AcDbEntity
  8
HIDDEN
100
AcDbPolyline
 90
2
 70
0
 10
543.0451298687377
 20
1406.5180274117533
 10
543.0451298687377
 20
1418.5180274117533
  0
LWPOLYLINE
  5
56E
330
17
100
AcDbEntity
  8
HIDDEN
100
AcDbPolyline
 90
2
 70
0
 10
542.9450981378062
 20
1406.5180274117533
 10
542.9450981378062
 20
1418.5180274117533
  0
LWPOLYLINE
  5
56F
330
17
100
AcDbEntity
  8
HIDDEN
100
AcDbPolyline
 90
2
 70
0
 10
538.0752153803927
 20
1406.5180274117533
 10
538.0752153803927
 20
1418.5180274117533
  0
LWPOLYLINE
  5
570
330
17
100
AcDbEntity
  8
HIDDEN
100
AcDbPolyline
 90
2
 70
0
 10
537.9771397027247
 20
1406.5180274117533
 10
537.9771397027247
 20
1418.5180274117533
  0
LWPOLYLINE
  5
571
330
17
100
AcDbEntity
  8
HIDDEN
100
AcDbPolyline
 90
2
 70
0
 10
533.2977115135179
 20
1406.5180274117533
 10
533.2977115135179
 20
1418.5180274117533
  0
LWPOLYLINE
  5
572
330
17
100
AcDbEntity
  8
HIDDEN
100
AcDbPolyline
 90
2
 70
0
 10
533.2977115135179
 20
1406.5180274117533
 10
533.2977115135179
 20
1418.5180274117533
  0
LWPOLYLINE
  5
573
330
17
100
AcDbEntity
  8
HIDDEN
100
AcDbPolyline
 90
2
 70
0
 10
528.9825645005278
 20
1406.5180274117533
 10
528.9825645005278
 20
1418.5180274117533
  0
LWPOLYLINE
  5
574
330
17
100
AcDbEntity
  8
HIDDEN
100
AcDbPolyline
 90
2
 70
0
 10
528.8994600220936
 20
1406.5180274117533
 10
528.8994600220936
 20
1418.5180274117533
  0
LWPOLYLINE
  5
575
330
17
100
AcDbEntity
  8
HIDDEN
100
AcDbPolyline
 90
2
 70
0
 10
525.1229932477067
 20
1406.5180274117533
 10
525.1229932477067
 20
1418.5180274117533
  0
LWPOLYLINE
  5
576
330
17
100
AcDbEntity
  8
HIDDEN
100
AcDbPolyline
 90
2
 70
0
 10
525.1229932477067
 20
1406.5180274117533
 10
525.1229932477067
 20
1418.5180274117533
  0
LWPOLYLINE
  5
577
330
17
100
AcDbEntity
  8
HIDDEN
100
AcDbPolyline
 90
2
 70
0
 10
521.9623766126862
 20
1406.5180274117533
 10
521.9623766126862
 20
1418.5180274117533
  0
LWPOLYLINE
  5
578
330
17
100
AcDbEntity
  8
HIDDEN
100
AcDbPolyline
 90
2
 70
0
 10
522.0178894674
 20
1406.5180274117533
 10
522.0178894674
 20
1418.5180274117533
  0
LWPOLYLINE
  5
579
330
17
100
AcDbEntity
  8
HIDDEN
100
AcDbPolyline
 90
2
 70
0
 10
519.6623736040173
 20
1406.5180274117533
 10
519.6623736040173
 20
1418.5180274117533
  0
LWPOLYLINE
  5
57A
330
17
100
AcDbEntity
  8
HIDDEN
100
AcDbPolyline
 90
2
 70
0
 10
519.6623736040173
 20
1406.5180274117533
 10
519.6623736040173
 20
1418.5180274117533
  0
LWPOLYLINE
  5
57B
330
17
100
AcDbEntity
  8
HIDDEN
100
AcDbPolyline
 90
2
 70
0
 10
518.2388607818676
 20
1406.5180274117533
 10
518.2388607818676
 20
1418.5180274117533
  0
LWPOLYLINE
  5
57C
330
17
100
AcDbEntity
  8
HIDDEN
100
AcDbPolyline
 90
2
 70
0
 10
518.2388607818676
 20
1406.5180274117533
 10
518.2388607818676
 20
1418.5180274117533
  0
LWPOLYLINE
  5
57D
330
17
100
AcDbEntity
  8
HIDDEN
100
AcDbPolyline
 90
2
 70
0
 10
517.745114003272
 20
1406.5180274117533
 10
517.745114003272
 20
1418.5180274117533
  0
LWPOLYLINE
  5
57E
330
17
100
AcDbEntity
  8
HIDDEN
100
AcDbPolyline
 90
2
 70
0
 10
585.4173471038941
 20
1297.5180274117533
 10
585.4173471038941
 20
1309.5180274117533
  0
LWPOLYLINE
  5
57F
330
17
100
AcDbEntity
  8
HIDDEN
100
AcDbPolyline
 90
2
 70
0
 10
580.4689105246747
 20
1297.5180274117533
 10
580.4689105246747
 20
1309.5180274117533
  0
LWPOLYLINE
  5
580
330
17
100
AcDbEntity
  8
HIDDEN
100
AcDbPolyline
 90
2
 70
0
 10
367.73896413929776
 20
1297.5180274117533
 10
367.73896413929776
 20
1309.5180274117533
  0
LWPOLYLINE
  5
581
330
17
100
AcDbEntity
  8
HIDDEN
100
AcDbPolyline
 90
2
 70
0
 10
573.1786555398846
 20
1297.5180274117533
 10
573.1786555398846
 20
1309.5180274117533
  0
LWPOLYLINE
  5
582
330
17
100
AcDbEntity
  8
HIDDEN
100
AcDbPolyline
 90
2
 70
0
 10
371.3101765786884
 20
1297.5180274117533
 10
371.3101765786884
 20
1309.5180274117533
  0
LWPOLYLINE
  5
583
330
17
100
AcDbEntity
  8
HIDDEN
100
AcDbPolyline
 90
2
 70
0
 10
564.1172825061253
 20
1297.5180274117533
 10
564.1172825061253
 20
1309.5180274117533
  0
LWPOLYLINE
  5
584
330
17
100
AcDbEntity
  8
HIDDEN
100
AcDbPolyline
 90
2
 70
0
 10
377.03110483457795
 20
1297.5180274117533
 10
377.03110483457795
 20
1309.5180274117533
  0
LWPOLYLINE
  5
585
330
17
100
AcDbEntity
  8
HIDDEN
100
AcDbPolyline
 90
2
 70
0
 10
553.7776955229468
 20
1297.5180274117533
 10
553.7776955229468
 20
1309.5180274117533
  0
LWPOLYLINE
  5
586
330
17
100
AcDbEntity
  8
HIDDEN
100
AcDbPolyline
 90
2
 70
0
 10
384.57488593895414
 20
1297.5180274117533
 10
384.57488593895414
 20
1309.5180274117533
  0
LWPOLYLINE
  5
587
330
17
100
AcDbEntity
  8
HIDDEN
100
AcDbPolyline
 90
2
 70
0
 10
547.7756751949947
 20
1297.5180274117533
 10
547.7756751949947
 20
1309.5180274117533
  0
LWPOLYLINE
  5
588
330
17
100
AcDbEntity
  8
HIDDEN
100
AcDbPolyline
 90
2
 70
0
 10
393.5418222052174
 20
1297.5180274117533
 10
393.5418222052174
 20
1309.5180274117533
  0
LWPOLYLINE
  5
589
330
17
100
AcDbEntity
  8
HIDDEN
100
AcDbPolyline
 90
2
 70
0
 10
541.5860392642568
 20
1297.5180274117533
 10
541.5860392642568
 20
1309.5180274117533
  0
LWPOLYLINE
  5
58A
330
17
100
AcDbEntity
  8
HIDDEN
100
AcDbPolyline
 90
2
 70
0
 10
529.4989660073442
 20
1297.5180274117533
 10
529.4989660073442
 20
1309.5180274117533
  0
LWPOLYLINE
  5
58B
330
17
100
AcDbEntity
  8
HIDDEN
100
AcDbPolyline
 90
2
 70
0
 10
535.4230996904217
 20
1297.5180274117533
 10
535.4230996904217
 20
1309.5180274117533
  0
LWPOLYLINE
  5
58C
330
17
100
AcDbEntity
  8
HIDDEN
100
AcDbPolyline
 90
2
 70
0
 10
436.68511400327196
 20
1297.5180274117533
 10
436.68511400327196
 20
1309.5180274117533
  0
LWPOLYLINE
  5
58D
330
17
100
AcDbEntity
  8
HIDDEN
100
AcDbPolyline
 90
2
 70
0
 10
436.19136722467636
 20
1297.5180274117533
 10
436.19136722467636
 20
1309.5180274117533
  0
LWPOLYLINE
  5
58E
330
17
100
AcDbEntity
  8
HIDDEN
100
AcDbPolyline
 90
2
 70
0
 10
434.7678544025266
 20
1297.5180274117533
 10
434.7678544025266
 20
1309.5180274117533
  0
LWPOLYLINE
  5
58F
330
17
100
AcDbEntity
  8
HIDDEN
100
AcDbPolyline
 90
2
 70
0
 10
432.4123385391439
 20
1297.5180274117533
 10
432.4123385391439
 20
1309.5180274117533
  0
LWPOLYLINE
  5
590
330
17
100
AcDbEntity
  8
HIDDEN
100
AcDbPolyline
 90
2
 70
0
 10
429.3072347588372
 20
1297.5180274117533
 10
429.3072347588372
 20
1309.5180274117533
  0
LWPOLYLINE
  5
591
330
17
100
AcDbEntity
  8
HIDDEN
100
AcDbPolyline
 90
2
 70
0
 10
425.4476635060161
 20
1297.5180274117533
 10
425.4476635060161
 20
1309.5180274117533
  0
LWPOLYLINE
  5
592
330
17
100
AcDbEntity
  8
HIDDEN
100
AcDbPolyline
 90
2
 70
0
 10
421.13251649302595
 20
1297.5180274117533
 10
421.13251649302595
 20
1309.5180274117533
  0
LWPOLYLINE
  5
593
330
17
100
AcDbEntity
  8
HIDDEN
100
AcDbPolyline
 90
2
 70
0
 10
416.4530883038193
 20
1297.5180274117533
 10
416.4530883038193
 20
1309.5180274117533
  0
LWPOLYLINE
  5
594
330
17
100
AcDbEntity
  8
HIDDEN
100
AcDbPolyline
 90
2
 70
0
 10
411.4851298687378
 20
1297.5180274117533
 10
411.4851298687378
 20
1309.5180274117533
  0
LWPOLYLINE
  5
595
330
17
100
AcDbEntity
  8
HIDDEN
100
AcDbPolyline
 90
2
 70
0
 10
406.51521538039265
 20
1297.5180274117533
 10
406.51521538039265
 20
1309.5180274117533
  0
LWPOLYLINE
  5
596
330
17
100
AcDbEntity
  8
HIDDEN
100
AcDbPolyline
 90
2
 70
0
 10
401.8301477277561
 20
1297.5180274117533
 10
401.8301477277561
 20
1309.5180274117533
  0
LWPOLYLINE
  5
597
330
17
100
AcDbEntity
  8
HIDDEN
100
AcDbPolyline
 90
2
 70
0
 10
397.5058889016133
 20
1297.5180274117533
 10
397.5058889016133
 20
1309.5180274117533
  0
LWPOLYLINE
  5
598
330
17
100
AcDbEntity
  8
HIDDEN
100
AcDbPolyline
 90
2
 70
0
 10
393.63379638333436
 20
1297.5180274117533
 10
393.63379638333436
 20
1309.5180274117533
  0
LWPOLYLINE
  5
599
330
17
100
AcDbEntity
  8
HIDDEN
100
AcDbPolyline
 90
2
 70
0
 10
390.45788946740004
 20
1297.5180274117533
 10
390.45788946740004
 20
1309.5180274117533
  0
LWPOLYLINE
  5
59A
330
17
100
AcDbEntity
  8
HIDDEN
100
AcDbPolyline
 90
2
 70
0
 10
388.1023736040173
 20
1297.5180274117533
 10
388.1023736040173
 20
1309.5180274117533
  0
LWPOLYLINE
  5
59B
330
17
100
AcDbEntity
  8
HIDDEN
100
AcDbPolyline
 90
2
 70
0
 10
386.67886078186757
 20
1297.5180274117533
 10
386.67886078186757
 20
1309.5180274117533
  0
LWPOLYLINE
  5
59C
330
17
100
AcDbEntity
  8
HIDDEN
100
AcDbPolyline
 90
2
 70
0
 10
386.18511400327196
 20
1297.5180274117533
 10
386.18511400327196
 20
1309.5180274117533
  0
LWPOLYLINE
  5
59D
330
17
100
AcDbEntity
  8
HIDDEN
100
AcDbPolyline
 90
2
 70
0
 10
386.67886078186757
 20
1297.5180274117533
 10
386.67886078186757
 20
1309.5180274117533
  0
LWPOLYLINE
  5
59E
330
17
100
AcDbEntity
  8
HIDDEN
100
AcDbPolyline
 90
2
 70
0
 10
388.1023736040173
 20
1297.5180274117533
 10
388.1023736040173
 20
1309.5180274117533
  0
LWPOLYLINE
  5
59F
330
17
100
AcDbEntity
  8
HIDDEN
100
AcDbPolyline
 90
2
 70
0
 10
390.4023766126862
 20
1297.5180274117533
 10
390.4023766126862
 20
1309.5180274117533
  0
LWPOLYLINE
  5
5A0
330
17
100
AcDbEntity
  8
HIDDEN
100
AcDbPolyline
 90
2
 70
0
 10
393.56299324770674
 20
1297.5180274117533
 10
393.56299324770674
 20
1309.5180274117533
  0
LWPOLYLINE
  5
5A1
330
17
100
AcDbEntity
  8
HIDDEN
100
AcDbPolyline
 90
2
 70
0
 10
397.3394600220936
 20
1297.5180274117533
 10
397.3394600220936
 20
1309.5180274117533
  0
LWPOLYLINE
  5
5A2
330
17
100
AcDbEntity
  8
HIDDEN
100
AcDbPolyline
 90
2
 70
0
 10
401.7377115135179
 20
1297.5180274117533
 10
401.7377115135179
 20
1309.5180274117533
  0
LWPOLYLINE
  5
5A3
330
17
100
AcDbEntity
  8
HIDDEN
100
AcDbPolyline
 90
2
 70
0
 10
406.4171397027246
 20
1297.5180274117533
 10
406.4171397027246
 20
1309.5180274117533
  0
LWPOLYLINE
  5
5A4
330
17
100
AcDbEntity
  8
HIDDEN
100
AcDbPolyline
 90
2
 70
0
 10
411.38509813780615
 20
1297.5180274117533
 10
411.38509813780615
 20
1309.5180274117533
  0
LWPOLYLINE
  5
5A5
330
17
100
AcDbEntity
  8
HIDDEN
100
AcDbPolyline
 90
2
 70
0
 10
416.2568597321888
 20
1297.5180274117533
 10
416.2568597321888
 20
1309.5180274117533
  0
LWPOLYLINE
  5
5A6
330
17
100
AcDbEntity
  8
HIDDEN
100
AcDbPolyline
 90
2
 70
0
 10
421.0400802787878
 20
1297.5180274117533
 10
421.0400802787878
 20
1309.5180274117533
  0
LWPOLYLINE
  5
5A7
330
17
100
AcDbEntity
  8
HIDDEN
100
AcDbPolyline
 90
2
 70
0
 10
425.4476635060161
 20
1297.5180274117533
 10
425.4476635060161
 20
1309.5180274117533
  0
LWPOLYLINE
  5
5A8
330
17
100
AcDbEntity
  8
HIDDEN
100
AcDbPolyline
 90
2
 70
0
 10
429.23643162320957
 20
1297.5180274117533
 10
429.23643162320957
 20
1309.5180274117533
  0
LWPOLYLINE
  5
5A9
330
17
100
AcDbEntity
  8
HIDDEN
100
AcDbPolyline
 90
2
 70
0
 10
432.4123385391439
 20
1297.5180274117533
 10
432.4123385391439
 20
1309.5180274117533
  0
LWPOLYLINE
  5
5AA
330
17
100
AcDbEntity
  8
HIDDEN
100
AcDbPolyline
 90
2
 70
0
 10
434.7678544025266
 20
1297.5180274117533
 10
434.7678544025266
 20
1309.5180274117533
  0
LWPOLYLINE
  5
5AB
330
17
100
AcDbEntity
  8
HIDDEN
100
AcDbPolyline
 90
2
 70
0
 10
436.19136722467636
 20
1297.5180274117533
 10
436.19136722467636
 20
1309.5180274117533
  0
LWPOLYLINE
  5
5AC
330
17
100
AcDbEntity
  8
HIDDEN
100
AcDbPolyline
 90
2
 70
0
 10
568.245114003272
 20
1297.5180274117533
 10
568.245114003272
 20
1309.5180274117533
  0
LWPOLYLINE
  5
5AD
330
17
100
AcDbEntity
  8
HIDDEN
100
AcDbPolyline
 90
2
 70
0
 10
567.7513672246764
 20
1297.5180274117533
 10
567.7513672246764
 20
1309.5180274117533
  0
LWPOLYLINE
  5
5AE
330
17
100
AcDbEntity
  8
HIDDEN
100
AcDbPolyline
 90
2
 70
0
 10
567.7513672246763
 20
1297.5180274117533
 10
567.7513672246763
 20
1309.5180274117533
  0
LWPOLYLINE
  5
5AF
330
17
100
AcDbEntity
  8
HIDDEN
100
AcDbPolyline
 90
2
 70
0
 10
566.3278544025267
 20
1297.5180274117533
 10
566.3278544025267
 20
1309.5180274117533
  0
LWPOLYLINE
  5
5B0
330
17
100
AcDbEntity
  8
HIDDEN
100
AcDbPolyline
 90
2
 70
0
 10
566.2894366616716
 20
1297.5180274117533
 10
566.2894366616716
 20
1309.5180274117533
  0
LWPOLYLINE
  5
5B1
330
17
100
AcDbEntity
  8
HIDDEN
100
AcDbPolyline
 90
2
 70
0
 10
563.972338539144
 20
1297.5180274117533
 10
563.972338539144
 20
1309.5180274117533
  0
LWPOLYLINE
  5
5B2
330
17
100
AcDbEntity
  8
HIDDEN
100
AcDbPolyline
 90
2
 70
0
 10
563.9164964533479
 20
1297.5180274117533
 10
563.9164964533479
 20
1309.5180274117533
  0
LWPOLYLINE
  5
5B3
330
17
100
AcDbEntity
  8
HIDDEN
100
AcDbPolyline
 90
2
 70
0
 10
560.8672347588372
 20
1297.5180274117533
 10
560.8672347588372
 20
1309.5180274117533
  0
LWPOLYLINE
  5
5B4
330
17
100
AcDbEntity
  8
HIDDEN
100
AcDbPolyline
 90
2
 70
0
 10
560.7964316232096
 20
1297.5180274117533
 10
560.7964316232096
 20
1309.5180274117533
  0
LWPOLYLINE
  5
5B5
330
17
100
AcDbEntity
  8
HIDDEN
100
AcDbPolyline
 90
2
 70
0
 10
557.0076635060161
 20
1297.5180274117533
 10
557.0076635060161
 20
1309.5180274117533
  0
LWPOLYLINE
  5
5B6
330
17
100
AcDbEntity
  8
HIDDEN
100
AcDbPolyline
 90
2
 70
0
 10
557.0076635060161
 20
1297.5180274117533
 10
557.0076635060161
 20
1309.5180274117533
  0
LWPOLYLINE
  5
5B7
330
17
100
AcDbEntity
  8
HIDDEN
100
AcDbPolyline
 90
2
 70
0
 10
552.692516493026
 20
1297.5180274117533
 10
552.692516493026
 20
1309.5180274117533
  0
LWPOLYLINE
  5
5B8
330
17
100
AcDbEntity
  8
HIDDEN
100
AcDbPolyline
 90
2
 70
0
 10
552.6000802787878
 20
1297.5180274117533
 10
552.6000802787878
 20
1309.5180274117533
  0
LWPOLYLINE
  5
5B9
330
17
100
AcDbEntity
  8
HIDDEN
100
AcDbPolyline
 90
2
 70
0
 10
548.0130883038192
 20
1297.5180274117533
 10
548.0130883038192
 20
1309.5180274117533
  0
LWPOLYLINE
  5
5BA
330
17
100
AcDbEntity
  8
HIDDEN
100
AcDbPolyline
 90
2
 70
0
 10
547.9150126261513
 20
1297.5180274117533
 10
547.9150126261513
 20
1309.5180274117533
  0
LWPOLYLINE
  5
5BB
330
17
100
AcDbEntity
  8
HIDDEN
100
AcDbPolyline
 90
2
 70
0
 10
543.0451298687377
 20
1297.5180274117533
 10
543.0451298687377
 20
1309.5180274117533
  0
LWPOLYLINE
  5
5BC
330
17
100
AcDbEntity
  8
HIDDEN
100
AcDbPolyline
 90
2
 70
0
 10
542.9450981378062
 20
1297.5180274117533
 10
542.9450981378062
 20
1309.5180274117533
  0
LWPOLYLINE
  5
5BD
330
17
100
AcDbEntity
  8
HIDDEN
100
AcDbPolyline
 90
2
 70
0
 10
538.0752153803927
 20
1297.5180274117533
 10
538.0752153803927
 20
1309.5180274117533
  0
LWPOLYLINE
  5
5BE
330
17
100
AcDbEntity
  8
HIDDEN
100
AcDbPolyline
 90
2
 70
0
 10
537.9771397027247
 20
1297.5180274117533
 10
537.9771397027247
 20
1309.5180274117533
  0
LWPOLYLINE
  5
5BF
330
17
100
AcDbEntity
  8
HIDDEN
100
AcDbPolyline
 90
2
 70
0
 10
533.2977115135179
 20
1297.5180274117533
 10
533.2977115135179
 20
1309.5180274117533
  0
LWPOLYLINE
  5
5C0
330
17
100
AcDbEntity
  8
HIDDEN
100
AcDbPolyline
 90
2
 70
0
 10
533.2977115135179
 20
1297.5180274117533
 10
533.2977115135179
 20
1309.5180274117533
  0
LWPOLYLINE
  5
5C1
330
17
100
AcDbEntity
  8
HIDDEN
100
AcDbPolyline
 90
2
 70
0
 10
528.9825645005278
 20
1297.5180274117533
 10
528.9825645005278
 20
1309.5180274117533
  0
LWPOLYLINE
  5
5C2
330
17
100
AcDbEntity
  8
HIDDEN
100
AcDbPolyline
 90
2
 70
0
 10
528.8994600220936
 20
1297.5180274117533
 10
528.8994600220936
 20
1309.5180274117533
  0
LWPOLYLINE
  5
5C3
330
17
100
AcDbEntity
  8
HIDDEN
100
AcDbPolyline
 90
2
 70
0
 10
525.1229932477067
 20
1297.5180274117533
 10
525.1229932477067
 20
1309.5180274117533
  0
LWPOLYLINE
  5
5C4
330
17
100
AcDbEntity
  8
HIDDEN
100
AcDbPolyline
 90
2
 70
0
 10
525.1229932477067
 20
1297.5180274117533
 10
525.1229932477067
 20
1309.5180274117533
  0
LWPOLYLINE
  5
5C5
330
17
100
AcDbEntity
  8
HIDDEN
100
AcDbPolyline
 90
2
 70
0
 10
521.9623766126862
 20
1297.5180274117533
 10
521.9623766126862
 20
1309.5180274117533
  0
LWPOLYLINE
  5
5C6
330
17
100
AcDbEntity
  8
HIDDEN
100
AcDbPolyline
 90
2
 70
0
 10
522.0178894674
 20
1297.5180274117533
 10
522.0178894674
 20
1309.5180274117533
  0
LWPOLYLINE
  5
5C7
330
17
100
AcDbEntity
  8
HIDDEN
100
AcDbPolyline
 90
2
 70
0
 10
519.6623736040173
 20
1297.5180274117533
 10
519.6623736040173
 20
1309.5180274117533
  0
LWPOLYLINE
  5
5C8
330
17
100
AcDbEntity
  8
HIDDEN
100
AcDbPolyline
 90
2
 70
0
 10
519.6623736040173
 20
1297.5180274117533
 10
519.6623736040173
 20
1309.5180274117533
  0
LWPOLYLINE
  5
5C9
330
17
100
AcDbEntity
  8
HIDDEN
100
AcDbPolyline
 90
2
 70
0
 10
518.2388607818676
 20
1297.5180274117533
 10
518.2388607818676
 20
1309.5180274117533
  0
LWPOLYLINE
  5
5CA
330
17
100
AcDbEntity
  8
HIDDEN
100
AcDbPolyline
 90
2
 70
0
 10
518.2388607818676
 20
1297.5180274117533
 10
518.2388607818676
 20
1309.5180274117533
  0
LWPOLYLINE
  5
5CB
330
17
100
AcDbEntity
  8
HIDDEN
100
AcDbPolyline
 90
2
 70
0
 10
517.745114003272
 20
1297.5180274117533
 10
517.745114003272
 20
1309.5180274117533
  0
LWPOLYLINE
  5
5CC
330
17
100
AcDbEntity
  8
HIDDEN
100
AcDbPolyline
 90
2
 70
0
 10
694.9440313750414
 20
1166.0180274117533
 10
694.9440313750414
 20
1550.0180274117533
  0
LWPOLYLINE
  5
5CD
330
17
100
AcDbEntity
  8
HIDDEN
100
AcDbPolyline
 90
2
 70
0
 10
356.3744853701327
 20
1166.0180274117533
 10
356.3744853701327
 20
1550.0180274117533
  0
LWPOLYLINE
  5
5CE
330
17
100
AcDbEntity
  8
HIDDEN
100
AcDbPolyline
 90
2
 70
0
 10
357.5097717440571
 20
1166.0180274117533
 10
357.5097717440571
 20
1550.0180274117533
  0
LWPOLYLINE
  5
5CF
330
17
100
AcDbEntity
  8
HIDDEN
100
AcDbPolyline
 90
2
 70
0
 10
360.6192798191686
 20
1166.0180274117533
 10
360.6192798191686
 20
1550.0180274117533
  0
LWPOLYLINE
  5
5D0
330
17
100
AcDbEntity
  8
HIDDEN
100
AcDbPolyline
 90
2
 70
0
 10
365.3888614076891
 20
1166.0180274117533
 10
365.3888614076891
 20
1550.0180274117533
  0
LWPOLYLINE
  5
5D1
330
17
100
AcDbEntity
  8
HIDDEN
100
AcDbPolyline
 90
2
 70
0
 10
369.4688078157824
 20
1166.0180274117533
 10
369.4688078157824
 20
1550.0180274117533
  0
LWPOLYLINE
  5
5D2
330
17
100
AcDbEntity
  8
HIDDEN
100
AcDbPolyline
 90
2
 70
0
 10
376.89540442850125
 20
1166.0180274117533
 10
376.89540442850125
 20
1550.0180274117533
  0
LWPOLYLINE
  5
5D3
330
17
100
AcDbEntity
  8
HIDDEN
100
AcDbPolyline
 90
2
 70
0
 10
385.82532657720617
 20
1166.0180274117533
 10
385.82532657720617
 20
1550.0180274117533
  0
LWPOLYLINE
  5
5D4
330
17
100
AcDbEntity
  8
HIDDEN
100
AcDbPolyline
 90
2
 70
0
 10
392.57189141418746
 20
1166.0180274117533
 10
392.57189141418746
 20
1550.0180274117533
  0
LWPOLYLINE
  5
5D5
330
17
100
AcDbEntity
  8
HIDDEN
100
AcDbPolyline
 90
2
 70
0
 10
403.80946627838694
 20
1166.0180274117533
 10
403.80946627838694
 20
1550.0180274117533
  0
LWPOLYLINE
  5
5D6
330
17
100
AcDbEntity
  8
HIDDEN
100
AcDbPolyline
 90
2
 70
0
 10
411.9995511032603
 20
1166.0180274117533
 10
411.9995511032603
 20
1550.0180274117533
  0
LWPOLYLINE
  5
5D7
330
17
100
AcDbEntity
  8
HIDDEN
100
AcDbPolyline
 90
2
 70
0
 10
425.24458557169123
 20
1166.0180274117533
 10
425.24458557169123
 20
1550.0180274117533
  0
LWPOLYLINE
  5
5D8
330
17
100
AcDbEntity
  8
HIDDEN
100
AcDbPolyline
 90
2
 70
0
 10
434.6594058980505
 20
1166.0180274117533
 10
434.6594058980505
 20
1550.0180274117533
  0
LWPOLYLINE
  5
5D9
330
17
100
AcDbEntity
  8
HIDDEN
100
AcDbPolyline
 90
2
 70
0
 10
449.5580809168725
 20
1166.0180274117533
 10
449.5580809168725
 20
1550.0180274117533
  0
LWPOLYLINE
  5
5DA
330
17
100
AcDbEntity
  8
HIDDEN
100
AcDbPolyline
 90
2
 70
0
 10
465.2603001756381
 20
1166.0180274117533
 10
465.2603001756381
 20
1550.0180274117533
  0
LWPOLYLINE
  5
5DB
330
17
100
AcDbEntity
  8
HIDDEN
100
AcDbPolyline
 90
2
 70
0
 10
476.1004577475695
 20
1166.0180274117533
 10
476.1004577475695
 20
1550.0180274117533
  0
LWPOLYLINE
  5
5DC
330
17
100
AcDbEntity
  8
HIDDEN
100
AcDbPolyline
 90
2
 70
0
 10
492.8027066491057
 20
1166.0180274117533
 10
492.8027066491057
 20
1550.0180274117533
  0
LWPOLYLINE
  5
5DD
330
17
100
AcDbEntity
  8
HIDDEN
100
AcDbPolyline
 90
2
 70
0
 10
509.8920304048674
 20
1166.0180274117533
 10
509.8920304048674
 20
1550.0180274117533
  0
LWPOLYLINE
  5
5DE
330
17
100
AcDbEntity
  8
HIDDEN
100
AcDbPolyline
 90
2
 70
0
 10
527.203849485111
 20
1166.0180274117533
 10
527.203849485111
 20
1550.0180274117533
  0
LWPOLYLINE
  5
5DF
330
17
100
AcDbEntity
  8
HIDDEN
100
AcDbPolyline
 90
2
 70
0
 10
532.7728337647543
 20
1166.0180274117533
 10
532.7728337647543
 20
1550.0180274117533
  0
LWPOLYLINE
  5
5E0
330
17
100
AcDbEntity
  8
HIDDEN
100
AcDbPolyline
 90
2
 70
0
 10
587.8915614608686
 20
1166.0180274117533
 10
587.8915614608686
 20
1550.0180274117533
  0
LWPOLYLINE
  5
5E1
330
17
100
AcDbEntity
  8
HIDDEN
100
AcDbPolyline
 90
2
 70
0
 10
586.4214511172825
 20
1166.0180274117533
 10
586.4214511172825
 20
1550.0180274117533
  0
LWPOLYLINE
  5
5E2
330
17
100
AcDbEntity
  8
HIDDEN
100
AcDbPolyline
 90
2
 70
0
 10
567.995114003272
 20
1406.5180274117533
 10
567.995114003272
 20
1431.5180274117533
  0
LWPOLYLINE
  5
5E3
330
17
100
AcDbEntity
  8
HIDDEN
100
AcDbPolyline
 90
15
 70
0
 10
567.995114003272
 20
1406.5180274117533
 10
567.3683118078176
 20
1406.5180274117533
 10
565.5193357008325
 20
1406.5180274117533
 10
562.5409010649727
 20
1406.5180274117533
 10
558.5823590497403
 20
1406.5180274117533
 10
553.842207481211
 20
1406.5180274117533
 10
548.5581373521799
 20
1406.5180274117533
 10
542.995114003272
 20
1406.5180274117533
 10
537.4320906543641
 20
1406.5180274117533
 10
532.148020525333
 20
1406.5180274117533
 10
527.4078689568037
 20
1406.5180274117533
 10
523.4493269415713
 20
1406.5180274117533
 10
520.4708923057115
 20
1406.5180274117533
 10
518.6219161987264
 20
1406.5180274117533
 10
517.995114003272
 20
1406.5180274117533
  0
LWPOLYLINE
  5
5E4
330
17
100
AcDbEntity
  8
HIDDEN
100
AcDbPolyline
 90
15
 70
0
 10
517.995114003272
 20
1406.5180274117533
 10
518.6219161987264
 20
1406.5180274117533
 10
520.4708923057115
 20
1406.5180274117533
 10
523.4493269415713
 20
1406.5180274117533
 10
527.4078689568037
 20
1406.5180274117533
 10
532.148020525333
 20
1406.5180274117533
 10
537.4320906543641
 20
1406.5180274117533
 10
542.995114003272
 20
1406.5180274117533
 10
548.5581373521799
 20
1406.5180274117533
 10
553.842207481211
 20
1406.5180274117533
 10
558.5823590497403
 20
1406.5180274117533
 10
562.5409010649727
 20
1406.5180274117533
 10
565.5193357008325
 20
1406.5180274117533
 10
567.3683118078176
 20
1406.5180274117533
 10
567.995114003272
 20
1406.5180274117533
  0
LWPOLYLINE
  5
5E5
330
17
100
AcDbEntity
  8
HIDDEN
100
AcDbPolyline
 90
15
 70
0
 10
567.995114003272
 20
1431.5180274117533
 10
567.3683118078176
 20
1431.5180274117533
 10
565.5193357008325
 20
1431.5180274117533
 10
562.5409010649727
 20
1431.5180274117533
 10
558.5823590497403
 20
1431.5180274117533
 10
553.842207481211
 20
1431.5180274117533
 10
548.5581373521799
 20
1431.5180274117533
 10
542.995114003272
 20
1431.5180274117533
 10
537.4320906543641
 20
1431.5180274117533
 10
532.148020525333
 20
1431.5180274117533
 10
527.4078689568037
 20
1431.5180274117533
 10
523.4493269415713
 20
1431.5180274117533
 10
520.4708923057115
 20
1431.5180274117533
 10
518.6219161987264
 20
1431.5180274117533
 10
517.995114003272
 20
1431.5180274117533
  0
LWPOLYLINE
  5
5E6
330
17
100
AcDbEntity
  8
HIDDEN
100
AcDbPolyline
 90
15
 70
0
 10
517.995114003272
 20
1431.5180274117533
 10
518.6219161987264
 20
1431.5180274117533
 10
520.4708923057115
 20
1431.5180274117533
 10
523.4493269415713
 20
1431.5180274117533
 10
527.4078689568037
 20
1431.5180274117533
 10
532.148020525333
 20
1431.5180274117533
 10
537.4320906543641
 20
1431.5180274117533
 10
542.995114003272
 20
1431.5180274117533
 10
548.5581373521799
 20
1431.5180274117533
 10
553.842207481211
 20
1431.5180274117533
 10
558.5823590497403
 20
1431.5180274117533
 10
562.5409010649727
 20
1431.5180274117533
 10
565.5193357008325
 20
1431.5180274117533
 10
567.3683118078176
 20
1431.5180274117533
 10
567.995114003272
 20
1431.5180274117533
  0
LWPOLYLINE
  5
5E7
330
17
100
AcDbEntity
  8
HIDDEN
100
AcDbPolyline
 90
15
 70
0
 10
557.995114003272
 20
1406.5180274117533
 10
557.6190326859993
 20
1406.5180274117533
 10
556.5096470218083
 20
1406.5180274117533
 10
554.7225862402925
 20
1406.5180274117533
 10
552.347461031153
 20
1406.5180274117533
 10
549.5033700900353
 20
1406.5180274117533
 10
546.3329280126167
 20
1406.5180274117533
 10
542.995114003272
 20
1406.5180274117533
 10
539.6572999939273
 20
1406.5180274117533
 10
536.4868579165086
 20
1406.5180274117533
 10
533.6427669753909
 20
1406.5180274117533
 10
531.2676417662515
 20
1406.5180274117533
 10
529.4805809847356
 20
1406.5180274117533
 10
528.3711953205446
 20
1406.5180274117533
 10
527.995114003272
 20
1406.5180274117533
  0
LWPOLYLINE
  5
5E8
330
17
100
AcDbEntity
  8
HIDDEN
100
AcDbPolyline
 90
15
 70
0
 10
527.995114003272
 20
1406.5180274117533
 10
528.3711953205446
 20
1406.5180274117533
 10
529.4805809847356
 20
1406.5180274117533
 10
531.2676417662515
 20
1406.5180274117533
 10
533.6427669753909
 20
1406.5180274117533
 10
536.4868579165086
 20
1406.5180274117533
 10
539.6572999939273
 20
1406.5180274117533
 10
542.995114003272
 20
1406.5180274117533
 10
546.3329280126167
 20
1406.5180274117533
 10
549.5033700900353
 20
1406.5180274117533
 10
552.347461031153
 20
1406.5180274117533
 10
554.7225862402925
 20
1406.5180274117533
 10
556.5096470218083
 20
1406.5180274117533
 10
557.6190326859993
 20
1406.5180274117533
 10
557.995114003272
 20
1406.5180274117533
  0
LWPOLYLINE
  5
5E9
330
17
100
AcDbEntity
  8
HIDDEN
100
AcDbPolyline
 90
15
 70
0
 10
557.995114003272
 20
1431.5180274117533
 10
557.6190326859993
 20
1431.5180274117533
 10
556.5096470218083
 20
1431.5180274117533
 10
554.7225862402925
 20
1431.5180274117533
 10
552.347461031153
 20
1431.5180274117533
 10
549.5033700900353
 20
1431.5180274117533
 10
546.3329280126167
 20
1431.5180274117533
 10
542.995114003272
 20
1431.5180274117533
 10
539.6572999939273
 20
1431.5180274117533
 10
536.4868579165086
 20
1431.5180274117533
 10
533.6427669753909
 20
1431.5180274117533
 10
531.2676417662515
 20
1431.5180274117533
 10
529.4805809847356
 20
1431.5180274117533
 10
528.3711953205446
 20
1431.5180274117533
 10
527.995114003272
 20
1431.5180274117533
  0
LWPOLYLINE
  5
5EA
330
17
100
AcDbEntity
  8
HIDDEN
100
AcDbPolyline
 90
15
 70
0
 10
527.995114003272
 20
1431.5180274117533
 10
528.3711953205446
 20
1431.5180274117533
 10
529.4805809847356
 20
1431.5180274117533
 10
531.2676417662515
 20
1431.5180274117533
 10
533.6427669753909
 20
1431.5180274117533
 10
536.4868579165086
 20
1431.5180274117533
 10
539.6572999939273
 20
1431.5180274117533
 10
542.995114003272
 20
1431.5180274117533
 10
546.3329280126167
 20
1431.5180274117533
 10
549.5033700900353
 20
1431.5180274117533
 10
552.347461031153
 20
1431.5180274117533
 10
554.7225862402925
 20
1431.5180274117533
 10
556.5096470218083
 20
1431.5180274117533
 10
557.6190326859993
 20
1431.5180274117533
 10
557.995114003272
 20
1431.5180274117533
  0
LWPOLYLINE
  5
5EB
330
17
100
AcDbEntity
  8
HIDDEN
100
AcDbPolyline
 90
2
 70
0
 10
557.995114003272
 20
1406.5180274117533
 10
557.995114003272
 20
1431.5180274117533
  0
LWPOLYLINE
  5
5EC
330
17
100
AcDbEntity
  8
HIDDEN
100
AcDbPolyline
 90
2
 70
0
 10
436.43511400327196
 20
1406.5180274117533
 10
436.43511400327196
 20
1431.5180274117533
  0
LWPOLYLINE
  5
5ED
330
17
100
AcDbEntity
  8
HIDDEN
100
AcDbPolyline
 90
15
 70
0
 10
436.43511400327196
 20
1406.5180274117533
 10
435.8083118078175
 20
1406.5180274117533
 10
433.9593357008324
 20
1406.5180274117533
 10
430.9809010649727
 20
1406.5180274117533
 10
427.0223590497403
 20
1406.5180274117533
 10
422.2822074812109
 20
1406.5180274117533
 10
416.9981373521798
 20
1406.5180274117533
 10
411.43511400327196
 20
1406.5180274117533
 10
405.8720906543641
 20
1406.5180274117533
 10
400.58802052533304
 20
1406.5180274117533
 10
395.8478689568036
 20
1406.5180274117533
 10
391.8893269415712
 20
1406.5180274117533
 10
388.9108923057115
 20
1406.5180274117533
 10
387.0619161987264
 20
1406.5180274117533
 10
386.43511400327196
 20
1406.5180274117533
  0
LWPOLYLINE
  5
5EE
330
17
100
AcDbEntity
  8
HIDDEN
100
AcDbPolyline
 90
15
 70
0
 10
386.43511400327196
 20
1406.5180274117533
 10
387.0619161987264
 20
1406.5180274117533
 10
388.9108923057115
 20
1406.5180274117533
 10
391.8893269415712
 20
1406.5180274117533
 10
395.8478689568036
 20
1406.5180274117533
 10
400.58802052533304
 20
1406.5180274117533
 10
405.8720906543641
 20
1406.5180274117533
 10
411.43511400327196
 20
1406.5180274117533
 10
416.9981373521798
 20
1406.5180274117533
 10
422.2822074812109
 20
1406.5180274117533
 10
427.0223590497403
 20
1406.5180274117533
 10
430.9809010649727
 20
1406.5180274117533
 10
433.9593357008324
 20
1406.5180274117533
 10
435.8083118078175
 20
1406.5180274117533
 10
436.43511400327196
 20
1406.5180274117533
  0
LWPOLYLINE
  5
5EF
330
17
100
AcDbEntity
  8
HIDDEN
100
AcDbPolyline
 90
15
 70
0
 10
436.43511400327196
 20
1431.5180274117533
 10
435.8083118078175
 20
1431.5180274117533
 10
433.9593357008324
 20
1431.5180274117533
 10
430.9809010649727
 20
1431.5180274117533
 10
427.0223590497403
 20
1431.5180274117533
 10
422.2822074812109
 20
1431.5180274117533
 10
416.9981373521798
 20
1431.5180274117533
 10
411.43511400327196
 20
1431.5180274117533
 10
405.8720906543641
 20
1431.5180274117533
 10
400.58802052533304
 20
1431.5180274117533
 10
395.8478689568036
 20
1431.5180274117533
 10
391.8893269415712
 20
1431.5180274117533
 10
388.9108923057115
 20
1431.5180274117533
 10
387.0619161987264
 20
1431.5180274117533
 10
386.43511400327196
 20
1431.5180274117533
  0
LWPOLYLINE
  5
5F0
330
17
100
AcDbEntity
  8
HIDDEN
100
AcDbPolyline
 90
15
 70
0
 10
386.43511400327196
 20
1431.5180274117533
 10
387.0619161987264
 20
1431.5180274117533
 10
388.9108923057115
 20
1431.5180274117533
 10
391.8893269415712
 20
1431.5180274117533
 10
395.8478689568036
 20
1431.5180274117533
 10
400.58802052533304
 20
1431.5180274117533
 10
405.8720906543641
 20
1431.5180274117533
 10
411.43511400327196
 20
1431.5180274117533
 10
416.9981373521798
 20
1431.5180274117533
 10
422.2822074812109
 20
1431.5180274117533
 10
427.0223590497403
 20
1431.5180274117533
 10
430.9809010649727
 20
1431.5180274117533
 10
433.9593357008324
 20
1431.5180274117533
 10
435.8083118078175
 20
1431.5180274117533
 10
436.43511400327196
 20
1431.5180274117533
  0
LWPOLYLINE
  5
5F1
330
17
100
AcDbEntity
  8
HIDDEN
100
AcDbPolyline
 90
15
 70
0
 10
426.43511400327196
 20
1406.5180274117533
 10
426.05903268599934
 20
1406.5180274117533
 10
424.94964702180823
 20
1406.5180274117533
 10
423.1625862402924
 20
1406.5180274117533
 10
420.787461031153
 20
1406.5180274117533
 10
417.94337009003533
 20
1406.5180274117533
 10
414.7729280126167
 20
1406.5180274117533
 10
411.43511400327196
 20
1406.5180274117533
 10
408.0972999939272
 20
1406.5180274117533
 10
404.9268579165086
 20
1406.5180274117533
 10
402.082766975391
 20
1406.5180274117533
 10
399.7076417662515
 20
1406.5180274117533
 10
397.9205809847357
 20
1406.5180274117533
 10
396.8111953205446
 20
1406.5180274117533
 10
396.43511400327196
 20
1406.5180274117533
  0
LWPOLYLINE
  5
5F2
330
17
100
AcDbEntity
  8
HIDDEN
100
AcDbPolyline
 90
15
 70
0
 10
396.43511400327196
 20
1406.5180274117533
 10
396.8111953205446
 20
1406.5180274117533
 10
397.9205809847357
 20
1406.5180274117533
 10
399.7076417662515
 20
1406.5180274117533
 10
402.082766975391
 20
1406.5180274117533
 10
404.9268579165086
 20
1406.5180274117533
 10
408.0972999939272
 20
1406.5180274117533
 10
411.43511400327196
 20
1406.5180274117533
 10
414.7729280126167
 20
1406.5180274117533
 10
417.94337009003533
 20
1406.5180274117533
 10
420.78746103115293
 20
1406.5180274117533
 10
423.1625862402924
 20
1406.5180274117533
 10
424.94964702180823
 20
1406.5180274117533
 10
426.05903268599934
 20
1406.5180274117533
 10
426.43511400327196
 20
1406.5180274117533
  0
LWPOLYLINE
  5
5F3
330
17
100
AcDbEntity
  8
HIDDEN
100
AcDbPolyline
 90
15
 70
0
 10
426.43511400327196
 20
1431.5180274117533
 10
426.05903268599934
 20
1431.5180274117533
 10
424.94964702180823
 20
1431.5180274117533
 10
423.1625862402924
 20
1431.5180274117533
 10
420.787461031153
 20
1431.5180274117533
 10
417.94337009003533
 20
1431.5180274117533
 10
414.7729280126167
 20
1431.5180274117533
 10
411.43511400327196
 20
1431.5180274117533
 10
408.0972999939272
 20
1431.5180274117533
 10
404.9268579165086
 20
1431.5180274117533
 10
402.082766975391
 20
1431.5180274117533
 10
399.7076417662515
 20
1431.5180274117533
 10
397.9205809847357
 20
1431.5180274117533
 10
396.8111953205446
 20
1431.5180274117533
 10
396.43511400327196
 20
1431.5180274117533
  0
LWPOLYLINE
  5
5F4
330
17
100
AcDbEntity
  8
HIDDEN
100
AcDbPolyline
 90
15
 70
0
 10
396.43511400327196
 20
1431.5180274117533
 10
396.8111953205446
 20
1431.5180274117533
 10
397.9205809847357
 20
1431.5180274117533
 10
399.7076417662515
 20
1431.5180274117533
 10
402.082766975391
 20
1431.5180274117533
 10
404.9268579165086
 20
1431.5180274117533
 10
408.0972999939272
 20
1431.5180274117533
 10
411.43511400327196
 20
1431.5180274117533
 10
414.7729280126167
 20
1431.5180274117533
 10
417.94337009003533
 20
1431.5180274117533
 10
420.78746103115293
 20
1431.5180274117533
 10
423.1625862402924
 20
1431.5180274117533
 10
424.94964702180823
 20
1431.5180274117533
 10
426.05903268599934
 20
1431.5180274117533
 10
426.43511400327196
 20
1431.5180274117533
  0
LWPOLYLINE
  5
5F5
330
17
100
AcDbEntity
  8
HIDDEN
100
AcDbPolyline
 90
2
 70
0
 10
426.43511400327196
 20
1406.5180274117533
 10
426.43511400327196
 20
1431.5180274117533
  0
LWPOLYLINE
  5
5F6
330
17
100
AcDbEntity
  8
HIDDEN
100
AcDbPolyline
 90
2
 70
0
 10
567.995114003272
 20
1284.5180274117533
 10
567.995114003272
 20
1309.5180274117533
  0
LWPOLYLINE
  5
5F7
330
17
100
AcDbEntity
  8
HIDDEN
100
AcDbPolyline
 90
15
 70
0
 10
567.995114003272
 20
1284.5180274117533
 10
567.3683118078176
 20
1284.5180274117533
 10
565.5193357008325
 20
1284.5180274117533
 10
562.5409010649727
 20
1284.5180274117533
 10
558.5823590497403
 20
1284.5180274117533
 10
553.842207481211
 20
1284.5180274117533
 10
548.5581373521799
 20
1284.5180274117533
 10
542.995114003272
 20
1284.5180274117533
 10
537.4320906543641
 20
1284.5180274117533
 10
532.148020525333
 20
1284.5180274117533
 10
527.4078689568037
 20
1284.5180274117533
 10
523.4493269415713
 20
1284.5180274117533
 10
520.4708923057115
 20
1284.5180274117533
 10
518.6219161987264
 20
1284.5180274117533
 10
517.995114003272
 20
1284.5180274117533
  0
LWPOLYLINE
  5
5F8
330
17
100
AcDbEntity
  8
HIDDEN
100
AcDbPolyline
 90
15
 70
0
 10
517.995114003272
 20
1284.5180274117533
 10
518.6219161987264
 20
1284.5180274117533
 10
520.4708923057115
 20
1284.5180274117533
 10
523.4493269415713
 20
1284.5180274117533
 10
527.4078689568037
 20
1284.5180274117533
 10
532.148020525333
 20
1284.5180274117533
 10
537.4320906543641
 20
1284.5180274117533
 10
542.995114003272
 20
1284.5180274117533
 10
548.5581373521799
 20
1284.5180274117533
 10
553.842207481211
 20
1284.5180274117533
 10
558.5823590497403
 20
1284.5180274117533
 10
562.5409010649727
 20
1284.5180274117533
 10
565.5193357008325
 20
1284.5180274117533
 10
567.3683118078176
 20
1284.5180274117533
 10
567.995114003272
 20
1284.5180274117533
  0
LWPOLYLINE
  5
5F9
330
17
100
AcDbEntity
  8
HIDDEN
100
AcDbPolyline
 90
15
 70
0
 10
567.995114003272
 20
1309.5180274117533
 10
567.3683118078176
 20
1309.5180274117533
 10
565.5193357008325
 20
1309.5180274117533
 10
562.5409010649727
 20
1309.5180274117533
 10
558.5823590497403
 20
1309.5180274117533
 10
553.842207481211
 20
1309.5180274117533
 10
548.5581373521799
 20
1309.5180274117533
 10
542.995114003272
 20
1309.5180274117533
 10
537.4320906543641
 20
1309.5180274117533
 10
532.148020525333
 20
1309.5180274117533
 10
527.4078689568037
 20
1309.5180274117533
 10
523.4493269415713
 20
1309.5180274117533
 10
520.4708923057115
 20
1309.5180274117533
 10
518.6219161987264
 20
1309.5180274117533
 10
517.995114003272
 20
1309.5180274117533
  0
LWPOLYLINE
  5
5FA
330
17
100
AcDbEntity
  8
HIDDEN
100
AcDbPolyline
 90
15
 70
0
 10
517.995114003272
 20
1309.5180274117533
 10
518.6219161987264
 20
1309.5180274117533
 10
520.4708923057115
 20
1309.5180274117533
 10
523.4493269415713
 20
1309.5180274117533
 10
527.4078689568037
 20
1309.5180274117533
 10
532.148020525333
 20
1309.5180274117533
 10
537.4320906543641
 20
1309.5180274117533
 10
542.995114003272
 20
1309.5180274117533
 10
548.5581373521799
 20
1309.5180274117533
 10
553.842207481211
 20
1309.5180274117533
 10
558.5823590497403
 20
1309.5180274117533
 10
562.5409010649727
 20
1309.5180274117533
 10
565.5193357008325
 20
1309.5180274117533
 10
567.3683118078176
 20
1309.5180274117533
 10
567.995114003272
 20
1309.5180274117533
  0
LWPOLYLINE
  5
5FB
330
17
100
AcDbEntity
  8
HIDDEN
100
AcDbPolyline
 90
15
 70
0
 10
557.995114003272
 20
1284.5180274117533
 10
557.6190326859993
 20
1284.5180274117533
 10
556.5096470218083
 20
1284.5180274117533
 10
554.7225862402925
 20
1284.5180274117533
 10
552.347461031153
 20
1284.5180274117533
 10
549.5033700900353
 20
1284.5180274117533
 10
546.3329280126167
 20
1284.5180274117533
 10
542.995114003272
 20
1284.5180274117533
 10
539.6572999939273
 20
1284.5180274117533
 10
536.4868579165086
 20
1284.5180274117533
 10
533.6427669753909
 20
1284.5180274117533
 10
531.2676417662515
 20
1284.5180274117533
 10
529.4805809847356
 20
1284.5180274117533
 10
528.3711953205446
 20
1284.5180274117533
 10
527.995114003272
 20
1284.5180274117533
  0
LWPOLYLINE
  5
5FC
330
17
100
AcDbEntity
  8
HIDDEN
100
AcDbPolyline
 90
15
 70
0
 10
527.995114003272
 20
1284.5180274117533
 10
528.3711953205446
 20
1284.5180274117533
 10
529.4805809847356
 20
1284.5180274117533
 10
531.2676417662515
 20
1284.5180274117533
 10
533.6427669753909
 20
1284.5180274117533
 10
536.4868579165086
 20
1284.5180274117533
 10
539.6572999939273
 20
1284.5180274117533
 10
542.995114003272
 20
1284.5180274117533
 10
546.3329280126167
 20
1284.5180274117533
 10
549.5033700900353
 20
1284.5180274117533
 10
552.347461031153
 20
1284.5180274117533
 10
554.7225862402925
 20
1284.5180274117533
 10
556.5096470218083
 20
1284.5180274117533
 10
557.6190326859993
 20
1284.5180274117533
 10
557.995114003272
 20
1284.5180274117533
  0
LWPOLYLINE
  5
5FD
330
17
100
AcDbEntity
  8
HIDDEN
100
AcDbPolyline
 90
15
 70
0
 10
557.995114003272
 20
1309.5180274117533
 10
557.6190326859993
 20
1309.5180274117533
 10
556.5096470218083
 20
1309.5180274117533
 10
554.7225862402925
 20
1309.5180274117533
 10
552.347461031153
 20
1309.5180274117533
 10
549.5033700900353
 20
1309.5180274117533
 10
546.3329280126167
 20
1309.5180274117533
 10
542.995114003272
 20
1309.5180274117533
 10
539.6572999939273
 20
1309.5180274117533
 10
536.4868579165086
 20
1309.5180274117533
 10
533.6427669753909
 20
1309.5180274117533
 10
531.2676417662515
 20
1309.5180274117533
 10
529.4805809847356
 20
1309.5180274117533
 10
528.3711953205446
 20
1309.5180274117533
 10
527.995114003272
 20
1309.5180274117533
  0
LWPOLYLINE
  5
5FE
330
17
100
AcDbEntity
  8
HIDDEN
100
AcDbPolyline
 90
15
 70
0
 10
527.995114003272
 20
1309.5180274117533
 10
528.3711953205446
 20
1309.5180274117533
 10
529.4805809847356
 20
1309.5180274117533
 10
531.2676417662515
 20
1309.5180274117533
 10
533.6427669753909
 20
1309.5180274117533
 10
536.4868579165086
 20
1309.5180274117533
 10
539.6572999939273
 20
1309.5180274117533
 10
542.995114003272
 20
1309.5180274117533
 10
546.3329280126167
 20
1309.5180274117533
 10
549.5033700900353
 20
1309.5180274117533
 10
552.347461031153
 20
1309.5180274117533
 10
554.7225862402925
 20
1309.5180274117533
 10
556.5096470218083
 20
1309.5180274117533
 10
557.6190326859993
 20
1309.5180274117533
 10
557.995114003272
 20
1309.5180274117533
  0
LWPOLYLINE
  5
5FF
330
17
100
AcDbEntity
  8
HIDDEN
100
AcDbPolyline
 90
2
 70
0
 10
557.995114003272
 20
1284.5180274117533
 10
557.995114003272
 20
1309.5180274117533
  0
LWPOLYLINE
  5
600
330
17
100
AcDbEntity
  8
HIDDEN
100
AcDbPolyline
 90
2
 70
0
 10
436.43511400327196
 20
1284.5180274117533
 10
436.43511400327196
 20
1309.5180274117533
  0
LWPOLYLINE
  5
601
330
17
100
AcDbEntity
  8
HIDDEN
100
AcDbPolyline
 90
15
 70
0
 10
436.43511400327196
 20
1284.5180274117533
 10
435.8083118078175
 20
1284.5180274117533
 10
433.9593357008324
 20
1284.5180274117533
 10
430.9809010649727
 20
1284.5180274117533
 10
427.0223590497403
 20
1284.5180274117533
 10
422.2822074812109
 20
1284.5180274117533
 10
416.9981373521798
 20
1284.5180274117533
 10
411.43511400327196
 20
1284.5180274117533
 10
405.8720906543641
 20
1284.5180274117533
 10
400.58802052533304
 20
1284.5180274117533
 10
395.8478689568036
 20
1284.5180274117533
 10
391.8893269415712
 20
1284.5180274117533
 10
388.9108923057115
 20
1284.5180274117533
 10
387.0619161987264
 20
1284.5180274117533
 10
386.43511400327196
 20
1284.5180274117533
  0
LWPOLYLINE
  5
602
330
17
100
AcDbEntity
  8
HIDDEN
100
AcDbPolyline
 90
15
 70
0
 10
386.43511400327196
 20
1284.5180274117533
 10
387.0619161987264
 20
1284.5180274117533
 10
388.9108923057115
 20
1284.5180274117533
 10
391.8893269415712
 20
1284.5180274117533
 10
395.8478689568036
 20
1284.5180274117533
 10
400.58802052533304
 20
1284.5180274117533
 10
405.8720906543641
 20
1284.5180274117533
 10
411.43511400327196
 20
1284.5180274117533
 10
416.9981373521798
 20
1284.5180274117533
 10
422.2822074812109
 20
1284.5180274117533
 10
427.0223590497403
 20
1284.5180274117533
 10
430.9809010649727
 20
1284.5180274117533
 10
433.9593357008324
 20
1284.5180274117533
 10
435.8083118078175
 20
1284.5180274117533
 10
436.43511400327196
 20
1284.5180274117533
  0
LWPOLYLINE
  5
603
330
17
100
AcDbEntity
  8
HIDDEN
100
AcDbPolyline
 90
15
 70
0
 10
436.43511400327196
 20
1309.5180274117533
 10
435.8083118078175
 20
1309.5180274117533
 10
433.9593357008324
 20
1309.5180274117533
 10
430.9809010649727
 20
1309.5180274117533
 10
427.0223590497403
 20
1309.5180274117533
 10
422.2822074812109
 20
1309.5180274117533
 10
416.9981373521798
 20
1309.5180274117533
 10
411.43511400327196
 20
1309.5180274117533
 10
405.8720906543641
 20
1309.5180274117533
 10
400.58802052533304
 20
1309.5180274117533
 10
395.8478689568036
 20
1309.5180274117533
 10
391.8893269415712
 20
1309.5180274117533
 10
388.9108923057115
 20
1309.5180274117533
 10
387.0619161987264
 20
1309.5180274117533
 10
386.43511400327196
 20
1309.5180274117533
  0
LWPOLYLINE
  5
604
330
17
100
AcDbEntity
  8
HIDDEN
100
AcDbPolyline
 90
15
 70
0
 10
386.43511400327196
 20
1309.5180274117533
 10
387.0619161987264
 20
1309.5180274117533
 10
388.9108923057115
 20
1309.5180274117533
 10
391.8893269415712
 20
1309.5180274117533
 10
395.8478689568036
 20
1309.5180274117533
 10
400.58802052533304
 20
1309.5180274117533
 10
405.8720906543641
 20
1309.5180274117533
 10
411.43511400327196
 20
1309.5180274117533
 10
416.9981373521798
 20
1309.5180274117533
 10
422.2822074812109
 20
1309.5180274117533
 10
427.0223590497403
 20
1309.5180274117533
 10
430.9809010649727
 20
1309.5180274117533
 10
433.9593357008324
 20
1309.5180274117533
 10
435.8083118078175
 20
1309.5180274117533
 10
436.43511400327196
 20
1309.5180274117533
  0
LWPOLYLINE
  5
605
330
17
100
AcDbEntity
  8
HIDDEN
100
AcDbPolyline
 90
15
 70
0
 10
426.43511400327196
 20
1284.5180274117533
 10
426.05903268599934
 20
1284.5180274117533
 10
424.94964702180823
 20
1284.5180274117533
 10
423.1625862402924
 20
1284.5180274117533
 10
420.787461031153
 20
1284.5180274117533
 10
417.94337009003533
 20
1284.5180274117533
 10
414.7729280126167
 20
1284.5180274117533
 10
411.43511400327196
 20
1284.5180274117533
 10
408.0972999939272
 20
1284.5180274117533
 10
404.9268579165086
 20
1284.5180274117533
 10
402.082766975391
 20
1284.5180274117533
 10
399.7076417662515
 20
1284.5180274117533
 10
397.9205809847357
 20
1284.5180274117533
 10
396.8111953205446
 20
1284.5180274117533
 10
396.43511400327196
 20
1284.5180274117533
  0
LWPOLYLINE
  5
606
330
17
100
AcDbEntity
  8
HIDDEN
100
AcDbPolyline
 90
15
 70
0
 10
396.43511400327196
 20
1284.5180274117533
 10
396.8111953205446
 20
1284.5180274117533
 10
397.9205809847357
 20
1284.5180274117533
 10
399.7076417662515
 20
1284.5180274117533
 10
402.082766975391
 20
1284.5180274117533
 10
404.9268579165086
 20
1284.5180274117533
 10
408.0972999939272
 20
1284.5180274117533
 10
411.43511400327196
 20
1284.5180274117533
 10
414.7729280126167
 20
1284.5180274117533
 10
417.94337009003533
 20
1284.5180274117533
 10
420.78746103115293
 20
1284.5180274117533
 10
423.1625862402924
 20
1284.5180274117533
 10
424.94964702180823
 20
1284.5180274117533
 10
426.05903268599934
 20
1284.5180274117533
 10
426.43511400327196
 20
1284.5180274117533
  0
LWPOLYLINE
  5
607
330
17
100
AcDbEntity
  8
HIDDEN
100
AcDbPolyline
 90
15
 70
0
 10
426.43511400327196
 20
1309.5180274117533
 10
426.05903268599934
 20
1309.5180274117533
 10
424.94964702180823
 20
1309.5180274117533
 10
423.1625862402924
 20
1309.5180274117533
 10
420.787461031153
 20
1309.5180274117533
 10
417.94337009003533
 20
1309.5180274117533
 10
414.7729280126167
 20
1309.5180274117533
 10
411.43511400327196
 20
1309.5180274117533
 10
408.0972999939272
 20
1309.5180274117533
 10
404.9268579165086
 20
1309.5180274117533
 10
402.082766975391
 20
1309.5180274117533
 10
399.7076417662515
 20
1309.5180274117533
 10
397.9205809847357
 20
1309.5180274117533
 10
396.8111953205446
 20
1309.5180274117533
 10
396.43511400327196
 20
1309.5180274117533
  0
LWPOLYLINE
  5
608
330
17
100
AcDbEntity
  8
HIDDEN
100
AcDbPolyline
 90
15
 70
0
 10
396.43511400327196
 20
1309.5180274117533
 10
396.8111953205446
 20
1309.5180274117533
 10
397.9205809847357
 20
1309.5180274117533
 10
399.7076417662515
 20
1309.5180274117533
 10
402.082766975391
 20
1309.5180274117533
 10
404.9268579165086
 20
1309.5180274117533
 10
408.0972999939272
 20
1309.5180274117533
 10
411.43511400327196
 20
1309.5180274117533
 10
414.7729280126167
 20
1309.5180274117533
 10
417.94337009003533
 20
1309.5180274117533
 10
420.78746103115293
 20
1309.5180274117533
 10
423.1625862402924
 20
1309.5180274117533
 10
424.94964702180823
 20
1309.5180274117533
 10
426.05903268599934
 20
1309.5180274117533
 10
426.43511400327196
 20
1309.5180274117533
  0
LWPOLYLINE
  5
609
330
17
100
AcDbEntity
  8
HIDDEN
100
AcDbPolyline
 90
2
 70
0
 10
426.43511400327196
 20
1284.5180274117533
 10
426.43511400327196
 20
1309.5180274117533
  0
LWPOLYLINE
  5
60A
330
17
100
AcDbEntity
  8
HIDDEN
100
AcDbPolyline
 90
2
 70
0
 10
517.995114003272
 20
1431.5180274117533
 10
517.995114003272
 20
1406.5180274117533
  0
LWPOLYLINE
  5
60B
330
17
100
AcDbEntity
  8
HIDDEN
100
AcDbPolyline
 90
2
 70
0
 10
527.995114003272
 20
1431.5180274117533
 10
527.995114003272
 20
1406.5180274117533
  0
LWPOLYLINE
  5
60C
330
17
100
AcDbEntity
  8
HIDDEN
100
AcDbPolyline
 90
2
 70
0
 10
386.43511400327196
 20
1431.5180274117533
 10
386.43511400327196
 20
1406.5180274117533
  0
LWPOLYLINE
  5
60D
330
17
100
AcDbEntity
  8
HIDDEN
100
AcDbPolyline
 90
2
 70
0
 10
396.43511400327196
 20
1431.5180274117533
 10
396.43511400327196
 20
1406.5180274117533
  0
LWPOLYLINE
  5
60E
330
17
100
AcDbEntity
  8
HIDDEN
100
AcDbPolyline
 90
2
 70
0
 10
517.995114003272
 20
1309.5180274117533
 10
517.995114003272
 20
1284.5180274117533
  0
LWPOLYLINE
  5
60F
330
17
100
AcDbEntity
  8
HIDDEN
100
AcDbPolyline
 90
2
 70
0
 10
527.995114003272
 20
1309.5180274117533
 10
527.995114003272
 20
1284.5180274117533
  0
LWPOLYLINE
  5
610
330
17
100
AcDbEntity
  8
HIDDEN
100
AcDbPolyline
 90
2
 70
0
 10
386.43511400327196
 20
1309.5180274117533
 10
386.43511400327196
 20
1284.5180274117533
  0
LWPOLYLINE
  5
611
330
17
100
AcDbEntity
  8
HIDDEN
100
AcDbPolyline
 90
2
 70
0
 10
396.43511400327196
 20
1309.5180274117533
 10
396.43511400327196
 20
1284.5180274117533
  0
LWPOLYLINE
  5
612
330
17
100
AcDbEntity
  8
VIEW
100
AcDbPolyline
 90
2
 70
0
 10
744.9041784998229
 20
1956.0220664283042
 10
736.9041784998229
 20
1956.0220664283042
  0
LWPOLYLINE
  5
613
330
17
100
AcDbEntity
  8
VIEW
100
AcDbPolyline
 90
2
 70
0
 10
1128.904178499823
 20
1956.0220664283042
 10
744.9041784998229
 20
1956.0220664283042
  0
LWPOLYLINE
  5
614
330
17
100
AcDbEntity
  8
VIEW
100
AcDbPolyline
 90
2
 70
0
 10
1136.904178499823
 20
1956.0220664283042
 10
1128.904178499823
 20
1956.0220664283042
  0
LWPOLYLINE
  5
615
330
17
100
AcDbEntity
  8
VIEW
100
AcDbPolyline
 90
2
 70
0
 10
744.9041784998229
 20
1956.1932157999197
 10
744.9041784998229
 20
1956.0220664283042
  0
LWPOLYLINE
  5
616
330
17
100
AcDbEntity
  8
VIEW
100
AcDbPolyline
 90
2
 70
0
 10
1069.0753278714385
 20
1956.1932157999197
 10
997.4041784998229
 20
1956.1932157999197
  0
LWPOLYLINE
  5
617
330
17
100
AcDbEntity
  8
VIEW
100
AcDbPolyline
 90
2
 70
0
 10
985.4041784998229
 20
1956.1932157999197
 10
888.4041784998229
 20
1956.1932157999197
  0
LWPOLYLINE
  5
618
330
17
100
AcDbEntity
  8
VIEW
100
AcDbPolyline
 90
2
 70
0
 10
876.4041784998229
 20
1956.1932157999197
 10
804.9041784998229
 20
1956.1932157999197
  0
LWPOLYLINE
  5
619
330
17
100
AcDbEntity
  8
VIEW
100
AcDbPolyline
 90
2
 70
0
 10
745.0753278714385
 20
1956.1932157999197
 10
744.9041784998229
 20
1956.1932157999197
  0
LWPOLYLINE
  5
61A
330
17
100
AcDbEntity
  8
VIEW
100
AcDbPolyline
 90
2
 70
0
 10
736.9041784998229
 20
1956.0220664283042
 10
736.9041784998229
 20
1628.1603870746455
  0
LWPOLYLINE
  5
61B
330
17
100
AcDbEntity
  8
VIEW
100
AcDbPolyline
 90
2
 70
0
 10
736.9041784998229
 20
1628.1603870746455
 10
736.9041784998229
 20
1601.0220664283042
  0
LWPOLYLINE
  5
61C
330
17
100
AcDbEntity
  8
VIEW
100
AcDbPolyline
 90
2
 70
0
 10
744.9041784998229
 20
1628.1603870746455
 10
736.9041784998229
 20
1628.1603870746455
  0
LWPOLYLINE
  5
61D
330
17
100
AcDbEntity
  8
VIEW
100
AcDbPolyline
 90
2
 70
0
 10
744.9041784998229
 20
1956.0220664283042
 10
744.9041784998229
 20
1639.9992140118557
  0
LWPOLYLINE
  5
61E
330
17
100
AcDbEntity
  8
VIEW
100
AcDbPolyline
 90
2
 70
0
 10
1136.904178499823
 20
1956.0220664283042
 10
1136.904178499823
 20
1628.1603870746455
  0
LWPOLYLINE
  5
61F
330
17
100
AcDbEntity
  8
VIEW
100
AcDbPolyline
 90
2
 70
0
 10
1136.904178499823
 20
1628.1603870746455
 10
1136.904178499823
 20
1601.0220664283042
  0
LWPOLYLINE
  5
620
330
17
100
AcDbEntity
  8
VIEW
100
AcDbPolyline
 90
2
 70
0
 10
1128.904178499823
 20
1948.0220664283042
 10
744.9041784998229
 20
1948.0220664283042
  0
LWPOLYLINE
  5
621
330
17
100
AcDbEntity
  8
VIEW
100
AcDbPolyline
 90
2
 70
0
 10
1136.904178499823
 20
1628.1603870746455
 10
1128.904178499823
 20
1628.1603870746455
  0
LWPOLYLINE
  5
622
330
17
100
AcDbEntity
  8
VIEW
100
AcDbPolyline
 90
2
 70
0
 10
1128.904178499823
 20
1956.0220664283042
 10
1128.904178499823
 20
1639.9992140118557
  0
LWPOLYLINE
  5
623
330
17
100
AcDbEntity
  8
VIEW
100
AcDbPolyline
 90
2
 70
0
 10
744.9041784998229
 20
1956.0220664283042
 10
804.9041784998229
 20
2016.0220664283042
  0
LWPOLYLINE
  5
624
330
17
100
AcDbEntity
  8
VIEW
100
AcDbPolyline
 90
2
 70
0
 10
804.9041784998229
 20
2016.0220664283042
 10
804.9041784998229
 20
1956.0220664283042
  0
LWPOLYLINE
  5
625
330
17
100
AcDbEntity
  8
VIEW
100
AcDbPolyline
 90
2
 70
0
 10
888.4041784998229
 20
1956.0220664283042
 10
888.4041784998229
 20
2058.0991893832065
  0
LWPOLYLINE
  5
626
330
17
100
AcDbEntity
  8
VIEW
100
AcDbPolyline
 90
2
 70
0
 10
888.4041784998229
 20
2058.0991893832065
 10
888.4041784998229
 20
2066.033866412199
  0
LWPOLYLINE
  5
627
330
17
100
AcDbEntity
  8
VIEW
100
AcDbPolyline
 90
2
 70
0
 10
888.4041784998229
 20
2066.033866412199
 10
888.4041784998229
 20
2075.936210488908
  0
LWPOLYLINE
  5
628
330
17
100
AcDbEntity
  8
VIEW
100
AcDbPolyline
 90
2
 70
0
 10
888.4041784998229
 20
2075.936210488908
 10
888.4041784998229
 20
2084.3980131610574
  0
LWPOLYLINE
  5
629
330
17
100
AcDbEntity
  8
VIEW
100
AcDbPolyline
 90
2
 70
0
 10
888.4041784998229
 20
2084.3980131610574
 10
888.4041784998229
 20
2090.7568622342105
  0
LWPOLYLINE
  5
62A
330
17
100
AcDbEntity
  8
VIEW
100
AcDbPolyline
 90
2
 70
0
 10
888.4041784998229
 20
2090.7568622342105
 10
888.4041784998229
 20
2094.7111489978843
  0
LWPOLYLINE
  5
62B
330
17
100
AcDbEntity
  8
VIEW
100
AcDbPolyline
 90
2
 70
0
 10
888.4041784998229
 20
2094.7111489978843
 10
888.4041784998229
 20
2095.7674151775564
  0
LWPOLYLINE
  5
62C
330
17
100
AcDbEntity
  8
VIEW
100
AcDbPolyline
 90
2
 70
0
 10
888.4041784998229
 20
2095.7674151775564
 10
888.4041784998229
 20
2096.0
  0
LWPOLYLINE
  5
62D
330
17
100
AcDbEntity
  8
VIEW
100
AcDbPolyline
 90
2
 70
0
 10
888.4041784998229
 20
2058.0991893832065
 10
876.4041784998229
 20
2058.0991893832065
  0
LWPOLYLINE
  5
62E
330
17
100
AcDbEntity
  8
VIEW
100
AcDbPolyline
 90
2
 70
0
 10
876.4041784998229
 20
1956.0220664283042
 10
876.4041784998229
 20
2058.0991893832065
  0
LWPOLYLINE
  5
62F
330
17
100
AcDbEntity
  8
VIEW
100
AcDbPolyline
 90
2
 70
0
 10
876.4041784998229
 20
2058.0991893832065
 10
876.4041784998229
 20
2066.033866412199
  0
LWPOLYLINE
  5
630
330
17
100
AcDbEntity
  8
VIEW
100
AcDbPolyline
 90
2
 70
0
 10
876.4041784998229
 20
2066.033866412199
 10
876.4041784998229
 20
2075.936210488908
  0
LWPOLYLINE
  5
631
330
17
100
AcDbEntity
  8
VIEW
100
AcDbPolyline
 90
2
 70
0
 10
876.4041784998229
 20
2075.936210488908
 10
876.4041784998229
 20
2084.3980131610574
  0
LWPOLYLINE
  5
632
330
17
100
AcDbEntity
  8
VIEW
100
AcDbPolyline
 90
2
 70
0
 10
876.4041784998229
 20
2084.3980131610574
 10
876.4041784998229
 20
2090.7568622342105
  0
LWPOLYLINE
  5
633
330
17
100
AcDbEntity
  8
VIEW
100
AcDbPolyline
 90
2
 70
0
 10
876.4041784998229
 20
2090.7568622342105
 10
876.4041784998229
 20
2094.7111489978843
  0
LWPOLYLINE
  5
634
330
17
100
AcDbEntity
  8
VIEW
100
AcDbPolyline
 90
2
 70
0
 10
876.4041784998229
 20
2094.7111489978843
 10
876.4041784998229
 20
2095.7674151775564
  0
LWPOLYLINE
  5
635
330
17
100
AcDbEntity
  8
VIEW
100
AcDbPolyline
 90
2
 70
0
 10
876.4041784998229
 20
2095.7674151775564
 10
876.4041784998229
 20
2096.0
  0
LWPOLYLINE
  5
636
330
17
100
AcDbEntity
  8
VIEW
100
AcDbPolyline
 90
2
 70
0
 10
997.4041784998229
 20
1956.0220664283042
 10
997.4041784998229
 20
2058.0991893832065
  0
LWPOLYLINE
  5
637
330
17
100
AcDbEntity
  8
VIEW
100
AcDbPolyline
 90
2
 70
0
 10
997.4041784998229
 20
2058.0991893832065
 10
997.4041784998229
 20
2066.033866412199
  0
LWPOLYLINE
  5
638
330
17
100
AcDbEntity
  8
VIEW
100
AcDbPolyline
 90
2
 70
0
 10
997.4041784998229
 20
2066.033866412199
 10
997.4041784998229
 20
2075.936210488908
  0
LWPOLYLINE
  5
639
330
17
100
AcDbEntity
  8
VIEW
100
AcDbPolyline
 90
2
 70
0
 10
997.4041784998229
 20
2075.936210488908
 10
997.4041784998229
 20
2084.3980131610574
  0
LWPOLYLINE
  5
63A
330
17
100
AcDbEntity
  8
VIEW
100
AcDbPolyline
 90
2
 70
0
 10
997.4041784998229
 20
2084.3980131610574
 10
997.4041784998229
 20
2090.7568622342105
  0
LWPOLYLINE
  5
63B
330
17
100
AcDbEntity
  8
VIEW
100
AcDbPolyline
 90
2
 70
0
 10
997.4041784998229
 20
2090.7568622342105
 10
997.4041784998229
 20
2094.7111489978843
  0
LWPOLYLINE
  5
63C
330
17
100
AcDbEntity
  8
VIEW
100
AcDbPolyline
 90
2
 70
0
 10
997.4041784998229
 20
2094.7111489978843
 10
997.4041784998229
 20
2095.7674151775564
  0
LWPOLYLINE
  5
63D
330
17
100
AcDbEntity
  8
VIEW
100
AcDbPolyline
 90
2
 70
0
 10
997.4041784998229
 20
2095.7674151775564
 10
997.4041784998229
 20
2096.0
  0
LWPOLYLINE
  5
63E
330
17
100
AcDbEntity
  8
VIEW
100
AcDbPolyline
 90
2
 70
0
 10
997.4041784998229
 20
2058.0991893832065
 10
985.4041784998229
 20
2058.0991893832065
  0
LWPOLYLINE
  5
63F
330
17
100
AcDbEntity
  8
VIEW
100
AcDbPolyline
 90
2
 70
0
 10
985.4041784998229
 20
1956.0220664283042
 10
985.4041784998229
 20
2058.0991893832065
  0
LWPOLYLINE
  5
640
330
17
100
AcDbEntity
  8
VIEW
100
AcDbPolyline
 90
2
 70
0
 10
985.4041784998229
 20
2058.0991893832065
 10
985.4041784998229
 20
2066.033866412199
  0
LWPOLYLINE
  5
641
330
17
100
AcDbEntity
  8
VIEW
100
AcDbPolyline
 90
2
 70
0
 10
985.4041784998229
 20
2066.033866412199
 10
985.4041784998229
 20
2075.936210488908
  0
LWPOLYLINE
  5
642
330
17
100
AcDbEntity
  8
VIEW
100
AcDbPolyline
 90
2
 70
0
 10
985.4041784998229
 20
2075.936210488908
 10
985.4041784998229
 20
2084.3980131610574
  0
LWPOLYLINE
  5
643
330
17
100
AcDbEntity
  8
VIEW
100
AcDbPolyline
 90
2
 70
0
 10
985.4041784998229
 20
2084.3980131610574
 10
985.4041784998229
 20
2090.7568622342105
  0
LWPOLYLINE
  5
644
330
17
100
AcDbEntity
  8
VIEW
100
AcDbPolyline
 90
2
 70
0
 10
985.4041784998229
 20
2090.7568622342105
 10
985.4041784998229
 20
2094.7111489978843
  0
LWPOLYLINE
  5
645
330
17
100
AcDbEntity
  8
VIEW
100
AcDbPolyline
 90
2
 70
0
 10
985.4041784998229
 20
2094.7111489978843
 10
985.4041784998229
 20
2095.7674151775564
  0
LWPOLYLINE
  5
646
330
17
100
AcDbEntity
  8
VIEW
100
AcDbPolyline
 90
2
 70
0
 10
985.4041784998229
 20
2095.7674151775564
 10
985.4041784998229
 20
2096.0
  0
LWPOLYLINE
  5
647
330
17
100
AcDbEntity
  8
VIEW
100
AcDbPolyline
 90
2
 70
0
 10
1128.904178499823
 20
2016.0220664283042
 10
1128.904178499823
 20
1956.0220664283042
  0
LWPOLYLINE
  5
648
330
17
100
AcDbEntity
  8
VIEW
100
AcDbPolyline
 90
2
 70
0
 10
1068.904178499823
 20
1956.0220664283042
 10
1128.904178499823
 20
2016.0220664283042
  0
LWPOLYLINE
  5
649
330
17
100
AcDbEntity
  8
VIEW
100
AcDbPolyline
 90
2
 70
0
 10
744.9041784998229
 20
1607.2326650298453
 10
744.9041784998229
 20
1598.0180274117533
  0
LWPOLYLINE
  5
64A
330
17
100
AcDbEntity
  8
VIEW
100
AcDbPolyline
 90
2
 70
0
 10
744.9041784998229
 20
1610.192371764148
 10
744.9041784998229
 20
1607.2326650298453
  0
LWPOLYLINE
  5
64B
330
17
100
AcDbEntity
  8
VIEW
100
AcDbPolyline
 90
2
 70
0
 10
744.9041784998229
 20
1601.0220664283042
 10
736.9041784998229
 20
1601.0220664283042
  0
LWPOLYLINE
  5
64C
330
17
100
AcDbEntity
  8
VIEW
100
AcDbPolyline
 90
2
 70
0
 10
1128.904178499823
 20
1610.192371764148
 10
744.9041784998229
 20
1610.192371764148
  0
LWPOLYLINE
  5
64D
330
17
100
AcDbEntity
  8
VIEW
100
AcDbPolyline
 90
2
 70
0
 10
1136.904178499823
 20
1601.0220664283042
 10
1128.904178499823
 20
1601.0220664283042
  0
LWPOLYLINE
  5
64E
330
17
100
AcDbEntity
  8
VIEW
100
AcDbPolyline
 90
2
 70
0
 10
1128.904178499823
 20
1628.1603870746455
 10
744.9041784998229
 20
1628.1603870746455
  0
LWPOLYLINE
  5
64F
330
17
100
AcDbEntity
  8
VIEW
100
AcDbPolyline
 90
2
 70
0
 10
1128.904178499823
 20
1607.2326650298453
 10
1128.904178499823
 20
1598.0180274117533
  0
LWPOLYLINE
  5
650
330
17
100
AcDbEntity
  8
VIEW
100
AcDbPolyline
 90
2
 70
0
 10
1128.904178499823
 20
1610.192371764148
 10
1128.904178499823
 20
1607.2326650298453
  0
LWPOLYLINE
  5
651
330
17
100
AcDbEntity
  8
VIEW
100
AcDbPolyline
 90
2
 70
0
 10
744.9041784998229
 20
1639.9992140118557
 10
744.9041784998229
 20
1628.1603870746455
  0
LWPOLYLINE
  5
652
330
17
100
AcDbEntity
  8
VIEW
100
AcDbPolyline
 90
2
 70
0
 10
1128.904178499823
 20
1639.9992140118557
 10
1128.904178499823
 20
1628.1603870746455
  0
LWPOLYLINE
  5
653
330
17
100
AcDbEntity
  8
VIEW
100
AcDbPolyline
 90
2
 70
0
 10
888.4041784998229
 20
2066.033866412199
 10
876.4041784998229
 20
2066.033866412199
  0
LWPOLYLINE
  5
654
330
17
100
AcDbEntity
  8
VIEW
100
AcDbPolyline
 90
2
 70
0
 10
888.4041784998229
 20
2075.936210488908
 10
876.4041784998229
 20
2075.936210488908
  0
LWPOLYLINE
  5
655
330
17
100
AcDbEntity
  8
VIEW
100
AcDbPolyline
 90
2
 70
0
 10
888.4041784998229
 20
2084.3980131610574
 10
876.4041784998229
 20
2084.3980131610574
  0
LWPOLYLINE
  5
656
330
17
100
AcDbEntity
  8
VIEW
100
AcDbPolyline
 90
2
 70
0
 10
888.4041784998229
 20
2090.7568622342105
 10
876.4041784998229
 20
2090.7568622342105
  0
LWPOLYLINE
  5
657
330
17
100
AcDbEntity
  8
VIEW
100
AcDbPolyline
 90
2
 70
0
 10
888.4041784998229
 20
2094.7111489978843
 10
876.4041784998229
 20
2094.7111489978843
  0
LWPOLYLINE
  5
658
330
17
100
AcDbEntity
  8
VIEW
100
AcDbPolyline
 90
2
 70
0
 10
888.4041784998229
 20
2095.7674151775564
 10
876.4041784998229
 20
2095.7674151775564
  0
LWPOLYLINE
  5
659
330
17
100
AcDbEntity
  8
VIEW
100
AcDbPolyline
 90
2
 70
0
 10
888.4041784998229
 20
2096.0
 10
876.4041784998229
 20
2096.0
  0
LWPOLYLINE
  5
65A
330
17
100
AcDbEntity
  8
VIEW
100
AcDbPolyline
 90
2
 70
0
 10
997.4041784998229
 20
2066.033866412199
 10
985.4041784998229
 20
2066.033866412199
  0
LWPOLYLINE
  5
65B
330
17
100
AcDbEntity
  8
VIEW
100
AcDbPolyline
 90
2
 70
0
 10
997.4041784998229
 20
2075.936210488908
 10
985.4041784998229
 20
2075.936210488908
  0
LWPOLYLINE
  5
65C
330
17
100
AcDbEntity
  8
VIEW
100
AcDbPolyline
 90
2
 70
0
 10
997.4041784998229
 20
2084.3980131610574
 10
985.4041784998229
 20
2084.3980131610574
  0
LWPOLYLINE
  5
65D
330
17
100
AcDbEntity
  8
VIEW
100
AcDbPolyline
 90
2
 70
0
 10
997.4041784998229
 20
2090.7568622342105
 10
985.4041784998229
 20
2090.7568622342105
  0
LWPOLYLINE
  5
65E
330
17
100
AcDbEntity
  8
VIEW
100
AcDbPolyline
 90
2
 70
0
 10
997.4041784998229
 20
2094.7111489978843
 10
985.4041784998229
 20
2094.7111489978843
  0
LWPOLYLINE
  5
65F
330
17
100
AcDbEntity
  8
VIEW
100
AcDbPolyline
 90
2
 70
0
 10
997.4041784998229
 20
2095.7674151775564
 10
985.4041784998229
 20
2095.7674151775564
  0
LWPOLYLINE
  5
660
330
17
100
AcDbEntity
  8
VIEW
100
AcDbPolyline
 90
2
 70
0
 10
997.4041784998229
 20
2096.0
 10
985.4041784998229
 20
2096.0
  0
LWPOLYLINE
  5
661
330
17
100
AcDbEntity
  8
VIEW
100
AcDbPolyline
 90
2
 70
0
 10
1128.904178499823
 20
1607.2326650298453
 10
744.9041784998229
 20
1607.2326650298453
  0
LWPOLYLINE
  5
662
330
17
100
AcDbEntity
  8
VIEW
100
AcDbPolyline
 90
2
 70
0
 10
1128.904178499823
 20
1598.0180274117533
 10
744.9041784998229
 20
1598.0180274117533
  0
LWPOLYLINE
  5
663
330
17
100
AcDbEntity
  8
VIEW
100
AcDbPolyline
 90
2
 70
0
 10
1128.904178499823
 20
1639.9992140118557
 10
744.9041784998229
 20
1639.9992140118557
  0
LWPOLYLINE
  5
664
330
17
100
AcDbEntity
  8
VIEW
100
AcDbPolyline
 90
2
 70
0
 10
1128.904178499823
 20
1769.4457388230842
 10
744.9041784998229
 20
1769.4457388230842
  0
LWPOLYLINE
  5
665
330
17
100
AcDbEntity
  8
VIEW
100
AcDbPolyline
 90
2
 70
0
 10
1128.904178499823
 20
1757.918982829899
 10
744.9041784998229
 20
1757.918982829899
  0
LWPOLYLINE
  5
666
330
17
100
AcDbEntity
  8
VIEW
100
AcDbPolyline
 90
2
 70
0
 10
1128.904178499823
 20
1740.8296590741388
 10
744.9041784998229
 20
1740.8296590741388
  0
LWPOLYLINE
  5
667
330
17
100
AcDbEntity
  8
VIEW
100
AcDbPolyline
 90
2
 70
0
 10
1128.904178499823
 20
1724.1274101726035
 10
744.9041784998229
 20
1724.1274101726035
  0
LWPOLYLINE
  5
668
330
17
100
AcDbEntity
  8
VIEW
100
AcDbPolyline
 90
2
 70
0
 10
1128.904178499823
 20
1713.2872526006713
 10
744.9041784998229
 20
1713.2872526006713
  0
LWPOLYLINE
  5
669
330
17
100
AcDbEntity
  8
VIEW
100
AcDbPolyline
 90
2
 70
0
 10
1128.904178499823
 20
1697.5850333419048
 10
744.9041784998229
 20
1697.5850333419048
  0
LWPOLYLINE
  5
66A
330
17
100
AcDbEntity
  8
VIEW
100
AcDbPolyline
 90
2
 70
0
 10
1128.904178499823
 20
1682.686358323083
 10
744.9041784998229
 20
1682.686358323083
  0
LWPOLYLINE
  5
66B
330
17
100
AcDbEntity
  8
VIEW
100
AcDbPolyline
 90
2
 70
0
 10
1128.904178499823
 20
1673.2715379967224
 10
744.9041784998229
 20
1673.2715379967224
  0
LWPOLYLINE
  5
66C
330
17
100
AcDbEntity
  8
VIEW
100
AcDbPolyline
 90
2
 70
0
 10
1128.904178499823
 20
1660.026503528293
 10
744.9041784998229
 20
1660.026503528293
  0
LWPOLYLINE
  5
66D
330
17
100
AcDbEntity
  8
VIEW
100
AcDbPolyline
 90
2
 70
0
 10
1128.904178499823
 20
1651.8364187034197
 10
744.9041784998229
 20
1651.8364187034197
  0
LWPOLYLINE
  5
66E
330
17
100
AcDbEntity
  8
VIEW
100
AcDbPolyline
 90
2
 70
0
 10
1128.904178499823
 20
1640.598843839219
 10
744.9041784998229
 20
1640.598843839219
  0
LWPOLYLINE
  5
66F
330
17
100
AcDbEntity
  8
VIEW
100
AcDbPolyline
 90
15
 70
0
 10
863.4041784998229
 20
2051.0220664283042
 10
863.4041784998229
 20
2053.821178330887
 10
863.4041784998229
 20
2056.585089777212
 10
863.4041784998229
 20
2059.2790429771835
 10
863.4041784998229
 20
2061.869159906243
 10
863.4041784998229
 20
2064.3228683411876
 10
863.4041784998229
 20
2066.6093114747728
 10
863.4041784998229
 20
2068.6997359579677
 10
863.4041784998229
 20
2070.567853490005
 10
863.4041784998229
 20
2072.1901714090113
 10
863.4041784998229
 20
2073.5462881258645
 10
863.4041784998229
 20
2074.6191496860133
 10
863.4041784998229
 20
2075.39526423285
 10
863.4041784998229
 20
2075.864871675635
 10
863.4041784998229
 20
2076.0220664283042
  0
LWPOLYLINE
  5
670
330
17
100
AcDbEntity
  8
VIEW
100
AcDbPolyline
 90
15
 70
0
 10
863.4041784998229
 20
2026.0220664283042
 10
863.4041784998229
 20
2026.179261180973
 10
863.4041784998229
 20
2026.6488686237587
 10
863.4041784998229
 20
2027.424983170595
 10
863.4041784998229
 20
2028.4978447307437
 10
863.4041784998229
 20
2029.8539614475972
 10
863.4041784998229
 20
2031.4762793666034
 10
863.4041784998229
 20
2033.3443968986405
 10
863.4041784998229
 20
2035.434821381836
 10
863.4041784998229
 20
2037.721264515421
 10
863.4041784998229
 20
2040.1749729503654
 10
863.4041784998229
 20
2042.765089879425
 10
863.4041784998229
 20
2045.4590430793965
 10
863.4041784998229
 20
2048.2229545257214
 10
863.4041784998229
 20
2051.0220664283042
  0
LWPOLYLINE
  5
671
330
17
100
AcDbEntity
  8
VIEW
100
AcDbPolyline
 90
15
 70
0
 10
863.4041784998229
 20
2003.1420664283041
 10
863.4041784998229
 20
2005.204014186393
 10
863.4041784998229
 20
2007.2519113910575
 10
863.4041784998229
 20
2009.2718032323528
 10
863.4041784998229
 20
2011.2499257348743
 10
863.4041784998229
 20
2013.172799548434
 10
863.4041784998229
 20
2015.0273217992374
 10
863.4041784998229
 20
2016.8008553756702
 10
863.4041784998229
 20
2018.4813150402829
 10
863.4041784998229
 20
2020.0572497811856
 10
863.4041784998229
 20
2021.5179208416937
 10
863.4041784998229
 20
2022.8533748965156
 10
863.4041784998229
 20
2024.0545118758414
 10
863.4041784998229
 20
2025.1131469751672
 10
863.4041784998229
 20
2026.0220664283042
  0
LWPOLYLINE
  5
672
330
17
100
AcDbEntity
  8
VIEW
100
AcDbPolyline
 90
15
 70
0
 10
863.4041784998229
 20
1978.1420664283041
 10
863.4041784998229
 20
1978.2992611809732
 10
863.4041784998229
 20
1978.7688686237586
 10
863.4041784998229
 20
1979.544983170595
 10
863.4041784998229
 20
1980.6178447307439
 10
863.4041784998229
 20
1981.973961447597
 10
863.4041784998229
 20
1983.5962793666035
 10
863.4041784998229
 20
1985.4643968986406
 10
863.4041784998229
 20
1987.5548213818358
 10
863.4041784998229
 20
1989.8412645154208
 10
863.4041784998229
 20
1992.2949729503653
 10
863.4041784998229
 20
1994.885089879425
 10
863.4041784998229
 20
1997.5790430793963
 10
863.4041784998229
 20
2000.3429545257216
 10
863.4041784998229
 20
2003.1420664283041
  0
LWPOLYLINE
  5
673
330
17
100
AcDbEntity
  8
VIEW
100
AcDbPolyline
 90
15
 70
0
 10
1010.4041784998229
 20
2051.0220664283042
 10
1010.4041784998229
 20
2053.821178330887
 10
1010.4041784998229
 20
2056.585089777212
 10
1010.4041784998229
 20
2059.2790429771835
 10
1010.4041784998229
 20
2061.869159906243
 10
1010.4041784998229
 20
2064.3228683411876
 10
1010.4041784998229
 20
2066.6093114747728
 10
1010.4041784998229
 20
2068.6997359579677
 10
1010.4041784998229
 20
2070.567853490005
 10
1010.4041784998229
 20
2072.1901714090113
 10
1010.4041784998229
 20
2073.5462881258645
 10
1010.4041784998229
 20
2074.6191496860133
 10
1010.4041784998229
 20
2075.39526423285
 10
1010.4041784998229
 20
2075.864871675635
 10
1010.4041784998229
 20
2076.0220664283042
  0
LWPOLYLINE
  5
674
330
17
100
AcDbEntity
  8
VIEW
100
AcDbPolyline
 90
15
 70
0
 10
1010.4041784998229
 20
2026.0220664283042
 10
1010.4041784998229
 20
2026.179261180973
 10
1010.4041784998229
 20
2026.6488686237587
 10
1010.4041784998229
 20
2027.424983170595
 10
1010.4041784998229
 20
2028.4978447307437
 10
1010.4041784998229
 20
2029.8539614475972
 10
1010.4041784998229
 20
2031.4762793666034
 10
1010.4041784998229
 20
2033.3443968986405
 10
1010.4041784998229
 20
2035.434821381836
 10
1010.4041784998229
 20
2037.721264515421
 10
1010.4041784998229
 20
2040.1749729503654
 10
1010.4041784998229
 20
2042.765089879425
 10
1010.4041784998229
 20
2045.4590430793965
 10
1010.4041784998229
 20
2048.2229545257214
 10
1010.4041784998229
 20
2051.0220664283042
  0
LWPOLYLINE
  5
675
330
17
100
AcDbEntity
  8
VIEW
100
AcDbPolyline
 90
15
 70
0
 10
1010.4041784998229
 20
2003.1420664283041
 10
1010.4041784998229
 20
2005.204014186393
 10
1010.4041784998229
 20
2007.2519113910575
 10
1010.4041784998229
 20
2009.2718032323528
 10
1010.4041784998229
 20
2011.2499257348743
 10
1010.4041784998229
 20
2013.172799548434
 10
1010.4041784998229
 20
2015.0273217992374
 10
1010.4041784998229
 20
2016.8008553756702
 10
1010.4041784998229
 20
2018.4813150402829
 10
1010.4041784998229
 20
2020.0572497811856
 10
1010.4041784998229
 20
2021.5179208416937
 10
1010.4041784998229
 20
2022.8533748965156
 10
1010.4041784998229
 20
2024.0545118758414
 10
1010.4041784998229
 20
2025.1131469751672
 10
1010.4041784998229
 20
2026.0220664283042
  0
LWPOLYLINE
  5
676
330
17
100
AcDbEntity
  8
VIEW
100
AcDbPolyline
 90
15
 70
0
 10
1010.4041784998229
 20
1978.1420664283041
 10
1010.4041784998229
 20
1978.2992611809732
 10
1010.4041784998229
 20
1978.7688686237586
 10
1010.4041784998229
 20
1979.544983170595
 10
1010.4041784998229
 20
1980.6178447307439
 10
1010.4041784998229
 20
1981.973961447597
 10
1010.4041784998229
 20
1983.5962793666035
 10
1010.4041784998229
 20
1985.4643968986406
 10
1010.4041784998229
 20
1987.5548213818358
 10
1010.4041784998229
 20
1989.8412645154208
 10
1010.4041784998229
 20
1992.2949729503653
 10
1010.4041784998229
 20
1994.885089879425
 10
1010.4041784998229
 20
1997.5790430793963
 10
1010.4041784998229
 20
2000.3429545257216
 10
1010.4041784998229
 20
2003.1420664283041
  0
LWPOLYLINE
  5
677
330
17
100
AcDbEntity
  8
VIEW
100
AcDbPolyline
 90
2
 70
0
 10
863.4041784998229
 20
2026.0220664283042
 10
876.4041784998229
 20
2026.0220664283042
  0
LWPOLYLINE
  5
678
330
17
100
AcDbEntity
  8
VIEW
100
AcDbPolyline
 90
2
 70
0
 10
863.4041784998229
 20
2076.0220664283042
 10
876.4041784998229
 20
2076.0220664283042
  0
LWPOLYLINE
  5
679
330
17
100
AcDbEntity
  8
VIEW
100
AcDbPolyline
 90
2
 70
0
 10
863.4041784998229
 20
1978.1420664283041
 10
876.4041784998229
 20
1978.1420664283041
  0
LWPOLYLINE
  5
67A
330
17
100
AcDbEntity
  8
VIEW
100
AcDbPolyline
 90
2
 70
0
 10
997.4041784998229
 20
2026.0220664283042
 10
1010.4041784998229
 20
2026.0220664283042
  0
LWPOLYLINE
  5
67B
330
17
100
AcDbEntity
  8
VIEW
100
AcDbPolyline
 90
2
 70
0
 10
997.4041784998229
 20
2076.0220664283042
 10
1010.4041784998229
 20
2076.0220664283042
  0
LWPOLYLINE
  5
67C
330
17
100
AcDbEntity
  8
VIEW
100
AcDbPolyline
 90
2
 70
0
 10
997.4041784998229
 20
1978.1420664283041
 10
1010.4041784998229
 20
1978.1420664283041
  0
LWPOLYLINE
  5
67D
330
17
100
AcDbEntity
  8
VIEW
100
AcDbPolyline
 90
2
 70
0
 10
744.9041784998229
 20
1956.0220664283042
 10
736.9041784998229
 20
1956.0220664283042
  0
LWPOLYLINE
  5
67E
330
17
100
AcDbEntity
  8
VIEW
100
AcDbPolyline
 90
2
 70
0
 10
1128.904178499823
 20
1956.0220664283042
 10
744.9041784998229
 20
1956.0220664283042
  0
LWPOLYLINE
  5
67F
330
17
100
AcDbEntity
  8
VIEW
100
AcDbPolyline
 90
2
 70
0
 10
1136.904178499823
 20
1956.0220664283042
 10
1128.904178499823
 20
1956.0220664283042
  0
LWPOLYLINE
  5
680
330
17
100
AcDbEntity
  8
VIEW
100
AcDbPolyline
 90
2
 70
0
 10
744.9041784998229
 20
1956.1932157999197
 10
744.9041784998229
 20
1956.0220664283042
  0
LWPOLYLINE
  5
681
330
17
100
AcDbEntity
  8
VIEW
100
AcDbPolyline
 90
2
 70
0
 10
1069.0753278714385
 20
1956.1932157999197
 10
997.4041784998229
 20
1956.1932157999197
  0
LWPOLYLINE
  5
682
330
17
100
AcDbEntity
  8
VIEW
100
AcDbPolyline
 90
2
 70
0
 10
985.4041784998229
 20
1956.1932157999197
 10
888.4041784998229
 20
1956.1932157999197
  0
LWPOLYLINE
  5
683
330
17
100
AcDbEntity
  8
VIEW
100
AcDbPolyline
 90
2
 70
0
 10
876.4041784998229
 20
1956.1932157999197
 10
804.9041784998229
 20
1956.1932157999197
  0
LWPOLYLINE
  5
684
330
17
100
AcDbEntity
  8
VIEW
100
AcDbPolyline
 90
2
 70
0
 10
745.0753278714385
 20
1956.1932157999197
 10
744.9041784998229
 20
1956.1932157999197
  0
LWPOLYLINE
  5
685
330
17
100
AcDbEntity
  8
VIEW
100
AcDbPolyline
 90
2
 70
0
 10
736.9041784998229
 20
1956.0220664283042
 10
736.9041784998229
 20
1628.1603870746455
  0
LWPOLYLINE
  5
686
330
17
100
AcDbEntity
  8
VIEW
100
AcDbPolyline
 90
2
 70
0
 10
736.9041784998229
 20
1628.1603870746455
 10
736.9041784998229
 20
1601.0220664283042
  0
LWPOLYLINE
  5
687
330
17
100
AcDbEntity
  8
VIEW
100
AcDbPolyline
 90
2
 70
0
 10
744.9041784998229
 20
1628.1603870746455
 10
736.9041784998229
 20
1628.1603870746455
  0
LWPOLYLINE
  5
688
330
17
100
AcDbEntity
  8
VIEW
100
AcDbPolyline
 90
2
 70
0
 10
744.9041784998229
 20
1956.0220664283042
 10
744.9041784998229
 20
1639.9992140118557
  0
LWPOLYLINE
  5
689
330
17
100
AcDbEntity
  8
VIEW
100
AcDbPolyline
 90
2
 70
0
 10
1136.904178499823
 20
1956.0220664283042
 10
1136.904178499823
 20
1628.1603870746455
  0
LWPOLYLINE
  5
68A
330
17
100
AcDbEntity
  8
VIEW
100
AcDbPolyline
 90
2
 70
0
 10
1136.904178499823
 20
1628.1603870746455
 10
1136.904178499823
 20
1601.0220664283042
  0
LWPOLYLINE
  5
68B
330
17
100
AcDbEntity
  8
VIEW
100
AcDbPolyline
 90
2
 70
0
 10
1128.904178499823
 20
1948.0220664283042
 10
744.9041784998229
 20
1948.0220664283042
  0
LWPOLYLINE
  5
68C
330
17
100
AcDbEntity
  8
VIEW
100
AcDbPolyline
 90
2
 70
0
 10
1136.904178499823
 20
1628.1603870746455
 10
1128.904178499823
 20
1628.1603870746455
  0
LWPOLYLINE
  5
68D
330
17
100
AcDbEntity
  8
VIEW
100
AcDbPolyline
 90
2
 70
0
 10
1128.904178499823
 20
1956.0220664283042
 10
1128.904178499823
 20
1639.9992140118557
  0
LWPOLYLINE
  5
68E
330
17
100
AcDbEntity
  8
VIEW
100
AcDbPolyline
 90
2
 70
0
 10
744.9041784998229
 20
1956.0220664283042
 10
804.9041784998229
 20
2016.0220664283042
  0
LWPOLYLINE
  5
68F
330
17
100
AcDbEntity
  8
VIEW
100
AcDbPolyline
 90
2
 70
0
 10
804.9041784998229
 20
2016.0220664283042
 10
804.9041784998229
 20
1956.0220664283042
  0
LWPOLYLINE
  5
690
330
17
100
AcDbEntity
  8
VIEW
100
AcDbPolyline
 90
2
 70
0
 10
888.4041784998229
 20
1956.0220664283042
 10
888.4041784998229
 20
2058.0991893832065
  0
LWPOLYLINE
  5
691
330
17
100
AcDbEntity
  8
VIEW
100
AcDbPolyline
 90
2
 70
0
 10
888.4041784998229
 20
2058.0991893832065
 10
888.4041784998229
 20
2066.033866412199
  0
LWPOLYLINE
  5
692
330
17
100
AcDbEntity
  8
VIEW
100
AcDbPolyline
 90
2
 70
0
 10
888.4041784998229
 20
2066.033866412199
 10
888.4041784998229
 20
2075.936210488908
  0
LWPOLYLINE
  5
693
330
17
100
AcDbEntity
  8
VIEW
100
AcDbPolyline
 90
2
 70
0
 10
888.4041784998229
 20
2075.936210488908
 10
888.4041784998229
 20
2084.3980131610574
  0
LWPOLYLINE
  5
694
330
17
100
AcDbEntity
  8
VIEW
100
AcDbPolyline
 90
2
 70
0
 10
888.4041784998229
 20
2084.3980131610574
 10
888.4041784998229
 20
2090.7568622342105
  0
LWPOLYLINE
  5
695
330
17
100
AcDbEntity
  8
VIEW
100
AcDbPolyline
 90
2
 70
0
 10
888.4041784998229
 20
2090.7568622342105
 10
888.4041784998229
 20
2094.7111489978843
  0
LWPOLYLINE
  5
696
330
17
100
AcDbEntity
  8
VIEW
100
AcDbPolyline
 90
2
 70
0
 10
888.4041784998229
 20
2094.7111489978843
 10
888.4041784998229
 20
2095.7674151775564
  0
LWPOLYLINE
  5
697
330
17
100
AcDbEntity
  8
VIEW
100
AcDbPolyline
 90
2
 70
0
 10
888.4041784998229
 20
2095.7674151775564
 10
888.4041784998229
 20
2096.0
  0
LWPOLYLINE
  5
698
330
17
100
AcDbEntity
  8
VIEW
100
AcDbPolyline
 90
2
 70
0
 10
888.4041784998229
 20
2058.0991893832065
 10
876.4041784998229
 20
2058.0991893832065
  0
LWPOLYLINE
  5
699
330
17
100
AcDbEntity
  8
VIEW
100
AcDbPolyline
 90
2
 70
0
 10
876.4041784998229
 20
1956.0220664283042
 10
876.4041784998229
 20
2058.0991893832065
  0
LWPOLYLINE
  5
69A
330
17
100
AcDbEntity
  8
VIEW
100
AcDbPolyline
 90
2
 70
0
 10
876.4041784998229
 20
2058.0991893832065
 10
876.4041784998229
 20
2066.033866412199
  0
LWPOLYLINE
  5
69B
330
17
100
AcDbEntity
  8
VIEW
100
AcDbPolyline
 90
2
 70
0
 10
876.4041784998229
 20
2066.033866412199
 10
876.4041784998229
 20
2075.936210488908
  0
LWPOLYLINE
  5
69C
330
17
100
AcDbEntity
  8
VIEW
100
AcDbPolyline
 90
2
 70
0
 10
876.4041784998229
 20
2075.936210488908
 10
876.4041784998229
 20
2084.3980131610574
  0
LWPOLYLINE
  5
69D
330
17
100
AcDbEntity
  8
VIEW
100
AcDbPolyline
 90
2
 70
0
 10
876.4041784998229
 20
2084.3980131610574
 10
876.4041784998229
 20
2090.7568622342105
  0
LWPOLYLINE
  5
69E
330
17
100
AcDbEntity
  8
VIEW
100
AcDbPolyline
 90
2
 70
0
 10
876.4041784998229
 20
2090.7568622342105
 10
876.4041784998229
 20
2094.7111489978843
  0
LWPOLYLINE
  5
69F
330
17
100
AcDbEntity
  8
VIEW
100
AcDbPolyline
 90
2
 70
0
 10
876.4041784998229
 20
2094.7111489978843
 10
876.4041784998229
 20
2095.7674151775564
  0
LWPOLYLINE
  5
6A0
330
17
100
AcDbEntity
  8
VIEW
100
AcDbPolyline
 90
2
 70
0
 10
876.4041784998229
 20
2095.7674151775564
 10
876.4041784998229
 20
2096.0
  0
LWPOLYLINE
  5
6A1
330
17
100
AcDbEntity
  8
VIEW
100
AcDbPolyline
 90
2
 70
0
 10
997.4041784998229
 20
1956.0220664283042
 10
997.4041784998229
 20
2058.0991893832065
  0
LWPOLYLINE
  5
6A2
330
17
100
AcDbEntity
  8
VIEW
100
AcDbPolyline
 90
2
 70
0
 10
997.4041784998229
 20
2058.0991893832065
 10
997.4041784998229
 20
2066.033866412199
  0
LWPOLYLINE
  5
6A3
330
17
100
AcDbEntity
  8
VIEW
100
AcDbPolyline
 90
2
 70
0
 10
997.4041784998229
 20
2066.033866412199
 10
997.4041784998229
 20
2075.936210488908
  0
LWPOLYLINE
  5
6A4
330
17
100
AcDbEntity
  8
VIEW
100
AcDbPolyline
 90
2
 70
0
 10
997.4041784998229
 20
2075.936210488908
 10
997.4041784998229
 20
2084.3980131610574
  0
LWPOLYLINE
  5
6A5
330
17
100
AcDbEntity
  8
VIEW
100
AcDbPolyline
 90
2
 70
0
 10
997.4041784998229
 20
2084.3980131610574
 10
997.4041784998229
 20
2090.7568622342105
  0
LWPOLYLINE
  5
6A6
330
17
100
AcDbEntity
  8
VIEW
100
AcDbPolyline
 90
2
 70
0
 10
997.4041784998229
 20
2090.7568622342105
 10
997.4041784998229
 20
2094.7111489978843
  0
LWPOLYLINE
  5
6A7
330
17
100
AcDbEntity
  8
VIEW
100
AcDbPolyline
 90
2
 70
0
 10
997.4041784998229
 20
2094.7111489978843
 10
997.4041784998229
 20
2095.7674151775564
  0
LWPOLYLINE
  5
6A8
330
17
100
AcDbEntity
  8
VIEW
100
AcDbPolyline
 90
2
 70
0
 10
997.4041784998229
 20
2095.7674151775564
 10
997.4041784998229
 20
2096.0
  0
LWPOLYLINE
  5
6A9
330
17
100
AcDbEntity
  8
VIEW
100
AcDbPolyline
 90
2
 70
0
 10
997.4041784998229
 20
2058.0991893832065
 10
985.4041784998229
 20
2058.0991893832065
  0
LWPOLYLINE
  5
6AA
330
17
100
AcDbEntity
  8
VIEW
100
AcDbPolyline
 90
2
 70
0
 10
985.4041784998229
 20
1956.0220664283042
 10
985.4041784998229
 20
2058.0991893832065
  0
LWPOLYLINE
  5
6AB
330
17
100
AcDbEntity
  8
VIEW
100
AcDbPolyline
 90
2
 70
0
 10
985.4041784998229
 20
2058.0991893832065
 10
985.4041784998229
 20
2066.033866412199
  0
LWPOLYLINE
  5
6AC
330
17
100
AcDbEntity
  8
VIEW
100
AcDbPolyline
 90
2
 70
0
 10
985.4041784998229
 20
2066.033866412199
 10
985.4041784998229
 20
2075.936210488908
  0
LWPOLYLINE
  5
6AD
330
17
100
AcDbEntity
  8
VIEW
100
AcDbPolyline
 90
2
 70
0
 10
985.4041784998229
 20
2075.936210488908
 10
985.4041784998229
 20
2084.3980131610574
  0
LWPOLYLINE
  5
6AE
330
17
100
AcDbEntity
  8
VIEW
100
AcDbPolyline
 90
2
 70
0
 10
985.4041784998229
 20
2084.3980131610574
 10
985.4041784998229
 20
2090.7568622342105
  0
LWPOLYLINE
  5
6AF
330
17
100
AcDbEntity
  8
VIEW
100
AcDbPolyline
 90
2
 70
0
 10
985.4041784998229
 20
2090.7568622342105
 10
985.4041784998229
 20
2094.7111489978843
  0
LWPOLYLINE
  5
6B0
330
17
100
AcDbEntity
  8
VIEW
100
AcDbPolyline
 90
2
 70
0
 10
985.4041784998229
 20
2094.7111489978843
 10
985.4041784998229
 20
2095.7674151775564
  0
LWPOLYLINE
  5
6B1
330
17
100
AcDbEntity
  8
VIEW
100
AcDbPolyline
 90
2
 70
0
 10
985.4041784998229
 20
2095.7674151775564
 10
985.4041784998229
 20
2096.0
  0
LWPOLYLINE
  5
6B2
330
17
100
AcDbEntity
  8
VIEW
100
AcDbPolyline
 90
2
 70
0
 10
1128.904178499823
 20
2016.0220664283042
 10
1128.904178499823
 20
1956.0220664283042
  0
LWPOLYLINE
  5
6B3
330
17
100
AcDbEntity
  8
VIEW
100
AcDbPolyline
 90
2
 70
0
 10
1068.904178499823
 20
1956.0220664283042
 10
1128.904178499823
 20
2016.0220664283042
  0
LWPOLYLINE
  5
6B4
330
17
100
AcDbEntity
  8
VIEW
100
AcDbPolyline
 90
2
 70
0
 10
744.9041784998229
 20
1607.2326650298453
 10
744.9041784998229
 20
1598.0180274117533
  0
LWPOLYLINE
  5
6B5
330
17
100
AcDbEntity
  8
VIEW
100
AcDbPolyline
 90
2
 70
0
 10
744.9041784998229
 20
1610.192371764148
 10
744.9041784998229
 20
1607.2326650298453
  0
LWPOLYLINE
  5
6B6
330
17
100
AcDbEntity
  8
VIEW
100
AcDbPolyline
 90
2
 70
0
 10
744.9041784998229
 20
1601.0220664283042
 10
736.9041784998229
 20
1601.0220664283042
  0
LWPOLYLINE
  5
6B7
330
17
100
AcDbEntity
  8
VIEW
100
AcDbPolyline
 90
2
 70
0
 10
1128.904178499823
 20
1610.192371764148
 10
744.9041784998229
 20
1610.192371764148
  0
LWPOLYLINE
  5
6B8
330
17
100
AcDbEntity
  8
VIEW
100
AcDbPolyline
 90
2
 70
0
 10
1136.904178499823
 20
1601.0220664283042
 10
1128.904178499823
 20
1601.0220664283042
  0
LWPOLYLINE
  5
6B9
330
17
100
AcDbEntity
  8
VIEW
100
AcDbPolyline
 90
2
 70
0
 10
1128.904178499823
 20
1628.1603870746455
 10
744.9041784998229
 20
1628.1603870746455
  0
LWPOLYLINE
  5
6BA
330
17
100
AcDbEntity
  8
VIEW
100
AcDbPolyline
 90
2
 70
0
 10
1128.904178499823
 20
1607.2326650298453
 10
1128.904178499823
 20
1598.0180274117533
  0
LWPOLYLINE
  5
6BB
330
17
100
AcDbEntity
  8
VIEW
100
AcDbPolyline
 90
2
 70
0
 10
1128.904178499823
 20
1610.192371764148
 10
1128.904178499823
 20
1607.2326650298453
  0
LWPOLYLINE
  5
6BC
330
17
100
AcDbEntity
  8
VIEW
100
AcDbPolyline
 90
2
 70
0
 10
744.9041784998229
 20
1639.9992140118557
 10
744.9041784998229
 20
1628.1603870746455
  0
LWPOLYLINE
  5
6BD
330
17
100
AcDbEntity
  8
VIEW
100
AcDbPolyline
 90
2
 70
0
 10
1128.904178499823
 20
1639.9992140118557
 10
1128.904178499823
 20
1628.1603870746455
  0
LWPOLYLINE
  5
6BE
330
17
100
AcDbEntity
  8
VIEW
100
AcDbPolyline
 90
2
 70
0
 10
888.4041784998229
 20
2066.033866412199
 10
876.4041784998229
 20
2066.033866412199
  0
LWPOLYLINE
  5
6BF
330
17
100
AcDbEntity
  8
VIEW
100
AcDbPolyline
 90
2
 70
0
 10
888.4041784998229
 20
2075.936210488908
 10
876.4041784998229
 20
2075.936210488908
  0
LWPOLYLINE
  5
6C0
330
17
100
AcDbEntity
  8
VIEW
100
AcDbPolyline
 90
2
 70
0
 10
888.4041784998229
 20
2084.3980131610574
 10
876.4041784998229
 20
2084.3980131610574
  0
LWPOLYLINE
  5
6C1
330
17
100
AcDbEntity
  8
VIEW
100
AcDbPolyline
 90
2
 70
0
 10
888.4041784998229
 20
2090.7568622342105
 10
876.4041784998229
 20
2090.7568622342105
  0
LWPOLYLINE
  5
6C2
330
17
100
AcDbEntity
  8
VIEW
100
AcDbPolyline
 90
2
 70
0
 10
888.4041784998229
 20
2094.7111489978843
 10
876.4041784998229
 20
2094.7111489978843
  0
LWPOLYLINE
  5
6C3
330
17
100
AcDbEntity
  8
VIEW
100
AcDbPolyline
 90
2
 70
0
 10
888.4041784998229
 20
2095.7674151775564
 10
876.4041784998229
 20
2095.7674151775564
  0
LWPOLYLINE
  5
6C4
330
17
100
AcDbEntity
  8
VIEW
100
AcDbPolyline
 90
2
 70
0
 10
888.4041784998229
 20
2096.0
 10
876.4041784998229
 20
2096.0
  0
LWPOLYLINE
  5
6C5
330
17
100
AcDbEntity
  8
VIEW
100
AcDbPolyline
 90
2
 70
0
 10
997.4041784998229
 20
2066.033866412199
 10
985.4041784998229
 20
2066.033866412199
  0
LWPOLYLINE
  5
6C6
330
17
100
AcDbEntity
  8
VIEW
100
AcDbPolyline
 90
2
 70
0
 10
997.4041784998229
 20
2075.936210488908
 10
985.4041784998229
 20
2075.936210488908
  0
LWPOLYLINE
  5
6C7
330
17
100
AcDbEntity
  8
VIEW
100
AcDbPolyline
 90
2
 70
0
 10
997.4041784998229
 20
2084.3980131610574
 10
985.4041784998229
 20
2084.3980131610574
  0
LWPOLYLINE
  5
6C8
330
17
100
AcDbEntity
  8
VIEW
100
AcDbPolyline
 90
2
 70
0
 10
997.4041784998229
 20
2090.7568622342105
 10
985.4041784998229
 20
2090.7568622342105
  0
LWPOLYLINE
  5
6C9
330
17
100
AcDbEntity
  8
VIEW
100
AcDbPolyline
 90
2
 70
0
 10
997.4041784998229
 20
2094.7111489978843
 10
985.4041784998229
 20
2094.7111489978843
  0
LWPOLYLINE
  5
6CA
330
17
100
AcDbEntity
  8
VIEW
100
AcDbPolyline
 90
2
 70
0
 10
997.4041784998229
 20
2095.7674151775564
 10
985.4041784998229
 20
2095.7674151775564
  0
LWPOLYLINE
  5
6CB
330
17
100
AcDbEntity
  8
VIEW
100
AcDbPolyline
 90
2
 70
0
 10
997.4041784998229
 20
2096.0
 10
985.4041784998229
 20
2096.0
  0
LWPOLYLINE
  5
6CC
330
17
100
AcDbEntity
  8
VIEW
100
AcDbPolyline
 90
2
 70
0
 10
1128.904178499823
 20
1607.2326650298453
 10
744.9041784998229
 20
1607.2326650298453
  0
LWPOLYLINE
  5
6CD
330
17
100
AcDbEntity
  8
VIEW
100
AcDbPolyline
 90
2
 70
0
 10
1128.904178499823
 20
1598.0180274117533
 10
744.9041784998229
 20
1598.0180274117533
  0
LWPOLYLINE
  5
6CE
330
17
100
AcDbEntity
  8
VIEW
100
AcDbPolyline
 90
2
 70
0
 10
1128.904178499823
 20
1639.9992140118557
 10
744.9041784998229
 20
1639.9992140118557
  0
LWPOLYLINE
  5
6CF
330
17
100
AcDbEntity
  8
VIEW
100
AcDbPolyline
 90
2
 70
0
 10
1128.904178499823
 20
1769.4457388230842
 10
744.9041784998229
 20
1769.4457388230842
  0
LWPOLYLINE
  5
6D0
330
17
100
AcDbEntity
  8
VIEW
100
AcDbPolyline
 90
2
 70
0
 10
1128.904178499823
 20
1757.918982829899
 10
744.9041784998229
 20
1757.918982829899
  0
LWPOLYLINE
  5
6D1
330
17
100
AcDbEntity
  8
VIEW
100
AcDbPolyline
 90
2
 70
0
 10
1128.904178499823
 20
1740.8296590741388
 10
744.9041784998229
 20
1740.8296590741388
  0
LWPOLYLINE
  5
6D2
330
17
100
AcDbEntity
  8
VIEW
100
AcDbPolyline
 90
2
 70
0
 10
1128.904178499823
 20
1724.1274101726035
 10
744.9041784998229
 20
1724.1274101726035
  0
LWPOLYLINE
  5
6D3
330
17
100
AcDbEntity
  8
VIEW
100
AcDbPolyline
 90
2
 70
0
 10
1128.904178499823
 20
1713.2872526006713
 10
744.9041784998229
 20
1713.2872526006713
  0
LWPOLYLINE
  5
6D4
330
17
100
AcDbEntity
  8
VIEW
100
AcDbPolyline
 90
2
 70
0
 10
1128.904178499823
 20
1697.5850333419048
 10
744.9041784998229
 20
1697.5850333419048
  0
LWPOLYLINE
  5
6D5
330
17
100
AcDbEntity
  8
VIEW
100
AcDbPolyline
 90
2
 70
0
 10
1128.904178499823
 20
1682.686358323083
 10
744.9041784998229
 20
1682.686358323083
  0
LWPOLYLINE
  5
6D6
330
17
100
AcDbEntity
  8
VIEW
100
AcDbPolyline
 90
2
 70
0
 10
1128.904178499823
 20
1673.2715379967224
 10
744.9041784998229
 20
1673.2715379967224
  0
LWPOLYLINE
  5
6D7
330
17
100
AcDbEntity
  8
VIEW
100
AcDbPolyline
 90
2
 70
0
 10
1128.904178499823
 20
1660.026503528293
 10
744.9041784998229
 20
1660.026503528293
  0
LWPOLYLINE
  5
6D8
330
17
100
AcDbEntity
  8
VIEW
100
AcDbPolyline
 90
2
 70
0
 10
1128.904178499823
 20
1651.8364187034197
 10
744.9041784998229
 20
1651.8364187034197
  0
LWPOLYLINE
  5
6D9
330
17
100
AcDbEntity
  8
VIEW
100
AcDbPolyline
 90
2
 70
0
 10
1128.904178499823
 20
1640.598843839219
 10
744.9041784998229
 20
1640.598843839219
  0
LWPOLYLINE
  5
6DA
330
17
100
AcDbEntity
  8
VIEW
100
AcDbPolyline
 90
15
 70
0
 10
863.4041784998229
 20
2051.0220664283042
 10
863.4041784998229
 20
2053.821178330887
 10
863.4041784998229
 20
2056.585089777212
 10
863.4041784998229
 20
2059.2790429771835
 10
863.4041784998229
 20
2061.869159906243
 10
863.4041784998229
 20
2064.3228683411876
 10
863.4041784998229
 20
2066.6093114747728
 10
863.4041784998229
 20
2068.6997359579677
 10
863.4041784998229
 20
2070.567853490005
 10
863.4041784998229
 20
2072.1901714090113
 10
863.4041784998229
 20
2073.5462881258645
 10
863.4041784998229
 20
2074.6191496860133
 10
863.4041784998229
 20
2075.39526423285
 10
863.4041784998229
 20
2075.864871675635
 10
863.4041784998229
 20
2076.0220664283042
  0
LWPOLYLINE
  5
6DB
330
17
100
AcDbEntity
  8
VIEW
100
AcDbPolyline
 90
15
 70
0
 10
863.4041784998229
 20
2026.0220664283042
 10
863.4041784998229
 20
2026.179261180973
 10
863.4041784998229
 20
2026.6488686237587
 10
863.4041784998229
 20
2027.424983170595
 10
863.4041784998229
 20
2028.4978447307437
 10
863.4041784998229
 20
2029.8539614475972
 10
863.4041784998229
 20
2031.4762793666034
 10
863.4041784998229
 20
2033.3443968986405
 10
863.4041784998229
 20
2035.434821381836
 10
863.4041784998229
 20
2037.721264515421
 10
863.4041784998229
 20
2040.1749729503654
 10
863.4041784998229
 20
2042.765089879425
 10
863.4041784998229
 20
2045.4590430793965
 10
863.4041784998229
 20
2048.2229545257214
 10
863.4041784998229
 20
2051.0220664283042
  0
LWPOLYLINE
  5
6DC
330
17
100
AcDbEntity
  8
VIEW
100
AcDbPolyline
 90
15
 70
0
 10
863.4041784998229
 20
2003.1420664283041
 10
863.4041784998229
 20
2005.204014186393
 10
863.4041784998229
 20
2007.2519113910575
 10
863.4041784998229
 20
2009.2718032323528
 10
863.4041784998229
 20
2011.2499257348743
 10
863.4041784998229
 20
2013.172799548434
 10
863.4041784998229
 20
2015.0273217992374
 10
863.4041784998229
 20
2016.8008553756702
 10
863.4041784998229
 20
2018.4813150402829
 10
863.4041784998229
 20
2020.0572497811856
 10
863.4041784998229
 20
2021.5179208416937
 10
863.4041784998229
 20
2022.8533748965156
 10
863.4041784998229
 20
2024.0545118758414
 10
863.4041784998229
 20
2025.1131469751672
 10
863.4041784998229
 20
2026.0220664283042
  0
LWPOLYLINE
  5
6DD
330
17
100
AcDbEntity
  8
VIEW
100
AcDbPolyline
 90
15
 70
0
 10
863.4041784998229
 20
1978.1420664283041
 10
863.4041784998229
 20
1978.2992611809732
 10
863.4041784998229
 20
1978.7688686237586
 10
863.4041784998229
 20
1979.544983170595
 10
863.4041784998229
 20
1980.6178447307439
 10
863.4041784998229
 20
1981.973961447597
 10
863.4041784998229
 20
1983.5962793666035
 10
863.4041784998229
 20
1985.4643968986406
 10
863.4041784998229
 20
1987.5548213818358
 10
863.4041784998229
 20
1989.8412645154208
 10
863.4041784998229
 20
1992.2949729503653
 10
863.4041784998229
 20
1994.885089879425
 10
863.4041784998229
 20
1997.5790430793963
 10
863.4041784998229
 20
2000.3429545257216
 10
863.4041784998229
 20
2003.1420664283041
  0
LWPOLYLINE
  5
6DE
330
17
100
AcDbEntity
  8
VIEW
100
AcDbPolyline
 90
15
 70
0
 10
1010.4041784998229
 20
2051.0220664283042
 10
1010.4041784998229
 20
2053.821178330887
 10
1010.4041784998229
 20
2056.585089777212
 10
1010.4041784998229
 20
2059.2790429771835
 10
1010.4041784998229
 20
2061.869159906243
 10
1010.4041784998229
 20
2064.3228683411876
 10
1010.4041784998229
 20
2066.6093114747728
 10
1010.4041784998229
 20
2068.6997359579677
 10
1010.4041784998229
 20
2070.567853490005
 10
1010.4041784998229
 20
2072.1901714090113
 10
1010.4041784998229
 20
2073.5462881258645
 10
1010.4041784998229
 20
2074.6191496860133
 10
1010.4041784998229
 20
2075.39526423285
 10
1010.4041784998229
 20
2075.864871675635
 10
1010.4041784998229
 20
2076.0220664283042
  0
LWPOLYLINE
  5
6DF
330
17
100
AcDbEntity
  8
VIEW
100
AcDbPolyline
 90
15
 70
0
 10
1010.4041784998229
 20
2026.0220664283042
 10
1010.4041784998229
 20
2026.179261180973
 10
1010.4041784998229
 20
2026.6488686237587
 10
1010.4041784998229
 20
2027.424983170595
 10
1010.4041784998229
 20
2028.4978447307437
 10
1010.4041784998229
 20
2029.8539614475972
 10
1010.4041784998229
 20
2031.4762793666034
 10
1010.4041784998229
 20
2033.3443968986405
 10
1010.4041784998229
 20
2035.434821381836
 10
1010.4041784998229
 20
2037.721264515421
 10
1010.4041784998229
 20
2040.1749729503654
 10
1010.4041784998229
 20
2042.765089879425
 10
1010.4041784998229
 20
2045.4590430793965
 10
1010.4041784998229
 20
2048.2229545257214
 10
1010.4041784998229
 20
2051.0220664283042
  0
LWPOLYLINE
  5
6E0
330
17
100
AcDbEntity
  8
VIEW
100
AcDbPolyline
 90
15
 70
0
 10
1010.4041784998229
 20
2003.1420664283041
 10
1010.4041784998229
 20
2005.204014186393
 10
1010.4041784998229
 20
2007.2519113910575
 10
1010.4041784998229
 20
2009.2718032323528
 10
1010.4041784998229
 20
2011.2499257348743
 10
1010.4041784998229
 20
2013.172799548434
 10
1010.4041784998229
 20
2015.0273217992374
 10
1010.4041784998229
 20
2016.8008553756702
 10
1010.4041784998229
 20
2018.4813150402829
 10
1010.4041784998229
 20
2020.0572497811856
 10
1010.4041784998229
 20
2021.5179208416937
 10
1010.4041784998229
 20
2022.8533748965156
 10
1010.4041784998229
 20
2024.0545118758414
 10
1010.4041784998229
 20
2025.1131469751672
 10
1010.4041784998229
 20
2026.0220664283042
  0
LWPOLYLINE
  5
6E1
330
17
100
AcDbEntity
  8
VIEW
100
AcDbPolyline
 90
15
 70
0
 10
1010.4041784998229
 20
1978.1420664283041
 10
1010.4041784998229
 20
1978.2992611809732
 10
1010.4041784998229
 20
1978.7688686237586
 10
1010.4041784998229
 20
1979.544983170595
 10
1010.4041784998229
 20
1980.6178447307439
 10
1010.4041784998229
 20
1981.973961447597
 10
1010.4041784998229
 20
1983.5962793666035
 10
1010.4041784998229
 20
1985.4643968986406
 10
1010.4041784998229
 20
1987.5548213818358
 10
1010.4041784998229
 20
1989.8412645154208
 10
1010.4041784998229
 20
1992.2949729503653
 10
1010.4041784998229
 20
1994.885089879425
 10
1010.4041784998229
 20
1997.5790430793963
 10
1010.4041784998229
 20
2000.3429545257216
 10
1010.4041784998229
 20
2003.1420664283041
  0
LWPOLYLINE
  5
6E2
330
17
100
AcDbEntity
  8
VIEW
100
AcDbPolyline
 90
2
 70
0
 10
863.4041784998229
 20
2026.0220664283042
 10
876.4041784998229
 20
2026.0220664283042
  0
LWPOLYLINE
  5
6E3
330
17
100
AcDbEntity
  8
VIEW
100
AcDbPolyline
 90
2
 70
0
 10
863.4041784998229
 20
2076.0220664283042
 10
876.4041784998229
 20
2076.0220664283042
  0
LWPOLYLINE
  5
6E4
330
17
100
AcDbEntity
  8
VIEW
100
AcDbPolyline
 90
2
 70
0
 10
863.4041784998229
 20
1978.1420664283041
 10
876.4041784998229
 20
1978.1420664283041
  0
LWPOLYLINE
  5
6E5
330
17
100
AcDbEntity
  8
VIEW
100
AcDbPolyline
 90
2
 70
0
 10
997.4041784998229
 20
2026.0220664283042
 10
1010.4041784998229
 20
2026.0220664283042
  0
LWPOLYLINE
  5
6E6
330
17
100
AcDbEntity
  8
VIEW
100
AcDbPolyline
 90
2
 70
0
 10
997.4041784998229
 20
2076.0220664283042
 10
1010.4041784998229
 20
2076.0220664283042
  0
LWPOLYLINE
  5
6E7
330
17
100
AcDbEntity
  8
VIEW
100
AcDbPolyline
 90
2
 70
0
 10
997.4041784998229
 20
1978.1420664283041
 10
1010.4041784998229
 20
1978.1420664283041
  0
LWPOLYLINE
  5
6E8
330
17
100
AcDbEntity
  8
HIDDEN
100
AcDbPolyline
 90
2
 70
0
 10
744.9041784998229
 20
1956.0220664283042
 10
1128.904178499823
 20
1956.0220664283042
  0
LWPOLYLINE
  5
6E9
330
17
100
AcDbEntity
  8
HIDDEN
100
AcDbPolyline
 90
2
 70
0
 10
744.9041784998229
 20
1956.0220664283042
 10
736.9041784998229
 20
1956.0220664283042
  0
LWPOLYLINE
  5
6EA
330
17
100
AcDbEntity
  8
HIDDEN
100
AcDbPolyline
 90
2
 70
0
 10
1136.904178499823
 20
1956.0220664283042
 10
1128.904178499823
 20
1956.0220664283042
  0
LWPOLYLINE
  5
6EB
330
17
100
AcDbEntity
  8
HIDDEN
100
AcDbPolyline
 90
2
 70
0
 10
804.9041784998229
 20
1956.0220664283042
 10
744.9041784998229
 20
1956.0220664283042
  0
LWPOLYLINE
  5
6EC
330
17
100
AcDbEntity
  8
HIDDEN
100
AcDbPolyline
 90
2
 70
0
 10
804.9041784998229
 20
1956.0220664283042
 10
744.9041784998229
 20
1956.0220664283042
  0
LWPOLYLINE
  5
6ED
330
17
100
AcDbEntity
  8
HIDDEN
100
AcDbPolyline
 90
2
 70
0
 10
804.9041784998229
 20
1956.0220664283042
 10
744.9041784998229
 20
1956.0220664283042
  0
LWPOLYLINE
  5
6EE
330
17
100
AcDbEntity
  8
HIDDEN
100
AcDbPolyline
 90
2
 70
0
 10
804.9041784998229
 20
1956.0220664283042
 10
744.9041784998229
 20
1956.0220664283042
  0
LWPOLYLINE
  5
6EF
330
17
100
AcDbEntity
  8
HIDDEN
100
AcDbPolyline
 90
2
 70
0
 10
888.4041784998229
 20
1956.0220664283042
 10
876.4041784998229
 20
1956.0220664283042
  0
LWPOLYLINE
  5
6F0
330
17
100
AcDbEntity
  8
HIDDEN
100
AcDbPolyline
 90
2
 70
0
 10
888.4041784998229
 20
1956.0220664283042
 10
876.4041784998229
 20
1956.0220664283042
  0
LWPOLYLINE
  5
6F1
330
17
100
AcDbEntity
  8
HIDDEN
100
AcDbPolyline
 90
2
 70
0
 10
1128.904178499823
 20
1956.0220664283042
 10
1068.904178499823
 20
1956.0220664283042
  0
LWPOLYLINE
  5
6F2
330
17
100
AcDbEntity
  8
HIDDEN
100
AcDbPolyline
 90
2
 70
0
 10
1128.904178499823
 20
1956.0220664283042
 10
1068.904178499823
 20
1956.0220664283042
  0
LWPOLYLINE
  5
6F3
330
17
100
AcDbEntity
  8
HIDDEN
100
AcDbPolyline
 90
2
 70
0
 10
997.4041784998229
 20
1956.0220664283042
 10
985.4041784998229
 20
1956.0220664283042
  0
LWPOLYLINE
  5
6F4
330
17
100
AcDbEntity
  8
HIDDEN
100
AcDbPolyline
 90
2
 70
0
 10
997.4041784998229
 20
1956.0220664283042
 10
985.4041784998229
 20
1956.0220664283042
  0
LWPOLYLINE
  5
6F5
330
17
100
AcDbEntity
  8
HIDDEN
100
AcDbPolyline
 90
2
 70
0
 10
1128.904178499823
 20
1956.0220664283042
 10
1068.904178499823
 20
1956.0220664283042
  0
LWPOLYLINE
  5
6F6
330
17
100
AcDbEntity
  8
HIDDEN
100
AcDbPolyline
 90
2
 70
0
 10
1128.904178499823
 20
1956.0220664283042
 10
1068.904178499823
 20
1956.0220664283042
  0
LWPOLYLINE
  5
6F7
330
17
100
AcDbEntity
  8
HIDDEN
100
AcDbPolyline
 90
2
 70
0
 10
744.9041784998229
 20
1956.0220664283042
 10
744.9041784998229
 20
1956.1932157999197
  0
LWPOLYLINE
  5
6F8
330
17
100
AcDbEntity
  8
HIDDEN
100
AcDbPolyline
 90
2
 70
0
 10
1128.904178499823
 20
1956.1932157999197
 10
1128.904178499823
 20
1956.0220664283042
  0
LWPOLYLINE
  5
6F9
330
17
100
AcDbEntity
  8
HIDDEN
100
AcDbPolyline
 90
2
 70
0
 10
1128.904178499823
 20
1956.1932157999197
 10
1069.0753278714385
 20
1956.1932157999197
  0
LWPOLYLINE
  5
6FA
330
17
100
AcDbEntity
  8
HIDDEN
100
AcDbPolyline
 90
2
 70
0
 10
997.4041784998229
 20
1956.1932157999197
 10
985.4041784998229
 20
1956.1932157999197
  0
LWPOLYLINE
  5
6FB
330
17
100
AcDbEntity
  8
HIDDEN
100
AcDbPolyline
 90
2
 70
0
 10
888.4041784998229
 20
1956.1932157999197
 10
876.4041784998229
 20
1956.1932157999197
  0
LWPOLYLINE
  5
6FC
330
17
100
AcDbEntity
  8
HIDDEN
100
AcDbPolyline
 90
2
 70
0
 10
804.9041784998229
 20
1956.1932157999197
 10
745.0753278714385
 20
1956.1932157999197
  0
LWPOLYLINE
  5
6FD
330
17
100
AcDbEntity
  8
HIDDEN
100
AcDbPolyline
 90
2
 70
0
 10
744.9041784998229
 20
1769.0333522954893
 10
736.9041784998229
 20
1769.0333522954893
  0
LWPOLYLINE
  5
6FE
330
17
100
AcDbEntity
  8
HIDDEN
100
AcDbPolyline
 90
2
 70
0
 10
736.9041784998229
 20
1769.0333522954893
 10
736.9041784998229
 20
1956.0220664283042
  0
LWPOLYLINE
  5
6FF
330
17
100
AcDbEntity
  8
HIDDEN
100
AcDbPolyline
 90
2
 70
0
 10
744.9041784998229
 20
1956.0220664283042
 10
744.9041784998229
 20
1769.0333522954893
  0
LWPOLYLINE
  5
700
330
17
100
AcDbEntity
  8
HIDDEN
100
AcDbPolyline
 90
2
 70
0
 10
1128.904178499823
 20
1956.0220664283042
 10
1128.904178499823
 20
1956.1932157999197
  0
LWPOLYLINE
  5
701
330
17
100
AcDbEntity
  8
HIDDEN
100
AcDbPolyline
 90
2
 70
0
 10
736.9041784998229
 20
1601.0220664283042
 10
736.9041784998229
 20
1601.4983596735096
  0
LWPOLYLINE
  5
702
330
17
100
AcDbEntity
  8
HIDDEN
100
AcDbPolyline
 90
2
 70
0
 10
736.9041784998229
 20
1601.4983596735096
 10
736.9041784998229
 20
1603.225670423685
  0
LWPOLYLINE
  5
703
330
17
100
AcDbEntity
  8
HIDDEN
100
AcDbPolyline
 90
2
 70
0
 10
736.9041784998229
 20
1603.225670423685
 10
736.9041784998229
 20
1606.2268032676948
  0
LWPOLYLINE
  5
704
330
17
100
AcDbEntity
  8
HIDDEN
100
AcDbPolyline
 90
2
 70
0
 10
736.9041784998229
 20
1606.2268032676948
 10
736.9041784998229
 20
1610.473138062947
  0
LWPOLYLINE
  5
705
330
17
100
AcDbEntity
  8
HIDDEN
100
AcDbPolyline
 90
2
 70
0
 10
736.9041784998229
 20
1610.473138062947
 10
736.9041784998229
 20
1615.9344248800267
  0
LWPOLYLINE
  5
706
330
17
100
AcDbEntity
  8
HIDDEN
100
AcDbPolyline
 90
2
 70
0
 10
736.9041784998229
 20
1615.9344248800267
 10
736.9041784998229
 20
1622.571758745893
  0
LWPOLYLINE
  5
707
330
17
100
AcDbEntity
  8
HIDDEN
100
AcDbPolyline
 90
2
 70
0
 10
736.9041784998229
 20
1622.571758745893
 10
736.9041784998229
 20
1630.283191290409
  0
LWPOLYLINE
  5
708
330
17
100
AcDbEntity
  8
HIDDEN
100
AcDbPolyline
 90
2
 70
0
 10
736.9041784998229
 20
1630.283191290409
 10
736.9041784998229
 20
1639.1158651139967
  0
LWPOLYLINE
  5
709
330
17
100
AcDbEntity
  8
HIDDEN
100
AcDbPolyline
 90
2
 70
0
 10
736.9041784998229
 20
1639.1158651139967
 10
736.9041784998229
 20
1648.9594466451213
  0
LWPOLYLINE
  5
70A
330
17
100
AcDbEntity
  8
HIDDEN
100
AcDbPolyline
 90
2
 70
0
 10
736.9041784998229
 20
1648.9594466451213
 10
736.9041784998229
 20
1658.566545561496
  0
LWPOLYLINE
  5
70B
330
17
100
AcDbEntity
  8
HIDDEN
100
AcDbPolyline
 90
2
 70
0
 10
736.9041784998229
 20
1658.566545561496
 10
736.9041784998229
 20
1668.950306277749
  0
LWPOLYLINE
  5
70C
330
17
100
AcDbEntity
  8
HIDDEN
100
AcDbPolyline
 90
2
 70
0
 10
736.9041784998229
 20
1668.950306277749
 10
736.9041784998229
 20
1679.8999873576877
  0
LWPOLYLINE
  5
70D
330
17
100
AcDbEntity
  8
HIDDEN
100
AcDbPolyline
 90
2
 70
0
 10
736.9041784998229
 20
1679.8999873576877
 10
736.9041784998229
 20
1691.513160830453
  0
LWPOLYLINE
  5
70E
330
17
100
AcDbEntity
  8
HIDDEN
100
AcDbPolyline
 90
2
 70
0
 10
736.9041784998229
 20
1691.513160830453
 10
736.9041784998229
 20
1703.5541339712913
  0
LWPOLYLINE
  5
70F
330
17
100
AcDbEntity
  8
HIDDEN
100
AcDbPolyline
 90
2
 70
0
 10
736.9041784998229
 20
1703.5541339712913
 10
736.9041784998229
 20
1716.1302032551957
  0
LWPOLYLINE
  5
710
330
17
100
AcDbEntity
  8
HIDDEN
100
AcDbPolyline
 90
2
 70
0
 10
736.9041784998229
 20
1716.1302032551957
 10
736.9041784998229
 20
1728.9861337075781
  0
LWPOLYLINE
  5
711
330
17
100
AcDbEntity
  8
HIDDEN
100
AcDbPolyline
 90
2
 70
0
 10
736.9041784998229
 20
1728.9861337075781
 10
736.9041784998229
 20
1742.2364838449441
  0
LWPOLYLINE
  5
712
330
17
100
AcDbEntity
  8
HIDDEN
100
AcDbPolyline
 90
2
 70
0
 10
736.9041784998229
 20
1742.2364838449441
 10
736.9041784998229
 20
1755.5133591214403
  0
LWPOLYLINE
  5
713
330
17
100
AcDbEntity
  8
HIDDEN
100
AcDbPolyline
 90
2
 70
0
 10
736.9041784998229
 20
1755.5133591214403
 10
736.9041784998229
 20
1769.0333522954893
  0
LWPOLYLINE
  5
714
330
17
100
AcDbEntity
  8
HIDDEN
100
AcDbPolyline
 90
2
 70
0
 10
1136.904178499823
 20
1769.0333522954893
 10
1128.904178499823
 20
1769.0333522954893
  0
LWPOLYLINE
  5
715
330
17
100
AcDbEntity
  8
HIDDEN
100
AcDbPolyline
 90
2
 70
0
 10
1128.904178499823
 20
1769.0333522954893
 10
1128.904178499823
 20
1956.0220664283042
  0
LWPOLYLINE
  5
716
330
17
100
AcDbEntity
  8
HIDDEN
100
AcDbPolyline
 90
2
 70
0
 10
1136.904178499823
 20
1769.0333522954893
 10
1136.904178499823
 20
1956.0220664283042
  0
LWPOLYLINE
  5
717
330
17
100
AcDbEntity
  8
HIDDEN
100
AcDbPolyline
 90
2
 70
0
 10
744.9041784998229
 20
1639.9992140118557
 10
744.9041784998229
 20
1639.8861047949126
  0
LWPOLYLINE
  5
718
330
17
100
AcDbEntity
  8
HIDDEN
100
AcDbPolyline
 90
2
 70
0
 10
744.9041784998229
 20
1639.8861047949126
 10
744.9041784998229
 20
1628.1603870746455
  0
LWPOLYLINE
  5
719
330
17
100
AcDbEntity
  8
HIDDEN
100
AcDbPolyline
 90
2
 70
0
 10
1136.904178499823
 20
1601.0220664283042
 10
1136.904178499823
 20
1601.4983596735096
  0
LWPOLYLINE
  5
71A
330
17
100
AcDbEntity
  8
HIDDEN
100
AcDbPolyline
 90
2
 70
0
 10
1136.904178499823
 20
1601.4983596735096
 10
1136.904178499823
 20
1603.225670423685
  0
LWPOLYLINE
  5
71B
330
17
100
AcDbEntity
  8
HIDDEN
100
AcDbPolyline
 90
2
 70
0
 10
1136.904178499823
 20
1603.225670423685
 10
1136.904178499823
 20
1606.2268032676948
  0
LWPOLYLINE
  5
71C
330
17
100
AcDbEntity
  8
HIDDEN
100
AcDbPolyline
 90
2
 70
0
 10
1136.904178499823
 20
1606.2268032676948
 10
1136.904178499823
 20
1610.473138062947
  0
LWPOLYLINE
  5
71D
330
17
100
AcDbEntity
  8
HIDDEN
100
AcDbPolyline
 90
2
 70
0
 10
1136.904178499823
 20
1610.473138062947
 10
1136.904178499823
 20
1615.9344248800267
  0
LWPOLYLINE
  5
71E
330
17
100
AcDbEntity
  8
HIDDEN
100
AcDbPolyline
 90
2
 70
0
 10
1136.904178499823
 20
1615.9344248800267
 10
1136.904178499823
 20
1622.571758745893
  0
LWPOLYLINE
  5
71F
330
17
100
AcDbEntity
  8
HIDDEN
100
AcDbPolyline
 90
2
 70
0
 10
1136.904178499823
 20
1622.571758745893
 10
1136.904178499823
 20
1630.283191290409
  0
LWPOLYLINE
  5
720
330
17
100
AcDbEntity
  8
HIDDEN
100
AcDbPolyline
 90
2
 70
0
 10
1136.904178499823
 20
1630.283191290409
 10
1136.904178499823
 20
1639.1158651139967
  0
LWPOLYLINE
  5
721
330
17
100
AcDbEntity
  8
HIDDEN
100
AcDbPolyline
 90
2
 70
0
 10
1136.904178499823
 20
1639.1158651139967
 10
1136.904178499823
 20
1648.9594466451213
  0
LWPOLYLINE
  5
722
330
17
100
AcDbEntity
  8
HIDDEN
100
AcDbPolyline
 90
2
 70
0
 10
1136.904178499823
 20
1648.9594466451213
 10
1136.904178499823
 20
1658.566545561496
  0
LWPOLYLINE
  5
723
330
17
100
AcDbEntity
  8
HIDDEN
100
AcDbPolyline
 90
2
 70
0
 10
1136.904178499823
 20
1658.566545561496
 10
1136.904178499823
 20
1668.950306277749
  0
LWPOLYLINE
  5
724
330
17
100
AcDbEntity
  8
HIDDEN
100
AcDbPolyline
 90
2
 70
0
 10
1136.904178499823
 20
1668.950306277749
 10
1136.904178499823
 20
1679.8999873576877
  0
LWPOLYLINE
  5
725
330
17
100
AcDbEntity
  8
HIDDEN
100
AcDbPolyline
 90
2
 70
0
 10
1136.904178499823
 20
1679.8999873576877
 10
1136.904178499823
 20
1691.513160830453
  0
LWPOLYLINE
  5
726
330
17
100
AcDbEntity
  8
HIDDEN
100
AcDbPolyline
 90
2
 70
0
 10
1136.904178499823
 20
1691.513160830453
 10
1136.904178499823
 20
1703.5541339712913
  0
LWPOLYLINE
  5
727
330
17
100
AcDbEntity
  8
HIDDEN
100
AcDbPolyline
 90
2
 70
0
 10
1136.904178499823
 20
1703.5541339712913
 10
1136.904178499823
 20
1716.1302032551957
  0
LWPOLYLINE
  5
728
330
17
100
AcDbEntity
  8
HIDDEN
100
AcDbPolyline
 90
2
 70
0
 10
1136.904178499823
 20
1716.1302032551957
 10
1136.904178499823
 20
1728.9861337075781
  0
LWPOLYLINE
  5
729
330
17
100
AcDbEntity
  8
HIDDEN
100
AcDbPolyline
 90
2
 70
0
 10
1136.904178499823
 20
1728.9861337075781
 10
1136.904178499823
 20
1742.2364838449441
  0
LWPOLYLINE
  5
72A
330
17
100
AcDbEntity
  8
HIDDEN
100
AcDbPolyline
 90
2
 70
0
 10
1136.904178499823
 20
1742.2364838449441
 10
1136.904178499823
 20
1755.5133591214403
  0
LWPOLYLINE
  5
72B
330
17
100
AcDbEntity
  8
HIDDEN
100
AcDbPolyline
 90
2
 70
0
 10
1136.904178499823
 20
1755.5133591214403
 10
1136.904178499823
 20
1769.0333522954893
  0
LWPOLYLINE
  5
72C
330
17
100
AcDbEntity
  8
HIDDEN
100
AcDbPolyline
 90
2
 70
0
 10
1128.904178499823
 20
1948.0220664283042
 10
1128.904178499823
 20
1956.0220664283042
  0
LWPOLYLINE
  5
72D
330
17
100
AcDbEntity
  8
HIDDEN
100
AcDbPolyline
 90
2
 70
0
 10
744.9041784998229
 20
1948.0220664283042
 10
744.9041784998229
 20
1956.0220664283042
  0
LWPOLYLINE
  5
72E
330
17
100
AcDbEntity
  8
HIDDEN
100
AcDbPolyline
 90
2
 70
0
 10
1128.904178499823
 20
1639.9992140118557
 10
1128.904178499823
 20
1639.8861047949126
  0
LWPOLYLINE
  5
72F
330
17
100
AcDbEntity
  8
HIDDEN
100
AcDbPolyline
 90
2
 70
0
 10
1128.904178499823
 20
1639.8861047949126
 10
1128.904178499823
 20
1628.1603870746455
  0
LWPOLYLINE
  5
730
330
17
100
AcDbEntity
  8
HIDDEN
100
AcDbPolyline
 90
2
 70
0
 10
744.9041784998229
 20
1956.0220664283042
 10
804.9041784998229
 20
2016.0220664283042
  0
LWPOLYLINE
  5
731
330
17
100
AcDbEntity
  8
HIDDEN
100
AcDbPolyline
 90
2
 70
0
 10
804.9041784998229
 20
2016.0220664283042
 10
804.9041784998229
 20
1956.0220664283042
  0
LWPOLYLINE
  5
732
330
17
100
AcDbEntity
  8
HIDDEN
100
AcDbPolyline
 90
2
 70
0
 10
804.9041784998229
 20
2016.0220664283042
 10
804.9041784998229
 20
1956.0220664283042
  0
LWPOLYLINE
  5
733
330
17
100
AcDbEntity
  8
HIDDEN
100
AcDbPolyline
 90
2
 70
0
 10
744.9041784998229
 20
1956.0220664283042
 10
804.9041784998229
 20
2016.0220664283042
  0
LWPOLYLINE
  5
734
330
17
100
AcDbEntity
  8
HIDDEN
100
AcDbPolyline
 90
2
 70
0
 10
744.9041784998229
 20
1956.0220664283042
 10
804.9041784998229
 20
2016.0220664283042
  0
LWPOLYLINE
  5
735
330
17
100
AcDbEntity
  8
HIDDEN
100
AcDbPolyline
 90
2
 70
0
 10
804.9041784998229
 20
2016.0220664283042
 10
804.9041784998229
 20
1956.0220664283042
  0
LWPOLYLINE
  5
736
330
17
100
AcDbEntity
  8
HIDDEN
100
AcDbPolyline
 90
2
 70
0
 10
888.4041784998229
 20
2006.810000491353
 10
888.4041784998229
 20
1956.0220664283042
  0
LWPOLYLINE
  5
737
330
17
100
AcDbEntity
  8
HIDDEN
100
AcDbPolyline
 90
2
 70
0
 10
888.4041784998229
 20
2013.8959720939265
 10
888.4041784998229
 20
2006.810000491353
  0
LWPOLYLINE
  5
738
330
17
100
AcDbEntity
  8
HIDDEN
100
AcDbPolyline
 90
2
 70
0
 10
888.4041784998229
 20
2023.5133549656857
 10
888.4041784998229
 20
2013.8959720939265
  0
LWPOLYLINE
  5
739
330
17
100
AcDbEntity
  8
HIDDEN
100
AcDbPolyline
 90
2
 70
0
 10
888.4041784998229
 20
2032.1483442508795
 10
888.4041784998229
 20
2023.5133549656857
  0
LWPOLYLINE
  5
73A
330
17
100
AcDbEntity
  8
HIDDEN
100
AcDbPolyline
 90
2
 70
0
 10
888.4041784998229
 20
2039.2464726460062
 10
888.4041784998229
 20
2032.1483442508795
  0
LWPOLYLINE
  5
73B
330
17
100
AcDbEntity
  8
HIDDEN
100
AcDbPolyline
 90
2
 70
0
 10
888.4041784998229
 20
2044.4316548087868
 10
888.4041784998229
 20
2039.2464726460062
  0
LWPOLYLINE
  5
73C
330
17
100
AcDbEntity
  8
HIDDEN
100
AcDbPolyline
 90
2
 70
0
 10
888.4041784998229
 20
2093.950541701391
 10
888.4041784998229
 20
2044.4316548087868
  0
LWPOLYLINE
  5
73D
330
17
100
AcDbEntity
  8
HIDDEN
100
AcDbPolyline
 90
2
 70
0
 10
888.4041784998229
 20
2096.0
 10
888.4041784998229
 20
2095.3804320344216
  0
LWPOLYLINE
  5
73E
330
17
100
AcDbEntity
  8
HIDDEN
100
AcDbPolyline
 90
2
 70
0
 10
888.4041784998229
 20
2095.3804320344216
 10
888.4041784998229
 20
2093.950541701391
  0
LWPOLYLINE
  5
73F
330
17
100
AcDbEntity
  8
HIDDEN
100
AcDbPolyline
 90
2
 70
0
 10
888.4041784998229
 20
2003.1420664283041
 10
888.4041784998229
 20
2008.1110126382873
  0
LWPOLYLINE
  5
740
330
17
100
AcDbEntity
  8
HIDDEN
100
AcDbPolyline
 90
2
 70
0
 10
888.4041784998229
 20
2008.1110126382873
 10
888.4041784998229
 20
2012.793269745041
  0
LWPOLYLINE
  5
741
330
17
100
AcDbEntity
  8
HIDDEN
100
AcDbPolyline
 90
2
 70
0
 10
888.4041784998229
 20
2012.793269745041
 10
888.4041784998229
 20
2017.1961957421968
  0
LWPOLYLINE
  5
742
330
17
100
AcDbEntity
  8
HIDDEN
100
AcDbPolyline
 90
2
 70
0
 10
888.4041784998229
 20
2017.1961957421968
 10
888.4041784998229
 20
2020.9788206088858
  0
LWPOLYLINE
  5
743
330
17
100
AcDbEntity
  8
HIDDEN
100
AcDbPolyline
 90
2
 70
0
 10
888.4041784998229
 20
2020.9788206088858
 10
888.4041784998229
 20
2024.1470885999931
  0
LWPOLYLINE
  5
744
330
17
100
AcDbEntity
  8
HIDDEN
100
AcDbPolyline
 90
2
 70
0
 10
888.4041784998229
 20
2024.1470885999931
 10
888.4041784998229
 20
2026.4556436946036
  0
LWPOLYLINE
  5
745
330
17
100
AcDbEntity
  8
HIDDEN
100
AcDbPolyline
 90
2
 70
0
 10
888.4041784998229
 20
2026.4556436946036
 10
888.4041784998229
 20
2027.8884284623296
  0
LWPOLYLINE
  5
746
330
17
100
AcDbEntity
  8
HIDDEN
100
AcDbPolyline
 90
2
 70
0
 10
888.4041784998229
 20
2027.8884284623296
 10
888.4041784998229
 20
2028.3920168918835
  0
LWPOLYLINE
  5
747
330
17
100
AcDbEntity
  8
HIDDEN
100
AcDbPolyline
 90
2
 70
0
 10
888.4041784998229
 20
2028.3920168918835
 10
888.4041784998229
 20
2027.908113701549
  0
LWPOLYLINE
  5
748
330
17
100
AcDbEntity
  8
HIDDEN
100
AcDbPolyline
 90
2
 70
0
 10
888.4041784998229
 20
2027.908113701549
 10
888.4041784998229
 20
2026.4938784103797
  0
LWPOLYLINE
  5
749
330
17
100
AcDbEntity
  8
HIDDEN
100
AcDbPolyline
 90
2
 70
0
 10
888.4041784998229
 20
2026.4938784103797
 10
888.4041784998229
 20
2024.202436512121
  0
LWPOLYLINE
  5
74A
330
17
100
AcDbEntity
  8
HIDDEN
100
AcDbPolyline
 90
2
 70
0
 10
888.4041784998229
 20
2024.202436512121
 10
888.4041784998229
 20
2021.0494836344258
  0
LWPOLYLINE
  5
74B
330
17
100
AcDbEntity
  8
HIDDEN
100
AcDbPolyline
 90
2
 70
0
 10
888.4041784998229
 20
2021.0494836344258
 10
888.4041784998229
 20
2017.1961957421968
  0
LWPOLYLINE
  5
74C
330
17
100
AcDbEntity
  8
HIDDEN
100
AcDbPolyline
 90
2
 70
0
 10
888.4041784998229
 20
2017.1961957421968
 10
888.4041784998229
 20
2012.793269745041
  0
LWPOLYLINE
  5
74D
330
17
100
AcDbEntity
  8
HIDDEN
100
AcDbPolyline
 90
2
 70
0
 10
888.4041784998229
 20
2012.793269745041
 10
888.4041784998229
 20
2008.1110126382873
  0
LWPOLYLINE
  5
74E
330
17
100
AcDbEntity
  8
HIDDEN
100
AcDbPolyline
 90
2
 70
0
 10
888.4041784998229
 20
2008.1110126382873
 10
888.4041784998229
 20
2003.1420664283041
  0
LWPOLYLINE
  5
74F
330
17
100
AcDbEntity
  8
HIDDEN
100
AcDbPolyline
 90
2
 70
0
 10
888.4041784998229
 20
2003.1420664283041
 10
888.4041784998229
 20
1998.1731202183212
  0
LWPOLYLINE
  5
750
330
17
100
AcDbEntity
  8
HIDDEN
100
AcDbPolyline
 90
2
 70
0
 10
888.4041784998229
 20
1998.1731202183212
 10
888.4041784998229
 20
1993.4908631115675
  0
LWPOLYLINE
  5
751
330
17
100
AcDbEntity
  8
HIDDEN
100
AcDbPolyline
 90
2
 70
0
 10
888.4041784998229
 20
1993.4908631115675
 10
888.4041784998229
 20
1989.1711517174251
  0
LWPOLYLINE
  5
752
330
17
100
AcDbEntity
  8
HIDDEN
100
AcDbPolyline
 90
2
 70
0
 10
888.4041784998229
 20
1989.1711517174251
 10
888.4041784998229
 20
1985.3053122477227
  0
LWPOLYLINE
  5
753
330
17
100
AcDbEntity
  8
HIDDEN
100
AcDbPolyline
 90
2
 70
0
 10
888.4041784998229
 20
1985.3053122477227
 10
888.4041784998229
 20
1982.1927218361006
  0
LWPOLYLINE
  5
754
330
17
100
AcDbEntity
  8
HIDDEN
100
AcDbPolyline
 90
2
 70
0
 10
888.4041784998229
 20
1982.1927218361006
 10
888.4041784998229
 20
1979.8284891620049
  0
LWPOLYLINE
  5
755
330
17
100
AcDbEntity
  8
HIDDEN
100
AcDbPolyline
 90
2
 70
0
 10
888.4041784998229
 20
1979.8284891620049
 10
888.4041784998229
 20
1978.395704394279
  0
LWPOLYLINE
  5
756
330
17
100
AcDbEntity
  8
HIDDEN
100
AcDbPolyline
 90
2
 70
0
 10
888.4041784998229
 20
1978.395704394279
 10
888.4041784998229
 20
1977.892115964725
  0
LWPOLYLINE
  5
757
330
17
100
AcDbEntity
  8
HIDDEN
100
AcDbPolyline
 90
2
 70
0
 10
888.4041784998229
 20
1977.892115964725
 10
888.4041784998229
 20
1978.356722611329
  0
LWPOLYLINE
  5
758
330
17
100
AcDbEntity
  8
HIDDEN
100
AcDbPolyline
 90
2
 70
0
 10
888.4041784998229
 20
1978.356722611329
 10
888.4041784998229
 20
1979.7902544462288
  0
LWPOLYLINE
  5
759
330
17
100
AcDbEntity
  8
HIDDEN
100
AcDbPolyline
 90
2
 70
0
 10
888.4041784998229
 20
1979.7902544462288
 10
888.4041784998229
 20
1982.1370442566154
  0
LWPOLYLINE
  5
75A
330
17
100
AcDbEntity
  8
HIDDEN
100
AcDbPolyline
 90
2
 70
0
 10
888.4041784998229
 20
1982.1370442566154
 10
888.4041784998229
 20
1985.2346492221827
  0
LWPOLYLINE
  5
75B
330
17
100
AcDbEntity
  8
HIDDEN
100
AcDbPolyline
 90
2
 70
0
 10
888.4041784998229
 20
1985.2346492221827
 10
888.4041784998229
 20
1989.0879371144117
  0
LWPOLYLINE
  5
75C
330
17
100
AcDbEntity
  8
HIDDEN
100
AcDbPolyline
 90
2
 70
0
 10
888.4041784998229
 20
1989.0879371144117
 10
888.4041784998229
 20
1993.4908631115675
  0
LWPOLYLINE
  5
75D
330
17
100
AcDbEntity
  8
HIDDEN
100
AcDbPolyline
 90
2
 70
0
 10
888.4041784998229
 20
1993.4908631115675
 10
888.4041784998229
 20
1998.1731202183212
  0
LWPOLYLINE
  5
75E
330
17
100
AcDbEntity
  8
HIDDEN
100
AcDbPolyline
 90
2
 70
0
 10
888.4041784998229
 20
1998.1731202183212
 10
888.4041784998229
 20
2003.1420664283041
  0
LWPOLYLINE
  5
75F
330
17
100
AcDbEntity
  8
HIDDEN
100
AcDbPolyline
 90
2
 70
0
 10
888.4041784998229
 20
2051.0220664283042
 10
888.4041784998229
 20
2055.9910126382874
  0
LWPOLYLINE
  5
760
330
17
100
AcDbEntity
  8
HIDDEN
100
AcDbPolyline
 90
2
 70
0
 10
888.4041784998229
 20
2046.0531202183213
 10
888.4041784998229
 20
2051.0220664283042
  0
LWPOLYLINE
  5
761
330
17
100
AcDbEntity
  8
HIDDEN
100
AcDbPolyline
 90
2
 70
0
 10
888.4041784998229
 20
2055.9910126382874
 10
888.4041784998229
 20
2060.673269745041
  0
LWPOLYLINE
  5
762
330
17
100
AcDbEntity
  8
HIDDEN
100
AcDbPolyline
 90
2
 70
0
 10
888.4041784998229
 20
2041.278502815007
 10
888.4041784998229
 20
2046.0531202183213
  0
LWPOLYLINE
  5
763
330
17
100
AcDbEntity
  8
HIDDEN
100
AcDbPolyline
 90
2
 70
0
 10
888.4041784998229
 20
2060.673269745041
 10
888.4041784998229
 20
2065.076195742197
  0
LWPOLYLINE
  5
764
330
17
100
AcDbEntity
  8
HIDDEN
100
AcDbPolyline
 90
2
 70
0
 10
888.4041784998229
 20
2036.884943086632
 10
888.4041784998229
 20
2041.278502815007
  0
LWPOLYLINE
  5
765
330
17
100
AcDbEntity
  8
HIDDEN
100
AcDbPolyline
 90
2
 70
0
 10
888.4041784998229
 20
2065.076195742197
 10
888.4041784998229
 20
2068.8588206088857
  0
LWPOLYLINE
  5
766
330
17
100
AcDbEntity
  8
HIDDEN
100
AcDbPolyline
 90
2
 70
0
 10
888.4041784998229
 20
2033.1146492221826
 10
888.4041784998229
 20
2036.884943086632
  0
LWPOLYLINE
  5
767
330
17
100
AcDbEntity
  8
HIDDEN
100
AcDbPolyline
 90
2
 70
0
 10
888.4041784998229
 20
2068.8588206088857
 10
888.4041784998229
 20
2072.027088599993
  0
LWPOLYLINE
  5
768
330
17
100
AcDbEntity
  8
HIDDEN
100
AcDbPolyline
 90
2
 70
0
 10
888.4041784998229
 20
2030.0170442566152
 10
888.4041784998229
 20
2033.1146492221826
  0
LWPOLYLINE
  5
769
330
17
100
AcDbEntity
  8
HIDDEN
100
AcDbPolyline
 90
2
 70
0
 10
888.4041784998229
 20
2072.027088599993
 10
888.4041784998229
 20
2074.3356436946037
  0
LWPOLYLINE
  5
76A
330
17
100
AcDbEntity
  8
HIDDEN
100
AcDbPolyline
 90
2
 70
0
 10
888.4041784998229
 20
2027.6702544462287
 10
888.4041784998229
 20
2030.0170442566152
  0
LWPOLYLINE
  5
76B
330
17
100
AcDbEntity
  8
HIDDEN
100
AcDbPolyline
 90
2
 70
0
 10
888.4041784998229
 20
2074.3356436946037
 10
888.4041784998229
 20
2075.7684284623297
  0
LWPOLYLINE
  5
76C
330
17
100
AcDbEntity
  8
HIDDEN
100
AcDbPolyline
 90
2
 70
0
 10
888.4041784998229
 20
2026.2560191550597
 10
888.4041784998229
 20
2027.6702544462287
  0
LWPOLYLINE
  5
76D
330
17
100
AcDbEntity
  8
HIDDEN
100
AcDbPolyline
 90
2
 70
0
 10
888.4041784998229
 20
2075.7684284623297
 10
888.4041784998229
 20
2076.2720168918836
  0
LWPOLYLINE
  5
76E
330
17
100
AcDbEntity
  8
HIDDEN
100
AcDbPolyline
 90
2
 70
0
 10
888.4041784998229
 20
2025.7721159647251
 10
888.4041784998229
 20
2026.2560191550597
  0
LWPOLYLINE
  5
76F
330
17
100
AcDbEntity
  8
HIDDEN
100
AcDbPolyline
 90
2
 70
0
 10
888.4041784998229
 20
2076.2720168918836
 10
888.4041784998229
 20
2075.788113701549
  0
LWPOLYLINE
  5
770
330
17
100
AcDbEntity
  8
HIDDEN
100
AcDbPolyline
 90
2
 70
0
 10
888.4041784998229
 20
2026.275704394279
 10
888.4041784998229
 20
2025.7721159647251
  0
LWPOLYLINE
  5
771
330
17
100
AcDbEntity
  8
HIDDEN
100
AcDbPolyline
 90
2
 70
0
 10
888.4041784998229
 20
2075.788113701549
 10
888.4041784998229
 20
2074.3356436946037
  0
LWPOLYLINE
  5
772
330
17
100
AcDbEntity
  8
HIDDEN
100
AcDbPolyline
 90
2
 70
0
 10
888.4041784998229
 20
2027.7084891620048
 10
888.4041784998229
 20
2026.275704394279
  0
LWPOLYLINE
  5
773
330
17
100
AcDbEntity
  8
HIDDEN
100
AcDbPolyline
 90
2
 70
0
 10
888.4041784998229
 20
2074.3356436946037
 10
888.4041784998229
 20
2072.027088599993
  0
LWPOLYLINE
  5
774
330
17
100
AcDbEntity
  8
HIDDEN
100
AcDbPolyline
 90
2
 70
0
 10
888.4041784998229
 20
2030.0727218361005
 10
888.4041784998229
 20
2027.7084891620048
  0
LWPOLYLINE
  5
775
330
17
100
AcDbEntity
  8
HIDDEN
100
AcDbPolyline
 90
2
 70
0
 10
888.4041784998229
 20
2072.027088599993
 10
888.4041784998229
 20
2068.8588206088857
  0
LWPOLYLINE
  5
776
330
17
100
AcDbEntity
  8
HIDDEN
100
AcDbPolyline
 90
2
 70
0
 10
888.4041784998229
 20
2033.1853122477225
 10
888.4041784998229
 20
2030.0727218361005
  0
LWPOLYLINE
  5
777
330
17
100
AcDbEntity
  8
HIDDEN
100
AcDbPolyline
 90
2
 70
0
 10
888.4041784998229
 20
2068.8588206088857
 10
888.4041784998229
 20
2064.9929811391835
  0
LWPOLYLINE
  5
778
330
17
100
AcDbEntity
  8
HIDDEN
100
AcDbPolyline
 90
2
 70
0
 10
888.4041784998229
 20
2036.9679371144118
 10
888.4041784998229
 20
2033.1853122477225
  0
LWPOLYLINE
  5
779
330
17
100
AcDbEntity
  8
HIDDEN
100
AcDbPolyline
 90
2
 70
0
 10
888.4041784998229
 20
2064.9929811391835
 10
888.4041784998229
 20
2060.673269745041
  0
LWPOLYLINE
  5
77A
330
17
100
AcDbEntity
  8
HIDDEN
100
AcDbPolyline
 90
2
 70
0
 10
888.4041784998229
 20
2041.3708631115676
 10
888.4041784998229
 20
2036.9679371144118
  0
LWPOLYLINE
  5
77B
330
17
100
AcDbEntity
  8
HIDDEN
100
AcDbPolyline
 90
2
 70
0
 10
888.4041784998229
 20
2060.673269745041
 10
888.4041784998229
 20
2055.9910126382874
  0
LWPOLYLINE
  5
77C
330
17
100
AcDbEntity
  8
HIDDEN
100
AcDbPolyline
 90
2
 70
0
 10
888.4041784998229
 20
2046.0531202183213
 10
888.4041784998229
 20
2041.3708631115676
  0
LWPOLYLINE
  5
77D
330
17
100
AcDbEntity
  8
HIDDEN
100
AcDbPolyline
 90
2
 70
0
 10
888.4041784998229
 20
2055.9910126382874
 10
888.4041784998229
 20
2051.0220664283042
  0
LWPOLYLINE
  5
77E
330
17
100
AcDbEntity
  8
HIDDEN
100
AcDbPolyline
 90
2
 70
0
 10
888.4041784998229
 20
2051.0220664283042
 10
888.4041784998229
 20
2046.0531202183213
  0
LWPOLYLINE
  5
77F
330
17
100
AcDbEntity
  8
HIDDEN
100
AcDbPolyline
 90
2
 70
0
 10
888.4041784998229
 20
2006.810000491353
 10
876.4041784998229
 20
2006.810000491353
  0
LWPOLYLINE
  5
780
330
17
100
AcDbEntity
  8
HIDDEN
100
AcDbPolyline
 90
2
 70
0
 10
876.4041784998229
 20
2006.810000491353
 10
876.4041784998229
 20
1956.0220664283042
  0
LWPOLYLINE
  5
781
330
17
100
AcDbEntity
  8
HIDDEN
100
AcDbPolyline
 90
2
 70
0
 10
876.4041784998229
 20
2013.8959720939265
 10
876.4041784998229
 20
2006.810000491353
  0
LWPOLYLINE
  5
782
330
17
100
AcDbEntity
  8
HIDDEN
100
AcDbPolyline
 90
2
 70
0
 10
876.4041784998229
 20
2023.5133549656857
 10
876.4041784998229
 20
2013.8959720939265
  0
LWPOLYLINE
  5
783
330
17
100
AcDbEntity
  8
HIDDEN
100
AcDbPolyline
 90
2
 70
0
 10
876.4041784998229
 20
2032.1483442508795
 10
876.4041784998229
 20
2023.5133549656857
  0
LWPOLYLINE
  5
784
330
17
100
AcDbEntity
  8
HIDDEN
100
AcDbPolyline
 90
2
 70
0
 10
876.4041784998229
 20
2039.2464726460062
 10
876.4041784998229
 20
2032.1483442508795
  0
LWPOLYLINE
  5
785
330
17
100
AcDbEntity
  8
HIDDEN
100
AcDbPolyline
 90
2
 70
0
 10
876.4041784998229
 20
2044.4316548087868
 10
876.4041784998229
 20
2039.2464726460062
  0
LWPOLYLINE
  5
786
330
17
100
AcDbEntity
  8
HIDDEN
100
AcDbPolyline
 90
2
 70
0
 10
876.4041784998229
 20
2093.950541701391
 10
876.4041784998229
 20
2044.4316548087868
  0
LWPOLYLINE
  5
787
330
17
100
AcDbEntity
  8
HIDDEN
100
AcDbPolyline
 90
2
 70
0
 10
876.4041784998229
 20
2096.0
 10
876.4041784998229
 20
2095.3804320344216
  0
LWPOLYLINE
  5
788
330
17
100
AcDbEntity
  8
HIDDEN
100
AcDbPolyline
 90
2
 70
0
 10
876.4041784998229
 20
2095.3804320344216
 10
876.4041784998229
 20
2093.950541701391
  0
LWPOLYLINE
  5
789
330
17
100
AcDbEntity
  8
HIDDEN
100
AcDbPolyline
 90
2
 70
0
 10
876.4041784998229
 20
2003.1420664283041
 10
876.4041784998229
 20
2008.1110126382873
  0
LWPOLYLINE
  5
78A
330
17
100
AcDbEntity
  8
HIDDEN
100
AcDbPolyline
 90
2
 70
0
 10
876.4041784998229
 20
2008.1110126382873
 10
876.4041784998229
 20
2012.793269745041
  0
LWPOLYLINE
  5
78B
330
17
100
AcDbEntity
  8
HIDDEN
100
AcDbPolyline
 90
2
 70
0
 10
876.4041784998229
 20
2012.793269745041
 10
876.4041784998229
 20
2017.1961957421968
  0
LWPOLYLINE
  5
78C
330
17
100
AcDbEntity
  8
HIDDEN
100
AcDbPolyline
 90
2
 70
0
 10
876.4041784998229
 20
2017.1961957421968
 10
876.4041784998229
 20
2020.9788206088858
  0
LWPOLYLINE
  5
78D
330
17
100
AcDbEntity
  8
HIDDEN
100
AcDbPolyline
 90
2
 70
0
 10
876.4041784998229
 20
2020.9788206088858
 10
876.4041784998229
 20
2024.1470885999931
  0
LWPOLYLINE
  5
78E
330
17
100
AcDbEntity
  8
HIDDEN
100
AcDbPolyline
 90
2
 70
0
 10
876.4041784998229
 20
2024.1470885999931
 10
876.4041784998229
 20
2026.4556436946036
  0
LWPOLYLINE
  5
78F
330
17
100
AcDbEntity
  8
HIDDEN
100
AcDbPolyline
 90
2
 70
0
 10
876.4041784998229
 20
2026.4556436946036
 10
876.4041784998229
 20
2027.8884284623296
  0
LWPOLYLINE
  5
790
330
17
100
AcDbEntity
  8
HIDDEN
100
AcDbPolyline
 90
2
 70
0
 10
876.4041784998229
 20
2027.8884284623296
 10
876.4041784998229
 20
2028.3920168918835
  0
LWPOLYLINE
  5
791
330
17
100
AcDbEntity
  8
HIDDEN
100
AcDbPolyline
 90
2
 70
0
 10
876.4041784998229
 20
2028.3920168918835
 10
876.4041784998229
 20
2027.908113701549
  0
LWPOLYLINE
  5
792
330
17
100
AcDbEntity
  8
HIDDEN
100
AcDbPolyline
 90
2
 70
0
 10
876.4041784998229
 20
2027.908113701549
 10
876.4041784998229
 20
2026.4938784103797
  0
LWPOLYLINE
  5
793
330
17
100
AcDbEntity
  8
HIDDEN
100
AcDbPolyline
 90
2
 70
0
 10
876.4041784998229
 20
2026.4938784103797
 10
876.4041784998229
 20
2024.202436512121
  0
LWPOLYLINE
  5
794
330
17
100
AcDbEntity
  8
HIDDEN
100
AcDbPolyline
 90
2
 70
0
 10
876.4041784998229
 20
2024.202436512121
 10
876.4041784998229
 20
2021.0494836344258
  0
LWPOLYLINE
  5
795
330
17
100
AcDbEntity
  8
HIDDEN
100
AcDbPolyline
 90
2
 70
0
 10
876.4041784998229
 20
2021.0494836344258
 10
876.4041784998229
 20
2017.1961957421968
  0
LWPOLYLINE
  5
796
330
17
100
AcDbEntity
  8
HIDDEN
100
AcDbPolyline
 90
2
 70
0
 10
876.4041784998229
 20
2017.1961957421968
 10
876.4041784998229
 20
2012.793269745041
  0
LWPOLYLINE
  5
797
330
17
100
AcDbEntity
  8
HIDDEN
100
AcDbPolyline
 90
2
 70
0
 10
876.4041784998229
 20
2012.793269745041
 10
876.4041784998229
 20
2008.1110126382873
  0
LWPOLYLINE
  5
798
330
17
100
AcDbEntity
  8
HIDDEN
100
AcDbPolyline
 90
2
 70
0
 10
876.4041784998229
 20
2008.1110126382873
 10
876.4041784998229
 20
2003.1420664283041
  0
LWPOLYLINE
  5
799
330
17
100
AcDbEntity
  8
HIDDEN
100
AcDbPolyline
 90
2
 70
0
 10
876.4041784998229
 20
2003.1420664283041
 10
876.4041784998229
 20
1998.1731202183212
  0
LWPOLYLINE
  5
79A
330
17
100
AcDbEntity
  8
HIDDEN
100
AcDbPolyline
 90
2
 70
0
 10
876.4041784998229
 20
1998.1731202183212
 10
876.4041784998229
 20
1993.4908631115675
  0
LWPOLYLINE
  5
79B
330
17
100
AcDbEntity
  8
HIDDEN
100
AcDbPolyline
 90
2
 70
0
 10
876.4041784998229
 20
1993.4908631115675
 10
876.4041784998229
 20
1989.1711517174251
  0
LWPOLYLINE
  5
79C
330
17
100
AcDbEntity
  8
HIDDEN
100
AcDbPolyline
 90
2
 70
0
 10
876.4041784998229
 20
1989.1711517174251
 10
876.4041784998229
 20
1985.3053122477227
  0
LWPOLYLINE
  5
79D
330
17
100
AcDbEntity
  8
HIDDEN
100
AcDbPolyline
 90
2
 70
0
 10
876.4041784998229
 20
1985.3053122477227
 10
876.4041784998229
 20
1982.1927218361006
  0
LWPOLYLINE
  5
79E
330
17
100
AcDbEntity
  8
HIDDEN
100
AcDbPolyline
 90
2
 70
0
 10
876.4041784998229
 20
1982.1927218361006
 10
876.4041784998229
 20
1979.8284891620049
  0
LWPOLYLINE
  5
79F
330
17
100
AcDbEntity
  8
HIDDEN
100
AcDbPolyline
 90
2
 70
0
 10
876.4041784998229
 20
1979.8284891620049
 10
876.4041784998229
 20
1978.395704394279
  0
LWPOLYLINE
  5
7A0
330
17
100
AcDbEntity
  8
HIDDEN
100
AcDbPolyline
 90
2
 70
0
 10
876.4041784998229
 20
1978.395704394279
 10
876.4041784998229
 20
1977.892115964725
  0
LWPOLYLINE
  5
7A1
330
17
100
AcDbEntity
  8
HIDDEN
100
AcDbPolyline
 90
2
 70
0
 10
876.4041784998229
 20
1977.892115964725
 10
876.4041784998229
 20
1978.356722611329
  0
LWPOLYLINE
  5
7A2
330
17
100
AcDbEntity
  8
HIDDEN
100
AcDbPolyline
 90
2
 70
0
 10
876.4041784998229
 20
1978.356722611329
 10
876.4041784998229
 20
1979.7902544462288
  0
LWPOLYLINE
  5
7A3
330
17
100
AcDbEntity
  8
HIDDEN
100
AcDbPolyline
 90
2
 70
0
 10
876.4041784998229
 20
1979.7902544462288
 10
876.4041784998229
 20
1982.1370442566154
  0
LWPOLYLINE
  5
7A4
330
17
100
AcDbEntity
  8
HIDDEN
100
AcDbPolyline
 90
2
 70
0
 10
876.4041784998229
 20
1982.1370442566154
 10
876.4041784998229
 20
1985.2346492221827
  0
LWPOLYLINE
  5
7A5
330
17
100
AcDbEntity
  8
HIDDEN
100
AcDbPolyline
 90
2
 70
0
 10
876.4041784998229
 20
1985.2346492221827
 10
876.4041784998229
 20
1989.0879371144117
  0
LWPOLYLINE
  5
7A6
330
17
100
AcDbEntity
  8
HIDDEN
100
AcDbPolyline
 90
2
 70
0
 10
876.4041784998229
 20
1989.0879371144117
 10
876.4041784998229
 20
1993.4908631115675
  0
LWPOLYLINE
  5
7A7
330
17
100
AcDbEntity
  8
HIDDEN
100
AcDbPolyline
 90
2
 70
0
 10
876.4041784998229
 20
1993.4908631115675
 10
876.4041784998229
 20
1998.1731202183212
  0
LWPOLYLINE
  5
7A8
330
17
100
AcDbEntity
  8
HIDDEN
100
AcDbPolyline
 90
2
 70
0
 10
876.4041784998229
 20
1998.1731202183212
 10
876.4041784998229
 20
2003.1420664283041
  0
LWPOLYLINE
  5
7A9
330
17
100
AcDbEntity
  8
HIDDEN
100
AcDbPolyline
 90
2
 70
0
 10
876.4041784998229
 20
2051.0220664283042
 10
876.4041784998229
 20
2055.9910126382874
  0
LWPOLYLINE
  5
7AA
330
17
100
AcDbEntity
  8
HIDDEN
100
AcDbPolyline
 90
2
 70
0
 10
876.4041784998229
 20
2046.0531202183213
 10
876.4041784998229
 20
2051.0220664283042
  0
LWPOLYLINE
  5
7AB
330
17
100
AcDbEntity
  8
HIDDEN
100
AcDbPolyline
 90
2
 70
0
 10
876.4041784998229
 20
2055.9910126382874
 10
876.4041784998229
 20
2060.673269745041
  0
LWPOLYLINE
  5
7AC
330
17
100
AcDbEntity
  8
HIDDEN
100
AcDbPolyline
 90
2
 70
0
 10
876.4041784998229
 20
2041.278502815007
 10
876.4041784998229
 20
2046.0531202183213
  0
LWPOLYLINE
  5
7AD
330
17
100
AcDbEntity
  8
HIDDEN
100
AcDbPolyline
 90
2
 70
0
 10
876.4041784998229
 20
2060.673269745041
 10
876.4041784998229
 20
2065.076195742197
  0
LWPOLYLINE
  5
7AE
330
17
100
AcDbEntity
  8
HIDDEN
100
AcDbPolyline
 90
2
 70
0
 10
876.4041784998229
 20
2036.884943086632
 10
876.4041784998229
 20
2041.278502815007
  0
LWPOLYLINE
  5
7AF
330
17
100
AcDbEntity
  8
HIDDEN
100
AcDbPolyline
 90
2
 70
0
 10
876.4041784998229
 20
2065.076195742197
 10
876.4041784998229
 20
2068.8588206088857
  0
LWPOLYLINE
  5
7B0
330
17
100
AcDbEntity
  8
HIDDEN
100
AcDbPolyline
 90
2
 70
0
 10
876.4041784998229
 20
2033.1146492221826
 10
876.4041784998229
 20
2036.884943086632
  0
LWPOLYLINE
  5
7B1
330
17
100
AcDbEntity
  8
HIDDEN
100
AcDbPolyline
 90
2
 70
0
 10
876.4041784998229
 20
2068.8588206088857
 10
876.4041784998229
 20
2072.027088599993
  0
LWPOLYLINE
  5
7B2
330
17
100
AcDbEntity
  8
HIDDEN
100
AcDbPolyline
 90
2
 70
0
 10
876.4041784998229
 20
2030.0170442566152
 10
876.4041784998229
 20
2033.1146492221826
  0
LWPOLYLINE
  5
7B3
330
17
100
AcDbEntity
  8
HIDDEN
100
AcDbPolyline
 90
2
 70
0
 10
876.4041784998229
 20
2072.027088599993
 10
876.4041784998229
 20
2074.3356436946037
  0
LWPOLYLINE
  5
7B4
330
17
100
AcDbEntity
  8
HIDDEN
100
AcDbPolyline
 90
2
 70
0
 10
876.4041784998229
 20
2027.6702544462287
 10
876.4041784998229
 20
2030.0170442566152
  0
LWPOLYLINE
  5
7B5
330
17
100
AcDbEntity
  8
HIDDEN
100
AcDbPolyline
 90
2
 70
0
 10
876.4041784998229
 20
2074.3356436946037
 10
876.4041784998229
 20
2075.7684284623297
  0
LWPOLYLINE
  5
7B6
330
17
100
AcDbEntity
  8
HIDDEN
100
AcDbPolyline
 90
2
 70
0
 10
876.4041784998229
 20
2026.2560191550597
 10
876.4041784998229
 20
2027.6702544462287
  0
LWPOLYLINE
  5
7B7
330
17
100
AcDbEntity
  8
HIDDEN
100
AcDbPolyline
 90
2
 70
0
 10
876.4041784998229
 20
2075.7684284623297
 10
876.4041784998229
 20
2076.2720168918836
  0
LWPOLYLINE
  5
7B8
330
17
100
AcDbEntity
  8
HIDDEN
100
AcDbPolyline
 90
2
 70
0
 10
876.4041784998229
 20
2025.7721159647251
 10
876.4041784998229
 20
2026.2560191550597
  0
LWPOLYLINE
  5
7B9
330
17
100
AcDbEntity
  8
HIDDEN
100
AcDbPolyline
 90
2
 70
0
 10
876.4041784998229
 20
2076.2720168918836
 10
876.4041784998229
 20
2075.788113701549
  0
LWPOLYLINE
  5
7BA
330
17
100
AcDbEntity
  8
HIDDEN
100
AcDbPolyline
 90
2
 70
0
 10
876.4041784998229
 20
2026.275704394279
 10
876.4041784998229
 20
2025.7721159647251
  0
LWPOLYLINE
  5
7BB
330
17
100
AcDbEntity
  8
HIDDEN
100
AcDbPolyline
 90
2
 70
0
 10
876.4041784998229
 20
2075.788113701549
 10
876.4041784998229
 20
2074.3356436946037
  0
LWPOLYLINE
  5
7BC
330
17
100
AcDbEntity
  8
HIDDEN
100
AcDbPolyline
 90
2
 70
0
 10
876.4041784998229
 20
2027.7084891620048
 10
876.4041784998229
 20
2026.275704394279
  0
LWPOLYLINE
  5
7BD
330
17
100
AcDbEntity
  8
HIDDEN
100
AcDbPolyline
 90
2
 70
0
 10
876.4041784998229
 20
2074.3356436946037
 10
876.4041784998229
 20
2072.027088599993
  0
LWPOLYLINE
  5
7BE
330
17
100
AcDbEntity
  8
HIDDEN
100
AcDbPolyline
 90
2
 70
0
 10
876.4041784998229
 20
2030.0727218361005
 10
876.4041784998229
 20
2027.7084891620048
  0
LWPOLYLINE
  5
7BF
330
17
100
AcDbEntity
  8
HIDDEN
100
AcDbPolyline
 90
2
 70
0
 10
876.4041784998229
 20
2072.027088599993
 10
876.4041784998229
 20
2068.8588206088857
  0
LWPOLYLINE
  5
7C0
330
17
100
AcDbEntity
  8
HIDDEN
100
AcDbPolyline
 90
2
 70
0
 10
876.4041784998229
 20
2033.1853122477225
 10
876.4041784998229
 20
2030.0727218361005
  0
LWPOLYLINE
  5
7C1
330
17
100
AcDbEntity
  8
HIDDEN
100
AcDbPolyline
 90
2
 70
0
 10
876.4041784998229
 20
2068.8588206088857
 10
876.4041784998229
 20
2064.9929811391835
  0
LWPOLYLINE
  5
7C2
330
17
100
AcDbEntity
  8
HIDDEN
100
AcDbPolyline
 90
2
 70
0
 10
876.4041784998229
 20
2036.9679371144118
 10
876.4041784998229
 20
2033.1853122477225
  0
LWPOLYLINE
  5
7C3
330
17
100
AcDbEntity
  8
HIDDEN
100
AcDbPolyline
 90
2
 70
0
 10
876.4041784998229
 20
2064.9929811391835
 10
876.4041784998229
 20
2060.673269745041
  0
LWPOLYLINE
  5
7C4
330
17
100
AcDbEntity
  8
HIDDEN
100
AcDbPolyline
 90
2
 70
0
 10
876.4041784998229
 20
2041.3708631115676
 10
876.4041784998229
 20
2036.9679371144118
  0
LWPOLYLINE
  5
7C5
330
17
100
AcDbEntity
  8
HIDDEN
100
AcDbPolyline
 90
2
 70
0
 10
876.4041784998229
 20
2060.673269745041
 10
876.4041784998229
 20
2055.9910126382874
  0
LWPOLYLINE
  5
7C6
330
17
100
AcDbEntity
  8
HIDDEN
100
AcDbPolyline
 90
2
 70
0
 10
876.4041784998229
 20
2046.0531202183213
 10
876.4041784998229
 20
2041.3708631115676
  0
LWPOLYLINE
  5
7C7
330
17
100
AcDbEntity
  8
HIDDEN
100
AcDbPolyline
 90
2
 70
0
 10
876.4041784998229
 20
2055.9910126382874
 10
876.4041784998229
 20
2051.0220664283042
  0
LWPOLYLINE
  5
7C8
330
17
100
AcDbEntity
  8
HIDDEN
100
AcDbPolyline
 90
2
 70
0
 10
876.4041784998229
 20
2051.0220664283042
 10
876.4041784998229
 20
2046.0531202183213
  0
LWPOLYLINE
  5
7C9
330
17
100
AcDbEntity
  8
HIDDEN
100
AcDbPolyline
 90
2
 70
0
 10
1068.904178499823
 20
1956.0220664283042
 10
1128.904178499823
 20
2016.0220664283042
  0
LWPOLYLINE
  5
7CA
330
17
100
AcDbEntity
  8
HIDDEN
100
AcDbPolyline
 90
2
 70
0
 10
1128.904178499823
 20
2016.0220664283042
 10
1128.904178499823
 20
1956.0220664283042
  0
LWPOLYLINE
  5
7CB
330
17
100
AcDbEntity
  8
HIDDEN
100
AcDbPolyline
 90
2
 70
0
 10
1128.904178499823
 20
2016.0220664283042
 10
1128.904178499823
 20
1956.0220664283042
  0
LWPOLYLINE
  5
7CC
330
17
100
AcDbEntity
  8
HIDDEN
100
AcDbPolyline
 90
2
 70
0
 10
1068.904178499823
 20
1956.0220664283042
 10
1128.904178499823
 20
2016.0220664283042
  0
LWPOLYLINE
  5
7CD
330
17
100
AcDbEntity
  8
HIDDEN
100
AcDbPolyline
 90
2
 70
0
 10
997.4041784998229
 20
2006.810000491353
 10
997.4041784998229
 20
1956.0220664283042
  0
LWPOLYLINE
  5
7CE
330
17
100
AcDbEntity
  8
HIDDEN
100
AcDbPolyline
 90
2
 70
0
 10
997.4041784998229
 20
2013.8959720939265
 10
997.4041784998229
 20
2006.810000491353
  0
LWPOLYLINE
  5
7CF
330
17
100
AcDbEntity
  8
HIDDEN
100
AcDbPolyline
 90
2
 70
0
 10
997.4041784998229
 20
2023.5133549656857
 10
997.4041784998229
 20
2013.8959720939265
  0
LWPOLYLINE
  5
7D0
330
17
100
AcDbEntity
  8
HIDDEN
100
AcDbPolyline
 90
2
 70
0
 10
997.4041784998229
 20
2032.1483442508795
 10
997.4041784998229
 20
2023.5133549656857
  0
LWPOLYLINE
  5
7D1
330
17
100
AcDbEntity
  8
HIDDEN
100
AcDbPolyline
 90
2
 70
0
 10
997.4041784998229
 20
2039.2464726460062
 10
997.4041784998229
 20
2032.1483442508795
  0
LWPOLYLINE
  5
7D2
330
17
100
AcDbEntity
  8
HIDDEN
100
AcDbPolyline
 90
2
 70
0
 10
997.4041784998229
 20
2044.4316548087868
 10
997.4041784998229
 20
2039.2464726460062
  0
LWPOLYLINE
  5
7D3
330
17
100
AcDbEntity
  8
HIDDEN
100
AcDbPolyline
 90
2
 70
0
 10
997.4041784998229
 20
2093.950541701391
 10
997.4041784998229
 20
2044.4316548087868
  0
LWPOLYLINE
  5
7D4
330
17
100
AcDbEntity
  8
HIDDEN
100
AcDbPolyline
 90
2
 70
0
 10
997.4041784998229
 20
2096.0
 10
997.4041784998229
 20
2095.3804320344216
  0
LWPOLYLINE
  5
7D5
330
17
100
AcDbEntity
  8
HIDDEN
100
AcDbPolyline
 90
2
 70
0
 10
997.4041784998229
 20
2095.3804320344216
 10
997.4041784998229
 20
2093.950541701391
  0
LWPOLYLINE
  5
7D6
330
17
100
AcDbEntity
  8
HIDDEN
100
AcDbPolyline
 90
2
 70
0
 10
997.4041784998229
 20
2003.1420664283041
 10
997.4041784998229
 20
2008.1110126382873
  0
LWPOLYLINE
  5
7D7
330
17
100
AcDbEntity
  8
HIDDEN
100
AcDbPolyline
 90
2
 70
0
 10
997.4041784998229
 20
2008.1110126382873
 10
997.4041784998229
 20
2012.793269745041
  0
LWPOLYLINE
  5
7D8
330
17
100
AcDbEntity
  8
HIDDEN
100
AcDbPolyline
 90
2
 70
0
 10
997.4041784998229
 20
2012.793269745041
 10
997.4041784998229
 20
2017.1961957421968
  0
LWPOLYLINE
  5
7D9
330
17
100
AcDbEntity
  8
HIDDEN
100
AcDbPolyline
 90
2
 70
0
 10
997.4041784998229
 20
2017.1961957421968
 10
997.4041784998229
 20
2020.9788206088858
  0
LWPOLYLINE
  5
7DA
330
17
100
AcDbEntity
  8
HIDDEN
100
AcDbPolyline
 90
2
 70
0
 10
997.4041784998229
 20
2020.9788206088858
 10
997.4041784998229
 20
2024.1470885999931
  0
LWPOLYLINE
  5
7DB
330
17
100
AcDbEntity
  8
HIDDEN
100
AcDbPolyline
 90
2
 70
0
 10
997.4041784998229
 20
2024.1470885999931
 10
997.4041784998229
 20
2026.4556436946036
  0
LWPOLYLINE
  5
7DC
330
17
100
AcDbEntity
  8
HIDDEN
100
AcDbPolyline
 90
2
 70
0
 10
997.4041784998229
 20
2026.4556436946036
 10
997.4041784998229
 20
2027.8884284623296
  0
LWPOLYLINE
  5
7DD
330
17
100
AcDbEntity
  8
HIDDEN
100
AcDbPolyline
 90
2
 70
0
 10
997.4041784998229
 20
2027.8884284623296
 10
997.4041784998229
 20
2028.3920168918835
  0
LWPOLYLINE
  5
7DE
330
17
100
AcDbEntity
  8
HIDDEN
100
AcDbPolyline
 90
2
 70
0
 10
997.4041784998229
 20
2028.3920168918835
 10
997.4041784998229
 20
2027.908113701549
  0
LWPOLYLINE
  5
7DF
330
17
100
AcDbEntity
  8
HIDDEN
100
AcDbPolyline
 90
2
 70
0
 10
997.4041784998229
 20
2027.908113701549
 10
997.4041784998229
 20
2026.4938784103797
  0
LWPOLYLINE
  5
7E0
330
17
100
AcDbEntity
  8
HIDDEN
100
AcDbPolyline
 90
2
 70
0
 10
997.4041784998229
 20
2026.4938784103797
 10
997.4041784998229
 20
2024.202436512121
  0
LWPOLYLINE
  5
7E1
330
17
100
AcDbEntity
  8
HIDDEN
100
AcDbPolyline
 90
2
 70
0
 10
997.4041784998229
 20
2024.202436512121
 10
997.4041784998229
 20
2021.0494836344258
  0
LWPOLYLINE
  5
7E2
330
17
100
AcDbEntity
  8
HIDDEN
100
AcDbPolyline
 90
2
 70
0
 10
997.4041784998229
 20
2021.0494836344258
 10
997.4041784998229
 20
2017.1961957421968
  0
LWPOLYLINE
  5
7E3
330
17
100
AcDbEntity
  8
HIDDEN
100
AcDbPolyline
 90
2
 70
0
 10
997.4041784998229
 20
2017.1961957421968
 10
997.4041784998229
 20
2012.793269745041
  0
LWPOLYLINE
  5
7E4
330
17
100
AcDbEntity
  8
HIDDEN
100
AcDbPolyline
 90
2
 70
0
 10
997.4041784998229
 20
2012.793269745041
 10
997.4041784998229
 20
2008.1110126382873
  0
LWPOLYLINE
  5
7E5
330
17
100
AcDbEntity
  8
HIDDEN
100
AcDbPolyline
 90
2
 70
0
 10
997.4041784998229
 20
2008.1110126382873
 10
997.4041784998229
 20
2003.1420664283041
  0
LWPOLYLINE
  5
7E6
330
17
100
AcDbEntity
  8
HIDDEN
100
AcDbPolyline
 90
2
 70
0
 10
997.4041784998229
 20
2003.1420664283041
 10
997.4041784998229
 20
1998.1731202183212
  0
LWPOLYLINE
  5
7E7
330
17
100
AcDbEntity
  8
HIDDEN
100
AcDbPolyline
 90
2
 70
0
 10
997.4041784998229
 20
1998.1731202183212
 10
997.4041784998229
 20
1993.4908631115675
  0
LWPOLYLINE
  5
7E8
330
17
100
AcDbEntity
  8
HIDDEN
100
AcDbPolyline
 90
2
 70
0
 10
997.4041784998229
 20
1993.4908631115675
 10
997.4041784998229
 20
1989.1711517174251
  0
LWPOLYLINE
  5
7E9
330
17
100
AcDbEntity
  8
HIDDEN
100
AcDbPolyline
 90
2
 70
0
 10
997.4041784998229
 20
1989.1711517174251
 10
997.4041784998229
 20
1985.3053122477227
  0
LWPOLYLINE
  5
7EA
330
17
100
AcDbEntity
  8
HIDDEN
100
AcDbPolyline
 90
2
 70
0
 10
997.4041784998229
 20
1985.3053122477227
 10
997.4041784998229
 20
1982.1927218361006
  0
LWPOLYLINE
  5
7EB
330
17
100
AcDbEntity
  8
HIDDEN
100
AcDbPolyline
 90
2
 70
0
 10
997.4041784998229
 20
1982.1927218361006
 10
997.4041784998229
 20
1979.8284891620049
  0
LWPOLYLINE
  5
7EC
330
17
100
AcDbEntity
  8
HIDDEN
100
AcDbPolyline
 90
2
 70
0
 10
997.4041784998229
 20
1979.8284891620049
 10
997.4041784998229
 20
1978.395704394279
  0
LWPOLYLINE
  5
7ED
330
17
100
AcDbEntity
  8
HIDDEN
100
AcDbPolyline
 90
2
 70
0
 10
997.4041784998229
 20
1978.395704394279
 10
997.4041784998229
 20
1977.892115964725
  0
LWPOLYLINE
  5
7EE
330
17
100
AcDbEntity
  8
HIDDEN
100
AcDbPolyline
 90
2
 70
0
 10
997.4041784998229
 20
1977.892115964725
 10
997.4041784998229
 20
1978.356722611329
  0
LWPOLYLINE
  5
7EF
330
17
100
AcDbEntity
  8
HIDDEN
100
AcDbPolyline
 90
2
 70
0
 10
997.4041784998229
 20
1978.356722611329
 10
997.4041784998229
 20
1979.7902544462288
  0
LWPOLYLINE
  5
7F0
330
17
100
AcDbEntity
  8
HIDDEN
100
AcDbPolyline
 90
2
 70
0
 10
997.4041784998229
 20
1979.7902544462288
 10
997.4041784998229
 20
1982.1370442566154
  0
LWPOLYLINE
  5
7F1
330
17
100
AcDbEntity
  8
HIDDEN
100
AcDbPolyline
 90
2
 70
0
 10
997.4041784998229
 20
1982.1370442566154
 10
997.4041784998229
 20
1985.2346492221827
  0
LWPOLYLINE
  5
7F2
330
17
100
AcDbEntity
  8
HIDDEN
100
AcDbPolyline
 90
2
 70
0
 10
997.4041784998229
 20
1985.2346492221827
 10
997.4041784998229
 20
1989.0879371144117
  0
LWPOLYLINE
  5
7F3
330
17
100
AcDbEntity
  8
HIDDEN
100
AcDbPolyline
 90
2
 70
0
 10
997.4041784998229
 20
1989.0879371144117
 10
997.4041784998229
 20
1993.4908631115675
  0
LWPOLYLINE
  5
7F4
330
17
100
AcDbEntity
  8
HIDDEN
100
AcDbPolyline
 90
2
 70
0
 10
997.4041784998229
 20
1993.4908631115675
 10
997.4041784998229
 20
1998.1731202183212
  0
LWPOLYLINE
  5
7F5
330
17
100
AcDbEntity
  8
HIDDEN
100
AcDbPolyline
 90
2
 70
0
 10
997.4041784998229
 20
1998.1731202183212
 10
997.4041784998229
 20
2003.1420664283041
  0
LWPOLYLINE
  5
7F6
330
17
100
AcDbEntity
  8
HIDDEN
100
AcDbPolyline
 90
2
 70
0
 10
997.4041784998229
 20
2051.0220664283042
 10
997.4041784998229
 20
2055.9910126382874
  0
LWPOLYLINE
  5
7F7
330
17
100
AcDbEntity
  8
HIDDEN
100
AcDbPolyline
 90
2
 70
0
 10
997.4041784998229
 20
2046.0531202183213
 10
997.4041784998229
 20
2051.0220664283042
  0
LWPOLYLINE
  5
7F8
330
17
100
AcDbEntity
  8
HIDDEN
100
AcDbPolyline
 90
2
 70
0
 10
997.4041784998229
 20
2055.9910126382874
 10
997.4041784998229
 20
2060.673269745041
  0
LWPOLYLINE
  5
7F9
330
17
100
AcDbEntity
  8
HIDDEN
100
AcDbPolyline
 90
2
 70
0
 10
997.4041784998229
 20
2041.278502815007
 10
997.4041784998229
 20
2046.0531202183213
  0
LWPOLYLINE
  5
7FA
330
17
100
AcDbEntity
  8
HIDDEN
100
AcDbPolyline
 90
2
 70
0
 10
997.4041784998229
 20
2060.673269745041
 10
997.4041784998229
 20
2065.076195742197
  0
LWPOLYLINE
  5
7FB
330
17
100
AcDbEntity
  8
HIDDEN
100
AcDbPolyline
 90
2
 70
0
 10
997.4041784998229
 20
2036.884943086632
 10
997.4041784998229
 20
2041.278502815007
  0
LWPOLYLINE
  5
7FC
330
17
100
AcDbEntity
  8
HIDDEN
100
AcDbPolyline
 90
2
 70
0
 10
997.4041784998229
 20
2065.076195742197
 10
997.4041784998229
 20
2068.8588206088857
  0
LWPOLYLINE
  5
7FD
330
17
100
AcDbEntity
  8
HIDDEN
100
AcDbPolyline
 90
2
 70
0
 10
997.4041784998229
 20
2033.1146492221826
 10
997.4041784998229
 20
2036.884943086632
  0
LWPOLYLINE
  5
7FE
330
17
100
AcDbEntity
  8
HIDDEN
100
AcDbPolyline
 90
2
 70
0
 10
997.4041784998229
 20
2068.8588206088857
 10
997.4041784998229
 20
2072.027088599993
  0
LWPOLYLINE
  5
7FF
330
17
100
AcDbEntity
  8
HIDDEN
100
AcDbPolyline
 90
2
 70
0
 10
997.4041784998229
 20
2030.0170442566152
 10
997.4041784998229
 20
2033.1146492221826
  0
LWPOLYLINE
  5
800
330
17
100
AcDbEntity
  8
HIDDEN
100
AcDbPolyline
 90
2
 70
0
 10
997.4041784998229
 20
2072.027088599993
 10
997.4041784998229
 20
2074.3356436946037
  0
LWPOLYLINE
  5
801
330
17
100
AcDbEntity
  8
HIDDEN
100
AcDbPolyline
 90
2
 70
0
 10
997.4041784998229
 20
2027.6702544462287
 10
997.4041784998229
 20
2030.0170442566152
  0
LWPOLYLINE
  5
802
330
17
100
AcDbEntity
  8
HIDDEN
100
AcDbPolyline
 90
2
 70
0
 10
997.4041784998229
 20
2074.3356436946037
 10
997.4041784998229
 20
2075.7684284623297
  0
LWPOLYLINE
  5
803
330
17
100
AcDbEntity
  8
HIDDEN
100
AcDbPolyline
 90
2
 70
0
 10
997.4041784998229
 20
2026.2560191550597
 10
997.4041784998229
 20
2027.6702544462287
  0
LWPOLYLINE
  5
804
330
17
100
AcDbEntity
  8
HIDDEN
100
AcDbPolyline
 90
2
 70
0
 10
997.4041784998229
 20
2075.7684284623297
 10
997.4041784998229
 20
2076.2720168918836
  0
LWPOLYLINE
  5
805
330
17
100
AcDbEntity
  8
HIDDEN
100
AcDbPolyline
 90
2
 70
0
 10
997.4041784998229
 20
2025.7721159647251
 10
997.4041784998229
 20
2026.2560191550597
  0
LWPOLYLINE
  5
806
330
17
100
AcDbEntity
  8
HIDDEN
100
AcDbPolyline
 90
2
 70
0
 10
997.4041784998229
 20
2076.2720168918836
 10
997.4041784998229
 20
2075.788113701549
  0
LWPOLYLINE
  5
807
330
17
100
AcDbEntity
  8
HIDDEN
100
AcDbPolyline
 90
2
 70
0
 10
997.4041784998229
 20
2026.275704394279
 10
997.4041784998229
 20
2025.7721159647251
  0
LWPOLYLINE
  5
808
330
17
100
AcDbEntity
  8
HIDDEN
100
AcDbPolyline
 90
2
 70
0
 10
997.4041784998229
 20
2075.788113701549
 10
997.4041784998229
 20
2074.3356436946037
  0
LWPOLYLINE
  5
809
330
17
100
AcDbEntity
  8
HIDDEN
100
AcDbPolyline
 90
2
 70
0
 10
997.4041784998229
 20
2027.7084891620048
 10
997.4041784998229
 20
2026.275704394279
  0
LWPOLYLINE
  5
80A
330
17
100
AcDbEntity
  8
HIDDEN
100
AcDbPolyline
 90
2
 70
0
 10
997.4041784998229
 20
2074.3356436946037
 10
997.4041784998229
 20
2072.027088599993
  0
LWPOLYLINE
  5
80B
330
17
100
AcDbEntity
  8
HIDDEN
100
AcDbPolyline
 90
2
 70
0
 10
997.4041784998229
 20
2030.0727218361005
 10
997.4041784998229
 20
2027.7084891620048
  0
LWPOLYLINE
  5
80C
330
17
100
AcDbEntity
  8
HIDDEN
100
AcDbPolyline
 90
2
 70
0
 10
997.4041784998229
 20
2072.027088599993
 10
997.4041784998229
 20
2068.8588206088857
  0
LWPOLYLINE
  5
80D
330
17
100
AcDbEntity
  8
HIDDEN
100
AcDbPolyline
 90
2
 70
0
 10
997.4041784998229
 20
2033.1853122477225
 10
997.4041784998229
 20
2030.0727218361005
  0
LWPOLYLINE
  5
80E
330
17
100
AcDbEntity
  8
HIDDEN
100
AcDbPolyline
 90
2
 70
0
 10
997.4041784998229
 20
2068.8588206088857
 10
997.4041784998229
 20
2064.9929811391835
  0
LWPOLYLINE
  5
80F
330
17
100
AcDbEntity
  8
HIDDEN
100
AcDbPolyline
 90
2
 70
0
 10
997.4041784998229
 20
2036.9679371144118
 10
997.4041784998229
 20
2033.1853122477225
  0
LWPOLYLINE
  5
810
330
17
100
AcDbEntity
  8
HIDDEN
100
AcDbPolyline
 90
2
 70
0
 10
997.4041784998229
 20
2064.9929811391835
 10
997.4041784998229
 20
2060.673269745041
  0
LWPOLYLINE
  5
811
330
17
100
AcDbEntity
  8
HIDDEN
100
AcDbPolyline
 90
2
 70
0
 10
997.4041784998229
 20
2041.3708631115676
 10
997.4041784998229
 20
2036.9679371144118
  0
LWPOLYLINE
  5
812
330
17
100
AcDbEntity
  8
HIDDEN
100
AcDbPolyline
 90
2
 70
0
 10
997.4041784998229
 20
2060.673269745041
 10
997.4041784998229
 20
2055.9910126382874
  0
LWPOLYLINE
  5
813
330
17
100
AcDbEntity
  8
HIDDEN
100
AcDbPolyline
 90
2
 70
0
 10
997.4041784998229
 20
2046.0531202183213
 10
997.4041784998229
 20
2041.3708631115676
  0
LWPOLYLINE
  5
814
330
17
100
AcDbEntity
  8
HIDDEN
100
AcDbPolyline
 90
2
 70
0
 10
997.4041784998229
 20
2055.9910126382874
 10
997.4041784998229
 20
2051.0220664283042
  0
LWPOLYLINE
  5
815
330
17
100
AcDbEntity
  8
HIDDEN
100
AcDbPolyline
 90
2
 70
0
 10
997.4041784998229
 20
2051.0220664283042
 10
997.4041784998229
 20
2046.0531202183213
  0
LWPOLYLINE
  5
816
330
17
100
AcDbEntity
  8
HIDDEN
100
AcDbPolyline
 90
2
 70
0
 10
997.4041784998229
 20
2006.810000491353
 10
985.4041784998229
 20
2006.810000491353
  0
LWPOLYLINE
  5
817
330
17
100
AcDbEntity
  8
HIDDEN
100
AcDbPolyline
 90
2
 70
0
 10
985.4041784998229
 20
2006.810000491353
 10
985.4041784998229
 20
1956.0220664283042
  0
LWPOLYLINE
  5
818
330
17
100
AcDbEntity
  8
HIDDEN
100
AcDbPolyline
 90
2
 70
0
 10
985.4041784998229
 20
2013.8959720939265
 10
985.4041784998229
 20
2006.810000491353
  0
LWPOLYLINE
  5
819
330
17
100
AcDbEntity
  8
HIDDEN
100
AcDbPolyline
 90
2
 70
0
 10
985.4041784998229
 20
2023.5133549656857
 10
985.4041784998229
 20
2013.8959720939265
  0
LWPOLYLINE
  5
81A
330
17
100
AcDbEntity
  8
HIDDEN
100
AcDbPolyline
 90
2
 70
0
 10
985.4041784998229
 20
2032.1483442508795
 10
985.4041784998229
 20
2023.5133549656857
  0
LWPOLYLINE
  5
81B
330
17
100
AcDbEntity
  8
HIDDEN
100
AcDbPolyline
 90
2
 70
0
 10
985.4041784998229
 20
2039.2464726460062
 10
985.4041784998229
 20
2032.1483442508795
  0
LWPOLYLINE
  5
81C
330
17
100
AcDbEntity
  8
HIDDEN
100
AcDbPolyline
 90
2
 70
0
 10
985.4041784998229
 20
2044.4316548087868
 10
985.4041784998229
 20
2039.2464726460062
  0
LWPOLYLINE
  5
81D
330
17
100
AcDbEntity
  8
HIDDEN
100
AcDbPolyline
 90
2
 70
0
 10
985.4041784998229
 20
2093.950541701391
 10
985.4041784998229
 20
2044.4316548087868
  0
LWPOLYLINE
  5
81E
330
17
100
AcDbEntity
  8
HIDDEN
100
AcDbPolyline
 90
2
 70
0
 10
985.4041784998229
 20
2096.0
 10
985.4041784998229
 20
2095.3804320344216
  0
LWPOLYLINE
  5
81F
330
17
100
AcDbEntity
  8
HIDDEN
100
AcDbPolyline
 90
2
 70
0
 10
985.4041784998229
 20
2095.3804320344216
 10
985.4041784998229
 20
2093.950541701391
  0
LWPOLYLINE
  5
820
330
17
100
AcDbEntity
  8
HIDDEN
100
AcDbPolyline
 90
2
 70
0
 10
985.4041784998229
 20
2003.1420664283041
 10
985.4041784998229
 20
2008.1110126382873
  0
LWPOLYLINE
  5
821
330
17
100
AcDbEntity
  8
HIDDEN
100
AcDbPolyline
 90
2
 70
0
 10
985.4041784998229
 20
2008.1110126382873
 10
985.4041784998229
 20
2012.793269745041
  0
LWPOLYLINE
  5
822
330
17
100
AcDbEntity
  8
HIDDEN
100
AcDbPolyline
 90
2
 70
0
 10
985.4041784998229
 20
2012.793269745041
 10
985.4041784998229
 20
2017.1961957421968
  0
LWPOLYLINE
  5
823
330
17
100
AcDbEntity
  8
HIDDEN
100
AcDbPolyline
 90
2
 70
0
 10
985.4041784998229
 20
2017.1961957421968
 10
985.4041784998229
 20
2020.9788206088858
  0
LWPOLYLINE
  5
824
330
17
100
AcDbEntity
  8
HIDDEN
100
AcDbPolyline
 90
2
 70
0
 10
985.4041784998229
 20
2020.9788206088858
 10
985.4041784998229
 20
2024.1470885999931
  0
LWPOLYLINE
  5
825
330
17
100
AcDbEntity
  8
HIDDEN
100
AcDbPolyline
 90
2
 70
0
 10
985.4041784998229
 20
2024.1470885999931
 10
985.4041784998229
 20
2026.4556436946036
  0
LWPOLYLINE
  5
826
330
17
100
AcDbEntity
  8
HIDDEN
100
AcDbPolyline
 90
2
 70
0
 10
985.4041784998229
 20
2026.4556436946036
 10
985.4041784998229
 20
2027.8884284623296
  0
LWPOLYLINE
  5
827
330
17
100
AcDbEntity
  8
HIDDEN
100
AcDbPolyline
 90
2
 70
0
 10
985.4041784998229
 20
2027.8884284623296
 10
985.4041784998229
 20
2028.3920168918835
  0
LWPOLYLINE
  5
828
330
17
100
AcDbEntity
  8
HIDDEN
100
AcDbPolyline
 90
2
 70
0
 10
985.4041784998229
 20
2028.3920168918835
 10
985.4041784998229
 20
2027.908113701549
  0
LWPOLYLINE
  5
829
330
17
100
AcDbEntity
  8
HIDDEN
100
AcDbPolyline
 90
2
 70
0
 10
985.4041784998229
 20
2027.908113701549
 10
985.4041784998229
 20
2026.4938784103797
  0
LWPOLYLINE
  5
82A
330
17
100
AcDbEntity
  8
HIDDEN
100
AcDbPolyline
 90
2
 70
0
 10
985.4041784998229
 20
2026.4938784103797
 10
985.4041784998229
 20
2024.202436512121
  0
LWPOLYLINE
  5
82B
330
17
100
AcDbEntity
  8
HIDDEN
100
AcDbPolyline
 90
2
 70
0
 10
985.4041784998229
 20
2024.202436512121
 10
985.4041784998229
 20
2021.0494836344258
  0
LWPOLYLINE
  5
82C
330
17
100
AcDbEntity
  8
HIDDEN
100
AcDbPolyline
 90
2
 70
0
 10
985.4041784998229
 20
2021.0494836344258
 10
985.4041784998229
 20
2017.1961957421968
  0
LWPOLYLINE
  5
82D
330
17
100
AcDbEntity
  8
HIDDEN
100
AcDbPolyline
 90
2
 70
0
 10
985.4041784998229
 20
2017.1961957421968
 10
985.4041784998229
 20
2012.793269745041
  0
LWPOLYLINE
  5
82E
330
17
100
AcDbEntity
  8
HIDDEN
100
AcDbPolyline
 90
2
 70
0
 10
985.4041784998229
 20
2012.793269745041
 10
985.4041784998229
 20
2008.1110126382873
  0
LWPOLYLINE
  5
82F
330
17
100
AcDbEntity
  8
HIDDEN
100
AcDbPolyline
 90
2
 70
0
 10
985.4041784998229
 20
2008.1110126382873
 10
985.4041784998229
 20
2003.1420664283041
  0
LWPOLYLINE
  5
830
330
17
100
AcDbEntity
  8
HIDDEN
100
AcDbPolyline
 90
2
 70
0
 10
985.4041784998229
 20
2003.1420664283041
 10
985.4041784998229
 20
1998.1731202183212
  0
LWPOLYLINE
  5
831
330
17
100
AcDbEntity
  8
HIDDEN
100
AcDbPolyline
 90
2
 70
0
 10
985.4041784998229
 20
1998.1731202183212
 10
985.4041784998229
 20
1993.4908631115675
  0
LWPOLYLINE
  5
832
330
17
100
AcDbEntity
  8
HIDDEN
100
AcDbPolyline
 90
2
 70
0
 10
985.4041784998229
 20
1993.4908631115675
 10
985.4041784998229
 20
1989.1711517174251
  0
LWPOLYLINE
  5
833
330
17
100
AcDbEntity
  8
HIDDEN
100
AcDbPolyline
 90
2
 70
0
 10
985.4041784998229
 20
1989.1711517174251
 10
985.4041784998229
 20
1985.3053122477227
  0
LWPOLYLINE
  5
834
330
17
100
AcDbEntity
  8
HIDDEN
100
AcDbPolyline
 90
2
 70
0
 10
985.4041784998229
 20
1985.3053122477227
 10
985.4041784998229
 20
1982.1927218361006
  0
LWPOLYLINE
  5
835
330
17
100
AcDbEntity
  8
HIDDEN
100
AcDbPolyline
 90
2
 70
0
 10
985.4041784998229
 20
1982.1927218361006
 10
985.4041784998229
 20
1979.8284891620049
  0
LWPOLYLINE
  5
836
330
17
100
AcDbEntity
  8
HIDDEN
100
AcDbPolyline
 90
2
 70
0
 10
985.4041784998229
 20
1979.8284891620049
 10
985.4041784998229
 20
1978.395704394279
  0
LWPOLYLINE
  5
837
330
17
100
AcDbEntity
  8
HIDDEN
100
AcDbPolyline
 90
2
 70
0
 10
985.4041784998229
 20
1978.395704394279
 10
985.4041784998229
 20
1977.892115964725
  0
LWPOLYLINE
  5
838
330
17
100
AcDbEntity
  8
HIDDEN
100
AcDbPolyline
 90
2
 70
0
 10
985.4041784998229
 20
1977.892115964725
 10
985.4041784998229
 20
1978.356722611329
  0
LWPOLYLINE
  5
839
330
17
100
AcDbEntity
  8
HIDDEN
100
AcDbPolyline
 90
2
 70
0
 10
985.4041784998229
 20
1978.356722611329
 10
985.4041784998229
 20
1979.7902544462288
  0
LWPOLYLINE
  5
83A
330
17
100
AcDbEntity
  8
HIDDEN
100
AcDbPolyline
 90
2
 70
0
 10
985.4041784998229
 20
1979.7902544462288
 10
985.4041784998229
 20
1982.1370442566154
  0
LWPOLYLINE
  5
83B
330
17
100
AcDbEntity
  8
HIDDEN
100
AcDbPolyline
 90
2
 70
0
 10
985.4041784998229
 20
1982.1370442566154
 10
985.4041784998229
 20
1985.2346492221827
  0
LWPOLYLINE
  5
83C
330
17
100
AcDbEntity
  8
HIDDEN
100
AcDbPolyline
 90
2
 70
0
 10
985.4041784998229
 20
1985.2346492221827
 10
985.4041784998229
 20
1989.0879371144117
  0
LWPOLYLINE
  5
83D
330
17
100
AcDbEntity
  8
HIDDEN
100
AcDbPolyline
 90
2
 70
0
 10
985.4041784998229
 20
1989.0879371144117
 10
985.4041784998229
 20
1993.4908631115675
  0
LWPOLYLINE
  5
83E
330
17
100
AcDbEntity
  8
HIDDEN
100
AcDbPolyline
 90
2
 70
0
 10
985.4041784998229
 20
1993.4908631115675
 10
985.4041784998229
 20
1998.1731202183212
  0
LWPOLYLINE
  5
83F
330
17
100
AcDbEntity
  8
HIDDEN
100
AcDbPolyline
 90
2
 70
0
 10
985.4041784998229
 20
1998.1731202183212
 10
985.4041784998229
 20
2003.1420664283041
  0
LWPOLYLINE
  5
840
330
17
100
AcDbEntity
  8
HIDDEN
100
AcDbPolyline
 90
2
 70
0
 10
985.4041784998229
 20
2051.0220664283042
 10
985.4041784998229
 20
2055.9910126382874
  0
LWPOLYLINE
  5
841
330
17
100
AcDbEntity
  8
HIDDEN
100
AcDbPolyline
 90
2
 70
0
 10
985.4041784998229
 20
2046.0531202183213
 10
985.4041784998229
 20
2051.0220664283042
  0
LWPOLYLINE
  5
842
330
17
100
AcDbEntity
  8
HIDDEN
100
AcDbPolyline
 90
2
 70
0
 10
985.4041784998229
 20
2055.9910126382874
 10
985.4041784998229
 20
2060.673269745041
  0
LWPOLYLINE
  5
843
330
17
100
AcDbEntity
  8
HIDDEN
100
AcDbPolyline
 90
2
 70
0
 10
985.4041784998229
 20
2041.278502815007
 10
985.4041784998229
 20
2046.0531202183213
  0
LWPOLYLINE
  5
844
330
17
100
AcDbEntity
  8
HIDDEN
100
AcDbPolyline
 90
2
 70
0
 10
985.4041784998229
 20
2060.673269745041
 10
985.4041784998229
 20
2065.076195742197
  0
LWPOLYLINE
  5
845
330
17
100
AcDbEntity
  8
HIDDEN
100
AcDbPolyline
 90
2
 70
0
 10
985.4041784998229
 20
2036.884943086632
 10
985.4041784998229
 20
2041.278502815007
  0
LWPOLYLINE
  5
846
330
17
100
AcDbEntity
  8
HIDDEN
100
AcDbPolyline
 90
2
 70
0
 10
985.4041784998229
 20
2065.076195742197
 10
985.4041784998229
 20
2068.8588206088857
  0
LWPOLYLINE
  5
847
330
17
100
AcDbEntity
  8
HIDDEN
100
AcDbPolyline
 90
2
 70
0
 10
985.4041784998229
 20
2033.1146492221826
 10
985.4041784998229
 20
2036.884943086632
  0
LWPOLYLINE
  5
848
330
17
100
AcDbEntity
  8
HIDDEN
100
AcDbPolyline
 90
2
 70
0
 10
985.4041784998229
 20
2068.8588206088857
 10
985.4041784998229
 20
2072.027088599993
  0
LWPOLYLINE
  5
849
330
17
100
AcDbEntity
  8
HIDDEN
100
AcDbPolyline
 90
2
 70
0
 10
985.4041784998229
 20
2030.0170442566152
 10
985.4041784998229
 20
2033.1146492221826
  0
LWPOLYLINE
  5
84A
330
17
100
AcDbEntity
  8
HIDDEN
100
AcDbPolyline
 90
2
 70
0
 10
985.4041784998229
 20
2072.027088599993
 10
985.4041784998229
 20
2074.3356436946037
  0
LWPOLYLINE
  5
84B
330
17
100
AcDbEntity
  8
HIDDEN
100
AcDbPolyline
 90
2
 70
0
 10
985.4041784998229
 20
2027.6702544462287
 10
985.4041784998229
 20
2030.0170442566152
  0
LWPOLYLINE
  5
84C
330
17
100
AcDbEntity
  8
HIDDEN
100
AcDbPolyline
 90
2
 70
0
 10
985.4041784998229
 20
2074.3356436946037
 10
985.4041784998229
 20
2075.7684284623297
  0
LWPOLYLINE
  5
84D
330
17
100
AcDbEntity
  8
HIDDEN
100
AcDbPolyline
 90
2
 70
0
 10
985.4041784998229
 20
2026.2560191550597
 10
985.4041784998229
 20
2027.6702544462287
  0
LWPOLYLINE
  5
84E
330
17
100
AcDbEntity
  8
HIDDEN
100
AcDbPolyline
 90
2
 70
0
 10
985.4041784998229
 20
2075.7684284623297
 10
985.4041784998229
 20
2076.2720168918836
  0
LWPOLYLINE
  5
84F
330
17
100
AcDbEntity
  8
HIDDEN
100
AcDbPolyline
 90
2
 70
0
 10
985.4041784998229
 20
2025.7721159647251
 10
985.4041784998229
 20
2026.2560191550597
  0
LWPOLYLINE
  5
850
330
17
100
AcDbEntity
  8
HIDDEN
100
AcDbPolyline
 90
2
 70
0
 10
985.4041784998229
 20
2076.2720168918836
 10
985.4041784998229
 20
2075.788113701549
  0
LWPOLYLINE
  5
851
330
17
100
AcDbEntity
  8
HIDDEN
100
AcDbPolyline
 90
2
 70
0
 10
985.4041784998229
 20
2026.275704394279
 10
985.4041784998229
 20
2025.7721159647251
  0
LWPOLYLINE
  5
852
330
17
100
AcDbEntity
  8
HIDDEN
100
AcDbPolyline
 90
2
 70
0
 10
985.4041784998229
 20
2075.788113701549
 10
985.4041784998229
 20
2074.3356436946037
  0
LWPOLYLINE
  5
853
330
17
100
AcDbEntity
  8
HIDDEN
100
AcDbPolyline
 90
2
 70
0
 10
985.4041784998229
 20
2027.7084891620048
 10
985.4041784998229
 20
2026.275704394279
  0
LWPOLYLINE
  5
854
330
17
100
AcDbEntity
  8
HIDDEN
100
AcDbPolyline
 90
2
 70
0
 10
985.4041784998229
 20
2074.3356436946037
 10
985.4041784998229
 20
2072.027088599993
  0
LWPOLYLINE
  5
855
330
17
100
AcDbEntity
  8
HIDDEN
100
AcDbPolyline
 90
2
 70
0
 10
985.4041784998229
 20
2030.0727218361005
 10
985.4041784998229
 20
2027.7084891620048
  0
LWPOLYLINE
  5
856
330
17
100
AcDbEntity
  8
HIDDEN
100
AcDbPolyline
 90
2
 70
0
 10
985.4041784998229
 20
2072.027088599993
 10
985.4041784998229
 20
2068.8588206088857
  0
LWPOLYLINE
  5
857
330
17
100
AcDbEntity
  8
HIDDEN
100
AcDbPolyline
 90
2
 70
0
 10
985.4041784998229
 20
2033.1853122477225
 10
985.4041784998229
 20
2030.0727218361005
  0
LWPOLYLINE
  5
858
330
17
100
AcDbEntity
  8
HIDDEN
100
AcDbPolyline
 90
2
 70
0
 10
985.4041784998229
 20
2068.8588206088857
 10
985.4041784998229
 20
2064.9929811391835
  0
LWPOLYLINE
  5
859
330
17
100
AcDbEntity
  8
HIDDEN
100
AcDbPolyline
 90
2
 70
0
 10
985.4041784998229
 20
2036.9679371144118
 10
985.4041784998229
 20
2033.1853122477225
  0
LWPOLYLINE
  5
85A
330
17
100
AcDbEntity
  8
HIDDEN
100
AcDbPolyline
 90
2
 70
0
 10
985.4041784998229
 20
2064.9929811391835
 10
985.4041784998229
 20
2060.673269745041
  0
LWPOLYLINE
  5
85B
330
17
100
AcDbEntity
  8
HIDDEN
100
AcDbPolyline
 90
2
 70
0
 10
985.4041784998229
 20
2041.3708631115676
 10
985.4041784998229
 20
2036.9679371144118
  0
LWPOLYLINE
  5
85C
330
17
100
AcDbEntity
  8
HIDDEN
100
AcDbPolyline
 90
2
 70
0
 10
985.4041784998229
 20
2060.673269745041
 10
985.4041784998229
 20
2055.9910126382874
  0
LWPOLYLINE
  5
85D
330
17
100
AcDbEntity
  8
HIDDEN
100
AcDbPolyline
 90
2
 70
0
 10
985.4041784998229
 20
2046.0531202183213
 10
985.4041784998229
 20
2041.3708631115676
  0
LWPOLYLINE
  5
85E
330
17
100
AcDbEntity
  8
HIDDEN
100
AcDbPolyline
 90
2
 70
0
 10
985.4041784998229
 20
2055.9910126382874
 10
985.4041784998229
 20
2051.0220664283042
  0
LWPOLYLINE
  5
85F
330
17
100
AcDbEntity
  8
HIDDEN
100
AcDbPolyline
 90
2
 70
0
 10
985.4041784998229
 20
2051.0220664283042
 10
985.4041784998229
 20
2046.0531202183213
  0
LWPOLYLINE
  5
860
330
17
100
AcDbEntity
  8
HIDDEN
100
AcDbPolyline
 90
2
 70
0
 10
1068.904178499823
 20
1956.0220664283042
 10
1128.904178499823
 20
2016.0220664283042
  0
LWPOLYLINE
  5
861
330
17
100
AcDbEntity
  8
HIDDEN
100
AcDbPolyline
 90
2
 70
0
 10
1128.904178499823
 20
2016.0220664283042
 10
1128.904178499823
 20
1956.0220664283042
  0
LWPOLYLINE
  5
862
330
17
100
AcDbEntity
  8
HIDDEN
100
AcDbPolyline
 90
2
 70
0
 10
1128.904178499823
 20
1955.8509170566888
 10
1128.904178499823
 20
1956.0220664283042
  0
LWPOLYLINE
  5
863
330
17
100
AcDbEntity
  8
HIDDEN
100
AcDbPolyline
 90
2
 70
0
 10
1128.904178499823
 20
1955.8509170566888
 10
744.9041784998229
 20
1955.8509170566888
  0
LWPOLYLINE
  5
864
330
17
100
AcDbEntity
  8
HIDDEN
100
AcDbPolyline
 90
2
 70
0
 10
744.9041784998229
 20
1955.8509170566888
 10
744.9041784998229
 20
1956.0220664283042
  0
LWPOLYLINE
  5
865
330
17
100
AcDbEntity
  8
HIDDEN
100
AcDbPolyline
 90
2
 70
0
 10
744.9041784998229
 20
1755.5133591214403
 10
736.9041784998229
 20
1755.5133591214403
  0
LWPOLYLINE
  5
866
330
17
100
AcDbEntity
  8
HIDDEN
100
AcDbPolyline
 90
2
 70
0
 10
744.9041784998229
 20
1755.5133591214403
 10
744.9041784998229
 20
1769.0333522954893
  0
LWPOLYLINE
  5
867
330
17
100
AcDbEntity
  8
HIDDEN
100
AcDbPolyline
 90
2
 70
0
 10
744.9041784998229
 20
1598.0180274117533
 10
744.9041784998229
 20
1599.5872585929474
  0
LWPOLYLINE
  5
868
330
17
100
AcDbEntity
  8
HIDDEN
100
AcDbPolyline
 90
2
 70
0
 10
744.9041784998229
 20
1599.5872585929474
 10
744.9041784998229
 20
1604.2572522629214
  0
LWPOLYLINE
  5
869
330
17
100
AcDbEntity
  8
HIDDEN
100
AcDbPolyline
 90
2
 70
0
 10
744.9041784998229
 20
1604.2572522629214
 10
744.9041784998229
 20
1611.9517409117302
  0
LWPOLYLINE
  5
86A
330
17
100
AcDbEntity
  8
HIDDEN
100
AcDbPolyline
 90
2
 70
0
 10
744.9041784998229
 20
1611.9517409117302
 10
744.9041784998229
 20
1622.5390697052778
  0
LWPOLYLINE
  5
86B
330
17
100
AcDbEntity
  8
HIDDEN
100
AcDbPolyline
 90
2
 70
0
 10
744.9041784998229
 20
1622.5390697052778
 10
744.9041784998229
 20
1635.8380865125448
  0
LWPOLYLINE
  5
86C
330
17
100
AcDbEntity
  8
HIDDEN
100
AcDbPolyline
 90
2
 70
0
 10
744.9041784998229
 20
1635.8380865125448
 10
744.9041784998229
 20
1651.6212414687732
  0
LWPOLYLINE
  5
86D
330
17
100
AcDbEntity
  8
HIDDEN
100
AcDbPolyline
 90
2
 70
0
 10
744.9041784998229
 20
1651.6212414687732
 10
744.9041784998229
 20
1669.6184804167465
  0
LWPOLYLINE
  5
86E
330
17
100
AcDbEntity
  8
HIDDEN
100
AcDbPolyline
 90
2
 70
0
 10
744.9041784998229
 20
1669.6184804167465
 10
744.9041784998229
 20
1684.3854376660968
  0
LWPOLYLINE
  5
86F
330
17
100
AcDbEntity
  8
HIDDEN
100
AcDbPolyline
 90
2
 70
0
 10
744.9041784998229
 20
1684.3854376660968
 10
744.9041784998229
 20
1694.7562742573446
  0
LWPOLYLINE
  5
870
330
17
100
AcDbEntity
  8
HIDDEN
100
AcDbPolyline
 90
2
 70
0
 10
744.9041784998229
 20
1694.7562742573446
 10
744.9041784998229
 20
1710.9908446045047
  0
LWPOLYLINE
  5
871
330
17
100
AcDbEntity
  8
HIDDEN
100
AcDbPolyline
 90
2
 70
0
 10
744.9041784998229
 20
1710.9908446045047
 10
744.9041784998229
 20
1727.8998539007891
  0
LWPOLYLINE
  5
872
330
17
100
AcDbEntity
  8
HIDDEN
100
AcDbPolyline
 90
2
 70
0
 10
744.9041784998229
 20
1727.8998539007891
 10
744.9041784998229
 20
1745.320459143269
  0
LWPOLYLINE
  5
873
330
17
100
AcDbEntity
  8
HIDDEN
100
AcDbPolyline
 90
2
 70
0
 10
744.9041784998229
 20
1745.320459143269
 10
744.9041784998229
 20
1757.1357208274908
  0
LWPOLYLINE
  5
874
330
17
100
AcDbEntity
  8
HIDDEN
100
AcDbPolyline
 90
2
 70
0
 10
744.9041784998229
 20
1757.1357208274908
 10
744.9041784998229
 20
1769.0532675106726
  0
LWPOLYLINE
  5
875
330
17
100
AcDbEntity
  8
HIDDEN
100
AcDbPolyline
 90
2
 70
0
 10
744.9041784998229
 20
1769.0532675106726
 10
744.9041784998229
 20
1955.8509170566888
  0
LWPOLYLINE
  5
876
330
17
100
AcDbEntity
  8
HIDDEN
100
AcDbPolyline
 90
2
 70
0
 10
744.9041784998229
 20
1742.2364838449441
 10
744.9041784998229
 20
1755.5133591214403
  0
LWPOLYLINE
  5
877
330
17
100
AcDbEntity
  8
HIDDEN
100
AcDbPolyline
 90
2
 70
0
 10
744.9041784998229
 20
1728.9861337075781
 10
744.9041784998229
 20
1742.2364838449441
  0
LWPOLYLINE
  5
878
330
17
100
AcDbEntity
  8
HIDDEN
100
AcDbPolyline
 90
2
 70
0
 10
744.9041784998229
 20
1716.1302032551957
 10
744.9041784998229
 20
1728.9861337075781
  0
LWPOLYLINE
  5
879
330
17
100
AcDbEntity
  8
HIDDEN
100
AcDbPolyline
 90
2
 70
0
 10
744.9041784998229
 20
1703.5541339712913
 10
744.9041784998229
 20
1716.1302032551957
  0
LWPOLYLINE
  5
87A
330
17
100
AcDbEntity
  8
HIDDEN
100
AcDbPolyline
 90
2
 70
0
 10
744.9041784998229
 20
1691.513160830453
 10
744.9041784998229
 20
1703.5541339712913
  0
LWPOLYLINE
  5
87B
330
17
100
AcDbEntity
  8
HIDDEN
100
AcDbPolyline
 90
2
 70
0
 10
744.9041784998229
 20
1679.8999873576877
 10
744.9041784998229
 20
1691.513160830453
  0
LWPOLYLINE
  5
87C
330
17
100
AcDbEntity
  8
HIDDEN
100
AcDbPolyline
 90
2
 70
0
 10
744.9041784998229
 20
1668.950306277749
 10
744.9041784998229
 20
1679.8999873576877
  0
LWPOLYLINE
  5
87D
330
17
100
AcDbEntity
  8
HIDDEN
100
AcDbPolyline
 90
2
 70
0
 10
744.9041784998229
 20
1658.566545561496
 10
744.9041784998229
 20
1668.950306277749
  0
LWPOLYLINE
  5
87E
330
17
100
AcDbEntity
  8
HIDDEN
100
AcDbPolyline
 90
2
 70
0
 10
744.9041784998229
 20
1648.9594466451213
 10
744.9041784998229
 20
1658.566545561496
  0
LWPOLYLINE
  5
87F
330
17
100
AcDbEntity
  8
HIDDEN
100
AcDbPolyline
 90
2
 70
0
 10
744.9041784998229
 20
1639.1158651139967
 10
744.9041784998229
 20
1648.9594466451213
  0
LWPOLYLINE
  5
880
330
17
100
AcDbEntity
  8
HIDDEN
100
AcDbPolyline
 90
2
 70
0
 10
744.9041784998229
 20
1630.283191290409
 10
744.9041784998229
 20
1639.1158651139967
  0
LWPOLYLINE
  5
881
330
17
100
AcDbEntity
  8
HIDDEN
100
AcDbPolyline
 90
2
 70
0
 10
744.9041784998229
 20
1622.571758745893
 10
744.9041784998229
 20
1630.283191290409
  0
LWPOLYLINE
  5
882
330
17
100
AcDbEntity
  8
HIDDEN
100
AcDbPolyline
 90
2
 70
0
 10
744.9041784998229
 20
1615.9344248800267
 10
744.9041784998229
 20
1622.571758745893
  0
LWPOLYLINE
  5
883
330
17
100
AcDbEntity
  8
HIDDEN
100
AcDbPolyline
 90
2
 70
0
 10
744.9041784998229
 20
1610.473138062947
 10
744.9041784998229
 20
1615.9344248800267
  0
LWPOLYLINE
  5
884
330
17
100
AcDbEntity
  8
HIDDEN
100
AcDbPolyline
 90
2
 70
0
 10
744.9041784998229
 20
1606.2268032676948
 10
744.9041784998229
 20
1610.473138062947
  0
LWPOLYLINE
  5
885
330
17
100
AcDbEntity
  8
HIDDEN
100
AcDbPolyline
 90
2
 70
0
 10
744.9041784998229
 20
1603.225670423685
 10
744.9041784998229
 20
1606.2268032676948
  0
LWPOLYLINE
  5
886
330
17
100
AcDbEntity
  8
HIDDEN
100
AcDbPolyline
 90
2
 70
0
 10
744.9041784998229
 20
1601.4983596735096
 10
744.9041784998229
 20
1603.225670423685
  0
LWPOLYLINE
  5
887
330
17
100
AcDbEntity
  8
HIDDEN
100
AcDbPolyline
 90
2
 70
0
 10
744.9041784998229
 20
1601.0220664283042
 10
744.9041784998229
 20
1601.4983596735096
  0
LWPOLYLINE
  5
888
330
17
100
AcDbEntity
  8
HIDDEN
100
AcDbPolyline
 90
2
 70
0
 10
744.9041784998229
 20
1610.192371764148
 10
744.9041784998229
 20
1601.0220664283042
  0
LWPOLYLINE
  5
889
330
17
100
AcDbEntity
  8
HIDDEN
100
AcDbPolyline
 90
2
 70
0
 10
1128.904178499823
 20
1610.192371764148
 10
1128.904178499823
 20
1601.0220664283042
  0
LWPOLYLINE
  5
88A
330
17
100
AcDbEntity
  8
HIDDEN
100
AcDbPolyline
 90
2
 70
0
 10
744.9041784998229
 20
1601.4983596735096
 10
736.9041784998229
 20
1601.4983596735096
  0
LWPOLYLINE
  5
88B
330
17
100
AcDbEntity
  8
HIDDEN
100
AcDbPolyline
 90
2
 70
0
 10
744.9041784998229
 20
1603.225670423685
 10
736.9041784998229
 20
1603.225670423685
  0
LWPOLYLINE
  5
88C
330
17
100
AcDbEntity
  8
HIDDEN
100
AcDbPolyline
 90
2
 70
0
 10
744.9041784998229
 20
1606.2268032676948
 10
736.9041784998229
 20
1606.2268032676948
  0
LWPOLYLINE
  5
88D
330
17
100
AcDbEntity
  8
HIDDEN
100
AcDbPolyline
 90
2
 70
0
 10
744.9041784998229
 20
1610.473138062947
 10
736.9041784998229
 20
1610.473138062947
  0
LWPOLYLINE
  5
88E
330
17
100
AcDbEntity
  8
HIDDEN
100
AcDbPolyline
 90
2
 70
0
 10
744.9041784998229
 20
1615.9344248800267
 10
736.9041784998229
 20
1615.9344248800267
  0
LWPOLYLINE
  5
88F
330
17
100
AcDbEntity
  8
HIDDEN
100
AcDbPolyline
 90
2
 70
0
 10
744.9041784998229
 20
1622.571758745893
 10
736.9041784998229
 20
1622.571758745893
  0
LWPOLYLINE
  5
890
330
17
100
AcDbEntity
  8
HIDDEN
100
AcDbPolyline
 90
2
 70
0
 10
744.9041784998229
 20
1630.283191290409
 10
736.9041784998229
 20
1630.283191290409
  0
LWPOLYLINE
  5
891
330
17
100
AcDbEntity
  8
HIDDEN
100
AcDbPolyline
 90
2
 70
0
 10
744.9041784998229
 20
1639.1158651139967
 10
736.9041784998229
 20
1639.1158651139967
  0
LWPOLYLINE
  5
892
330
17
100
AcDbEntity
  8
HIDDEN
100
AcDbPolyline
 90
2
 70
0
 10
744.9041784998229
 20
1648.9594466451213
 10
736.9041784998229
 20
1648.9594466451213
  0
LWPOLYLINE
  5
893
330
17
100
AcDbEntity
  8
HIDDEN
100
AcDbPolyline
 90
2
 70
0
 10
744.9041784998229
 20
1658.566545561496
 10
736.9041784998229
 20
1658.566545561496
  0
LWPOLYLINE
  5
894
330
17
100
AcDbEntity
  8
HIDDEN
100
AcDbPolyline
 90
2
 70
0
 10
744.9041784998229
 20
1668.950306277749
 10
736.9041784998229
 20
1668.950306277749
  0
LWPOLYLINE
  5
895
330
17
100
AcDbEntity
  8
HIDDEN
100
AcDbPolyline
 90
2
 70
0
 10
744.9041784998229
 20
1679.8999873576877
 10
736.9041784998229
 20
1679.8999873576877
  0
LWPOLYLINE
  5
896
330
17
100
AcDbEntity
  8
HIDDEN
100
AcDbPolyline
 90
2
 70
0
 10
744.9041784998229
 20
1691.513160830453
 10
736.9041784998229
 20
1691.513160830453
  0
LWPOLYLINE
  5
897
330
17
100
AcDbEntity
  8
HIDDEN
100
AcDbPolyline
 90
2
 70
0
 10
744.9041784998229
 20
1703.5541339712913
 10
736.9041784998229
 20
1703.5541339712913
  0
LWPOLYLINE
  5
898
330
17
100
AcDbEntity
  8
HIDDEN
100
AcDbPolyline
 90
2
 70
0
 10
744.9041784998229
 20
1716.1302032551957
 10
736.9041784998229
 20
1716.1302032551957
  0
LWPOLYLINE
  5
899
330
17
100
AcDbEntity
  8
HIDDEN
100
AcDbPolyline
 90
2
 70
0
 10
744.9041784998229
 20
1728.9861337075781
 10
736.9041784998229
 20
1728.9861337075781
  0
LWPOLYLINE
  5
89A
330
17
100
AcDbEntity
  8
HIDDEN
100
AcDbPolyline
 90
2
 70
0
 10
744.9041784998229
 20
1742.2364838449441
 10
736.9041784998229
 20
1742.2364838449441
  0
LWPOLYLINE
  5
89B
330
17
100
AcDbEntity
  8
HIDDEN
100
AcDbPolyline
 90
2
 70
0
 10
1136.904178499823
 20
1755.5133591214403
 10
1128.904178499823
 20
1755.5133591214403
  0
LWPOLYLINE
  5
89C
330
17
100
AcDbEntity
  8
HIDDEN
100
AcDbPolyline
 90
2
 70
0
 10
1128.904178499823
 20
1755.5133591214403
 10
1128.904178499823
 20
1769.0333522954893
  0
LWPOLYLINE
  5
89D
330
17
100
AcDbEntity
  8
HIDDEN
100
AcDbPolyline
 90
2
 70
0
 10
1128.904178499823
 20
1598.0180274117533
 10
1128.904178499823
 20
1599.5872585929474
  0
LWPOLYLINE
  5
89E
330
17
100
AcDbEntity
  8
HIDDEN
100
AcDbPolyline
 90
2
 70
0
 10
1128.904178499823
 20
1599.5872585929474
 10
1128.904178499823
 20
1604.2572522629214
  0
LWPOLYLINE
  5
89F
330
17
100
AcDbEntity
  8
HIDDEN
100
AcDbPolyline
 90
2
 70
0
 10
1128.904178499823
 20
1604.2572522629214
 10
1128.904178499823
 20
1611.9517409117302
  0
LWPOLYLINE
  5
8A0
330
17
100
AcDbEntity
  8
HIDDEN
100
AcDbPolyline
 90
2
 70
0
 10
1128.904178499823
 20
1611.9517409117302
 10
1128.904178499823
 20
1622.5390697052778
  0
LWPOLYLINE
  5
8A1
330
17
100
AcDbEntity
  8
HIDDEN
100
AcDbPolyline
 90
2
 70
0
 10
1128.904178499823
 20
1622.5390697052778
 10
1128.904178499823
 20
1635.8380865125448
  0
LWPOLYLINE
  5
8A2
330
17
100
AcDbEntity
  8
HIDDEN
100
AcDbPolyline
 90
2
 70
0
 10
1128.904178499823
 20
1635.8380865125448
 10
1128.904178499823
 20
1651.6212414687732
  0
LWPOLYLINE
  5
8A3
330
17
100
AcDbEntity
  8
HIDDEN
100
AcDbPolyline
 90
2
 70
0
 10
1128.904178499823
 20
1651.6212414687732
 10
1128.904178499823
 20
1669.6184804167465
  0
LWPOLYLINE
  5
8A4
330
17
100
AcDbEntity
  8
HIDDEN
100
AcDbPolyline
 90
2
 70
0
 10
1128.904178499823
 20
1669.6184804167465
 10
1128.904178499823
 20
1684.3854376660968
  0
LWPOLYLINE
  5
8A5
330
17
100
AcDbEntity
  8
HIDDEN
100
AcDbPolyline
 90
2
 70
0
 10
1128.904178499823
 20
1684.3854376660968
 10
1128.904178499823
 20
1694.7562742573446
  0
LWPOLYLINE
  5
8A6
330
17
100
AcDbEntity
  8
HIDDEN
100
AcDbPolyline
 90
2
 70
0
 10
1128.904178499823
 20
1694.7562742573446
 10
1128.904178499823
 20
1710.9908446045047
  0
LWPOLYLINE
  5
8A7
330
17
100
AcDbEntity
  8
HIDDEN
100
AcDbPolyline
 90
2
 70
0
 10
1128.904178499823
 20
1710.9908446045047
 10
1128.904178499823
 20
1727.8998539007891
  0
LWPOLYLINE
  5
8A8
330
17
100
AcDbEntity
  8
HIDDEN
100
AcDbPolyline
 90
2
 70
0
 10
1128.904178499823
 20
1727.8998539007891
 10
1128.904178499823
 20
1745.320459143269
  0
LWPOLYLINE
  5
8A9
330
17
100
AcDbEntity
  8
HIDDEN
100
AcDbPolyline
 90
2
 70
0
 10
1128.904178499823
 20
1745.320459143269
 10
1128.904178499823
 20
1757.1357208274908
  0
LWPOLYLINE
  5
8AA
330
17
100
AcDbEntity
  8
HIDDEN
100
AcDbPolyline
 90
2
 70
0
 10
1128.904178499823
 20
1757.1357208274908
 10
1128.904178499823
 20
1769.0532675106726
  0
LWPOLYLINE
  5
8AB
330
17
100
AcDbEntity
  8
HIDDEN
100
AcDbPolyline
 90
2
 70
0
 10
1128.904178499823
 20
1769.0532675106726
 10
1128.904178499823
 20
1955.8509170566888
  0
LWPOLYLINE
  5
8AC
330
17
100
AcDbEntity
  8
HIDDEN
100
AcDbPolyline
 90
2
 70
0
 10
1128.904178499823
 20
1742.2364838449441
 10
1128.904178499823
 20
1755.5133591214403
  0
LWPOLYLINE
  5
8AD
330
17
100
AcDbEntity
  8
HIDDEN
100
AcDbPolyline
 90
2
 70
0
 10
1128.904178499823
 20
1728.9861337075781
 10
1128.904178499823
 20
1742.2364838449441
  0
LWPOLYLINE
  5
8AE
330
17
100
AcDbEntity
  8
HIDDEN
100
AcDbPolyline
 90
2
 70
0
 10
1128.904178499823
 20
1716.1302032551957
 10
1128.904178499823
 20
1728.9861337075781
  0
LWPOLYLINE
  5
8AF
330
17
100
AcDbEntity
  8
HIDDEN
100
AcDbPolyline
 90
2
 70
0
 10
1128.904178499823
 20
1703.5541339712913
 10
1128.904178499823
 20
1716.1302032551957
  0
LWPOLYLINE
  5
8B0
330
17
100
AcDbEntity
  8
HIDDEN
100
AcDbPolyline
 90
2
 70
0
 10
1128.904178499823
 20
1691.513160830453
 10
1128.904178499823
 20
1703.5541339712913
  0
LWPOLYLINE
  5
8B1
330
17
100
AcDbEntity
  8
HIDDEN
100
AcDbPolyline
 90
2
 70
0
 10
1128.904178499823
 20
1679.8999873576877
 10
1128.904178499823
 20
1691.513160830453
  0
LWPOLYLINE
  5
8B2
330
17
100
AcDbEntity
  8
HIDDEN
100
AcDbPolyline
 90
2
 70
0
 10
1128.904178499823
 20
1668.950306277749
 10
1128.904178499823
 20
1679.8999873576877
  0
LWPOLYLINE
  5
8B3
330
17
100
AcDbEntity
  8
HIDDEN
100
AcDbPolyline
 90
2
 70
0
 10
1128.904178499823
 20
1658.566545561496
 10
1128.904178499823
 20
1668.950306277749
  0
LWPOLYLINE
  5
8B4
330
17
100
AcDbEntity
  8
HIDDEN
100
AcDbPolyline
 90
2
 70
0
 10
1128.904178499823
 20
1648.9594466451213
 10
1128.904178499823
 20
1658.566545561496
  0
LWPOLYLINE
  5
8B5
330
17
100
AcDbEntity
  8
HIDDEN
100
AcDbPolyline
 90
2
 70
0
 10
1128.904178499823
 20
1639.1158651139967
 10
1128.904178499823
 20
1648.9594466451213
  0
LWPOLYLINE
  5
8B6
330
17
100
AcDbEntity
  8
HIDDEN
100
AcDbPolyline
 90
2
 70
0
 10
1128.904178499823
 20
1630.283191290409
 10
1128.904178499823
 20
1639.1158651139967
  0
LWPOLYLINE
  5
8B7
330
17
100
AcDbEntity
  8
HIDDEN
100
AcDbPolyline
 90
2
 70
0
 10
1128.904178499823
 20
1622.571758745893
 10
1128.904178499823
 20
1630.283191290409
  0
LWPOLYLINE
  5
8B8
330
17
100
AcDbEntity
  8
HIDDEN
100
AcDbPolyline
 90
2
 70
0
 10
1128.904178499823
 20
1615.9344248800267
 10
1128.904178499823
 20
1622.571758745893
  0
LWPOLYLINE
  5
8B9
330
17
100
AcDbEntity
  8
HIDDEN
100
AcDbPolyline
 90
2
 70
0
 10
1128.904178499823
 20
1610.473138062947
 10
1128.904178499823
 20
1615.9344248800267
  0
LWPOLYLINE
  5
8BA
330
17
100
AcDbEntity
  8
HIDDEN
100
AcDbPolyline
 90
2
 70
0
 10
1128.904178499823
 20
1606.2268032676948
 10
1128.904178499823
 20
1610.473138062947
  0
LWPOLYLINE
  5
8BB
330
17
100
AcDbEntity
  8
HIDDEN
100
AcDbPolyline
 90
2
 70
0
 10
1128.904178499823
 20
1603.225670423685
 10
1128.904178499823
 20
1606.2268032676948
  0
LWPOLYLINE
  5
8BC
330
17
100
AcDbEntity
  8
HIDDEN
100
AcDbPolyline
 90
2
 70
0
 10
1128.904178499823
 20
1601.4983596735096
 10
1128.904178499823
 20
1603.225670423685
  0
LWPOLYLINE
  5
8BD
330
17
100
AcDbEntity
  8
HIDDEN
100
AcDbPolyline
 90
2
 70
0
 10
1128.904178499823
 20
1601.0220664283042
 10
1128.904178499823
 20
1601.4983596735096
  0
LWPOLYLINE
  5
8BE
330
17
100
AcDbEntity
  8
HIDDEN
100
AcDbPolyline
 90
2
 70
0
 10
744.9041784998229
 20
1948.0220664283042
 10
744.9041784998229
 20
1769.4457388230842
  0
LWPOLYLINE
  5
8BF
330
17
100
AcDbEntity
  8
HIDDEN
100
AcDbPolyline
 90
2
 70
0
 10
744.9041784998229
 20
1769.4457388230842
 10
744.9041784998229
 20
1757.918982829899
  0
LWPOLYLINE
  5
8C0
330
17
100
AcDbEntity
  8
HIDDEN
100
AcDbPolyline
 90
2
 70
0
 10
744.9041784998229
 20
1757.918982829899
 10
744.9041784998229
 20
1740.8296590741388
  0
LWPOLYLINE
  5
8C1
330
17
100
AcDbEntity
  8
HIDDEN
100
AcDbPolyline
 90
2
 70
0
 10
744.9041784998229
 20
1740.8296590741388
 10
744.9041784998229
 20
1724.1274101726035
  0
LWPOLYLINE
  5
8C2
330
17
100
AcDbEntity
  8
HIDDEN
100
AcDbPolyline
 90
2
 70
0
 10
744.9041784998229
 20
1724.1274101726035
 10
744.9041784998229
 20
1713.2872526006713
  0
LWPOLYLINE
  5
8C3
330
17
100
AcDbEntity
  8
HIDDEN
100
AcDbPolyline
 90
2
 70
0
 10
744.9041784998229
 20
1713.2872526006713
 10
744.9041784998229
 20
1697.5850333419048
  0
LWPOLYLINE
  5
8C4
330
17
100
AcDbEntity
  8
HIDDEN
100
AcDbPolyline
 90
2
 70
0
 10
744.9041784998229
 20
1697.5850333419048
 10
744.9041784998229
 20
1682.686358323083
  0
LWPOLYLINE
  5
8C5
330
17
100
AcDbEntity
  8
HIDDEN
100
AcDbPolyline
 90
2
 70
0
 10
744.9041784998229
 20
1682.686358323083
 10
744.9041784998229
 20
1673.2715379967224
  0
LWPOLYLINE
  5
8C6
330
17
100
AcDbEntity
  8
HIDDEN
100
AcDbPolyline
 90
2
 70
0
 10
744.9041784998229
 20
1673.2715379967224
 10
744.9041784998229
 20
1660.026503528293
  0
LWPOLYLINE
  5
8C7
330
17
100
AcDbEntity
  8
HIDDEN
100
AcDbPolyline
 90
2
 70
0
 10
744.9041784998229
 20
1660.026503528293
 10
744.9041784998229
 20
1651.8364187034197
  0
LWPOLYLINE
  5
8C8
330
17
100
AcDbEntity
  8
HIDDEN
100
AcDbPolyline
 90
2
 70
0
 10
744.9041784998229
 20
1651.8364187034197
 10
744.9041784998229
 20
1640.598843839219
  0
LWPOLYLINE
  5
8C9
330
17
100
AcDbEntity
  8
HIDDEN
100
AcDbPolyline
 90
2
 70
0
 10
744.9041784998229
 20
1640.598843839219
 10
744.9041784998229
 20
1633.8522790022384
  0
LWPOLYLINE
  5
8CA
330
17
100
AcDbEntity
  8
HIDDEN
100
AcDbPolyline
 90
2
 70
0
 10
744.9041784998229
 20
1633.8522790022384
 10
744.9041784998229
 20
1624.9223568535335
  0
LWPOLYLINE
  5
8CB
330
17
100
AcDbEntity
  8
HIDDEN
100
AcDbPolyline
 90
2
 70
0
 10
744.9041784998229
 20
1624.9223568535335
 10
744.9041784998229
 20
1617.4957602408151
  0
LWPOLYLINE
  5
8CC
330
17
100
AcDbEntity
  8
HIDDEN
100
AcDbPolyline
 90
2
 70
0
 10
744.9041784998229
 20
1617.4957602408151
 10
744.9041784998229
 20
1613.415813832722
  0
LWPOLYLINE
  5
8CD
330
17
100
AcDbEntity
  8
HIDDEN
100
AcDbPolyline
 90
2
 70
0
 10
744.9041784998229
 20
1613.415813832722
 10
744.9041784998229
 20
1608.646232244201
  0
LWPOLYLINE
  5
8CE
330
17
100
AcDbEntity
  8
HIDDEN
100
AcDbPolyline
 90
2
 70
0
 10
744.9041784998229
 20
1608.646232244201
 10
744.9041784998229
 20
1605.5367241690892
  0
LWPOLYLINE
  5
8CF
330
17
100
AcDbEntity
  8
HIDDEN
100
AcDbPolyline
 90
2
 70
0
 10
744.9041784998229
 20
1605.5367241690892
 10
744.9041784998229
 20
1604.11723586998
  0
LWPOLYLINE
  5
8D0
330
17
100
AcDbEntity
  8
HIDDEN
100
AcDbPolyline
 90
2
 70
0
 10
744.9041784998229
 20
1604.11723586998
 10
744.9041784998229
 20
1604.0261054448551
  0
LWPOLYLINE
  5
8D1
330
17
100
AcDbEntity
  8
HIDDEN
100
AcDbPolyline
 90
2
 70
0
 10
744.9041784998229
 20
1604.0261054448551
 10
744.9041784998229
 20
1613.1520784984505
  0
LWPOLYLINE
  5
8D2
330
17
100
AcDbEntity
  8
HIDDEN
100
AcDbPolyline
 90
2
 70
0
 10
744.9041784998229
 20
1613.1520784984505
 10
744.9041784998229
 20
1622.0311987013579
  0
LWPOLYLINE
  5
8D3
330
17
100
AcDbEntity
  8
HIDDEN
100
AcDbPolyline
 90
2
 70
0
 10
744.9041784998229
 20
1622.0311987013579
 10
744.9041784998229
 20
1639.8861047949126
  0
LWPOLYLINE
  5
8D4
330
17
100
AcDbEntity
  8
HIDDEN
100
AcDbPolyline
 90
2
 70
0
 10
744.9041784998229
 20
1639.8861047949126
 10
744.9041784998229
 20
1639.9992140118557
  0
LWPOLYLINE
  5
8D5
330
17
100
AcDbEntity
  8
HIDDEN
100
AcDbPolyline
 90
2
 70
0
 10
1136.904178499823
 20
1601.4983596735096
 10
1128.904178499823
 20
1601.4983596735096
  0
LWPOLYLINE
  5
8D6
330
17
100
AcDbEntity
  8
HIDDEN
100
AcDbPolyline
 90
2
 70
0
 10
1136.904178499823
 20
1603.225670423685
 10
1128.904178499823
 20
1603.225670423685
  0
LWPOLYLINE
  5
8D7
330
17
100
AcDbEntity
  8
HIDDEN
100
AcDbPolyline
 90
2
 70
0
 10
1136.904178499823
 20
1606.2268032676948
 10
1128.904178499823
 20
1606.2268032676948
  0
LWPOLYLINE
  5
8D8
330
17
100
AcDbEntity
  8
HIDDEN
100
AcDbPolyline
 90
2
 70
0
 10
1136.904178499823
 20
1610.473138062947
 10
1128.904178499823
 20
1610.473138062947
  0
LWPOLYLINE
  5
8D9
330
17
100
AcDbEntity
  8
HIDDEN
100
AcDbPolyline
 90
2
 70
0
 10
1136.904178499823
 20
1615.9344248800267
 10
1128.904178499823
 20
1615.9344248800267
  0
LWPOLYLINE
  5
8DA
330
17
100
AcDbEntity
  8
HIDDEN
100
AcDbPolyline
 90
2
 70
0
 10
1136.904178499823
 20
1622.571758745893
 10
1128.904178499823
 20
1622.571758745893
  0
LWPOLYLINE
  5
8DB
330
17
100
AcDbEntity
  8
HIDDEN
100
AcDbPolyline
 90
2
 70
0
 10
1136.904178499823
 20
1630.283191290409
 10
1128.904178499823
 20
1630.283191290409
  0
LWPOLYLINE
  5
8DC
330
17
100
AcDbEntity
  8
HIDDEN
100
AcDbPolyline
 90
2
 70
0
 10
1136.904178499823
 20
1639.1158651139967
 10
1128.904178499823
 20
1639.1158651139967
  0
LWPOLYLINE
  5
8DD
330
17
100
AcDbEntity
  8
HIDDEN
100
AcDbPolyline
 90
2
 70
0
 10
1136.904178499823
 20
1648.9594466451213
 10
1128.904178499823
 20
1648.9594466451213
  0
LWPOLYLINE
  5
8DE
330
17
100
AcDbEntity
  8
HIDDEN
100
AcDbPolyline
 90
2
 70
0
 10
1136.904178499823
 20
1658.566545561496
 10
1128.904178499823
 20
1658.566545561496
  0
LWPOLYLINE
  5
8DF
330
17
100
AcDbEntity
  8
HIDDEN
100
AcDbPolyline
 90
2
 70
0
 10
1136.904178499823
 20
1668.950306277749
 10
1128.904178499823
 20
1668.950306277749
  0
LWPOLYLINE
  5
8E0
330
17
100
AcDbEntity
  8
HIDDEN
100
AcDbPolyline
 90
2
 70
0
 10
1136.904178499823
 20
1679.8999873576877
 10
1128.904178499823
 20
1679.8999873576877
  0
LWPOLYLINE
  5
8E1
330
17
100
AcDbEntity
  8
HIDDEN
100
AcDbPolyline
 90
2
 70
0
 10
1136.904178499823
 20
1691.513160830453
 10
1128.904178499823
 20
1691.513160830453
  0
LWPOLYLINE
  5
8E2
330
17
100
AcDbEntity
  8
HIDDEN
100
AcDbPolyline
 90
2
 70
0
 10
1136.904178499823
 20
1703.5541339712913
 10
1128.904178499823
 20
1703.5541339712913
  0
LWPOLYLINE
  5
8E3
330
17
100
AcDbEntity
  8
HIDDEN
100
AcDbPolyline
 90
2
 70
0
 10
1136.904178499823
 20
1716.1302032551957
 10
1128.904178499823
 20
1716.1302032551957
  0
LWPOLYLINE
  5
8E4
330
17
100
AcDbEntity
  8
HIDDEN
100
AcDbPolyline
 90
2
 70
0
 10
1136.904178499823
 20
1728.9861337075781
 10
1128.904178499823
 20
1728.9861337075781
  0
LWPOLYLINE
  5
8E5
330
17
100
AcDbEntity
  8
HIDDEN
100
AcDbPolyline
 90
2
 70
0
 10
1136.904178499823
 20
1742.2364838449441
 10
1128.904178499823
 20
1742.2364838449441
  0
LWPOLYLINE
  5
8E6
330
17
100
AcDbEntity
  8
HIDDEN
100
AcDbPolyline
 90
2
 70
0
 10
744.9041784998229
 20
1948.0220664283042
 10
1128.904178499823
 20
1948.0220664283042
  0
LWPOLYLINE
  5
8E7
330
17
100
AcDbEntity
  8
HIDDEN
100
AcDbPolyline
 90
2
 70
0
 10
1128.904178499823
 20
1948.0220664283042
 10
1128.904178499823
 20
1769.4457388230842
  0
LWPOLYLINE
  5
8E8
330
17
100
AcDbEntity
  8
HIDDEN
100
AcDbPolyline
 90
2
 70
0
 10
1128.904178499823
 20
1769.4457388230842
 10
1128.904178499823
 20
1757.918982829899
  0
LWPOLYLINE
  5
8E9
330
17
100
AcDbEntity
  8
HIDDEN
100
AcDbPolyline
 90
2
 70
0
 10
1128.904178499823
 20
1757.918982829899
 10
1128.904178499823
 20
1740.8296590741388
  0
LWPOLYLINE
  5
8EA
330
17
100
AcDbEntity
  8
HIDDEN
100
AcDbPolyline
 90
2
 70
0
 10
1128.904178499823
 20
1740.8296590741388
 10
1128.904178499823
 20
1724.1274101726035
  0
LWPOLYLINE
  5
8EB
330
17
100
AcDbEntity
  8
HIDDEN
100
AcDbPolyline
 90
2
 70
0
 10
1128.904178499823
 20
1724.1274101726035
 10
1128.904178499823
 20
1713.2872526006713
  0
LWPOLYLINE
  5
8EC
330
17
100
AcDbEntity
  8
HIDDEN
100
AcDbPolyline
 90
2
 70
0
 10
1128.904178499823
 20
1713.2872526006713
 10
1128.904178499823
 20
1697.5850333419048
  0
LWPOLYLINE
  5
8ED
330
17
100
AcDbEntity
  8
HIDDEN
100
AcDbPolyline
 90
2
 70
0
 10
1128.904178499823
 20
1697.5850333419048
 10
1128.904178499823
 20
1682.686358323083
  0
LWPOLYLINE
  5
8EE
330
17
100
AcDbEntity
  8
HIDDEN
100
AcDbPolyline
 90
2
 70
0
 10
1128.904178499823
 20
1682.686358323083
 10
1128.904178499823
 20
1673.2715379967224
  0
LWPOLYLINE
  5
8EF
330
17
100
AcDbEntity
  8
HIDDEN
100
AcDbPolyline
 90
2
 70
0
 10
1128.904178499823
 20
1673.2715379967224
 10
1128.904178499823
 20
1660.026503528293
  0
LWPOLYLINE
  5
8F0
330
17
100
AcDbEntity
  8
HIDDEN
100
AcDbPolyline
 90
2
 70
0
 10
1128.904178499823
 20
1660.026503528293
 10
1128.904178499823
 20
1651.8364187034197
  0
LWPOLYLINE
  5
8F1
330
17
100
AcDbEntity
  8
HIDDEN
100
AcDbPolyline
 90
2
 70
0
 10
1128.904178499823
 20
1651.8364187034197
 10
1128.904178499823
 20
1640.598843839219
  0
LWPOLYLINE
  5
8F2
330
17
100
AcDbEntity
  8
HIDDEN
100
AcDbPolyline
 90
2
 70
0
 10
1128.904178499823
 20
1640.598843839219
 10
1128.904178499823
 20
1633.8522790022384
  0
LWPOLYLINE
  5
8F3
330
17
100
AcDbEntity
  8
HIDDEN
100
AcDbPolyline
 90
2
 70
0
 10
1128.904178499823
 20
1633.8522790022384
 10
1128.904178499823
 20
1624.9223568535335
  0
LWPOLYLINE
  5
8F4
330
17
100
AcDbEntity
  8
HIDDEN
100
AcDbPolyline
 90
2
 70
0
 10
1128.904178499823
 20
1624.9223568535335
 10
1128.904178499823
 20
1617.4957602408151
  0
LWPOLYLINE
  5
8F5
330
17
100
AcDbEntity
  8
HIDDEN
100
AcDbPolyline
 90
2
 70
0
 10
1128.904178499823
 20
1617.4957602408151
 10
1128.904178499823
 20
1613.415813832722
  0
LWPOLYLINE
  5
8F6
330
17
100
AcDbEntity
  8
HIDDEN
100
AcDbPolyline
 90
2
 70
0
 10
1128.904178499823
 20
1613.415813832722
 10
1128.904178499823
 20
1608.646232244201
  0
LWPOLYLINE
  5
8F7
330
17
100
AcDbEntity
  8
HIDDEN
100
AcDbPolyline
 90
2
 70
0
 10
1128.904178499823
 20
1608.646232244201
 10
1128.904178499823
 20
1605.5367241690892
  0
LWPOLYLINE
  5
8F8
330
17
100
AcDbEntity
  8
HIDDEN
100
AcDbPolyline
 90
2
 70
0
 10
1128.904178499823
 20
1605.5367241690892
 10
1128.904178499823
 20
1604.11723586998
  0
LWPOLYLINE
  5
8F9
330
17
100
AcDbEntity
  8
HIDDEN
100
AcDbPolyline
 90
2
 70
0
 10
1128.904178499823
 20
1604.11723586998
 10
1128.904178499823
 20
1604.0261054448551
  0
LWPOLYLINE
  5
8FA
330
17
100
AcDbEntity
  8
HIDDEN
100
AcDbPolyline
 90
2
 70
0
 10
1128.904178499823
 20
1604.0261054448551
 10
1128.904178499823
 20
1613.1520784984505
  0
LWPOLYLINE
  5
8FB
330
17
100
AcDbEntity
  8
HIDDEN
100
AcDbPolyline
 90
2
 70
0
 10
1128.904178499823
 20
1613.1520784984505
 10
1128.904178499823
 20
1622.0311987013579
  0
LWPOLYLINE
  5
8FC
330
17
100
AcDbEntity
  8
HIDDEN
100
AcDbPolyline
 90
2
 70
0
 10
1128.904178499823
 20
1622.0311987013579
 10
1128.904178499823
 20
1639.8861047949126
  0
LWPOLYLINE
  5
8FD
330
17
100
AcDbEntity
  8
HIDDEN
100
AcDbPolyline
 90
2
 70
0
 10
1128.904178499823
 20
1639.8861047949126
 10
1128.904178499823
 20
1639.9992140118557
  0
LWPOLYLINE
  5
8FE
330
17
100
AcDbEntity
  8
HIDDEN
100
AcDbPolyline
 90
2
 70
0
 10
888.4041784998229
 20
2013.8959720939265
 10
876.4041784998229
 20
2013.8959720939265
  0
LWPOLYLINE
  5
8FF
330
17
100
AcDbEntity
  8
HIDDEN
100
AcDbPolyline
 90
2
 70
0
 10
888.4041784998229
 20
2023.5133549656857
 10
876.4041784998229
 20
2023.5133549656857
  0
LWPOLYLINE
  5
900
330
17
100
AcDbEntity
  8
HIDDEN
100
AcDbPolyline
 90
2
 70
0
 10
888.4041784998229
 20
2032.1483442508795
 10
876.4041784998229
 20
2032.1483442508795
  0
LWPOLYLINE
  5
901
330
17
100
AcDbEntity
  8
HIDDEN
100
AcDbPolyline
 90
2
 70
0
 10
888.4041784998229
 20
2039.2464726460062
 10
876.4041784998229
 20
2039.2464726460062
  0
LWPOLYLINE
  5
902
330
17
100
AcDbEntity
  8
HIDDEN
100
AcDbPolyline
 90
2
 70
0
 10
888.4041784998229
 20
2044.4316548087868
 10
876.4041784998229
 20
2044.4316548087868
  0
LWPOLYLINE
  5
903
330
17
100
AcDbEntity
  8
HIDDEN
100
AcDbPolyline
 90
2
 70
0
 10
888.4041784998229
 20
2093.950541701391
 10
876.4041784998229
 20
2093.950541701391
  0
LWPOLYLINE
  5
904
330
17
100
AcDbEntity
  8
HIDDEN
100
AcDbPolyline
 90
2
 70
0
 10
888.4041784998229
 20
2095.3804320344216
 10
876.4041784998229
 20
2095.3804320344216
  0
LWPOLYLINE
  5
905
330
17
100
AcDbEntity
  8
HIDDEN
100
AcDbPolyline
 90
2
 70
0
 10
888.4041784998229
 20
2003.1420664283041
 10
876.4041784998229
 20
2003.1420664283041
  0
LWPOLYLINE
  5
906
330
17
100
AcDbEntity
  8
HIDDEN
100
AcDbPolyline
 90
2
 70
0
 10
888.4041784998229
 20
2008.1110126382873
 10
876.4041784998229
 20
2008.1110126382873
  0
LWPOLYLINE
  5
907
330
17
100
AcDbEntity
  8
HIDDEN
100
AcDbPolyline
 90
2
 70
0
 10
888.4041784998229
 20
2012.793269745041
 10
876.4041784998229
 20
2012.793269745041
  0
LWPOLYLINE
  5
908
330
17
100
AcDbEntity
  8
HIDDEN
100
AcDbPolyline
 90
2
 70
0
 10
888.4041784998229
 20
2017.1961957421968
 10
876.4041784998229
 20
2017.1961957421968
  0
LWPOLYLINE
  5
909
330
17
100
AcDbEntity
  8
HIDDEN
100
AcDbPolyline
 90
2
 70
0
 10
888.4041784998229
 20
2020.9788206088858
 10
876.4041784998229
 20
2020.9788206088858
  0
LWPOLYLINE
  5
90A
330
17
100
AcDbEntity
  8
HIDDEN
100
AcDbPolyline
 90
2
 70
0
 10
888.4041784998229
 20
2024.1470885999931
 10
876.4041784998229
 20
2024.1470885999931
  0
LWPOLYLINE
  5
90B
330
17
100
AcDbEntity
  8
HIDDEN
100
AcDbPolyline
 90
2
 70
0
 10
888.4041784998229
 20
2026.4556436946036
 10
876.4041784998229
 20
2026.4556436946036
  0
LWPOLYLINE
  5
90C
330
17
100
AcDbEntity
  8
HIDDEN
100
AcDbPolyline
 90
2
 70
0
 10
888.4041784998229
 20
2027.8884284623296
 10
876.4041784998229
 20
2027.8884284623296
  0
LWPOLYLINE
  5
90D
330
17
100
AcDbEntity
  8
HIDDEN
100
AcDbPolyline
 90
2
 70
0
 10
888.4041784998229
 20
2028.3920168918835
 10
876.4041784998229
 20
2028.3920168918835
  0
LWPOLYLINE
  5
90E
330
17
100
AcDbEntity
  8
HIDDEN
100
AcDbPolyline
 90
2
 70
0
 10
888.4041784998229
 20
2027.908113701549
 10
876.4041784998229
 20
2027.908113701549
  0
LWPOLYLINE
  5
90F
330
17
100
AcDbEntity
  8
HIDDEN
100
AcDbPolyline
 90
2
 70
0
 10
888.4041784998229
 20
2026.4938784103797
 10
876.4041784998229
 20
2026.4938784103797
  0
LWPOLYLINE
  5
910
330
17
100
AcDbEntity
  8
HIDDEN
100
AcDbPolyline
 90
2
 70
0
 10
888.4041784998229
 20
2024.202436512121
 10
876.4041784998229
 20
2024.202436512121
  0
LWPOLYLINE
  5
911
330
17
100
AcDbEntity
  8
HIDDEN
100
AcDbPolyline
 90
2
 70
0
 10
888.4041784998229
 20
2021.0494836344258
 10
876.4041784998229
 20
2021.0494836344258
  0
LWPOLYLINE
  5
912
330
17
100
AcDbEntity
  8
HIDDEN
100
AcDbPolyline
 90
2
 70
0
 10
888.4041784998229
 20
2017.1961957421968
 10
876.4041784998229
 20
2017.1961957421968
  0
LWPOLYLINE
  5
913
330
17
100
AcDbEntity
  8
HIDDEN
100
AcDbPolyline
 90
2
 70
0
 10
888.4041784998229
 20
2012.793269745041
 10
876.4041784998229
 20
2012.793269745041
  0
LWPOLYLINE
  5
914
330
17
100
AcDbEntity
  8
HIDDEN
100
AcDbPolyline
 90
2
 70
0
 10
888.4041784998229
 20
2008.1110126382873
 10
876.4041784998229
 20
2008.1110126382873
  0
LWPOLYLINE
  5
915
330
17
100
AcDbEntity
  8
HIDDEN
100
AcDbPolyline
 90
2
 70
0
 10
888.4041784998229
 20
2003.1420664283041
 10
876.4041784998229
 20
2003.1420664283041
  0
LWPOLYLINE
  5
916
330
17
100
AcDbEntity
  8
HIDDEN
100
AcDbPolyline
 90
2
 70
0
 10
888.4041784998229
 20
1998.1731202183212
 10
876.4041784998229
 20
1998.1731202183212
  0
LWPOLYLINE
  5
917
330
17
100
AcDbEntity
  8
HIDDEN
100
AcDbPolyline
 90
2
 70
0
 10
888.4041784998229
 20
1993.4908631115675
 10
876.4041784998229
 20
1993.4908631115675
  0
LWPOLYLINE
  5
918
330
17
100
AcDbEntity
  8
HIDDEN
100
AcDbPolyline
 90
2
 70
0
 10
888.4041784998229
 20
1989.1711517174251
 10
876.4041784998229
 20
1989.1711517174251
  0
LWPOLYLINE
  5
919
330
17
100
AcDbEntity
  8
HIDDEN
100
AcDbPolyline
 90
2
 70
0
 10
888.4041784998229
 20
1985.3053122477227
 10
876.4041784998229
 20
1985.3053122477227
  0
LWPOLYLINE
  5
91A
330
17
100
AcDbEntity
  8
HIDDEN
100
AcDbPolyline
 90
2
 70
0
 10
888.4041784998229
 20
1982.1927218361006
 10
876.4041784998229
 20
1982.1927218361006
  0
LWPOLYLINE
  5
91B
330
17
100
AcDbEntity
  8
HIDDEN
100
AcDbPolyline
 90
2
 70
0
 10
888.4041784998229
 20
1979.8284891620049
 10
876.4041784998229
 20
1979.8284891620049
  0
LWPOLYLINE
  5
91C
330
17
100
AcDbEntity
  8
HIDDEN
100
AcDbPolyline
 90
2
 70
0
 10
888.4041784998229
 20
1978.395704394279
 10
876.4041784998229
 20
1978.395704394279
  0
LWPOLYLINE
  5
91D
330
17
100
AcDbEntity
  8
HIDDEN
100
AcDbPolyline
 90
2
 70
0
 10
888.4041784998229
 20
1977.892115964725
 10
876.4041784998229
 20
1977.892115964725
  0
LWPOLYLINE
  5
91E
330
17
100
AcDbEntity
  8
HIDDEN
100
AcDbPolyline
 90
2
 70
0
 10
888.4041784998229
 20
1978.356722611329
 10
876.4041784998229
 20
1978.356722611329
  0
LWPOLYLINE
  5
91F
330
17
100
AcDbEntity
  8
HIDDEN
100
AcDbPolyline
 90
2
 70
0
 10
888.4041784998229
 20
1979.7902544462288
 10
876.4041784998229
 20
1979.7902544462288
  0
LWPOLYLINE
  5
920
330
17
100
AcDbEntity
  8
HIDDEN
100
AcDbPolyline
 90
2
 70
0
 10
888.4041784998229
 20
1982.1370442566154
 10
876.4041784998229
 20
1982.1370442566154
  0
LWPOLYLINE
  5
921
330
17
100
AcDbEntity
  8
HIDDEN
100
AcDbPolyline
 90
2
 70
0
 10
888.4041784998229
 20
1985.2346492221827
 10
876.4041784998229
 20
1985.2346492221827
  0
LWPOLYLINE
  5
922
330
17
100
AcDbEntity
  8
HIDDEN
100
AcDbPolyline
 90
2
 70
0
 10
888.4041784998229
 20
1989.0879371144117
 10
876.4041784998229
 20
1989.0879371144117
  0
LWPOLYLINE
  5
923
330
17
100
AcDbEntity
  8
HIDDEN
100
AcDbPolyline
 90
2
 70
0
 10
888.4041784998229
 20
1993.4908631115675
 10
876.4041784998229
 20
1993.4908631115675
  0
LWPOLYLINE
  5
924
330
17
100
AcDbEntity
  8
HIDDEN
100
AcDbPolyline
 90
2
 70
0
 10
888.4041784998229
 20
1998.1731202183212
 10
876.4041784998229
 20
1998.1731202183212
  0
LWPOLYLINE
  5
925
330
17
100
AcDbEntity
  8
HIDDEN
100
AcDbPolyline
 90
2
 70
0
 10
888.4041784998229
 20
2051.0220664283042
 10
876.4041784998229
 20
2051.0220664283042
  0
LWPOLYLINE
  5
926
330
17
100
AcDbEntity
  8
HIDDEN
100
AcDbPolyline
 90
2
 70
0
 10
888.4041784998229
 20
2055.9910126382874
 10
876.4041784998229
 20
2055.9910126382874
  0
LWPOLYLINE
  5
927
330
17
100
AcDbEntity
  8
HIDDEN
100
AcDbPolyline
 90
2
 70
0
 10
888.4041784998229
 20
2046.0531202183213
 10
876.4041784998229
 20
2046.0531202183213
  0
LWPOLYLINE
  5
928
330
17
100
AcDbEntity
  8
HIDDEN
100
AcDbPolyline
 90
2
 70
0
 10
888.4041784998229
 20
2060.673269745041
 10
876.4041784998229
 20
2060.673269745041
  0
LWPOLYLINE
  5
929
330
17
100
AcDbEntity
  8
HIDDEN
100
AcDbPolyline
 90
2
 70
0
 10
888.4041784998229
 20
2041.278502815007
 10
876.4041784998229
 20
2041.278502815007
  0
LWPOLYLINE
  5
92A
330
17
100
AcDbEntity
  8
HIDDEN
100
AcDbPolyline
 90
2
 70
0
 10
888.4041784998229
 20
2065.076195742197
 10
876.4041784998229
 20
2065.076195742197
  0
LWPOLYLINE
  5
92B
330
17
100
AcDbEntity
  8
HIDDEN
100
AcDbPolyline
 90
2
 70
0
 10
888.4041784998229
 20
2036.884943086632
 10
876.4041784998229
 20
2036.884943086632
  0
LWPOLYLINE
  5
92C
330
17
100
AcDbEntity
  8
HIDDEN
100
AcDbPolyline
 90
2
 70
0
 10
888.4041784998229
 20
2068.8588206088857
 10
876.4041784998229
 20
2068.8588206088857
  0
LWPOLYLINE
  5
92D
330
17
100
AcDbEntity
  8
HIDDEN
100
AcDbPolyline
 90
2
 70
0
 10
888.4041784998229
 20
2033.1146492221826
 10
876.4041784998229
 20
2033.1146492221826
  0
LWPOLYLINE
  5
92E
330
17
100
AcDbEntity
  8
HIDDEN
100
AcDbPolyline
 90
2
 70
0
 10
888.4041784998229
 20
2072.027088599993
 10
876.4041784998229
 20
2072.027088599993
  0
LWPOLYLINE
  5
92F
330
17
100
AcDbEntity
  8
HIDDEN
100
AcDbPolyline
 90
2
 70
0
 10
888.4041784998229
 20
2030.0170442566152
 10
876.4041784998229
 20
2030.0170442566152
  0
LWPOLYLINE
  5
930
330
17
100
AcDbEntity
  8
HIDDEN
100
AcDbPolyline
 90
2
 70
0
 10
888.4041784998229
 20
2074.3356436946037
 10
876.4041784998229
 20
2074.3356436946037
  0
LWPOLYLINE
  5
931
330
17
100
AcDbEntity
  8
HIDDEN
100
AcDbPolyline
 90
2
 70
0
 10
888.4041784998229
 20
2027.6702544462287
 10
876.4041784998229
 20
2027.6702544462287
  0
LWPOLYLINE
  5
932
330
17
100
AcDbEntity
  8
HIDDEN
100
AcDbPolyline
 90
2
 70
0
 10
888.4041784998229
 20
2075.7684284623297
 10
876.4041784998229
 20
2075.7684284623297
  0
LWPOLYLINE
  5
933
330
17
100
AcDbEntity
  8
HIDDEN
100
AcDbPolyline
 90
2
 70
0
 10
888.4041784998229
 20
2026.2560191550597
 10
876.4041784998229
 20
2026.2560191550597
  0
LWPOLYLINE
  5
934
330
17
100
AcDbEntity
  8
HIDDEN
100
AcDbPolyline
 90
2
 70
0
 10
888.4041784998229
 20
2076.2720168918836
 10
876.4041784998229
 20
2076.2720168918836
  0
LWPOLYLINE
  5
935
330
17
100
AcDbEntity
  8
HIDDEN
100
AcDbPolyline
 90
2
 70
0
 10
888.4041784998229
 20
2025.7721159647251
 10
876.4041784998229
 20
2025.7721159647251
  0
LWPOLYLINE
  5
936
330
17
100
AcDbEntity
  8
HIDDEN
100
AcDbPolyline
 90
2
 70
0
 10
888.4041784998229
 20
2075.788113701549
 10
876.4041784998229
 20
2075.788113701549
  0
LWPOLYLINE
  5
937
330
17
100
AcDbEntity
  8
HIDDEN
100
AcDbPolyline
 90
2
 70
0
 10
888.4041784998229
 20
2026.275704394279
 10
876.4041784998229
 20
2026.275704394279
  0
LWPOLYLINE
  5
938
330
17
100
AcDbEntity
  8
HIDDEN
100
AcDbPolyline
 90
2
 70
0
 10
888.4041784998229
 20
2074.3356436946037
 10
876.4041784998229
 20
2074.3356436946037
  0
LWPOLYLINE
  5
939
330
17
100
AcDbEntity
  8
HIDDEN
100
AcDbPolyline
 90
2
 70
0
 10
888.4041784998229
 20
2027.7084891620048
 10
876.4041784998229
 20
2027.7084891620048
  0
LWPOLYLINE
  5
93A
330
17
100
AcDbEntity
  8
HIDDEN
100
AcDbPolyline
 90
2
 70
0
 10
888.4041784998229
 20
2072.027088599993
 10
876.4041784998229
 20
2072.027088599993
  0
LWPOLYLINE
  5
93B
330
17
100
AcDbEntity
  8
HIDDEN
100
AcDbPolyline
 90
2
 70
0
 10
888.4041784998229
 20
2030.0727218361005
 10
876.4041784998229
 20
2030.0727218361005
  0
LWPOLYLINE
  5
93C
330
17
100
AcDbEntity
  8
HIDDEN
100
AcDbPolyline
 90
2
 70
0
 10
888.4041784998229
 20
2068.8588206088857
 10
876.4041784998229
 20
2068.8588206088857
  0
LWPOLYLINE
  5
93D
330
17
100
AcDbEntity
  8
HIDDEN
100
AcDbPolyline
 90
2
 70
0
 10
888.4041784998229
 20
2033.1853122477225
 10
876.4041784998229
 20
2033.1853122477225
  0
LWPOLYLINE
  5
93E
330
17
100
AcDbEntity
  8
HIDDEN
100
AcDbPolyline
 90
2
 70
0
 10
888.4041784998229
 20
2064.9929811391835
 10
876.4041784998229
 20
2064.9929811391835
  0
LWPOLYLINE
  5
93F
330
17
100
AcDbEntity
  8
HIDDEN
100
AcDbPolyline
 90
2
 70
0
 10
888.4041784998229
 20
2036.9679371144118
 10
876.4041784998229
 20
2036.9679371144118
  0
LWPOLYLINE
  5
940
330
17
100
AcDbEntity
  8
HIDDEN
100
AcDbPolyline
 90
2
 70
0
 10
888.4041784998229
 20
2060.673269745041
 10
876.4041784998229
 20
2060.673269745041
  0
LWPOLYLINE
  5
941
330
17
100
AcDbEntity
  8
HIDDEN
100
AcDbPolyline
 90
2
 70
0
 10
888.4041784998229
 20
2041.3708631115676
 10
876.4041784998229
 20
2041.3708631115676
  0
LWPOLYLINE
  5
942
330
17
100
AcDbEntity
  8
HIDDEN
100
AcDbPolyline
 90
2
 70
0
 10
888.4041784998229
 20
2055.9910126382874
 10
876.4041784998229
 20
2055.9910126382874
  0
LWPOLYLINE
  5
943
330
17
100
AcDbEntity
  8
HIDDEN
100
AcDbPolyline
 90
2
 70
0
 10
888.4041784998229
 20
2046.0531202183213
 10
876.4041784998229
 20
2046.0531202183213
  0
LWPOLYLINE
  5
944
330
17
100
AcDbEntity
  8
HIDDEN
100
AcDbPolyline
 90
2
 70
0
 10
888.4041784998229
 20
2051.0220664283042
 10
876.4041784998229
 20
2051.0220664283042
  0
LWPOLYLINE
  5
945
330
17
100
AcDbEntity
  8
HIDDEN
100
AcDbPolyline
 90
2
 70
0
 10
997.4041784998229
 20
2013.8959720939265
 10
985.4041784998229
 20
2013.8959720939265
  0
LWPOLYLINE
  5
946
330
17
100
AcDbEntity
  8
HIDDEN
100
AcDbPolyline
 90
2
 70
0
 10
997.4041784998229
 20
2023.5133549656857
 10
985.4041784998229
 20
2023.5133549656857
  0
LWPOLYLINE
  5
947
330
17
100
AcDbEntity
  8
HIDDEN
100
AcDbPolyline
 90
2
 70
0
 10
997.4041784998229
 20
2032.1483442508795
 10
985.4041784998229
 20
2032.1483442508795
  0
LWPOLYLINE
  5
948
330
17
100
AcDbEntity
  8
HIDDEN
100
AcDbPolyline
 90
2
 70
0
 10
997.4041784998229
 20
2039.2464726460062
 10
985.4041784998229
 20
2039.2464726460062
  0
LWPOLYLINE
  5
949
330
17
100
AcDbEntity
  8
HIDDEN
100
AcDbPolyline
 90
2
 70
0
 10
997.4041784998229
 20
2044.4316548087868
 10
985.4041784998229
 20
2044.4316548087868
  0
LWPOLYLINE
  5
94A
330
17
100
AcDbEntity
  8
HIDDEN
100
AcDbPolyline
 90
2
 70
0
 10
997.4041784998229
 20
2093.950541701391
 10
985.4041784998229
 20
2093.950541701391
  0
LWPOLYLINE
  5
94B
330
17
100
AcDbEntity
  8
HIDDEN
100
AcDbPolyline
 90
2
 70
0
 10
997.4041784998229
 20
2095.3804320344216
 10
985.4041784998229
 20
2095.3804320344216
  0
LWPOLYLINE
  5
94C
330
17
100
AcDbEntity
  8
HIDDEN
100
AcDbPolyline
 90
2
 70
0
 10
997.4041784998229
 20
2003.1420664283041
 10
985.4041784998229
 20
2003.1420664283041
  0
LWPOLYLINE
  5
94D
330
17
100
AcDbEntity
  8
HIDDEN
100
AcDbPolyline
 90
2
 70
0
 10
997.4041784998229
 20
2008.1110126382873
 10
985.4041784998229
 20
2008.1110126382873
  0
LWPOLYLINE
  5
94E
330
17
100
AcDbEntity
  8
HIDDEN
100
AcDbPolyline
 90
2
 70
0
 10
997.4041784998229
 20
2012.793269745041
 10
985.4041784998229
 20
2012.793269745041
  0
LWPOLYLINE
  5
94F
330
17
100
AcDbEntity
  8
HIDDEN
100
AcDbPolyline
 90
2
 70
0
 10
997.4041784998229
 20
2017.1961957421968
 10
985.4041784998229
 20
2017.1961957421968
  0
LWPOLYLINE
  5
950
330
17
100
AcDbEntity
  8
HIDDEN
100
AcDbPolyline
 90
2
 70
0
 10
997.4041784998229
 20
2020.9788206088858
 10
985.4041784998229
 20
2020.9788206088858
  0
LWPOLYLINE
  5
951
330
17
100
AcDbEntity
  8
HIDDEN
100
AcDbPolyline
 90
2
 70
0
 10
997.4041784998229
 20
2024.1470885999931
 10
985.4041784998229
 20
2024.1470885999931
  0
LWPOLYLINE
  5
952
330
17
100
AcDbEntity
  8
HIDDEN
100
AcDbPolyline
 90
2
 70
0
 10
997.4041784998229
 20
2026.4556436946036
 10
985.4041784998229
 20
2026.4556436946036
  0
LWPOLYLINE
  5
953
330
17
100
AcDbEntity
  8
HIDDEN
100
AcDbPolyline
 90
2
 70
0
 10
997.4041784998229
 20
2027.8884284623296
 10
985.4041784998229
 20
2027.8884284623296
  0
LWPOLYLINE
  5
954
330
17
100
AcDbEntity
  8
HIDDEN
100
AcDbPolyline
 90
2
 70
0
 10
997.4041784998229
 20
2028.3920168918835
 10
985.4041784998229
 20
2028.3920168918835
  0
LWPOLYLINE
  5
955
330
17
100
AcDbEntity
  8
HIDDEN
100
AcDbPolyline
 90
2
 70
0
 10
997.4041784998229
 20
2027.908113701549
 10
985.4041784998229
 20
2027.908113701549
  0
LWPOLYLINE
  5
956
330
17
100
AcDbEntity
  8
HIDDEN
100
AcDbPolyline
 90
2
 70
0
 10
997.4041784998229
 20
2026.4938784103797
 10
985.4041784998229
 20
2026.4938784103797
  0
LWPOLYLINE
  5
957
330
17
100
AcDbEntity
  8
HIDDEN
100
AcDbPolyline
 90
2
 70
0
 10
997.4041784998229
 20
2024.202436512121
 10
985.4041784998229
 20
2024.202436512121
  0
LWPOLYLINE
  5
958
330
17
100
AcDbEntity
  8
HIDDEN
100
AcDbPolyline
 90
2
 70
0
 10
997.4041784998229
 20
2021.0494836344258
 10
985.4041784998229
 20
2021.0494836344258
  0
LWPOLYLINE
  5
959
330
17
100
AcDbEntity
  8
HIDDEN
100
AcDbPolyline
 90
2
 70
0
 10
997.4041784998229
 20
2017.1961957421968
 10
985.4041784998229
 20
2017.1961957421968
  0
LWPOLYLINE
  5
95A
330
17
100
AcDbEntity
  8
HIDDEN
100
AcDbPolyline
 90
2
 70
0
 10
997.4041784998229
 20
2012.793269745041
 10
985.4041784998229
 20
2012.793269745041
  0
LWPOLYLINE
  5
95B
330
17
100
AcDbEntity
  8
HIDDEN
100
AcDbPolyline
 90
2
 70
0
 10
997.4041784998229
 20
2008.1110126382873
 10
985.4041784998229
 20
2008.1110126382873
  0
LWPOLYLINE
  5
95C
330
17
100
AcDbEntity
  8
HIDDEN
100
AcDbPolyline
 90
2
 70
0
 10
997.4041784998229
 20
2003.1420664283041
 10
985.4041784998229
 20
2003.1420664283041
  0
LWPOLYLINE
  5
95D
330
17
100
AcDbEntity
  8
HIDDEN
100
AcDbPolyline
 90
2
 70
0
 10
997.4041784998229
 20
1998.1731202183212
 10
985.4041784998229
 20
1998.1731202183212
  0
LWPOLYLINE
  5
95E
330
17
100
AcDbEntity
  8
HIDDEN
100
AcDbPolyline
 90
2
 70
0
 10
997.4041784998229
 20
1993.4908631115675
 10
985.4041784998229
 20
1993.4908631115675
  0
LWPOLYLINE
  5
95F
330
17
100
AcDbEntity
  8
HIDDEN
100
AcDbPolyline
 90
2
 70
0
 10
997.4041784998229
 20
1989.1711517174251
 10
985.4041784998229
 20
1989.1711517174251
  0
LWPOLYLINE
  5
960
330
17
100
AcDbEntity
  8
HIDDEN
100
AcDbPolyline
 90
2
 70
0
 10
997.4041784998229
 20
1985.3053122477227
 10
985.4041784998229
 20
1985.3053122477227
  0
LWPOLYLINE
  5
961
330
17
100
AcDbEntity
  8
HIDDEN
100
AcDbPolyline
 90
2
 70
0
 10
997.4041784998229
 20
1982.1927218361006
 10
985.4041784998229
 20
1982.1927218361006
  0
LWPOLYLINE
  5
962
330
17
100
AcDbEntity
  8
HIDDEN
100
AcDbPolyline
 90
2
 70
0
 10
997.4041784998229
 20
1979.8284891620049
 10
985.4041784998229
 20
1979.8284891620049
  0
LWPOLYLINE
  5
963
330
17
100
AcDbEntity
  8
HIDDEN
100
AcDbPolyline
 90
2
 70
0
 10
997.4041784998229
 20
1978.395704394279
 10
985.4041784998229
 20
1978.395704394279
  0
LWPOLYLINE
  5
964
330
17
100
AcDbEntity
  8
HIDDEN
100
AcDbPolyline
 90
2
 70
0
 10
997.4041784998229
 20
1977.892115964725
 10
985.4041784998229
 20
1977.892115964725
  0
LWPOLYLINE
  5
965
330
17
100
AcDbEntity
  8
HIDDEN
100
AcDbPolyline
 90
2
 70
0
 10
997.4041784998229
 20
1978.356722611329
 10
985.4041784998229
 20
1978.356722611329
  0
LWPOLYLINE
  5
966
330
17
100
AcDbEntity
  8
HIDDEN
100
AcDbPolyline
 90
2
 70
0
 10
997.4041784998229
 20
1979.7902544462288
 10
985.4041784998229
 20
1979.7902544462288
  0
LWPOLYLINE
  5
967
330
17
100
AcDbEntity
  8
HIDDEN
100
AcDbPolyline
 90
2
 70
0
 10
997.4041784998229
 20
1982.1370442566154
 10
985.4041784998229
 20
1982.1370442566154
  0
LWPOLYLINE
  5
968
330
17
100
AcDbEntity
  8
HIDDEN
100
AcDbPolyline
 90
2
 70
0
 10
997.4041784998229
 20
1985.2346492221827
 10
985.4041784998229
 20
1985.2346492221827
  0
LWPOLYLINE
  5
969
330
17
100
AcDbEntity
  8
HIDDEN
100
AcDbPolyline
 90
2
 70
0
 10
997.4041784998229
 20
1989.0879371144117
 10
985.4041784998229
 20
1989.0879371144117
  0
LWPOLYLINE
  5
96A
330
17
100
AcDbEntity
  8
HIDDEN
100
AcDbPolyline
 90
2
 70
0
 10
997.4041784998229
 20
1993.4908631115675
 10
985.4041784998229
 20
1993.4908631115675
  0
LWPOLYLINE
  5
96B
330
17
100
AcDbEntity
  8
HIDDEN
100
AcDbPolyline
 90
2
 70
0
 10
997.4041784998229
 20
1998.1731202183212
 10
985.4041784998229
 20
1998.1731202183212
  0
LWPOLYLINE
  5
96C
330
17
100
AcDbEntity
  8
HIDDEN
100
AcDbPolyline
 90
2
 70
0
 10
997.4041784998229
 20
2051.0220664283042
 10
985.4041784998229
 20
2051.0220664283042
  0
LWPOLYLINE
  5
96D
330
17
100
AcDbEntity
  8
HIDDEN
100
AcDbPolyline
 90
2
 70
0
 10
997.4041784998229
 20
2055.9910126382874
 10
985.4041784998229
 20
2055.9910126382874
  0
LWPOLYLINE
  5
96E
330
17
100
AcDbEntity
  8
HIDDEN
100
AcDbPolyline
 90
2
 70
0
 10
997.4041784998229
 20
2046.0531202183213
 10
985.4041784998229
 20
2046.0531202183213
  0
LWPOLYLINE
  5
96F
330
17
100
AcDbEntity
  8
HIDDEN
100
AcDbPolyline
 90
2
 70
0
 10
997.4041784998229
 20
2060.673269745041
 10
985.4041784998229
 20
2060.673269745041
  0
LWPOLYLINE
  5
970
330
17
100
AcDbEntity
  8
HIDDEN
100
AcDbPolyline
 90
2
 70
0
 10
997.4041784998229
 20
2041.278502815007
 10
985.4041784998229
 20
2041.278502815007
  0
LWPOLYLINE
  5
971
330
17
100
AcDbEntity
  8
HIDDEN
100
AcDbPolyline
 90
2
 70
0
 10
997.4041784998229
 20
2065.076195742197
 10
985.4041784998229
 20
2065.076195742197
  0
LWPOLYLINE
  5
972
330
17
100
AcDbEntity
  8
HIDDEN
100
AcDbPolyline
 90
2
 70
0
 10
997.4041784998229
 20
2036.884943086632
 10
985.4041784998229
 20
2036.884943086632
  0
LWPOLYLINE
  5
973
330
17
100
AcDbEntity
  8
HIDDEN
100
AcDbPolyline
 90
2
 70
0
 10
997.4041784998229
 20
2068.8588206088857
 10
985.4041784998229
 20
2068.8588206088857
  0
LWPOLYLINE
  5
974
330
17
100
AcDbEntity
  8
HIDDEN
100
AcDbPolyline
 90
2
 70
0
 10
997.4041784998229
 20
2033.1146492221826
 10
985.4041784998229
 20
2033.1146492221826
  0
LWPOLYLINE
  5
975
330
17
100
AcDbEntity
  8
HIDDEN
100
AcDbPolyline
 90
2
 70
0
 10
997.4041784998229
 20
2072.027088599993
 10
985.4041784998229
 20
2072.027088599993
  0
LWPOLYLINE
  5
976
330
17
100
AcDbEntity
  8
HIDDEN
100
AcDbPolyline
 90
2
 70
0
 10
997.4041784998229
 20
2030.0170442566152
 10
985.4041784998229
 20
2030.0170442566152
  0
LWPOLYLINE
  5
977
330
17
100
AcDbEntity
  8
HIDDEN
100
AcDbPolyline
 90
2
 70
0
 10
997.4041784998229
 20
2074.3356436946037
 10
985.4041784998229
 20
2074.3356436946037
  0
LWPOLYLINE
  5
978
330
17
100
AcDbEntity
  8
HIDDEN
100
AcDbPolyline
 90
2
 70
0
 10
997.4041784998229
 20
2027.6702544462287
 10
985.4041784998229
 20
2027.6702544462287
  0
LWPOLYLINE
  5
979
330
17
100
AcDbEntity
  8
HIDDEN
100
AcDbPolyline
 90
2
 70
0
 10
997.4041784998229
 20
2075.7684284623297
 10
985.4041784998229
 20
2075.7684284623297
  0
LWPOLYLINE
  5
97A
330
17
100
AcDbEntity
  8
HIDDEN
100
AcDbPolyline
 90
2
 70
0
 10
997.4041784998229
 20
2026.2560191550597
 10
985.4041784998229
 20
2026.2560191550597
  0
LWPOLYLINE
  5
97B
330
17
100
AcDbEntity
  8
HIDDEN
100
AcDbPolyline
 90
2
 70
0
 10
997.4041784998229
 20
2076.2720168918836
 10
985.4041784998229
 20
2076.2720168918836
  0
LWPOLYLINE
  5
97C
330
17
100
AcDbEntity
  8
HIDDEN
100
AcDbPolyline
 90
2
 70
0
 10
997.4041784998229
 20
2025.7721159647251
 10
985.4041784998229
 20
2025.7721159647251
  0
LWPOLYLINE
  5
97D
330
17
100
AcDbEntity
  8
HIDDEN
100
AcDbPolyline
 90
2
 70
0
 10
997.4041784998229
 20
2075.788113701549
 10
985.4041784998229
 20
2075.788113701549
  0
LWPOLYLINE
  5
97E
330
17
100
AcDbEntity
  8
HIDDEN
100
AcDbPolyline
 90
2
 70
0
 10
997.4041784998229
 20
2026.275704394279
 10
985.4041784998229
 20
2026.275704394279
  0
LWPOLYLINE
  5
97F
330
17
100
AcDbEntity
  8
HIDDEN
100
AcDbPolyline
 90
2
 70
0
 10
997.4041784998229
 20
2074.3356436946037
 10
985.4041784998229
 20
2074.3356436946037
  0
LWPOLYLINE
  5
980
330
17
100
AcDbEntity
  8
HIDDEN
100
AcDbPolyline
 90
2
 70
0
 10
997.4041784998229
 20
2027.7084891620048
 10
985.4041784998229
 20
2027.7084891620048
  0
LWPOLYLINE
  5
981
330
17
100
AcDbEntity
  8
HIDDEN
100
AcDbPolyline
 90
2
 70
0
 10
997.4041784998229
 20
2072.027088599993
 10
985.4041784998229
 20
2072.027088599993
  0
LWPOLYLINE
  5
982
330
17
100
AcDbEntity
  8
HIDDEN
100
AcDbPolyline
 90
2
 70
0
 10
997.4041784998229
 20
2030.0727218361005
 10
985.4041784998229
 20
2030.0727218361005
  0
LWPOLYLINE
  5
983
330
17
100
AcDbEntity
  8
HIDDEN
100
AcDbPolyline
 90
2
 70
0
 10
997.4041784998229
 20
2068.8588206088857
 10
985.4041784998229
 20
2068.8588206088857
  0
LWPOLYLINE
  5
984
330
17
100
AcDbEntity
  8
HIDDEN
100
AcDbPolyline
 90
2
 70
0
 10
997.4041784998229
 20
2033.1853122477225
 10
985.4041784998229
 20
2033.1853122477225
  0
LWPOLYLINE
  5
985
330
17
100
AcDbEntity
  8
HIDDEN
100
AcDbPolyline
 90
2
 70
0
 10
997.4041784998229
 20
2064.9929811391835
 10
985.4041784998229
 20
2064.9929811391835
  0
LWPOLYLINE
  5
986
330
17
100
AcDbEntity
  8
HIDDEN
100
AcDbPolyline
 90
2
 70
0
 10
997.4041784998229
 20
2036.9679371144118
 10
985.4041784998229
 20
2036.9679371144118
  0
LWPOLYLINE
  5
987
330
17
100
AcDbEntity
  8
HIDDEN
100
AcDbPolyline
 90
2
 70
0
 10
997.4041784998229
 20
2060.673269745041
 10
985.4041784998229
 20
2060.673269745041
  0
LWPOLYLINE
  5
988
330
17
100
AcDbEntity
  8
HIDDEN
100
AcDbPolyline
 90
2
 70
0
 10
997.4041784998229
 20
2041.3708631115676
 10
985.4041784998229
 20
2041.3708631115676
  0
LWPOLYLINE
  5
989
330
17
100
AcDbEntity
  8
HIDDEN
100
AcDbPolyline
 90
2
 70
0
 10
997.4041784998229
 20
2055.9910126382874
 10
985.4041784998229
 20
2055.9910126382874
  0
LWPOLYLINE
  5
98A
330
17
100
AcDbEntity
  8
HIDDEN
100
AcDbPolyline
 90
2
 70
0
 10
997.4041784998229
 20
2046.0531202183213
 10
985.4041784998229
 20
2046.0531202183213
  0
LWPOLYLINE
  5
98B
330
17
100
AcDbEntity
  8
HIDDEN
100
AcDbPolyline
 90
2
 70
0
 10
997.4041784998229
 20
2051.0220664283042
 10
985.4041784998229
 20
2051.0220664283042
  0
LWPOLYLINE
  5
98C
330
17
100
AcDbEntity
  8
HIDDEN
100
AcDbPolyline
 90
2
 70
0
 10
1128.904178499823
 20
1769.0532675106726
 10
744.9041784998229
 20
1769.0532675106726
  0
LWPOLYLINE
  5
98D
330
17
100
AcDbEntity
  8
HIDDEN
100
AcDbPolyline
 90
2
 70
0
 10
1128.904178499823
 20
1599.5872585929474
 10
744.9041784998229
 20
1599.5872585929474
  0
LWPOLYLINE
  5
98E
330
17
100
AcDbEntity
  8
HIDDEN
100
AcDbPolyline
 90
2
 70
0
 10
1128.904178499823
 20
1604.2572522629214
 10
744.9041784998229
 20
1604.2572522629214
  0
LWPOLYLINE
  5
98F
330
17
100
AcDbEntity
  8
HIDDEN
100
AcDbPolyline
 90
2
 70
0
 10
1128.904178499823
 20
1611.9517409117302
 10
744.9041784998229
 20
1611.9517409117302
  0
LWPOLYLINE
  5
990
330
17
100
AcDbEntity
  8
HIDDEN
100
AcDbPolyline
 90
2
 70
0
 10
1128.904178499823
 20
1622.5390697052778
 10
744.9041784998229
 20
1622.5390697052778
  0
LWPOLYLINE
  5
991
330
17
100
AcDbEntity
  8
HIDDEN
100
AcDbPolyline
 90
2
 70
0
 10
1128.904178499823
 20
1635.8380865125448
 10
744.9041784998229
 20
1635.8380865125448
  0
LWPOLYLINE
  5
992
330
17
100
AcDbEntity
  8
HIDDEN
100
AcDbPolyline
 90
2
 70
0
 10
1128.904178499823
 20
1651.6212414687732
 10
744.9041784998229
 20
1651.6212414687732
  0
LWPOLYLINE
  5
993
330
17
100
AcDbEntity
  8
HIDDEN
100
AcDbPolyline
 90
2
 70
0
 10
1128.904178499823
 20
1669.6184804167465
 10
744.9041784998229
 20
1669.6184804167465
  0
LWPOLYLINE
  5
994
330
17
100
AcDbEntity
  8
HIDDEN
100
AcDbPolyline
 90
2
 70
0
 10
1128.904178499823
 20
1684.3854376660968
 10
744.9041784998229
 20
1684.3854376660968
  0
LWPOLYLINE
  5
995
330
17
100
AcDbEntity
  8
HIDDEN
100
AcDbPolyline
 90
2
 70
0
 10
1128.904178499823
 20
1694.7562742573446
 10
744.9041784998229
 20
1694.7562742573446
  0
LWPOLYLINE
  5
996
330
17
100
AcDbEntity
  8
HIDDEN
100
AcDbPolyline
 90
2
 70
0
 10
1128.904178499823
 20
1710.9908446045047
 10
744.9041784998229
 20
1710.9908446045047
  0
LWPOLYLINE
  5
997
330
17
100
AcDbEntity
  8
HIDDEN
100
AcDbPolyline
 90
2
 70
0
 10
1128.904178499823
 20
1727.8998539007891
 10
744.9041784998229
 20
1727.8998539007891
  0
LWPOLYLINE
  5
998
330
17
100
AcDbEntity
  8
HIDDEN
100
AcDbPolyline
 90
2
 70
0
 10
1128.904178499823
 20
1745.320459143269
 10
744.9041784998229
 20
1745.320459143269
  0
LWPOLYLINE
  5
999
330
17
100
AcDbEntity
  8
HIDDEN
100
AcDbPolyline
 90
2
 70
0
 10
1128.904178499823
 20
1757.1357208274908
 10
744.9041784998229
 20
1757.1357208274908
  0
LWPOLYLINE
  5
99A
330
17
100
AcDbEntity
  8
HIDDEN
100
AcDbPolyline
 90
2
 70
0
 10
1128.904178499823
 20
1633.8522790022384
 10
744.9041784998229
 20
1633.8522790022384
  0
LWPOLYLINE
  5
99B
330
17
100
AcDbEntity
  8
HIDDEN
100
AcDbPolyline
 90
2
 70
0
 10
1128.904178499823
 20
1624.9223568535335
 10
744.9041784998229
 20
1624.9223568535335
  0
LWPOLYLINE
  5
99C
330
17
100
AcDbEntity
  8
HIDDEN
100
AcDbPolyline
 90
2
 70
0
 10
1128.904178499823
 20
1617.4957602408151
 10
744.9041784998229
 20
1617.4957602408151
  0
LWPOLYLINE
  5
99D
330
17
100
AcDbEntity
  8
HIDDEN
100
AcDbPolyline
 90
2
 70
0
 10
1128.904178499823
 20
1613.415813832722
 10
744.9041784998229
 20
1613.415813832722
  0
LWPOLYLINE
  5
99E
330
17
100
AcDbEntity
  8
HIDDEN
100
AcDbPolyline
 90
2
 70
0
 10
1128.904178499823
 20
1608.646232244201
 10
744.9041784998229
 20
1608.646232244201
  0
LWPOLYLINE
  5
99F
330
17
100
AcDbEntity
  8
HIDDEN
100
AcDbPolyline
 90
2
 70
0
 10
1128.904178499823
 20
1605.5367241690892
 10
744.9041784998229
 20
1605.5367241690892
  0
LWPOLYLINE
  5
9A0
330
17
100
AcDbEntity
  8
HIDDEN
100
AcDbPolyline
 90
2
 70
0
 10
1128.904178499823
 20
1604.11723586998
 10
744.9041784998229
 20
1604.11723586998
  0
LWPOLYLINE
  5
9A1
330
17
100
AcDbEntity
  8
HIDDEN
100
AcDbPolyline
 90
2
 70
0
 10
1128.904178499823
 20
1604.0261054448551
 10
744.9041784998229
 20
1604.0261054448551
  0
LWPOLYLINE
  5
9A2
330
17
100
AcDbEntity
  8
HIDDEN
100
AcDbPolyline
 90
2
 70
0
 10
1128.904178499823
 20
1613.1520784984505
 10
744.9041784998229
 20
1613.1520784984505
  0
LWPOLYLINE
  5
9A3
330
17
100
AcDbEntity
  8
HIDDEN
100
AcDbPolyline
 90
2
 70
0
 10
1128.904178499823
 20
1622.0311987013579
 10
744.9041784998229
 20
1622.0311987013579
  0
LWPOLYLINE
  5
9A4
330
17
100
AcDbEntity
  8
HIDDEN
100
AcDbPolyline
 90
15
 70
0
 10
888.4041784998229
 20
2051.0220664283042
 10
888.4041784998229
 20
2053.821178330887
 10
888.4041784998229
 20
2056.585089777212
 10
888.4041784998229
 20
2059.2790429771835
 10
888.4041784998229
 20
2061.869159906243
 10
888.4041784998229
 20
2064.3228683411876
 10
888.4041784998229
 20
2066.6093114747728
 10
888.4041784998229
 20
2068.6997359579677
 10
888.4041784998229
 20
2070.567853490005
 10
888.4041784998229
 20
2072.1901714090113
 10
888.4041784998229
 20
2073.5462881258645
 10
888.4041784998229
 20
2074.6191496860133
 10
888.4041784998229
 20
2075.39526423285
 10
888.4041784998229
 20
2075.864871675635
 10
888.4041784998229
 20
2076.0220664283042
  0
LWPOLYLINE
  5
9A5
330
17
100
AcDbEntity
  8
HIDDEN
100
AcDbPolyline
 90
15
 70
0
 10
888.4041784998229
 20
2076.0220664283042
 10
888.4041784998229
 20
2075.39526423285
 10
888.4041784998229
 20
2073.5462881258645
 10
888.4041784998229
 20
2070.567853490005
 10
888.4041784998229
 20
2066.6093114747728
 10
888.4041784998229
 20
2061.869159906243
 10
888.4041784998229
 20
2056.585089777212
 10
888.4041784998229
 20
2051.0220664283042
 10
888.4041784998229
 20
2045.4590430793965
 10
888.4041784998229
 20
2040.1749729503654
 10
888.4041784998229
 20
2035.434821381836
 10
888.4041784998229
 20
2031.4762793666034
 10
888.4041784998229
 20
2028.4978447307437
 10
888.4041784998229
 20
2026.6488686237587
 10
888.4041784998229
 20
2026.0220664283042
  0
LWPOLYLINE
  5
9A6
330
17
100
AcDbEntity
  8
HIDDEN
100
AcDbPolyline
 90
15
 70
0
 10
888.4041784998229
 20
2026.0220664283042
 10
888.4041784998229
 20
2026.179261180973
 10
888.4041784998229
 20
2026.6488686237587
 10
888.4041784998229
 20
2027.424983170595
 10
888.4041784998229
 20
2028.4978447307437
 10
888.4041784998229
 20
2029.8539614475972
 10
888.4041784998229
 20
2031.4762793666034
 10
888.4041784998229
 20
2033.3443968986405
 10
888.4041784998229
 20
2035.434821381836
 10
888.4041784998229
 20
2037.721264515421
 10
888.4041784998229
 20
2040.1749729503654
 10
888.4041784998229
 20
2042.765089879425
 10
888.4041784998229
 20
2045.4590430793965
 10
888.4041784998229
 20
2048.2229545257214
 10
888.4041784998229
 20
2051.0220664283042
  0
LWPOLYLINE
  5
9A7
330
17
100
AcDbEntity
  8
HIDDEN
100
AcDbPolyline
 90
15
 70
0
 10
863.4041784998229
 20
2076.0220664283042
 10
863.4041784998229
 20
2075.39526423285
 10
863.4041784998229
 20
2073.5462881258645
 10
863.4041784998229
 20
2070.567853490005
 10
863.4041784998229
 20
2066.6093114747728
 10
863.4041784998229
 20
2061.869159906243
 10
863.4041784998229
 20
2056.585089777212
 10
863.4041784998229
 20
2051.0220664283042
 10
863.4041784998229
 20
2045.4590430793965
 10
863.4041784998229
 20
2040.1749729503654
 10
863.4041784998229
 20
2035.434821381836
 10
863.4041784998229
 20
2031.4762793666034
 10
863.4041784998229
 20
2028.4978447307437
 10
863.4041784998229
 20
2026.6488686237587
 10
863.4041784998229
 20
2026.0220664283042
  0
LWPOLYLINE
  5
9A8
330
17
100
AcDbEntity
  8
HIDDEN
100
AcDbPolyline
 90
15
 70
0
 10
888.4041784998229
 20
2051.0220664283042
 10
888.4041784998229
 20
2052.701533569854
 10
888.4041784998229
 20
2054.359880437649
 10
888.4041784998229
 20
2055.976252357632
 10
888.4041784998229
 20
2057.530322515068
 10
888.4041784998229
 20
2059.0025475760344
 10
888.4041784998229
 20
2060.3744134561853
 10
888.4041784998229
 20
2061.6286681461024
 10
888.4041784998229
 20
2062.7495386653245
 10
888.4041784998229
 20
2063.7229294167287
 10
888.4041784998229
 20
2064.5365994468407
 10
888.4041784998229
 20
2065.18031638293
 10
888.4041784998229
 20
2065.6459851110317
 10
888.4041784998229
 20
2065.927749576703
 10
888.4041784998229
 20
2066.0220664283042
  0
LWPOLYLINE
  5
9A9
330
17
100
AcDbEntity
  8
HIDDEN
100
AcDbPolyline
 90
15
 70
0
 10
888.4041784998229
 20
2066.0220664283042
 10
888.4041784998229
 20
2065.6459851110317
 10
888.4041784998229
 20
2064.5365994468407
 10
888.4041784998229
 20
2062.7495386653245
 10
888.4041784998229
 20
2060.3744134561853
 10
888.4041784998229
 20
2057.530322515068
 10
888.4041784998229
 20
2054.359880437649
 10
888.4041784998229
 20
2051.0220664283042
 10
888.4041784998229
 20
2047.6842524189594
 10
888.4041784998229
 20
2044.5138103415409
 10
888.4041784998229
 20
2041.6697194004232
 10
888.4041784998229
 20
2039.2945941912837
 10
888.4041784998229
 20
2037.507533409768
 10
888.4041784998229
 20
2036.3981477455768
 10
888.4041784998229
 20
2036.0220664283042
  0
LWPOLYLINE
  5
9AA
330
17
100
AcDbEntity
  8
HIDDEN
100
AcDbPolyline
 90
15
 70
0
 10
888.4041784998229
 20
2036.0220664283042
 10
888.4041784998229
 20
2036.1163832799057
 10
888.4041784998229
 20
2036.3981477455768
 10
888.4041784998229
 20
2036.8638164736788
 10
888.4041784998229
 20
2037.507533409768
 10
888.4041784998229
 20
2038.32120343988
 10
888.4041784998229
 20
2039.2945941912837
 10
888.4041784998229
 20
2040.415464710506
 10
888.4041784998229
 20
2041.6697194004232
 10
888.4041784998229
 20
2043.0415852805743
 10
888.4041784998229
 20
2044.5138103415409
 10
888.4041784998229
 20
2046.0678804989768
 10
888.4041784998229
 20
2047.6842524189594
 10
888.4041784998229
 20
2049.3425992867546
 10
888.4041784998229
 20
2051.0220664283042
  0
LWPOLYLINE
  5
9AB
330
17
100
AcDbEntity
  8
HIDDEN
100
AcDbPolyline
 90
15
 70
0
 10
863.4041784998229
 20
2051.0220664283042
 10
863.4041784998229
 20
2052.701533569854
 10
863.4041784998229
 20
2054.359880437649
 10
863.4041784998229
 20
2055.976252357632
 10
863.4041784998229
 20
2057.530322515068
 10
863.4041784998229
 20
2059.0025475760344
 10
863.4041784998229
 20
2060.3744134561853
 10
863.4041784998229
 20
2061.6286681461024
 10
863.4041784998229
 20
2062.7495386653245
 10
863.4041784998229
 20
2063.7229294167287
 10
863.4041784998229
 20
2064.5365994468407
 10
863.4041784998229
 20
2065.18031638293
 10
863.4041784998229
 20
2065.6459851110317
 10
863.4041784998229
 20
2065.927749576703
 10
863.4041784998229
 20
2066.0220664283042
  0
LWPOLYLINE
  5
9AC
330
17
100
AcDbEntity
  8
HIDDEN
100
AcDbPolyline
 90
15
 70
0
 10
863.4041784998229
 20
2066.0220664283042
 10
863.4041784998229
 20
2065.6459851110317
 10
863.4041784998229
 20
2064.5365994468407
 10
863.4041784998229
 20
2062.7495386653245
 10
863.4041784998229
 20
2060.3744134561853
 10
863.4041784998229
 20
2057.530322515068
 10
863.4041784998229
 20
2054.359880437649
 10
863.4041784998229
 20
2051.0220664283042
 10
863.4041784998229
 20
2047.6842524189594
 10
863.4041784998229
 20
2044.5138103415409
 10
863.4041784998229
 20
2041.6697194004232
 10
863.4041784998229
 20
2039.2945941912837
 10
863.4041784998229
 20
2037.507533409768
 10
863.4041784998229
 20
2036.3981477455768
 10
863.4041784998229
 20
2036.0220664283042
  0
LWPOLYLINE
  5
9AD
330
17
100
AcDbEntity
  8
HIDDEN
100
AcDbPolyline
 90
15
 70
0
 10
863.4041784998229
 20
2036.0220664283042
 10
863.4041784998229
 20
2036.1163832799057
 10
863.4041784998229
 20
2036.3981477455768
 10
863.4041784998229
 20
2036.8638164736788
 10
863.4041784998229
 20
2037.507533409768
 10
863.4041784998229
 20
2038.32120343988
 10
863.4041784998229
 20
2039.2945941912837
 10
863.4041784998229
 20
2040.415464710506
 10
863.4041784998229
 20
2041.6697194004232
 10
863.4041784998229
 20
2043.0415852805743
 10
863.4041784998229
 20
2044.5138103415409
 10
863.4041784998229
 20
2046.0678804989768
 10
863.4041784998229
 20
2047.6842524189594
 10
863.4041784998229
 20
2049.3425992867546
 10
863.4041784998229
 20
2051.0220664283042
  0
LWPOLYLINE
  5
9AE
330
17
100
AcDbEntity
  8
HIDDEN
100
AcDbPolyline
 90
15
 70
0
 10
888.4041784998229
 20
2003.1420664283041
 10
888.4041784998229
 20
2005.941178330887
 10
888.4041784998229
 20
2008.7050897772122
 10
888.4041784998229
 20
2011.3990429771834
 10
888.4041784998229
 20
2013.9891599062432
 10
888.4041784998229
 20
2016.4428683411877
 10
888.4041784998229
 20
2018.7293114747727
 10
888.4041784998229
 20
2020.8197359579679
 10
888.4041784998229
 20
2022.687853490005
 10
888.4041784998229
 20
2024.3101714090114
 10
888.4041784998229
 20
2025.6662881258646
 10
888.4041784998229
 20
2026.7391496860134
 10
888.4041784998229
 20
2027.5152642328499
 10
888.4041784998229
 20
2027.9848716756353
 10
888.4041784998229
 20
2028.1420664283041
  0
LWPOLYLINE
  5
9AF
330
17
100
AcDbEntity
  8
HIDDEN
100
AcDbPolyline
 90
15
 70
0
 10
888.4041784998229
 20
2028.1420664283041
 10
888.4041784998229
 20
2027.5152642328499
 10
888.4041784998229
 20
2025.6662881258646
 10
888.4041784998229
 20
2022.687853490005
 10
888.4041784998229
 20
2018.7293114747727
 10
888.4041784998229
 20
2013.9891599062432
 10
888.4041784998229
 20
2008.7050897772122
 10
888.4041784998229
 20
2003.1420664283041
 10
888.4041784998229
 20
1997.5790430793963
 10
888.4041784998229
 20
1992.2949729503653
 10
888.4041784998229
 20
1987.5548213818358
 10
888.4041784998229
 20
1983.5962793666035
 10
888.4041784998229
 20
1980.6178447307439
 10
888.4041784998229
 20
1978.7688686237586
 10
888.4041784998229
 20
1978.1420664283041
  0
LWPOLYLINE
  5
9B0
330
17
100
AcDbEntity
  8
HIDDEN
100
AcDbPolyline
 90
15
 70
0
 10
888.4041784998229
 20
1978.1420664283041
 10
888.4041784998229
 20
1978.2992611809732
 10
888.4041784998229
 20
1978.7688686237586
 10
888.4041784998229
 20
1979.544983170595
 10
888.4041784998229
 20
1980.6178447307439
 10
888.4041784998229
 20
1981.973961447597
 10
888.4041784998229
 20
1983.5962793666035
 10
888.4041784998229
 20
1985.4643968986406
 10
888.4041784998229
 20
1987.5548213818358
 10
888.4041784998229
 20
1989.8412645154208
 10
888.4041784998229
 20
1992.2949729503653
 10
888.4041784998229
 20
1994.885089879425
 10
888.4041784998229
 20
1997.5790430793963
 10
888.4041784998229
 20
2000.3429545257216
 10
888.4041784998229
 20
2003.1420664283041
  0
LWPOLYLINE
  5
9B1
330
17
100
AcDbEntity
  8
HIDDEN
100
AcDbPolyline
 90
15
 70
0
 10
863.4041784998229
 20
2026.0220664283042
 10
863.4041784998229
 20
2026.3104835873323
 10
863.4041784998229
 20
2026.5785645315877
 10
863.4041784998229
 20
2026.826073951441
 10
863.4041784998229
 20
2027.0527945940394
 10
863.4041784998229
 20
2027.2585274540022
 10
863.4041784998229
 20
2027.443091948098
 10
863.4041784998229
 20
2027.6063260737544
 10
863.4041784998229
 20
2027.7480865512548
 10
863.4041784998229
 20
2027.868248949504
 10
863.4041784998229
 20
2027.966707795249
 10
863.4041784998229
 20
2028.0433766656568
 10
863.4041784998229
 20
2028.0981882641747
 10
863.4041784998229
 20
2028.1310944795987
 10
863.4041784998229
 20
2028.1420664283041
  0
LWPOLYLINE
  5
9B2
330
17
100
AcDbEntity
  8
HIDDEN
100
AcDbPolyline
 90
15
 70
0
 10
863.4041784998229
 20
2028.1420664283041
 10
863.4041784998229
 20
2027.5152642328499
 10
863.4041784998229
 20
2025.6662881258646
 10
863.4041784998229
 20
2022.687853490005
 10
863.4041784998229
 20
2018.7293114747727
 10
863.4041784998229
 20
2013.9891599062432
 10
863.4041784998229
 20
2008.7050897772122
 10
863.4041784998229
 20
2003.1420664283041
 10
863.4041784998229
 20
1997.5790430793963
 10
863.4041784998229
 20
1992.2949729503653
 10
863.4041784998229
 20
1987.5548213818358
 10
863.4041784998229
 20
1983.5962793666035
 10
863.4041784998229
 20
1980.6178447307439
 10
863.4041784998229
 20
1978.7688686237586
 10
863.4041784998229
 20
1978.1420664283041
  0
LWPOLYLINE
  5
9B3
330
17
100
AcDbEntity
  8
HIDDEN
100
AcDbPolyline
 90
15
 70
0
 10
888.4041784998229
 20
2003.1420664283041
 10
888.4041784998229
 20
2004.821533569854
 10
888.4041784998229
 20
2006.479880437649
 10
888.4041784998229
 20
2008.0962523576318
 10
888.4041784998229
 20
2009.6503225150677
 10
888.4041784998229
 20
2011.1225475760343
 10
888.4041784998229
 20
2012.4944134561852
 10
888.4041784998229
 20
2013.7486681461025
 10
888.4041784998229
 20
2014.8695386653246
 10
888.4041784998229
 20
2015.8429294167286
 10
888.4041784998229
 20
2016.6565994468406
 10
888.4041784998229
 20
2017.3003163829299
 10
888.4041784998229
 20
2017.7659851110316
 10
888.4041784998229
 20
2018.047749576703
 10
888.4041784998229
 20
2018.1420664283041
  0
LWPOLYLINE
  5
9B4
330
17
100
AcDbEntity
  8
HIDDEN
100
AcDbPolyline
 90
15
 70
0
 10
888.4041784998229
 20
2018.1420664283041
 10
888.4041784998229
 20
2017.7659851110316
 10
888.4041784998229
 20
2016.6565994468406
 10
888.4041784998229
 20
2014.8695386653246
 10
888.4041784998229
 20
2012.4944134561852
 10
888.4041784998229
 20
2009.6503225150677
 10
888.4041784998229
 20
2006.479880437649
 10
888.4041784998229
 20
2003.1420664283041
 10
888.4041784998229
 20
1999.8042524189595
 10
888.4041784998229
 20
1996.6338103415408
 10
888.4041784998229
 20
1993.7897194004233
 10
888.4041784998229
 20
1991.4145941912839
 10
888.4041784998229
 20
1989.627533409768
 10
888.4041784998229
 20
1988.518147745577
 10
888.4041784998229
 20
1988.1420664283041
  0
LWPOLYLINE
  5
9B5
330
17
100
AcDbEntity
  8
HIDDEN
100
AcDbPolyline
 90
15
 70
0
 10
888.4041784998229
 20
1988.1420664283041
 10
888.4041784998229
 20
1988.2363832799056
 10
888.4041784998229
 20
1988.518147745577
 10
888.4041784998229
 20
1988.9838164736786
 10
888.4041784998229
 20
1989.627533409768
 10
888.4041784998229
 20
1990.44120343988
 10
888.4041784998229
 20
1991.4145941912839
 10
888.4041784998229
 20
1992.535464710506
 10
888.4041784998229
 20
1993.7897194004233
 10
888.4041784998229
 20
1995.1615852805742
 10
888.4041784998229
 20
1996.6338103415408
 10
888.4041784998229
 20
1998.1878804989767
 10
888.4041784998229
 20
1999.8042524189595
 10
888.4041784998229
 20
2001.4625992867545
 10
888.4041784998229
 20
2003.1420664283041
  0
LWPOLYLINE
  5
9B6
330
17
100
AcDbEntity
  8
HIDDEN
100
AcDbPolyline
 90
15
 70
0
 10
863.4041784998229
 20
2003.1420664283041
 10
863.4041784998229
 20
2004.821533569854
 10
863.4041784998229
 20
2006.479880437649
 10
863.4041784998229
 20
2008.0962523576318
 10
863.4041784998229
 20
2009.6503225150677
 10
863.4041784998229
 20
2011.1225475760343
 10
863.4041784998229
 20
2012.4944134561852
 10
863.4041784998229
 20
2013.7486681461025
 10
863.4041784998229
 20
2014.8695386653246
 10
863.4041784998229
 20
2015.8429294167286
 10
863.4041784998229
 20
2016.6565994468406
 10
863.4041784998229
 20
2017.3003163829299
 10
863.4041784998229
 20
2017.7659851110316
 10
863.4041784998229
 20
2018.047749576703
 10
863.4041784998229
 20
2018.1420664283041
  0
LWPOLYLINE
  5
9B7
330
17
100
AcDbEntity
  8
HIDDEN
100
AcDbPolyline
 90
15
 70
0
 10
863.4041784998229
 20
2018.1420664283041
 10
863.4041784998229
 20
2017.7659851110316
 10
863.4041784998229
 20
2016.6565994468406
 10
863.4041784998229
 20
2014.8695386653246
 10
863.4041784998229
 20
2012.4944134561852
 10
863.4041784998229
 20
2009.6503225150677
 10
863.4041784998229
 20
2006.479880437649
 10
863.4041784998229
 20
2003.1420664283041
 10
863.4041784998229
 20
1999.8042524189595
 10
863.4041784998229
 20
1996.6338103415408
 10
863.4041784998229
 20
1993.7897194004233
 10
863.4041784998229
 20
1991.4145941912839
 10
863.4041784998229
 20
1989.627533409768
 10
863.4041784998229
 20
1988.518147745577
 10
863.4041784998229
 20
1988.1420664283041
  0
LWPOLYLINE
  5
9B8
330
17
100
AcDbEntity
  8
HIDDEN
100
AcDbPolyline
 90
15
 70
0
 10
863.4041784998229
 20
1988.1420664283041
 10
863.4041784998229
 20
1988.2363832799056
 10
863.4041784998229
 20
1988.518147745577
 10
863.4041784998229
 20
1988.9838164736786
 10
863.4041784998229
 20
1989.627533409768
 10
863.4041784998229
 20
1990.44120343988
 10
863.4041784998229
 20
1991.4145941912839
 10
863.4041784998229
 20
1992.535464710506
 10
863.4041784998229
 20
1993.7897194004233
 10
863.4041784998229
 20
1995.1615852805742
 10
863.4041784998229
 20
1996.6338103415408
 10
863.4041784998229
 20
1998.1878804989767
 10
863.4041784998229
 20
1999.8042524189595
 10
863.4041784998229
 20
2001.4625992867545
 10
863.4041784998229
 20
2003.1420664283041
  0
LWPOLYLINE
  5
9B9
330
17
100
AcDbEntity
  8
HIDDEN
100
AcDbPolyline
 90
15
 70
0
 10
1010.4041784998229
 20
2076.0220664283042
 10
1010.4041784998229
 20
2075.39526423285
 10
1010.4041784998229
 20
2073.5462881258645
 10
1010.4041784998229
 20
2070.567853490005
 10
1010.4041784998229
 20
2066.6093114747728
 10
1010.4041784998229
 20
2061.869159906243
 10
1010.4041784998229
 20
2056.585089777212
 10
1010.4041784998229
 20
2051.0220664283042
 10
1010.4041784998229
 20
2045.4590430793965
 10
1010.4041784998229
 20
2040.1749729503654
 10
1010.4041784998229
 20
2035.434821381836
 10
1010.4041784998229
 20
2031.4762793666034
 10
1010.4041784998229
 20
2028.4978447307437
 10
1010.4041784998229
 20
2026.6488686237587
 10
1010.4041784998229
 20
2026.0220664283042
  0
LWPOLYLINE
  5
9BA
330
17
100
AcDbEntity
  8
HIDDEN
100
AcDbPolyline
 90
15
 70
0
 10
985.4041784998229
 20
2051.0220664283042
 10
985.4041784998229
 20
2053.821178330887
 10
985.4041784998229
 20
2056.585089777212
 10
985.4041784998229
 20
2059.2790429771835
 10
985.4041784998229
 20
2061.869159906243
 10
985.4041784998229
 20
2064.3228683411876
 10
985.4041784998229
 20
2066.6093114747728
 10
985.4041784998229
 20
2068.6997359579677
 10
985.4041784998229
 20
2070.567853490005
 10
985.4041784998229
 20
2072.1901714090113
 10
985.4041784998229
 20
2073.5462881258645
 10
985.4041784998229
 20
2074.6191496860133
 10
985.4041784998229
 20
2075.39526423285
 10
985.4041784998229
 20
2075.864871675635
 10
985.4041784998229
 20
2076.0220664283042
  0
LWPOLYLINE
  5
9BB
330
17
100
AcDbEntity
  8
HIDDEN
100
AcDbPolyline
 90
15
 70
0
 10
985.4041784998229
 20
2076.0220664283042
 10
985.4041784998229
 20
2075.39526423285
 10
985.4041784998229
 20
2073.5462881258645
 10
985.4041784998229
 20
2070.567853490005
 10
985.4041784998229
 20
2066.6093114747728
 10
985.4041784998229
 20
2061.869159906243
 10
985.4041784998229
 20
2056.585089777212
 10
985.4041784998229
 20
2051.0220664283042
 10
985.4041784998229
 20
2045.4590430793965
 10
985.4041784998229
 20
2040.1749729503654
 10
985.4041784998229
 20
2035.434821381836
 10
985.4041784998229
 20
2031.4762793666034
 10
985.4041784998229
 20
2028.4978447307437
 10
985.4041784998229
 20
2026.6488686237587
 10
985.4041784998229
 20
2026.0220664283042
  0
LWPOLYLINE
  5
9BC
330
17
100
AcDbEntity
  8
HIDDEN
100
AcDbPolyline
 90
15
 70
0
 10
985.4041784998229
 20
2026.0220664283042
 10
985.4041784998229
 20
2026.179261180973
 10
985.4041784998229
 20
2026.6488686237587
 10
985.4041784998229
 20
2027.424983170595
 10
985.4041784998229
 20
2028.4978447307437
 10
985.4041784998229
 20
2029.8539614475972
 10
985.4041784998229
 20
2031.4762793666034
 10
985.4041784998229
 20
2033.3443968986405
 10
985.4041784998229
 20
2035.434821381836
 10
985.4041784998229
 20
2037.721264515421
 10
985.4041784998229
 20
2040.1749729503654
 10
985.4041784998229
 20
2042.765089879425
 10
985.4041784998229
 20
2045.4590430793965
 10
985.4041784998229
 20
2048.2229545257214
 10
985.4041784998229
 20
2051.0220664283042
  0
LWPOLYLINE
  5
9BD
330
17
100
AcDbEntity
  8
HIDDEN
100
AcDbPolyline
 90
15
 70
0
 10
1010.4041784998229
 20
2051.0220664283042
 10
1010.4041784998229
 20
2052.701533569854
 10
1010.4041784998229
 20
2054.359880437649
 10
1010.4041784998229
 20
2055.976252357632
 10
1010.4041784998229
 20
2057.530322515068
 10
1010.4041784998229
 20
2059.0025475760344
 10
1010.4041784998229
 20
2060.3744134561853
 10
1010.4041784998229
 20
2061.6286681461024
 10
1010.4041784998229
 20
2062.7495386653245
 10
1010.4041784998229
 20
2063.7229294167287
 10
1010.4041784998229
 20
2064.5365994468407
 10
1010.4041784998229
 20
2065.18031638293
 10
1010.4041784998229
 20
2065.6459851110317
 10
1010.4041784998229
 20
2065.927749576703
 10
1010.4041784998229
 20
2066.0220664283042
  0
LWPOLYLINE
  5
9BE
330
17
100
AcDbEntity
  8
HIDDEN
100
AcDbPolyline
 90
15
 70
0
 10
1010.4041784998229
 20
2066.0220664283042
 10
1010.4041784998229
 20
2065.6459851110317
 10
1010.4041784998229
 20
2064.5365994468407
 10
1010.4041784998229
 20
2062.7495386653245
 10
1010.4041784998229
 20
2060.3744134561853
 10
1010.4041784998229
 20
2057.530322515068
 10
1010.4041784998229
 20
2054.359880437649
 10
1010.4041784998229
 20
2051.0220664283042
 10
1010.4041784998229
 20
2047.6842524189594
 10
1010.4041784998229
 20
2044.5138103415409
 10
1010.4041784998229
 20
2041.6697194004232
 10
1010.4041784998229
 20
2039.2945941912837
 10
1010.4041784998229
 20
2037.507533409768
 10
1010.4041784998229
 20
2036.3981477455768
 10
1010.4041784998229
 20
2036.0220664283042
  0
LWPOLYLINE
  5
9BF
330
17
100
AcDbEntity
  8
HIDDEN
100
AcDbPolyline
 90
15
 70
0
 10
1010.4041784998229
 20
2036.0220664283042
 10
1010.4041784998229
 20
2036.1163832799057
 10
1010.4041784998229
 20
2036.3981477455768
 10
1010.4041784998229
 20
2036.8638164736788
 10
1010.4041784998229
 20
2037.507533409768
 10
1010.4041784998229
 20
2038.32120343988
 10
1010.4041784998229
 20
2039.2945941912837
 10
1010.4041784998229
 20
2040.415464710506
 10
1010.4041784998229
 20
2041.6697194004232
 10
1010.4041784998229
 20
2043.0415852805743
 10
1010.4041784998229
 20
2044.5138103415409
 10
1010.4041784998229
 20
2046.0678804989768
 10
1010.4041784998229
 20
2047.6842524189594
 10
1010.4041784998229
 20
2049.3425992867546
 10
1010.4041784998229
 20
2051.0220664283042
  0
LWPOLYLINE
  5
9C0
330
17
100
AcDbEntity
  8
HIDDEN
100
AcDbPolyline
 90
15
 70
0
 10
985.4041784998229
 20
2051.0220664283042
 10
985.4041784998229
 20
2052.701533569854
 10
985.4041784998229
 20
2054.359880437649
 10
985.4041784998229
 20
2055.976252357632
 10
985.4041784998229
 20
2057.530322515068
 10
985.4041784998229
 20
2059.0025475760344
 10
985.4041784998229
 20
2060.3744134561853
 10
985.4041784998229
 20
2061.6286681461024
 10
985.4041784998229
 20
2062.7495386653245
 10
985.4041784998229
 20
2063.7229294167287
 10
985.4041784998229
 20
2064.5365994468407
 10
985.4041784998229
 20
2065.18031638293
 10
985.4041784998229
 20
2065.6459851110317
 10
985.4041784998229
 20
2065.927749576703
 10
985.4041784998229
 20
2066.0220664283042
  0
LWPOLYLINE
  5
9C1
330
17
100
AcDbEntity
  8
HIDDEN
100
AcDbPolyline
 90
15
 70
0
 10
985.4041784998229
 20
2066.0220664283042
 10
985.4041784998229
 20
2065.6459851110317
 10
985.4041784998229
 20
2064.5365994468407
 10
985.4041784998229
 20
2062.7495386653245
 10
985.4041784998229
 20
2060.3744134561853
 10
985.4041784998229
 20
2057.530322515068
 10
985.4041784998229
 20
2054.359880437649
 10
985.4041784998229
 20
2051.0220664283042
 10
985.4041784998229
 20
2047.6842524189594
 10
985.4041784998229
 20
2044.5138103415409
 10
985.4041784998229
 20
2041.6697194004232
 10
985.4041784998229
 20
2039.2945941912837
 10
985.4041784998229
 20
2037.507533409768
 10
985.4041784998229
 20
2036.3981477455768
 10
985.4041784998229
 20
2036.0220664283042
  0
LWPOLYLINE
  5
9C2
330
17
100
AcDbEntity
  8
HIDDEN
100
AcDbPolyline
 90
15
 70
0
 10
985.4041784998229
 20
2036.0220664283042
 10
985.4041784998229
 20
2036.1163832799057
 10
985.4041784998229
 20
2036.3981477455768
 10
985.4041784998229
 20
2036.8638164736788
 10
985.4041784998229
 20
2037.507533409768
 10
985.4041784998229
 20
2038.32120343988
 10
985.4041784998229
 20
2039.2945941912837
 10
985.4041784998229
 20
2040.415464710506
 10
985.4041784998229
 20
2041.6697194004232
 10
985.4041784998229
 20
2043.0415852805743
 10
985.4041784998229
 20
2044.5138103415409
 10
985.4041784998229
 20
2046.0678804989768
 10
985.4041784998229
 20
2047.6842524189594
 10
985.4041784998229
 20
2049.3425992867546
 10
985.4041784998229
 20
2051.0220664283042
  0
LWPOLYLINE
  5
9C3
330
17
100
AcDbEntity
  8
HIDDEN
100
AcDbPolyline
 90
15
 70
0
 10
1010.4041784998229
 20
2026.0220664283042
 10
1010.4041784998229
 20
2026.3104835873323
 10
1010.4041784998229
 20
2026.5785645315877
 10
1010.4041784998229
 20
2026.826073951441
 10
1010.4041784998229
 20
2027.0527945940394
 10
1010.4041784998229
 20
2027.2585274540022
 10
1010.4041784998229
 20
2027.443091948098
 10
1010.4041784998229
 20
2027.6063260737544
 10
1010.4041784998229
 20
2027.7480865512548
 10
1010.4041784998229
 20
2027.868248949504
 10
1010.4041784998229
 20
2027.966707795249
 10
1010.4041784998229
 20
2028.0433766656568
 10
1010.4041784998229
 20
2028.0981882641747
 10
1010.4041784998229
 20
2028.1310944795987
 10
1010.4041784998229
 20
2028.1420664283041
  0
LWPOLYLINE
  5
9C4
330
17
100
AcDbEntity
  8
HIDDEN
100
AcDbPolyline
 90
15
 70
0
 10
1010.4041784998229
 20
2028.1420664283041
 10
1010.4041784998229
 20
2027.5152642328499
 10
1010.4041784998229
 20
2025.6662881258646
 10
1010.4041784998229
 20
2022.687853490005
 10
1010.4041784998229
 20
2018.7293114747727
 10
1010.4041784998229
 20
2013.9891599062432
 10
1010.4041784998229
 20
2008.7050897772122
 10
1010.4041784998229
 20
2003.1420664283041
 10
1010.4041784998229
 20
1997.5790430793963
 10
1010.4041784998229
 20
1992.2949729503653
 10
1010.4041784998229
 20
1987.5548213818358
 10
1010.4041784998229
 20
1983.5962793666035
 10
1010.4041784998229
 20
1980.6178447307439
 10
1010.4041784998229
 20
1978.7688686237586
 10
1010.4041784998229
 20
1978.1420664283041
  0
LWPOLYLINE
  5
9C5
330
17
100
AcDbEntity
  8
HIDDEN
100
AcDbPolyline
 90
15
 70
0
 10
985.4041784998229
 20
2003.1420664283041
 10
985.4041784998229
 20
2005.941178330887
 10
985.4041784998229
 20
2008.7050897772122
 10
985.4041784998229
 20
2011.3990429771834
 10
985.4041784998229
 20
2013.9891599062432
 10
985.4041784998229
 20
2016.4428683411877
 10
985.4041784998229
 20
2018.7293114747727
 10
985.4041784998229
 20
2020.8197359579679
 10
985.4041784998229
 20
2022.687853490005
 10
985.4041784998229
 20
2024.3101714090114
 10
985.4041784998229
 20
2025.6662881258646
 10
985.4041784998229
 20
2026.7391496860134
 10
985.4041784998229
 20
2027.5152642328499
 10
985.4041784998229
 20
2027.9848716756353
 10
985.4041784998229
 20
2028.1420664283041
  0
LWPOLYLINE
  5
9C6
330
17
100
AcDbEntity
  8
HIDDEN
100
AcDbPolyline
 90
15
 70
0
 10
985.4041784998229
 20
2028.1420664283041
 10
985.4041784998229
 20
2027.5152642328499
 10
985.4041784998229
 20
2025.6662881258646
 10
985.4041784998229
 20
2022.687853490005
 10
985.4041784998229
 20
2018.7293114747727
 10
985.4041784998229
 20
2013.9891599062432
 10
985.4041784998229
 20
2008.7050897772122
 10
985.4041784998229
 20
2003.1420664283041
 10
985.4041784998229
 20
1997.5790430793963
 10
985.4041784998229
 20
1992.2949729503653
 10
985.4041784998229
 20
1987.5548213818358
 10
985.4041784998229
 20
1983.5962793666035
 10
985.4041784998229
 20
1980.6178447307439
 10
985.4041784998229
 20
1978.7688686237586
 10
985.4041784998229
 20
1978.1420664283041
  0
LWPOLYLINE
  5
9C7
330
17
100
AcDbEntity
  8
HIDDEN
100
AcDbPolyline
 90
15
 70
0
 10
985.4041784998229
 20
1978.1420664283041
 10
985.4041784998229
 20
1978.2992611809732
 10
985.4041784998229
 20
1978.7688686237586
 10
985.4041784998229
 20
1979.544983170595
 10
985.4041784998229
 20
1980.6178447307439
 10
985.4041784998229
 20
1981.973961447597
 10
985.4041784998229
 20
1983.5962793666035
 10
985.4041784998229
 20
1985.4643968986406
 10
985.4041784998229
 20
1987.5548213818358
 10
985.4041784998229
 20
1989.8412645154208
 10
985.4041784998229
 20
1992.2949729503653
 10
985.4041784998229
 20
1994.885089879425
 10
985.4041784998229
 20
1997.5790430793963
 10
985.4041784998229
 20
2000.3429545257216
 10
985.4041784998229
 20
2003.1420664283041
  0
LWPOLYLINE
  5
9C8
330
17
100
AcDbEntity
  8
HIDDEN
100
AcDbPolyline
 90
15
 70
0
 10
1010.4041784998229
 20
2003.1420664283041
 10
1010.4041784998229
 20
2004.821533569854
 10
1010.4041784998229
 20
2006.479880437649
 10
1010.4041784998229
 20
2008.0962523576318
 10
1010.4041784998229
 20
2009.6503225150677
 10
1010.4041784998229
 20
2011.1225475760343
 10
1010.4041784998229
 20
2012.4944134561852
 10
1010.4041784998229
 20
2013.7486681461025
 10
1010.4041784998229
 20
2014.8695386653246
 10
1010.4041784998229
 20
2015.8429294167286
 10
1010.4041784998229
 20
2016.6565994468406
 10
1010.4041784998229
 20
2017.3003163829299
 10
1010.4041784998229
 20
2017.7659851110316
 10
1010.4041784998229
 20
2018.047749576703
 10
1010.4041784998229
 20
2018.1420664283041
  0
LWPOLYLINE
  5
9C9
330
17
100
AcDbEntity
  8
HIDDEN
100
AcDbPolyline
 90
15
 70
0
 10
1010.4041784998229
 20
2018.1420664283041
 10
1010.4041784998229
 20
2017.7659851110316
 10
1010.4041784998229
 20
2016.6565994468406
 10
1010.4041784998229
 20
2014.8695386653246
 10
1010.4041784998229
 20
2012.4944134561852
 10
1010.4041784998229
 20
2009.6503225150677
 10
1010.4041784998229
 20
2006.479880437649
 10
1010.4041784998229
 20
2003.1420664283041
 10
1010.4041784998229
 20
1999.8042524189595
 10
1010.4041784998229
 20
1996.6338103415408
 10
1010.4041784998229
 20
1993.7897194004233
 10
1010.4041784998229
 20
1991.4145941912839
 10
1010.4041784998229
 20
1989.627533409768
 10
1010.4041784998229
 20
1988.518147745577
 10
1010.4041784998229
 20
1988.1420664283041
  0
LWPOLYLINE
  5
9CA
330
17
100
AcDbEntity
  8
HIDDEN
100
AcDbPolyline
 90
15
 70
0
 10
1010.4041784998229
 20
1988.1420664283041
 10
1010.4041784998229
 20
1988.2363832799056
 10
1010.4041784998229
 20
1988.518147745577
 10
1010.4041784998229
 20
1988.9838164736786
 10
1010.4041784998229
 20
1989.627533409768
 10
1010.4041784998229
 20
1990.44120343988
 10
1010.4041784998229
 20
1991.4145941912839
 10
1010.4041784998229
 20
1992.535464710506
 10
1010.4041784998229
 20
1993.7897194004233
 10
1010.4041784998229
 20
1995.1615852805742
 10
1010.4041784998229
 20
1996.6338103415408
 10
1010.4041784998229
 20
1998.1878804989767
 10
1010.4041784998229
 20
1999.8042524189595
 10
1010.4041784998229
 20
2001.4625992867545
 10
1010.4041784998229
 20
2003.1420664283041
  0
LWPOLYLINE
  5
9CB
330
17
100
AcDbEntity
  8
HIDDEN
100
AcDbPolyline
 90
15
 70
0
 10
985.4041784998229
 20
2003.1420664283041
 10
985.4041784998229
 20
2004.821533569854
 10
985.4041784998229
 20
2006.479880437649
 10
985.4041784998229
 20
2008.0962523576318
 10
985.4041784998229
 20
2009.6503225150677
 10
985.4041784998229
 20
2011.1225475760343
 10
985.4041784998229
 20
2012.4944134561852
 10
985.4041784998229
 20
2013.7486681461025
 10
985.4041784998229
 20
2014.8695386653246
 10
985.4041784998229
 20
2015.8429294167286
 10
985.4041784998229
 20
2016.6565994468406
 10
985.4041784998229
 20
2017.3003163829299
 10
985.4041784998229
 20
2017.7659851110316
 10
985.4041784998229
 20
2018.047749576703
 10
985.4041784998229
 20
2018.1420664283041
  0
LWPOLYLINE
  5
9CC
330
17
100
AcDbEntity
  8
HIDDEN
100
AcDbPolyline
 90
15
 70
0
 10
985.4041784998229
 20
2018.1420664283041
 10
985.4041784998229
 20
2017.7659851110316
 10
985.4041784998229
 20
2016.6565994468406
 10
985.4041784998229
 20
2014.8695386653246
 10
985.4041784998229
 20
2012.4944134561852
 10
985.4041784998229
 20
2009.6503225150677
 10
985.4041784998229
 20
2006.479880437649
 10
985.4041784998229
 20
2003.1420664283041
 10
985.4041784998229
 20
1999.8042524189595
 10
985.4041784998229
 20
1996.6338103415408
 10
985.4041784998229
 20
1993.7897194004233
 10
985.4041784998229
 20
1991.4145941912839
 10
985.4041784998229
 20
1989.627533409768
 10
985.4041784998229
 20
1988.518147745577
 10
985.4041784998229
 20
1988.1420664283041
  0
LWPOLYLINE
  5
9CD
330
17
100
AcDbEntity
  8
HIDDEN
100
AcDbPolyline
 90
15
 70
0
 10
985.4041784998229
 20
1988.1420664283041
 10
985.4041784998229
 20
1988.2363832799056
 10
985.4041784998229
 20
1988.518147745577
 10
985.4041784998229
 20
1988.9838164736786
 10
985.4041784998229
 20
1989.627533409768
 10
985.4041784998229
 20
1990.44120343988
 10
985.4041784998229
 20
1991.4145941912839
 10
985.4041784998229
 20
1992.535464710506
 10
985.4041784998229
 20
1993.7897194004233
 10
985.4041784998229
 20
1995.1615852805742
 10
985.4041784998229
 20
1996.6338103415408
 10
985.4041784998229
 20
1998.1878804989767
 10
985.4041784998229
 20
1999.8042524189595
 10
985.4041784998229
 20
2001.4625992867545
 10
985.4041784998229
 20
2003.1420664283041
  0
LWPOLYLINE
  5
9CE
330
17
100
AcDbEntity
  8
HIDDEN
100
AcDbPolyline
 90
2
 70
0
 10
876.4041784998229
 20
2026.0220664283042
 10
888.4041784998229
 20
2026.0220664283042
  0
LWPOLYLINE
  5
9CF
330
17
100
AcDbEntity
  8
HIDDEN
100
AcDbPolyline
 90
2
 70
0
 10
876.4041784998229
 20
2076.0220664283042
 10
888.4041784998229
 20
2076.0220664283042
  0
LWPOLYLINE
  5
9D0
330
17
100
AcDbEntity
  8
HIDDEN
100
AcDbPolyline
 90
2
 70
0
 10
863.4041784998229
 20
2036.0220664283042
 10
888.4041784998229
 20
2036.0220664283042
  0
LWPOLYLINE
  5
9D1
330
17
100
AcDbEntity
  8
HIDDEN
100
AcDbPolyline
 90
2
 70
0
 10
863.4041784998229
 20
2066.0220664283042
 10
888.4041784998229
 20
2066.0220664283042
  0
LWPOLYLINE
  5
9D2
330
17
100
AcDbEntity
  8
HIDDEN
100
AcDbPolyline
 90
2
 70
0
 10
876.4041784998229
 20
1978.1420664283041
 10
888.4041784998229
 20
1978.1420664283041
  0
LWPOLYLINE
  5
9D3
330
17
100
AcDbEntity
  8
HIDDEN
100
AcDbPolyline
 90
2
 70
0
 10
863.4041784998229
 20
2028.1420664283041
 10
888.4041784998229
 20
2028.1420664283041
  0
LWPOLYLINE
  5
9D4
330
17
100
AcDbEntity
  8
HIDDEN
100
AcDbPolyline
 90
2
 70
0
 10
863.4041784998229
 20
1988.1420664283041
 10
888.4041784998229
 20
1988.1420664283041
  0
LWPOLYLINE
  5
9D5
330
17
100
AcDbEntity
  8
HIDDEN
100
AcDbPolyline
 90
2
 70
0
 10
863.4041784998229
 20
2018.1420664283041
 10
888.4041784998229
 20
2018.1420664283041
  0
LWPOLYLINE
  5
9D6
330
17
100
AcDbEntity
  8
HIDDEN
100
AcDbPolyline
 90
2
 70
0
 10
985.4041784998229
 20
2026.0220664283042
 10
997.4041784998229
 20
2026.0220664283042
  0
LWPOLYLINE
  5
9D7
330
17
100
AcDbEntity
  8
HIDDEN
100
AcDbPolyline
 90
2
 70
0
 10
985.4041784998229
 20
2076.0220664283042
 10
997.4041784998229
 20
2076.0220664283042
  0
LWPOLYLINE
  5
9D8
330
17
100
AcDbEntity
  8
HIDDEN
100
AcDbPolyline
 90
2
 70
0
 10
985.4041784998229
 20
2036.0220664283042
 10
1010.4041784998229
 20
2036.0220664283042
  0
LWPOLYLINE
  5
9D9
330
17
100
AcDbEntity
  8
HIDDEN
100
AcDbPolyline
 90
2
 70
0
 10
985.4041784998229
 20
2066.0220664283042
 10
1010.4041784998229
 20
2066.0220664283042
  0
LWPOLYLINE
  5
9DA
330
17
100
AcDbEntity
  8
HIDDEN
100
AcDbPolyline
 90
2
 70
0
 10
985.4041784998229
 20
1978.1420664283041
 10
997.4041784998229
 20
1978.1420664283041
  0
LWPOLYLINE
  5
9DB
330
17
100
AcDbEntity
  8
HIDDEN
100
AcDbPolyline
 90
2
 70
0
 10
985.4041784998229
 20
2028.1420664283041
 10
1010.4041784998229
 20
2028.1420664283041
  0
LWPOLYLINE
  5
9DC
330
17
100
AcDbEntity
  8
HIDDEN
100
AcDbPolyline
 90
2
 70
0
 10
985.4041784998229
 20
1988.1420664283041
 10
1010.4041784998229
 20
1988.1420664283041
  0
LWPOLYLINE
  5
9DD
330
17
100
AcDbEntity
  8
HIDDEN
100
AcDbPolyline
 90
2
 70
0
 10
985.4041784998229
 20
2018.1420664283041
 10
1010.4041784998229
 20
2018.1420664283041
  0
TEXT
  5
9DE
330
17
100
AcDbEntity
  8
NOTE
100
AcDbText
 10
340.0
 20
2120.0
 30
0.0
 40
12.8
  1
主视图 (前视)
  7
CJK
 11
340.0
 21
2120.0
 31
0.0
100
AcDbText
  0
TEXT
  5
9DF
330
17
100
AcDbEntity
  8
NOTE
100
AcDbText
 10
340.0
 20
1121.2180274117534
 30
0.0
 40
12.8
  1
俯视图
  7
CJK
 11
340.0
 21
1121.2180274117534
 31
0.0
100
AcDbText
  0
TEXT
  5
9E0
330
17
100
AcDbEntity
  8
NOTE
100
AcDbText
 10
736.9041784998229
 20
2120.0
 30
0.0
 40
12.8
  1
左视图
  7
CJK
 11
736.9041784998229
 21
2120.0
 31
0.0
100
AcDbText
  0
LINE
  5
9E1
330
17
100
AcDbEntity
  8
CENTER
100
AcDbLine
 10
498.99511400327196
 20
2051.0220664283042
 30
0.0
 11
586.995114003272
 21
2051.0220664283042
 31
0.0
  0
LINE
  5
9E2
330
17
100
AcDbEntity
  8
CENTER
100
AcDbLine
 10
542.995114003272
 20
2007.0220664283042
 30
0.0
 11
542.995114003272
 21
2095.0220664283042
 31
0.0
  0
TEXT
  5
9E3
330
17
100
AcDbEntity
  8
NOTE
100
AcDbText
 10
558.995114003272
 20
2067.0220664283042
 30
0.0
 40
10.4
  1
D
  7
CJK
 11
558.995114003272
 21
2067.0220664283042
 31
0.0
100
AcDbText
  0
LINE
  5
9E4
330
17
100
AcDbEntity
  8
CENTER
100
AcDbLine
 10
367.43511400327196
 20
2003.1420664283041
 30
0.0
 11
455.43511400327196
 21
2003.1420664283041
 31
0.0
  0
LINE
  5
9E5
330
17
100
AcDbEntity
  8
CENTER
100
AcDbLine
 10
411.43511400327196
 20
1959.1420664283041
 30
0.0
 11
411.43511400327196
 21
2047.1420664283041
 31
0.0
  0
TEXT
  5
9E6
330
17
100
AcDbEntity
  8
NOTE
100
AcDbText
 10
427.43511400327196
 20
2019.1420664283041
 30
0.0
 40
10.4
  1
G
  7
CJK
 11
427.43511400327196
 21
2019.1420664283041
 31
0.0
100
AcDbText
  0
LINE
  5
9E7
330
17
100
AcDbEntity
  8
CENTER
100
AcDbLine
 10
652.9041784998229
 20
1628.1603870746455
 30
0.0
 11
740.9041784998229
 21
1628.1603870746455
 31
0.0
  0
LINE
  5
9E8
330
17
100
AcDbEntity
  8
CENTER
100
AcDbLine
 10
696.9041784998229
 20
1584.1603870746455
 30
0.0
 11
696.9041784998229
 21
1672.1603870746455
 31
0.0
  0
TEXT
  5
9E9
330
17
100
AcDbEntity
  8
NOTE
100
AcDbText
 10
712.9041784998229
 20
1644.1603870746455
 30
0.0
 40
10.4
  1
T
  7
CJK
 11
712.9041784998229
 21
1644.1603870746455
 31
0.0
100
AcDbText
  0
LINE
  5
9EA
330
17
100
AcDbEntity
  8
CENTER
100
AcDbLine
 10
298.99511400327196
 20
1956.0220664283042
 30
0.0
 11
386.99511400327196
 21
1956.0220664283042
 31
0.0
  0
LINE
  5
9EB
330
17
100
AcDbEntity
  8
CENTER
100
AcDbLine
 10
342.99511400327196
 20
1912.0220664283042
 30
0.0
 11
342.99511400327196
 21
2000.0220664283042
 31
0.0
  0
TEXT
  5
9EC
330
17
100
AcDbEntity
  8
NOTE
100
AcDbText
 10
358.99511400327196
 20
1972.0220664283042
 30
0.0
 40
10.4
  1
P1
  7
CJK
 11
358.99511400327196
 21
1972.0220664283042
 31
0.0
100
AcDbText
  0
LINE
  5
9ED
330
17
100
AcDbEntity
  8
CENTER
100
AcDbLine
 10
578.995114003272
 20
1956.0220664283042
 30
0.0
 11
666.995114003272
 21
1956.0220664283042
 31
0.0
  0
LINE
  5
9EE
330
17
100
AcDbEntity
  8
CENTER
100
AcDbLine
 10
622.995114003272
 20
1912.0220664283042
 30
0.0
 11
622.995114003272
 21
2000.0220664283042
 31
0.0
  0
TEXT
  5
9EF
330
17
100
AcDbEntity
  8
NOTE
100
AcDbText
 10
638.995114003272
 20
1972.0220664283042
 30
0.0
 40
10.4
  1
P2
  7
CJK
 11
638.995114003272
 21
1972.0220664283042
 31
0.0
100
AcDbText
  0
LINE
  5
9F0
330
17
100
AcDbEntity
  8
CENTER
100
AcDbLine
 10
488.99511400327196
 20
1601.0220664283042
 30
0.0
 11
576.995114003272
 21
1601.0220664283042
 31
0.0
  0
LINE
  5
9F1
330
17
100
AcDbEntity
  8
CENTER
100
AcDbLine
 10
532.995114003272
 20
1557.0220664283042
 30
0.0
 11
532.995114003272
 21
1645.0220664283042
 31
0.0
  0
TEXT
  5
9F2
330
17
100
AcDbEntity
  8
NOTE
100
AcDbText
 10
548.995114003272
 20
1617.0220664283042
 30
0.0
 40
10.4
  1
B1
  7
CJK
 11
548.995114003272
 21
1617.0220664283042
 31
0.0
100
AcDbText
  0
LINE
  5
9F3
330
17
100
AcDbEntity
  8
CENTER
100
AcDbLine
 10
308.99511400327196
 20
1781.0220664283042
 30
0.0
 11
396.99511400327196
 21
1781.0220664283042
 31
0.0
  0
LINE
  5
9F4
330
17
100
AcDbEntity
  8
CENTER
100
AcDbLine
 10
352.99511400327196
 20
1737.0220664283042
 30
0.0
 11
352.99511400327196
 21
1825.0220664283042
 31
0.0
  0
TEXT
  5
9F5
330
17
100
AcDbEntity
  8
NOTE
100
AcDbText
 10
368.99511400327196
 20
1797.0220664283042
 30
0.0
 40
10.4
  1
B2
  7
CJK
 11
368.99511400327196
 21
1797.0220664283042
 31
0.0
100
AcDbText
  0
LINE
  5
9F6
330
17
100
AcDbEntity
  8
CENTER
100
AcDbLine
 10
340.0
 20
1358.0180274117533
 30
0.0
 11
696.9041784998229
 21
1358.0180274117533
 31
0.0
  0
LINE
  5
9F7
330
17
100
AcDbEntity
  8
CENTER
100
AcDbLine
 10
936.9041784998229
 20
1598.0180274117533
 30
0.0
 11
936.9041784998229
 21
2096.0
 31
0.0
  0
DIMENSION
  5
9F8
330
17
100
AcDbEntity
  8
DIM
100
AcDbDimension
280
0
  2
*D1
  3
PLATE_U17C-01
 10
340.0
 20
1518.0180274117533
 30
0.0
 11
518.4520892499115
 21
1540.5180274117533
 31
0.0
 70
32
 71
5
  1
<>
100
AcDbAlignedDimension
 13
340.0
 23
1598.0180274117533
 33
0.0
 14
696.9041784998229
 24
1598.0180274117533
 34
0.0
 50
0.0
100
AcDbRotatedDimension
  0
DIMENSION
  5
A07
330
17
100
AcDbEntity
  8
DIM
100
AcDbDimension
280
0
  2
*D2
  3
PLATE_U17C-01
 10
420.0
 20
1598.0180274117533
 30
0.0
 11
397.5
 21
1847.0090137058767
 31
0.0
 70
32
 71
5
  1
<>
100
AcDbAlignedDimension
 13
340.0
 23
1598.0180274117533
 33
0.0
 14
340.0
 24
2096.0
 34
0.0
 50
90.0
100
AcDbRotatedDimension
  0
DIMENSION
  5
A16
330
17
100
AcDbEntity
  8
DIM
100
AcDbDimension
280
0
  2
*D3
  3
PLATE_U17C-01
 10
420.0
 20
1158.0180274117533
 30
0.0
 11
397.5
 21
1358.0180274117533
 31
0.0
 70
32
 71
5
  1
<>
100
AcDbAlignedDimension
 13
340.0
 23
1158.0180274117533
 33
0.0
 14
340.0
 24
1558.0180274117533
 34
0.0
 50
90.0
100
AcDbRotatedDimension
  0
DIMENSION
  5
A25
330
17
100
AcDbEntity
  8
DIM
100
AcDbDimension
280
0
  2
*D4
  3
PLATE_U17C-01
 10
582.666579656517
 20
1942.0166775114099
 30
0.0
 11
524.5814760116723
 21
1896.9333908680467
 31
0.0
 70
32
 71
5
  1
<>
100
AcDbAlignedDimension
 13
542.995114003272
 23
2051.0220664283042
 33
0.0
 14
411.43511400327196
 24
2003.1420664283041
 34
0.0
 50
-160.001509057481
100
AcDbRotatedDimension
  0
DIMENSION
  5
A34
330
17
100
AcDbEntity
  8
DIM
100
AcDbDimension
280
0
  2
*D5
  3
PLATE_U17C-01
 10
659.2616161170637
 20
2148.930699787287
 30
0.0
 11
731.1584130785448
 21
2128.2911603864286
 31
0.0
 70
32
 71
5
  1
<>
100
AcDbAlignedDimension
 13
542.995114003272
 23
2051.0220664283042
 33
0.0
 14
622.995114003272
 24
1956.0220664283042
 34
0.0
 50
-49.899092453787766
100
AcDbRotatedDimension
  0
DIMENSION
  5
A43
330
17
100
AcDbEntity
  8
DIM
100
AcDbDimension
280
0
  2
*D6
  3
PLATE_U17C-01
 10
730.9487114356145
 20
2046.845319818698
 30
0.0
 11
748.4431579368257
 21
1821.3454432297804
 31
0.0
 70
32
 71
5
  1
<>
100
AcDbAlignedDimension
 13
542.995114003272
 23
2051.0220664283042
 33
0.0
 14
532.995114003272
 24
1601.0220664283042
 34
0.0
 50
-91.27303002005671
100
AcDbRotatedDimension
  0
DIMENSION
  5
A52
330
17
100
AcDbEntity
  8
DIM
100
AcDbDimension
280
0
  2
*D7
  3
PLATE_U17C-01
 10
753.4862610593154
 20
2127.634578533254
 30
0.0
 11
851.583877275274
 21
1923.899192081252
 31
0.0
 70
32
 71
5
  1
<>
100
AcDbAlignedDimension
 13
542.995114003272
 23
2051.0220664283042
 33
0.0
 14
696.9041784998229
 24
1628.1603870746455
 34
0.0
 50
-70.0
100
AcDbRotatedDimension
  0
TEXT
  5
A61
330
17
100
AcDbEntity
  8
NOTE
100
AcDbText
 10
1536.904178499823
 20
2128.0
 30
0.0
 40
12.8
  1
激光切割件展开图 (按代号顺序)
  7
CJK
 11
1536.904178499823
 21
2128.0
 31
0.0
100
AcDbText
  0
LWPOLYLINE
  5
A62
330
17
100
AcDbEntity
  8
CUT
100
AcDbPolyline
 90
5
 70
1
 10
1536.904178499823
 20
1332.0000010138933
 10
1816.904178499823
 20
1332.0000010138933
 10
1890.813242996374
 20
1004.1383216602346
 10
1726.904178499823
 20
977.0000010138933
 42
-0.41421356237309503
 10
1546.904178499823
 20
1157.0000010138933
  0
TEXT
  5
A63
330
17
100
AcDbEntity
  8
MARK
100
AcDbText
 10
1701.9254755361085
 20
1164.4505972675456
 30
0.0
 40
10.0
  1
K1 斗侧板
  7
CJK
 72
1
 11
1701.9254755361085
 21
1164.4505972675456
 31
0.0
100
AcDbText
 73
2
  0
TEXT
  5
A64
330
17
100
AcDbEntity
  8
MARK
100
AcDbText
 10
1701.9254755361085
 20
1148.4505972675456
 30
0.0
 40
8.5
  1
t8 x2 Q355B
  7
CJK
 72
1
 11
1701.9254755361085
 21
1148.4505972675456
 31
0.0
100
AcDbText
 73
2
  0
DIMENSION
  5
A65
330
17
100
AcDbEntity
  8
DIM
100
AcDbDimension
280
0
  2
*D8
  3
PLATE_U17C-01
 10
1536.904178499823
 20
945.0000010138933
 30
0.0
 11
1713.8587107480985
 21
967.5000010138933
 31
0.0
 70
32
 71
5
  1
<>
100
AcDbAlignedDimension
 13
1536.904178499823
 23
977.0000010138933
 33
0.0
 14
1890.813242996374
 24
977.0000010138933
 34
0.0
 50
0.0
100
AcDbRotatedDimension
  0
DIMENSION
  5
A74
330
17
100
AcDbEntity
  8
DIM
100
AcDbDimension
280
0
  2
*D9
  3
PLATE_U17C-01
 10
1568.904178499823
 20
977.0000010138933
 30
0.0
 11
1546.404178499823
 21
1154.5000010138933
 31
0.0
 70
32
 71
5
  1
<>
100
AcDbAlignedDimension
 13
1536.904178499823
 23
977.0000010138933
 33
0.0
 14
1536.904178499823
 24
1332.0000010138933
 34
0.0
 50
90.0
100
AcDbRotatedDimension
  0
LWPOLYLINE
  5
A83
330
17
100
AcDbEntity
  8
CUT
100
AcDbPolyline
 90
4
 70
1
 10
2010.813242996374
 20
977.0000010138933
 10
2394.813242996374
 20
977.0000010138933
 10
2394.813242996374
 20
1257.0000010138933
 10
2010.813242996374
 20
1257.0000010138933
  0
TEXT
  5
A84
330
17
100
AcDbEntity
  8
MARK
100
AcDbText
 10
2202.813242996374
 20
1127.0000010138933
 30
0.0
 40
10.0
  1
K2 斗顶板
  7
CJK
 72
1
 11
2202.813242996374
 21
1127.0000010138933
 31
0.0
100
AcDbText
 73
2
  0
TEXT
  5
A85
330
17
100
AcDbEntity
  8
MARK
100
AcDbText
 10
2202.813242996374
 20
1111.0000010138933
 30
0.0
 40
8.5
  1
t8 x1 Q355B
  7
CJK
 72
1
 11
2202.813242996374
 21
1111.0000010138933
 31
0.0
100
AcDbText
 73
2
  0
DIMENSION
  5
A86
330
17
100
AcDbEntity
  8
DIM
100
AcDbDimension
280
0
  2
*D10
  3
PLATE_U17C-01
 10
2010.813242996374
 20
945.0000010138933
 30
0.0
 11
2202.813242996374
 21
967.5000010138933
 31
0.0
 70
32
 71
5
  1
<>
100
AcDbAlignedDimension
 13
2010.813242996374
 23
977.0000010138933
 33
0.0
 14
2394.813242996374
 24
977.0000010138933
 34
0.0
 50
0.0
100
AcDbRotatedDimension
  0
DIMENSION
  5
A95
330
17
100
AcDbEntity
  8
DIM
100
AcDbDimension
280
0
  2
*D11
  3
PLATE_U17C-01
 10
2042.813242996374
 20
977.0000010138933
 30
0.0
 11
2020.313242996374
 21
1117.0000010138933
 31
0.0
 70
32
 71
5
  1
<>
100
AcDbAlignedDimension
 13
2010.813242996374
 23
977.0000010138933
 33
0.0
 14
2010.813242996374
 24
1257.0000010138933
 34
0.0
 50
90.0
100
AcDbRotatedDimension
  0
LWPOLYLINE
  5
AA4
330
17
100
AcDbEntity
  8
CUT
100
AcDbPolyline
 90
4
 70
1
 10
1536.904178499823
 20
1452.0000010138933
 10
1920.904178499823
 20
1452.0000010138933
 10
1920.904178499823
 20
1562.0000010138933
 10
1536.904178499823
 20
1562.0000010138933
  0
TEXT
  5
AA5
330
17
100
AcDbEntity
  8
MARK
100
AcDbText
 10
1728.904178499823
 20
1517.0000010138933
 30
0.0
 40
10.0
  1
K3 刃板
  7
CJK
 72
1
 11
1728.904178499823
 21
1517.0000010138933
 31
0.0
100
AcDbText
 73
2
  0
TEXT
  5
AA6
330
17
100
AcDbEntity
  8
MARK
100
AcDbText
 10
1728.904178499823
 20
1501.0000010138933
 30
0.0
 40
8.5
  1
t12 x1 NM400(或Q355替代)
  7
CJK
 72
1
 11
1728.904178499823
 21
1501.0000010138933
 31
0.0
100
AcDbText
 73
2
  0
TEXT
  5
AA7
330
17
100
AcDbEntity
  8
MARK
100
AcDbText
 10
1728.904178499823
 20
1507.0000010138933
 30
0.0
 40
7.2
  1
前缘开 30° 坡口(刃口)，可焊接式斗齿另购
  7
CJK
 11
1728.904178499823
 21
1507.0000010138933
 31
0.0
100
AcDbText
  0
DIMENSION
  5
AA8
330
17
100
AcDbEntity
  8
DIM
100
AcDbDimension
280
0
  2
*D12
  3
PLATE_U17C-01
 10
1536.904178499823
 20
1420.0000010138933
 30
0.0
 11
1728.904178499823
 21
1442.5000010138933
 31
0.0
 70
32
 71
5
  1
<>
100
AcDbAlignedDimension
 13
1536.904178499823
 23
1452.0000010138933
 33
0.0
 14
1920.904178499823
 24
1452.0000010138933
 34
0.0
 50
0.0
100
AcDbRotatedDimension
  0
DIMENSION
  5
AB7
330
17
100
AcDbEntity
  8
DIM
100
AcDbDimension
280
0
  2
*D13
  3
PLATE_U17C-01
 10
1568.904178499823
 20
1452.0000010138933
 30
0.0
 11
1527.204178499823
 21
1507.0000010138933
 31
0.0
 70
32
 71
5
  1
<>
100
AcDbAlignedDimension
 13
1536.904178499823
 23
1452.0000010138933
 33
0.0
 14
1536.904178499823
 24
1562.0000010138933
 34
0.0
 50
90.0
100
AcDbRotatedDimension
  0
LWPOLYLINE
  5
AC6
330
17
100
AcDbEntity
  8
CUT
100
AcDbPolyline
 90
4
 70
1
 10
2040.904178499823
 20
1452.0000010138933
 10
2550.361122205517
 20
1452.0000010138933
 10
2550.361122205517
 20
1836.0000010138933
 10
2040.904178499823
 20
1836.0000010138933
  0
TEXT
  5
AC7
330
17
100
AcDbEntity
  8
MARK
100
AcDbText
 10
2295.63265035267
 20
1654.0000010138933
 30
0.0
 40
10.0
  1
K4 底弧板
  7
CJK
 72
1
 11
2295.63265035267
 21
1654.0000010138933
 31
0.0
100
AcDbText
 73
2
  0
TEXT
  5
AC8
330
17
100
AcDbEntity
  8
MARK
100
AcDbText
 10
2295.63265035267
 20
1638.0000010138933
 30
0.0
 40
8.5
  1
t6 x1 Q355B
  7
CJK
 72
1
 11
2295.63265035267
 21
1638.0000010138933
 31
0.0
100
AcDbText
 73
2
  0
TEXT
  5
AC9
330
17
100
AcDbEntity
  8
MARK
100
AcDbText
 10
2295.63265035267
 20
1844.0000010138933
 30
0.0
 40
7.2
  1
卷弧 R177(中性层)/内 R174
  7
CJK
 11
2295.63265035267
 21
1844.0000010138933
 31
0.0
100
AcDbText
  0
LINE
  5
ACA
330
17
100
AcDbEntity
  8
MARK
  6
DASHDOT
100
AcDbLine
 10
2097.0446909332395
 20
1452.0000010138933
 30
0.0
 11
2097.0446909332395
 21
1836.0000010138933
 31
0.0
  0
LINE
  5
ACB
330
17
100
AcDbEntity
  8
MARK
  6
DASHDOT
100
AcDbLine
 10
2375.075640775936
 20
1452.0000010138933
 30
0.0
 11
2375.075640775936
 21
1836.0000010138933
 31
0.0
  0
DIMENSION
  5
ACC
330
17
100
AcDbEntity
  8
DIM
100
AcDbDimension
280
0
  2
*D14
  3
PLATE_U17C-01
 10
2040.904178499823
 20
1420.0000010138933
 30
0.0
 11
2295.6326503526698
 21
1442.5000010138933
 31
0.0
 70
32
 71
5
  1
<>
100
AcDbAlignedDimension
 13
2040.904178499823
 23
1452.0000010138933
 33
0.0
 14
2550.361122205517
 24
1452.0000010138933
 34
0.0
 50
0.0
100
AcDbRotatedDimension
  0
DIMENSION
  5
ADB
330
17
100
AcDbEntity
  8
DIM
100
AcDbDimension
280
0
  2
*D15
  3
PLATE_U17C-01
 10
2072.904178499823
 20
1452.0000010138933
 30
0.0
 11
2050.404178499823
 21
1644.0000010138933
 31
0.0
 70
32
 71
5
  1
<>
100
AcDbAlignedDimension
 13
2040.904178499823
 23
1452.0000010138933
 33
0.0
 14
2040.904178499823
 24
1836.0000010138933
 34
0.0
 50
90.0
100
AcDbRotatedDimension
  0
LWPOLYLINE
  5
AEA
330
17
100
AcDbEntity
  8
CUT
100
AcDbPolyline
 90
6
 70
1
 10
1776.904178499823
 20
1956.0000010138933
 10
1761.390371650492
 20
2057.780754582737
 42
0.4734024524416967
 10
1701.5143857895125
 20
2093.2865743006196
 10
1569.9543857895126
 20
2045.4065743006197
 42
0.2960314032140546
 10
1540.455991835006
 20
2006.2902845886756
 10
1536.904178499823
 20
1956.0000010138933
  0
CIRCLE
  5
AEB
330
17
100
AcDbEntity
  8
CUT
100
AcDbCircle
 10
1716.904178499823
 20
2051.0000010138933
 30
0.0
 40
25.25
  0
LINE
  5
AEC
330
17
100
AcDbEntity
  8
CENTER
100
AcDbLine
 10
1687.654178499823
 20
2051.0000010138933
 30
0.0
 11
1746.154178499823
 21
2051.0000010138933
 31
0.0
  0
LINE
  5
AED
330
17
100
AcDbEntity
  8
CENTER
100
AcDbLine
 10
1716.904178499823
 20
2021.7500010138933
 30
0.0
 11
1716.904178499823
 21
2080.2500010138933
 31
0.0
  0
CIRCLE
  5
AEE
330
17
100
AcDbEntity
  8
CUT
100
AcDbCircle
 10
1585.344178499823
 20
2003.1200010138932
 30
0.0
 40
25.25
  0
LINE
  5
AEF
330
17
100
AcDbEntity
  8
CENTER
100
AcDbLine
 10
1556.094178499823
 20
2003.1200010138932
 30
0.0
 11
1614.594178499823
 21
2003.1200010138932
 31
0.0
  0
LINE
  5
AF0
330
17
100
AcDbEntity
  8
CENTER
100
AcDbLine
 10
1585.344178499823
 20
1973.8700010138932
 30
0.0
 11
1585.344178499823
 21
2032.3700010138932
 31
0.0
  0
TEXT
  5
AF1
330
17
100
AcDbEntity
  8
MARK
100
AcDbText
 10
1654.662911742321
 20
2036.006411953794
 30
0.0
 40
10.0
  1
K5 斗耳板
  7
CJK
 72
1
 11
1654.662911742321
 21
2036.006411953794
 31
0.0
100
AcDbText
 73
2
  0
TEXT
  5
AF2
330
17
100
AcDbEntity
  8
MARK
100
AcDbText
 10
1654.662911742321
 20
2020.006411953794
 30
0.0
 40
8.5
  1
t12 x2 Q355B
  7
CJK
 72
1
 11
1654.662911742321
 21
2020.006411953794
 31
0.0
100
AcDbText
 73
2
  0
DIMENSION
  5
AF3
330
17
100
AcDbEntity
  8
DIM
100
AcDbDimension
280
0
  2
*D16
  3
PLATE_U17C-01
 10
1536.904178499823
 20
1924.0000010138933
 30
0.0
 11
1656.904178499823
 21
1946.5000010138933
 31
0.0
 70
32
 71
5
  1
<>
100
AcDbAlignedDimension
 13
1536.904178499823
 23
1956.0000010138933
 33
0.0
 14
1776.904178499823
 24
1956.0000010138933
 34
0.0
 50
0.0
100
AcDbRotatedDimension
  0
DIMENSION
  5
B02
330
17
100
AcDbEntity
  8
DIM
100
AcDbDimension
280
0
  2
*D17
  3
PLATE_U17C-01
 10
1568.904178499823
 20
1956.0000010138933
 30
0.0
 11
1546.404178499823
 21
2026.0000005069467
 31
0.0
 70
32
 71
5
  1
<>
100
AcDbAlignedDimension
 13
1536.904178499823
 23
1956.0000010138933
 33
0.0
 14
1536.904178499823
 24
2096.0
 34
0.0
 50
90.0
100
AcDbRotatedDimension
  0
DIMENSION
  5
B11
330
17
100
AcDbEntity
  8
DIM
100
AcDbDimension
280
0
  2
*D18
  3
PLATE_U17C-01
 10
1734.7586247247834
 20
2068.8544472388535
 30
0.0
 11
1590.2967093283717
 21
1956.2123369958365
 31
0.0
 70
35
 71
5
  1
<>
100
AcDbDiametricDimension
 15
1699.0497322748627
 25
2033.145554788933
 35
0.0
  0
DIMENSION
  5
B1E
330
17
100
AcDbEntity
  8
DIM
100
AcDbDimension
280
0
  2
*D19
  3
PLATE_U17C-01
 10
1603.1986247247835
 20
2020.9744472388536
 30
0.0
 11
1458.7367093283717
 21
1908.3323369958364
 31
0.0
 70
35
 71
5
  1
<>
100
AcDbDiametricDimension
 15
1567.4897322748627
 25
1985.2655547889328
 35
0.0
  0
DIMENSION
  5
B2B
330
17
100
AcDbEntity
  8
DIM
100
AcDbDimension
280
0
  2
*D20
  3
PLATE_U17C-01
 10
1725.6592605750216
 20
2026.943639321889
 30
0.0
 11
1667.5741569301772
 21
1981.8603526785257
 31
0.0
 70
32
 71
5
  1
<>
100
AcDbAlignedDimension
 13
1716.904178499823
 23
2051.0000010138933
 33
0.0
 14
1585.344178499823
 24
2003.1200010138932
 34
0.0
 50
-160.001509057481
100
AcDbRotatedDimension
  0
LWPOLYLINE
  5
B3A
330
17
100
AcDbEntity
  8
CUT
100
AcDbPolyline
 90
4
 70
1
 10
1906.904178499823
 20
1956.0000010138933
 10
1956.904178499823
 20
1956.0000010138933
 10
1896.904178499823
 20
2016.0000010138933
 10
1896.904178499823
 20
1966.0000010138933
  0
TEXT
  5
B3B
330
17
100
AcDbEntity
  8
MARK
100
AcDbText
 10
1909.404178499823
 20
2001.0000010138933
 30
0.0
 40
10.0
  1
K6 耳板三角筋板
  7
CJK
 72
1
 11
1909.404178499823
 21
2001.0000010138933
 31
0.0
100
AcDbText
 73
2
  0
TEXT
  5
B3C
330
17
100
AcDbEntity
  8
MARK
100
AcDbText
 10
1909.404178499823
 20
1985.0000010138933
 30
0.0
 40
8.5
  1
t8 x4 Q355B
  7
CJK
 72
1
 11
1909.404178499823
 21
1985.0000010138933
 31
0.0
100
AcDbText
 73
2
  0
DIMENSION
  5
B3D
330
17
100
AcDbEntity
  8
DIM
100
AcDbDimension
280
0
  2
*D21
  3
PLATE_U17C-01
 10
1896.904178499823
 20
1924.0000010138933
 30
0.0
 11
1926.904178499823
 21
1965.7000010138934
 31
0.0
 70
32
 71
5
  1
<>
100
AcDbAlignedDimension
 13
1896.904178499823
 23
1956.0000010138933
 33
0.0
 14
1956.904178499823
 24
1956.0000010138933
 34
0.0
 50
0.0
100
AcDbRotatedDimension
  0
DIMENSION
  5
B4E
330
17
100
AcDbEntity
  8
DIM
100
AcDbDimension
280
0
  2
*D22
  3
PLATE_U17C-01
 10
1928.904178499823
 20
1956.0000010138933
 30
0.0
 11
1887.204178499823
 21
1986.0000010138933
 31
0.0
 70
32
 71
5
  1
<>
100
AcDbAlignedDimension
 13
1896.904178499823
 23
1956.0000010138933
 33
0.0
 14
1896.904178499823
 24
2016.0000010138933
 34
0.0
 50
90.0
100
AcDbRotatedDimension
  0
LWPOLYLINE
  5
B5F
330
17
100
AcDbEntity
  8
BOM
100
AcDbPolyline
 90
4
 70
1
 10
140.0
 20
300.0
 10
804.0
 20
300.0
 10
804.0
 20
496.0
 10
140.0
 20
496.0
  0
LINE
  5
B60
330
17
100
AcDbEntity
  8
BOM
100
AcDbLine
 10
140.0
 20
496.0
 30
0.0
 11
804.0
 21
496.0
 31
0.0
  0
LINE
  5
B61
330
17
100
AcDbEntity
  8
BOM
100
AcDbLine
 10
140.0
 20
468.0
 30
0.0
 11
804.0
 21
468.0
 31
0.0
  0
LINE
  5
B62
330
17
100
AcDbEntity
  8
BOM
100
AcDbLine
 10
140.0
 20
440.0
 30
0.0
 11
804.0
 21
440.0
 31
0.0
  0
LINE
  5
B63
330
17
100
AcDbEntity
  8
BOM
100
AcDbLine
 10
140.0
 20
412.0
 30
0.0
 11
804.0
 21
412.0
 31
0.0
  0
LINE
  5
B64
330
17
100
AcDbEntity
  8
BOM
100
AcDbLine
 10
140.0
 20
384.0
 30
0.0
 11
804.0
 21
384.0
 31
0.0
  0
LINE
  5
B65
330
17
100
AcDbEntity
  8
BOM
100
AcDbLine
 10
140.0
 20
356.0
 30
0.0
 11
804.0
 21
356.0
 31
0.0
  0
LINE
  5
B66
330
17
100
AcDbEntity
  8
BOM
100
AcDbLine
 10
140.0
 20
328.0
 30
0.0
 11
804.0
 21
328.0
 31
0.0
  0
LINE
  5
B67
330
17
100
AcDbEntity
  8
BOM
100
AcDbLine
 10
140.0
 20
300.0
 30
0.0
 11
804.0
 21
300.0
 31
0.0
  0
LINE
  5
B68
330
17
100
AcDbEntity
  8
BOM
100
AcDbLine
 10
140.0
 20
300.0
 30
0.0
 11
140.0
 21
496.0
 31
0.0
  0
LINE
  5
B69
330
17
100
AcDbEntity
  8
BOM
100
AcDbLine
 10
180.0
 20
300.0
 30
0.0
 11
180.0
 21
496.0
 31
0.0
  0
LINE
  5
B6A
330
17
100
AcDbEntity
  8
BOM
100
AcDbLine
 10
236.0
 20
300.0
 30
0.0
 11
236.0
 21
496.0
 31
0.0
  0
LINE
  5
B6B
330
17
100
AcDbEntity
  8
BOM
100
AcDbLine
 10
340.0
 20
300.0
 30
0.0
 11
340.0
 21
496.0
 31
0.0
  0
LINE
  5
B6C
330
17
100
AcDbEntity
  8
BOM
100
AcDbLine
 10
380.0
 20
300.0
 30
0.0
 11
380.0
 21
496.0
 31
0.0
  0
LINE
  5
B6D
330
17
100
AcDbEntity
  8
BOM
100
AcDbLine
 10
468.0
 20
300.0
 30
0.0
 11
468.0
 21
496.0
 31
0.0
  0
LINE
  5
B6E
330
17
100
AcDbEntity
  8
BOM
100
AcDbLine
 10
508.0
 20
300.0
 30
0.0
 11
508.0
 21
496.0
 31
0.0
  0
LINE
  5
B6F
330
17
100
AcDbEntity
  8
BOM
100
AcDbLine
 10
564.0
 20
300.0
 30
0.0
 11
564.0
 21
496.0
 31
0.0
  0
LINE
  5
B70
330
17
100
AcDbEntity
  8
BOM
100
AcDbLine
 10
620.0
 20
300.0
 30
0.0
 11
620.0
 21
496.0
 31
0.0
  0
LINE
  5
B71
330
17
100
AcDbEntity
  8
BOM
100
AcDbLine
 10
804.0
 20
300.0
 30
0.0
 11
804.0
 21
496.0
 31
0.0
  0
TEXT
  5
B72
330
17
100
AcDbEntity
  8
BOM
100
AcDbText
 10
160.0
 20
482.0
 30
0.0
 40
8.8
  1
序号
  7
CJK
 72
1
 11
160.0
 21
482.0
 31
0.0
100
AcDbText
 73
2
  0
TEXT
  5
B73
330
17
100
AcDbEntity
  8
BOM
100
AcDbText
 10
208.0
 20
482.0
 30
0.0
 40
8.8
  1
代号
  7
CJK
 72
1
 11
208.0
 21
482.0
 31
0.0
100
AcDbText
 73
2
  0
TEXT
  5
B74
330
17
100
AcDbEntity
  8
BOM
100
AcDbText
 10
288.0
 20
482.0
 30
0.0
 40
8.8
  1
名称
  7
CJK
 72
1
 11
288.0
 21
482.0
 31
0.0
100
AcDbText
 73
2
  0
TEXT
  5
B75
330
17
100
AcDbEntity
  8
BOM
100
AcDbText
 10
360.0
 20
482.0
 30
0.0
 40
8.8
  1
数量
  7
CJK
 72
1
 11
360.0
 21
482.0
 31
0.0
100
AcDbText
 73
2
  0
TEXT
  5
B76
330
17
100
AcDbEntity
  8
BOM
100
AcDbText
 10
424.0
 20
482.0
 30
0.0
 40
8.8
  1
材料
  7
CJK
 72
1
 11
424.0
 21
482.0
 31
0.0
100
AcDbText
 73
2
  0
TEXT
  5
B77
330
17
100
AcDbEntity
  8
BOM
100
AcDbText
 10
488.0
 20
482.0
 30
0.0
 40
8.8
  1
厚度
  7
CJK
 72
1
 11
488.0
 21
482.0
 31
0.0
100
AcDbText
 73
2
  0
TEXT
  5
B78
330
17
100
AcDbEntity
  8
BOM
100
AcDbText
 10
536.0
 20
482.0
 30
0.0
 40
8.8
  1
单重kg
  7
CJK
 72
1
 11
536.0
 21
482.0
 31
0.0
100
AcDbText
 73
2
  0
TEXT
  5
B79
330
17
100
AcDbEntity
  8
BOM
100
AcDbText
 10
592.0
 20
482.0
 30
0.0
 40
8.8
  1
总重kg
  7
CJK
 72
1
 11
592.0
 21
482.0
 31
0.0
100
AcDbText
 73
2
  0
TEXT
  5
B7A
330
17
100
AcDbEntity
  8
BOM
100
AcDbText
 10
712.0
 20
482.0
 30
0.0
 40
8.8
  1
备注
  7
CJK
 72
1
 11
712.0
 21
482.0
 31
0.0
100
AcDbText
 73
2
  0
TEXT
  5
B7B
330
17
100
AcDbEntity
  8
BOM
100
AcDbText
 10
160.0
 20
454.0
 30
0.0
 40
7.48
  1
1
  7
CJK
 72
1
 11
160.0
 21
454.0
 31
0.0
100
AcDbText
 73
2
  0
TEXT
  5
B7C
330
17
100
AcDbEntity
  8
BOM
100
AcDbText
 10
208.0
 20
454.0
 30
0.0
 40
7.48
  1
K1
  7
CJK
 72
1
 11
208.0
 21
454.0
 31
0.0
100
AcDbText
 73
2
  0
TEXT
  5
B7D
330
17
100
AcDbEntity
  8
BOM
100
AcDbText
 10
288.0
 20
454.0
 30
0.0
 40
7.48
  1
斗侧板
  7
CJK
 72
1
 11
288.0
 21
454.0
 31
0.0
100
AcDbText
 73
2
  0
TEXT
  5
B7E
330
17
100
AcDbEntity
  8
BOM
100
AcDbText
 10
360.0
 20
454.0
 30
0.0
 40
7.48
  1
x2
  7
CJK
 72
1
 11
360.0
 21
454.0
 31
0.0
100
AcDbText
 73
2
  0
TEXT
  5
B7F
330
17
100
AcDbEntity
  8
BOM
100
AcDbText
 10
424.0
 20
454.0
 30
0.0
 40
7.48
  1
Q355B
  7
CJK
 72
1
 11
424.0
 21
454.0
 31
0.0
100
AcDbText
 73
2
  0
TEXT
  5
B80
330
17
100
AcDbEntity
  8
BOM
100
AcDbText
 10
488.0
 20
454.0
 30
0.0
 40
7.48
  1
8
  7
CJK
 72
1
 11
488.0
 21
454.0
 31
0.0
100
AcDbText
 73
2
  0
TEXT
  5
B81
330
17
100
AcDbEntity
  8
BOM
100
AcDbText
 10
536.0
 20
454.0
 30
0.0
 40
7.48
  1
6.38
  7
CJK
 72
1
 11
536.0
 21
454.0
 31
0.0
100
AcDbText
 73
2
  0
TEXT
  5
B82
330
17
100
AcDbEntity
  8
BOM
100
AcDbText
 10
592.0
 20
454.0
 30
0.0
 40
7.48
  1
12.77
  7
CJK
 72
1
 11
592.0
 21
454.0
 31
0.0
100
AcDbText
 73
2
  0
TEXT
  5
B83
330
17
100
AcDbEntity
  8
BOM
100
AcDbText
 10
712.0
 20
454.0
 30
0.0
 40
7.48
  1
外部型线（斗型外轮廓）；铲斗结构容量≈0.0390 …
  7
CJK
 72
1
 11
712.0
 21
454.0
 31
0.0
100
AcDbText
 73
2
  0
TEXT
  5
B84
330
17
100
AcDbEntity
  8
BOM
100
AcDbText
 10
160.0
 20
426.0
 30
0.0
 40
7.48
  1
2
  7
CJK
 72
1
 11
160.0
 21
426.0
 31
0.0
100
AcDbText
 73
2
  0
TEXT
  5
B85
330
17
100
AcDbEntity
  8
BOM
100
AcDbText
 10
208.0
 20
426.0
 30
0.0
 40
7.48
  1
K2
  7
CJK
 72
1
 11
208.0
 21
426.0
 31
0.0
100
AcDbText
 73
2
  0
TEXT
  5
B86
330
17
100
AcDbEntity
  8
BOM
100
AcDbText
 10
288.0
 20
426.0
 30
0.0
 40
7.48
  1
斗顶板
  7
CJK
 72
1
 11
288.0
 21
426.0
 31
0.0
100
AcDbText
 73
2
  0
TEXT
  5
B87
330
17
100
AcDbEntity
  8
BOM
100
AcDbText
 10
360.0
 20
426.0
 30
0.0
 40
7.48
  1
x1
  7
CJK
 72
1
 11
360.0
 21
426.0
 31
0.0
100
AcDbText
 73
2
  0
TEXT
  5
B88
330
17
100
AcDbEntity
  8
BOM
100
AcDbText
 10
424.0
 20
426.0
 30
0.0
 40
7.48
  1
Q355B
  7
CJK
 72
1
 11
424.0
 21
426.0
 31
0.0
100
AcDbText
 73
2
  0
TEXT
  5
B89
330
17
100
AcDbEntity
  8
BOM
100
AcDbText
 10
488.0
 20
426.0
 30
0.0
 40
7.48
  1
8
  7
CJK
 72
1
 11
488.0
 21
426.0
 31
0.0
100
AcDbText
 73
2
  0
TEXT
  5
B8A
330
17
100
AcDbEntity
  8
BOM
100
AcDbText
 10
536.0
 20
426.0
 30
0.0
 40
7.48
  1
6.75
  7
CJK
 72
1
 11
536.0
 21
426.0
 31
0.0
100
AcDbText
 73
2
  0
TEXT
  5
B8B
330
17
100
AcDbEntity
  8
BOM
100
AcDbText
 10
592.0
 20
426.0
 30
0.0
 40
7.48
  1
6.75
  7
CJK
 72
1
 11
592.0
 21
426.0
 31
0.0
100
AcDbText
 73
2
  0
TEXT
  5
B8C
330
17
100
AcDbEntity
  8
BOM
100
AcDbText
 10
712.0
 20
426.0
 30
0.0
 40
7.48
  1
对应 P1->P2 顶部
  7
CJK
 72
1
 11
712.0
 21
426.0
 31
0.0
100
AcDbText
 73
2
  0
TEXT
  5
B8D
330
17
100
AcDbEntity
  8
BOM
100
AcDbText
 10
160.0
 20
398.0
 30
0.0
 40
7.48
  1
3
  7
CJK
 72
1
 11
160.0
 21
398.0
 31
0.0
100
AcDbText
 73
2
  0
TEXT
  5
B8E
330
17
100
AcDbEntity
  8
BOM
100
AcDbText
 10
208.0
 20
398.0
 30
0.0
 40
7.48
  1
K3
  7
CJK
 72
1
 11
208.0
 21
398.0
 31
0.0
100
AcDbText
 73
2
  0
TEXT
  5
B8F
330
17
100
AcDbEntity
  8
BOM
100
AcDbText
 10
288.0
 20
398.0
 30
0.0
 40
7.48
  1
刃板
  7
CJK
 72
1
 11
288.0
 21
398.0
 31
0.0
100
AcDbText
 73
2
  0
TEXT
  5
B90
330
17
100
AcDbEntity
  8
BOM
100
AcDbText
 10
360.0
 20
398.0
 30
0.0
 40
7.48
  1
x1
  7
CJK
 72
1
 11
360.0
 21
398.0
 31
0.0
100
AcDbText
 73
2
  0
TEXT
  5
B91
330
17
100
AcDbEntity
  8
BOM
100
AcDbText
 10
424.0
 20
398.0
 30
0.0
 40
7.48
  1
NM400(或Q355替代)
  7
CJK
 72
1
 11
424.0
 21
398.0
 31
0.0
100
AcDbText
 73
2
  0
TEXT
  5
B92
330
17
100
AcDbEntity
  8
BOM
100
AcDbText
 10
488.0
 20
398.0
 30
0.0
 40
7.48
  1
12
  7
CJK
 72
1
 11
488.0
 21
398.0
 31
0.0
100
AcDbText
 73
2
  0
TEXT
  5
B93
330
17
100
AcDbEntity
  8
BOM
100
AcDbText
 10
536.0
 20
398.0
 30
0.0
 40
7.48
  1
3.98
  7
CJK
 72
1
 11
536.0
 21
398.0
 31
0.0
100
AcDbText
 73
2
  0
TEXT
  5
B94
330
17
100
AcDbEntity
  8
BOM
100
AcDbText
 10
592.0
 20
398.0
 30
0.0
 40
7.48
  1
3.98
  7
CJK
 72
1
 11
592.0
 21
398.0
 31
0.0
100
AcDbText
 73
2
  0
TEXT
  5
B95
330
17
100
AcDbEntity
  8
BOM
100
AcDbText
 10
712.0
 20
398.0
 30
0.0
 40
7.48
  1
下缘落于 T->B1 线,自T起; NM400推荐,…
  7
CJK
 72
1
 11
712.0
 21
398.0
 31
0.0
100
AcDbText
 73
2
  0
TEXT
  5
B96
330
17
100
AcDbEntity
  8
BOM
100
AcDbText
 10
160.0
 20
370.0
 30
0.0
 40
7.48
  1
4
  7
CJK
 72
1
 11
160.0
 21
370.0
 31
0.0
100
AcDbText
 73
2
  0
TEXT
  5
B97
330
17
100
AcDbEntity
  8
BOM
100
AcDbText
 10
208.0
 20
370.0
 30
0.0
 40
7.48
  1
K4
  7
CJK
 72
1
 11
208.0
 21
370.0
 31
0.0
100
AcDbText
 73
2
  0
TEXT
  5
B98
330
17
100
AcDbEntity
  8
BOM
100
AcDbText
 10
288.0
 20
370.0
 30
0.0
 40
7.48
  1
底弧板
  7
CJK
 72
1
 11
288.0
 21
370.0
 31
0.0
100
AcDbText
 73
2
  0
TEXT
  5
B99
330
17
100
AcDbEntity
  8
BOM
100
AcDbText
 10
360.0
 20
370.0
 30
0.0
 40
7.48
  1
x1
  7
CJK
 72
1
 11
360.0
 21
370.0
 31
0.0
100
AcDbText
 73
2
  0
TEXT
  5
B9A
330
17
100
AcDbEntity
  8
BOM
100
AcDbText
 10
424.0
 20
370.0
 30
0.0
 40
7.48
  1
Q355B
  7
CJK
 72
1
 11
424.0
 21
370.0
 31
0.0
100
AcDbText
 73
2
  0
TEXT
  5
B9B
330
17
100
AcDbEntity
  8
BOM
100
AcDbText
 10
488.0
 20
370.0
 30
0.0
 40
7.48
  1
6
  7
CJK
 72
1
 11
488.0
 21
370.0
 31
0.0
100
AcDbText
 73
2
  0
TEXT
  5
B9C
330
17
100
AcDbEntity
  8
BOM
100
AcDbText
 10
536.0
 20
370.0
 30
0.0
 40
7.48
  1
9.21
  7
CJK
 72
1
 11
536.0
 21
370.0
 31
0.0
100
AcDbText
 73
2
  0
TEXT
  5
B9D
330
17
100
AcDbEntity
  8
BOM
100
AcDbText
 10
592.0
 20
370.0
 30
0.0
 40
7.48
  1
9.21
  7
CJK
 72
1
 11
592.0
 21
370.0
 31
0.0
100
AcDbText
 73
2
  0
TEXT
  5
B9E
330
17
100
AcDbEntity
  8
BOM
100
AcDbText
 10
712.0
 20
370.0
 30
0.0
 40
7.48
  1
平板展开 384 x 509.5；两条MARK线之间…
  7
CJK
 72
1
 11
712.0
 21
370.0
 31
0.0
100
AcDbText
 73
2
  0
TEXT
  5
B9F
330
17
100
AcDbEntity
  8
BOM
100
AcDbText
 10
160.0
 20
342.0
 30
0.0
 40
7.48
  1
5
  7
CJK
 72
1
 11
160.0
 21
342.0
 31
0.0
100
AcDbText
 73
2
  0
TEXT
  5
BA0
330
17
100
AcDbEntity
  8
BOM
100
AcDbText
 10
208.0
 20
342.0
 30
0.0
 40
7.48
  1
K5
  7
CJK
 72
1
 11
208.0
 21
342.0
 31
0.0
100
AcDbText
 73
2
  0
TEXT
  5
BA1
330
17
100
AcDbEntity
  8
BOM
100
AcDbText
 10
288.0
 20
342.0
 30
0.0
 40
7.48
  1
斗耳板
  7
CJK
 72
1
 11
288.0
 21
342.0
 31
0.0
100
AcDbText
 73
2
  0
TEXT
  5
BA2
330
17
100
AcDbEntity
  8
BOM
100
AcDbText
 10
360.0
 20
342.0
 30
0.0
 40
7.48
  1
x2
  7
CJK
 72
1
 11
360.0
 21
342.0
 31
0.0
100
AcDbText
 73
2
  0
TEXT
  5
BA3
330
17
100
AcDbEntity
  8
BOM
100
AcDbText
 10
424.0
 20
342.0
 30
0.0
 40
7.48
  1
Q355B
  7
CJK
 72
1
 11
424.0
 21
342.0
 31
0.0
100
AcDbText
 73
2
  0
TEXT
  5
BA4
330
17
100
AcDbEntity
  8
BOM
100
AcDbText
 10
488.0
 20
342.0
 30
0.0
 40
7.48
  1
12
  7
CJK
 72
1
 11
488.0
 21
342.0
 31
0.0
100
AcDbText
 73
2
  0
TEXT
  5
BA5
330
17
100
AcDbEntity
  8
BOM
100
AcDbText
 10
536.0
 20
342.0
 30
0.0
 40
7.48
  1
2.08
  7
CJK
 72
1
 11
536.0
 21
342.0
 31
0.0
100
AcDbText
 73
2
  0
TEXT
  5
BA6
330
17
100
AcDbEntity
  8
BOM
100
AcDbText
 10
592.0
 20
342.0
 30
0.0
 40
7.48
  1
4.15
  7
CJK
 72
1
 11
592.0
 21
342.0
 31
0.0
100
AcDbText
 73
2
  0
TEXT
  5
BA7
330
17
100
AcDbEntity
  8
BOM
100
AcDbText
 10
712.0
 20
342.0
 30
0.0
 40
7.48
  1
耳板站立于斗顶板上；两耳内间距97，臂宽95插入其间
  7
CJK
 72
1
 11
712.0
 21
342.0
 31
0.0
100
AcDbText
 73
2
  0
TEXT
  5
BA8
330
17
100
AcDbEntity
  8
BOM
100
AcDbText
 10
160.0
 20
314.0
 30
0.0
 40
7.48
  1
6
  7
CJK
 72
1
 11
160.0
 21
314.0
 31
0.0
100
AcDbText
 73
2
  0
TEXT
  5
BA9
330
17
100
AcDbEntity
  8
BOM
100
AcDbText
 10
208.0
 20
314.0
 30
0.0
 40
7.48
  1
K6
  7
CJK
 72
1
 11
208.0
 21
314.0
 31
0.0
100
AcDbText
 73
2
  0
TEXT
  5
BAA
330
17
100
AcDbEntity
  8
BOM
100
AcDbText
 10
288.0
 20
314.0
 30
0.0
 40
7.48
  1
耳板三角筋板
  7
CJK
 72
1
 11
288.0
 21
314.0
 31
0.0
100
AcDbText
 73
2
  0
TEXT
  5
BAB
330
17
100
AcDbEntity
  8
BOM
100
AcDbText
 10
360.0
 20
314.0
 30
0.0
 40
7.48
  1
x4
  7
CJK
 72
1
 11
360.0
 21
314.0
 31
0.0
100
AcDbText
 73
2
  0
TEXT
  5
BAC
330
17
100
AcDbEntity
  8
BOM
100
AcDbText
 10
424.0
 20
314.0
 30
0.0
 40
7.48
  1
Q355B
  7
CJK
 72
1
 11
424.0
 21
314.0
 31
0.0
100
AcDbText
 73
2
  0
TEXT
  5
BAD
330
17
100
AcDbEntity
  8
BOM
100
AcDbText
 10
488.0
 20
314.0
 30
0.0
 40
7.48
  1
8
  7
CJK
 72
1
 11
488.0
 21
314.0
 31
0.0
100
AcDbText
 73
2
  0
TEXT
  5
BAE
330
17
100
AcDbEntity
  8
BOM
100
AcDbText
 10
536.0
 20
314.0
 30
0.0
 40
7.48
  1
0.11
  7
CJK
 72
1
 11
536.0
 21
314.0
 31
0.0
100
AcDbText
 73
2
  0
TEXT
  5
BAF
330
17
100
AcDbEntity
  8
BOM
100
AcDbText
 10
592.0
 20
314.0
 30
0.0
 40
7.48
  1
0.44
  7
CJK
 72
1
 11
592.0
 21
314.0
 31
0.0
100
AcDbText
 73
2
  0
TEXT
  5
BB0
330
17
100
AcDbEntity
  8
BOM
100
AcDbText
 10
712.0
 20
314.0
 30
0.0
 40
7.48
  1
直角处10x10清角，避免与斗顶板/耳板焊角干涉
  7
CJK
 72
1
 11
712.0
 21
314.0
 31
0.0
100
AcDbText
 73
2
  0
TEXT
  5
BB1
330
17
100
AcDbEntity
  8
BOM
100
AcDbText
 10
140.0
 20
508.0
 30
0.0
 40
12.0
  1
明细栏
  7
CJK
 11
140.0
 21
508.0
 31
0.0
100
AcDbText
  0
TEXT
  5
BB2
330
17
100
AcDbEntity
  8
NOTE
100
AcDbText
 10
924.0
 20
480.0
 30
0.0
 40
12.0
  1
技术要求：
  7
CJK
 11
924.0
 21
480.0
 31
0.0
100
AcDbText
  0
TEXT
  5
BB3
330
17
100
AcDbEntity
  8
NOTE
100
AcDbText
 10
924.0
 20
469.6
 30
0.0
 40
9.6
  1
1. 先点焊定位，复核外形及孔位无误后再满焊；焊缝按图示位置，未注明焊角尺寸均取板厚的0.7倍。
  7
CJK
 11
924.0
 21
469.6
 31
0.0
100
AcDbText
  0
TEXT
  5
BB4
330
17
100
AcDbEntity
  8
NOTE
100
AcDbText
 10
924.0
 20
459.2
 30
0.0
 40
9.6
  1
2. 标注"焊后镗孔/线镗"之处必须待相应零件整体组焊完成后一次性镗孔，保证同轴度。
  7
CJK
 11
924.0
 21
459.2
 31
0.0
100
AcDbText
  0
TEXT
  5
BB5
330
17
100
AcDbEntity
  8
NOTE
100
AcDbText
 10
924.0
 20
448.8
 30
0.0
 40
9.6
  1
3. 切割面（激光/火焰）去毛刺、去氧化皮，尖角倒钝R1~2。
  7
CJK
 11
924.0
 21
448.8
 31
0.0
100
AcDbText
  0
TEXT
  5
BB6
330
17
100
AcDbEntity
  8
NOTE
100
AcDbText
 10
924.0
 20
438.4
 30
0.0
 40
9.6
  1
4. 未注公差尺寸按 GB/T 1804-m 级执行；未注形位公差按 GB/T 1184-K 级执行。
  7
CJK
 11
924.0
 21
438.4
 31
0.0
100
AcDbText
  0
TEXT
  5
BB7
330
17
100
AcDbEntity
  8
NOTE
100
AcDbText
 10
924.0
 20
428.0
 30
0.0
 40
9.6
  1
5. 承力焊缝（箱形梁、耳板）为本设计推算所得，正式上机前须由结构工程师复核并做疲劳强度校核。
  7
CJK
 11
924.0
 21
428.0
 31
0.0
100
AcDbText
  0
TEXT
  5
BB8
330
17
100
AcDbEntity
  8
NOTE
100
AcDbText
 10
924.0
 20
417.6
 30
0.0
 40
9.6
  1
6. 涂装前应除锈至 Sa2.5 级，涂刷防锈底漆一道、面漆两道（本设计不含涂装工艺细节）。
  7
CJK
 11
924.0
 21
417.6
 31
0.0
100
AcDbText
  0
TEXT
  5
BB9
330
17
100
AcDbEntity
  8
NOTE
100
AcDbText
 10
924.0
 20
407.2
 30
0.0
 40
9.6
  1
刃板前缘按30°坡口开设；底弧板卷弧至中性层R177/内R174。
  7
CJK
 11
924.0
 21
407.2
 31
0.0
100
AcDbText
  0
TEXT
  5
BBA
330
17
100
AcDbEntity
  8
NOTE
100
AcDbText
 10
924.0
 20
396.8
 30
0.0
 40
9.6
  1

  7
CJK
 11
924.0
 21
396.8
 31
0.0
100
AcDbText
  0
TEXT
  5
BBB
330
17
100
AcDbEntity
  8
NOTE
100
AcDbText
 10
924.0
 20
386.4
 30
0.0
 40
9.6
  1
尺寸按公开参数推算的自主设计，非久保田原厂图纸；承力件上机前请结构工程师复核；设计: Claude 自主设计·非原厂
  7
CJK
 11
924.0
 21
386.4
 31
0.0
100
AcDbText
  0
LWPOLYLINE
  5
BBC
330
17
100
AcDbEntity
  8
TITLE
100
AcDbPolyline
 90
4
 70
1
 10
2624.0
 20
20.0
 10
3344.0
 20
20.0
 10
3344.0
 20
244.0
 10
2624.0
 20
244.0
  0
LINE
  5
BBD
330
17
100
AcDbEntity
  8
TITLE
100
AcDbLine
 10
2624.0
 20
216.0
 30
0.0
 11
3344.0
 21
216.0
 31
0.0
  0
LINE
  5
BBE
330
17
100
AcDbEntity
  8
TITLE
100
AcDbLine
 10
2760.0
 20
244.0
 30
0.0
 11
2760.0
 21
216.0
 31
0.0
  0
TEXT
  5
BBF
330
17
100
AcDbEntity
  8
TITLE
100
AcDbText
 10
2632.0
 20
225.8
 30
0.0
 40
10.4
  1
图名
  7
CJK
 11
2632.0
 21
225.8
 31
0.0
100
AcDbText
  0
TEXT
  5
BC0
330
17
100
AcDbEntity
  8
TITLE
100
AcDbText
 10
2768.0
 20
225.8
 30
0.0
 40
10.4
  1
铲斗总成 (K1-K6)
  7
CJK
 11
2768.0
 21
225.8
 31
0.0
100
AcDbText
  0
LINE
  5
BC1
330
17
100
AcDbEntity
  8
TITLE
100
AcDbLine
 10
2624.0
 20
188.0
 30
0.0
 11
3344.0
 21
188.0
 31
0.0
  0
LINE
  5
BC2
330
17
100
AcDbEntity
  8
TITLE
100
AcDbLine
 10
2760.0
 20
216.0
 30
0.0
 11
2760.0
 21
188.0
 31
0.0
  0
TEXT
  5
BC3
330
17
100
AcDbEntity
  8
TITLE
100
AcDbText
 10
2632.0
 20
197.8
 30
0.0
 40
10.4
  1
图号
  7
CJK
 11
2632.0
 21
197.8
 31
0.0
100
AcDbText
  0
TEXT
  5
BC4
330
17
100
AcDbEntity
  8
TITLE
100
AcDbText
 10
2768.0
 20
197.8
 30
0.0
 40
10.4
  1
U17C-01
  7
CJK
 11
2768.0
 21
197.8
 31
0.0
100
AcDbText
  0
LINE
  5
BC5
330
17
100
AcDbEntity
  8
TITLE
100
AcDbLine
 10
2624.0
 20
160.0
 30
0.0
 11
3344.0
 21
160.0
 31
0.0
  0
LINE
  5
BC6
330
17
100
AcDbEntity
  8
TITLE
100
AcDbLine
 10
2760.0
 20
188.0
 30
0.0
 11
2760.0
 21
160.0
 31
0.0
  0
TEXT
  5
BC7
330
17
100
AcDbEntity
  8
TITLE
100
AcDbText
 10
2632.0
 20
169.8
 30
0.0
 40
10.4
  1
材料
  7
CJK
 11
2632.0
 21
169.8
 31
0.0
100
AcDbText
  0
TEXT
  5
BC8
330
17
100
AcDbEntity
  8
TITLE
100
AcDbText
 10
2768.0
 20
169.8
 30
0.0
 40
10.4
  1
Q355B
  7
CJK
 11
2768.0
 21
169.8
 31
0.0
100
AcDbText
  0
LINE
  5
BC9
330
17
100
AcDbEntity
  8
TITLE
100
AcDbLine
 10
2624.0
 20
132.0
 30
0.0
 11
3344.0
 21
132.0
 31
0.0
  0
LINE
  5
BCA
330
17
100
AcDbEntity
  8
TITLE
100
AcDbLine
 10
2760.0
 20
160.0
 30
0.0
 11
2760.0
 21
132.0
 31
0.0
  0
TEXT
  5
BCB
330
17
100
AcDbEntity
  8
TITLE
100
AcDbText
 10
2632.0
 20
141.8
 30
0.0
 40
10.4
  1
比例
  7
CJK
 11
2632.0
 21
141.8
 31
0.0
100
AcDbText
  0
TEXT
  5
BCC
330
17
100
AcDbEntity
  8
TITLE
100
AcDbText
 10
2768.0
 20
141.8
 30
0.0
 40
10.4
  1
1:4
  7
CJK
 11
2768.0
 21
141.8
 31
0.0
100
AcDbText
  0
LINE
  5
BCD
330
17
100
AcDbEntity
  8
TITLE
100
AcDbLine
 10
2624.0
 20
104.0
 30
0.0
 11
3344.0
 21
104.0
 31
0.0
  0
LINE
  5
BCE
330
17
100
AcDbEntity
  8
TITLE
100
AcDbLine
 10
2760.0
 20
132.0
 30
0.0
 11
2760.0
 21
104.0
 31
0.0
  0
TEXT
  5
BCF
330
17
100
AcDbEntity
  8
TITLE
100
AcDbText
 10
2632.0
 20
113.8
 30
0.0
 40
10.4
  1
单件/总重
  7
CJK
 11
2632.0
 21
113.8
 31
0.0
100
AcDbText
  0
TEXT
  5
BD0
330
17
100
AcDbEntity
  8
TITLE
100
AcDbText
 10
2768.0
 20
113.8
 30
0.0
 40
10.4
  1
37.3 kg
  7
CJK
 11
2768.0
 21
113.8
 31
0.0
100
AcDbText
  0
LINE
  5
BD1
330
17
100
AcDbEntity
  8
TITLE
100
AcDbLine
 10
2624.0
 20
76.0
 30
0.0
 11
3344.0
 21
76.0
 31
0.0
  0
LINE
  5
BD2
330
17
100
AcDbEntity
  8
TITLE
100
AcDbLine
 10
2760.0
 20
104.0
 30
0.0
 11
2760.0
 21
76.0
 31
0.0
  0
TEXT
  5
BD3
330
17
100
AcDbEntity
  8
TITLE
100
AcDbText
 10
2632.0
 20
85.8
 30
0.0
 40
10.4
  1
设计
  7
CJK
 11
2632.0
 21
85.8
 31
0.0
100
AcDbText
  0
TEXT
  5
BD4
330
17
100
AcDbEntity
  8
TITLE
100
AcDbText
 10
2768.0
 20
85.8
 30
0.0
 40
10.4
  1
Claude 自主设计·非原厂
  7
CJK
 11
2768.0
 21
85.8
 31
0.0
100
AcDbText
  0
LINE
  5
BD5
330
17
100
AcDbEntity
  8
TITLE
100
AcDbLine
 10
2624.0
 20
48.0
 30
0.0
 11
3344.0
 21
48.0
 31
0.0
  0
LINE
  5
BD6
330
17
100
AcDbEntity
  8
TITLE
100
AcDbLine
 10
2760.0
 20
76.0
 30
0.0
 11
2760.0
 21
48.0
 31
0.0
  0
TEXT
  5
BD7
330
17
100
AcDbEntity
  8
TITLE
100
AcDbText
 10
2632.0
 20
57.8
 30
0.0
 40
10.4
  1
日期
  7
CJK
 11
2632.0
 21
57.8
 31
0.0
100
AcDbText
  0
TEXT
  5
BD8
330
17
100
AcDbEntity
  8
TITLE
100
AcDbText
 10
2768.0
 20
57.8
 30
0.0
 40
10.4
  1
2026-09-24
  7
CJK
 11
2768.0
 21
57.8
 31
0.0
100
AcDbText
  0
LINE
  5
BD9
330
17
100
AcDbEntity
  8
TITLE
100
AcDbLine
 10
2624.0
 20
20.0
 30
0.0
 11
3344.0
 21
20.0
 31
0.0
  0
LINE
  5
BDA
330
17
100
AcDbEntity
  8
TITLE
100
AcDbLine
 10
2760.0
 20
48.0
 30
0.0
 11
2760.0
 21
20.0
 31
0.0
  0
TEXT
  5
BDB
330
17
100
AcDbEntity
  8
TITLE
100
AcDbText
 10
2632.0
 20
29.8
 30
0.0
 40
10.4
  1
图幅
  7
CJK
 11
2632.0
 21
29.8
 31
0.0
100
AcDbText
  0
TEXT
  5
BDC
330
17
100
AcDbEntity
  8
TITLE
100
AcDbText
 10
2768.0
 20
29.8
 30
0.0
 40
10.4
  1
第 1 张 共 3 张
  7
CJK
 11
2768.0
 21
29.8
 31
0.0
100
AcDbText
  0
CIRCLE
  5
BDD
330
17
100
AcDbEntity
  8
TITLE
100
AcDbCircle
 10
2500.0
 20
98.39999999999999
 30
0.0
 40
11.0
  0
LINE
  5
BDE
330
17
100
AcDbEntity
  8
TITLE
100
AcDbLine
 10
2511.0
 20
98.39999999999999
 30
0.0
 11
2553.3
 21
98.39999999999999
 31
0.0
  0
LWPOLYLINE
  5
BDF
330
17
100
AcDbEntity
  8
TITLE
100
AcDbPolyline
 90
4
 70
1
 10
2548.0
 20
81.39999999999999
 10
2572.0
 20
72.89999999999999
 10
2572.0
 20
123.89999999999999
 10
2548.0
 20
115.39999999999999
  0
TEXT
  5
BE0
330
17
100
AcDbEntity
  8
TITLE
100
AcDbText
 10
2500.0
 20
66.39999999999999
 30
0.0
 40
9.6
  1
第一角画法 (GB/T 14692)
  7
CJK
 11
2500.0
 21
66.39999999999999
 31
0.0
100
AcDbText
  0
ENDSEC
  0
SECTION
  2
OBJECTS
  0
DICTIONARY
  5
A
330
0
100
AcDbDictionary
281
1
  3
ACAD_COLOR
350
B
  3
ACAD_GROUP
350
C
  3
ACAD_LAYOUT
350
D
  3
ACAD_MATERIAL
350
E
  3
ACAD_MLEADERSTYLE
350
F
  3
ACAD_MLINESTYLE
350
10
  3
ACAD_PLOTSETTINGS
350
11
  3
ACAD_PLOTSTYLENAME
350
12
  3
ACAD_SCALELIST
350
14
  3
ACAD_TABLESTYLE
350
15
  3
ACAD_VISUALSTYLE
350
16
  3
EZDXF_META
350
2D
  0
DICTIONARY
  5
B
330
A
100
AcDbDictionary
281
1
  0
DICTIONARY
  5
C
330
A
100
AcDbDictionary
281
1
  0
DICTIONARY
  5
D
330
A
100
AcDbDictionary
281
1
  3
Model
350
1A
  3
Layout1
350
1E
  0
DICTIONARY
  5
E
330
A
100
AcDbDictionary
281
1
  3
ByBlock
350
1F
  3
ByLayer
350
20
  3
Global
350
21
  0
DICTIONARY
  5
F
330
A
100
AcDbDictionary
281
1
  3
Standard
350
2C
  0
DICTIONARY
  5
10
330
A
100
AcDbDictionary
281
1
  3
Standard
350
22
  0
DICTIONARY
  5
11
330
A
100
AcDbDictionary
281
1
  0
ACDBDICTIONARYWDFLT
  5
12
330
A
100
AcDbDictionary
281
1
  3
Normal
350
13
100
AcDbDictionaryWithDefault
340
13
  0
ACDBPLACEHOLDER
  5
13
330
12
  0
DICTIONARY
  5
14
330
A
100
AcDbDictionary
281
1
  0
DICTIONARY
  5
15
330
A
100
AcDbDictionary
281
1
  0
DICTIONARY
  5
16
330
A
100
AcDbDictionary
281
1
  3
2dWireframe
350
5A
  3
Basic
350
5B
  3
Brighten
350
5C
  3
ColorChange
350
5D
  3
Conceptual
350
5E
  3
Dim
350
5F
  3
EdgeColorOff
350
60
  3
Facepattern
350
61
  3
Flat
350
62
  3
FlatWithEdges
350
63
  3
Gouraud
350
64
  3
GouraudWithEdges
350
65
  3
Hidden
350
66
  3
JitterOff
350
67
  3
Linepattern
350
68
  3
Modeling
350
69
  3
OverhangOff
350
6A
  3
Realistic
350
6B
  3
Shaded
350
6C
  3
Shaded with edges
350
6D
  3
Shades of Gray
350
6E
  3
Sketchy
350
6F
  3
Thicken
350
70
  3
Wireframe
350
71
  3
X-Ray
350
72
  0
LAYOUT
  5
1A
330
D
100
AcDbPlotSettings
  1

  4
A3
  6

 40
7.5
 41
20.0
 42
7.5
 43
20.0
 44
420.0
 45
297.0
 46
0.0
 47
0.0
 48
0.0
 49
0.0
140
0.0
141
0.0
142
1.0
143
1.0
 70
1024
 72
1
 73
0
 74
5
  7

 75
16
 76
0
 77
2
 78
300
147
1.0
148
0.0
149
0.0
100
AcDbLayout
  1
Model
 70
1
 71
0
 10
0.0
 20
0.0
 11
420.0
 21
297.0
 12
0.0
 22
0.0
 32
0.0
 14
1e+20
 24
1e+20
 34
1e+20
 15
-1e+20
 25
-1e+20
 35
-1e+20
146
0.0
 13
0.0
 23
0.0
 33
0.0
 16
1.0
 26
0.0
 36
0.0
 17
0.0
 27
1.0
 37
0.0
 76
1
330
17
  0
LAYOUT
  5
1E
330
D
100
AcDbPlotSettings
  1

  4
A3
  6

 40
7.5
 41
20.0
 42
7.5
 43
20.0
 44
420.0
 45
297.0
 46
0.0
 47
0.0
 48
0.0
 49
0.0
140
0.0
141
0.0
142
1.0
143
1.0
 70
0
 72
1
 73
0
 74
5
  7

 75
16
 76
0
 77
2
 78
300
147
1.0
148
0.0
149
0.0
100
AcDbLayout
  1
Layout1
 70
1
 71
1
 10
0.0
 20
0.0
 11
420.0
 21
297.0
 12
0.0
 22
0.0
 32
0.0
 14
1e+20
 24
1e+20
 34
1e+20
 15
-1e+20
 25
-1e+20
 35
-1e+20
146
0.0
 13
0.0
 23
0.0
 33
0.0
 16
1.0
 26
0.0
 36
0.0
 17
0.0
 27
1.0
 37
0.0
 76
1
330
1B
  0
MATERIAL
  5
1F
102
{ACAD_REACTORS
330
E
102
}
330
E
100
AcDbMaterial
  1
ByBlock
  2

 70
0
 40
1.0
 71
1
 41
1.0
 91
-1023410177
 42
1.0
 72
1
  3

 73
1
 74
1
 75
1
 44
0.5
 73
0
 45
1.0
 46
1.0
 77
1
  4

 78
1
 79
1
170
1
 48
1.0
171
1
  6

172
1
173
1
174
1
140
1.0
141
1.0
175
1
  7

176
1
177
1
178
1
143
1.0
179
1
  8

270
1
271
1
272
1
145
1.0
146
1.0
273
1
  9

274
1
275
1
276
1
 42
1.0
 72
1
  3

 73
1
 74
1
 75
1
 94
63
  0
MATERIAL
  5
20
102
{ACAD_REACTORS
330
E
102
}
330
E
100
AcDbMaterial
  1
ByLayer
  2

 70
0
 40
1.0
 71
1
 41
1.0
 91
-1023410177
 42
1.0
 72
1
  3

 73
1
 74
1
 75
1
 44
0.5
 73
0
 45
1.0
 46
1.0
 77
1
  4

 78
1
 79
1
170
1
 48
1.0
171
1
  6

172
1
173
1
174
1
140
1.0
141
1.0
175
1
  7

176
1
177
1
178
1
143
1.0
179
1
  8

270
1
271
1
272
1
145
1.0
146
1.0
273
1
  9

274
1
275
1
276
1
 42
1.0
 72
1
  3

 73
1
 74
1
 75
1
 94
63
  0
MATERIAL
  5
21
102
{ACAD_REACTORS
330
E
102
}
330
E
100
AcDbMaterial
  1
Global
  2

 70
0
 40
1.0
 71
1
 41
1.0
 91
-1023410177
 42
1.0
 72
1
  3

 73
1
 74
1
 75
1
 44
0.5
 73
0
 45
1.0
 46
1.0
 77
1
  4

 78
1
 79
1
170
1
 48
1.0
171
1
  6

172
1
173
1
174
1
140
1.0
141
1.0
175
1
  7

176
1
177
1
178
1
143
1.0
179
1
  8

270
1
271
1
272
1
145
1.0
146
1.0
273
1
  9

274
1
275
1
276
1
 42
1.0
 72
1
  3

 73
1
 74
1
 75
1
 94
63
  0
MLINESTYLE
  5
22
102
{ACAD_REACTORS
330
10
102
}
330
10
100
AcDbMlineStyle
  2
Standard
 70
0
  3

 62
256
 51
90.0
 52
90.0
 71
2
 49
0.5
 62
256
  6
BYLAYER
 49
-0.5
 62
256
  6
BYLAYER
  0
MLEADERSTYLE
  5
2C
102
{ACAD_REACTORS
330
F
102
}
330
F
100
AcDbMLeaderStyle
179
2
170
2
171
1
172
0
 90
2
 40
0.0
 41
0.0
173
1
 91
-1056964608
 92
-2
290
1
 42
2.0
291
1
 43
8.0
  3
Standard
 44
4.0
300

342
29
174
1
175
1
176
0
178
1
 93
-1056964608
 45
4.0
292
0
297
0
 46
4.0
 94
-1056964608
 47
1.0
 49
1.0
140
1.0
294
1
141
0.0
177
0
142
1.0
295
0
296
0
143
3.75
271
0
272
9
273
9
  0
DICTIONARY
  5
2D
330
A
100
AcDbDictionary
280
1
281
1
  3
CREATED_BY_EZDXF
350
2E
  3
WRITTEN_BY_EZDXF
350
BE3
  0
DICTIONARYVAR
  5
2E
330
2D
100
DictionaryVariables
280
0
  1
1.4.4 @ 2026-09-24T22:41:12.016469+00:00
  0
VISUALSTYLE
  5
5A
102
{ACAD_REACTORS
330
16
102
}
330
16
100
AcDbVisualStyle
  2
2dWireframe
 70
4
 90
0
 40
0.6
 62
7
290
0
291
0
  0
VISUALSTYLE
  5
5B
102
{ACAD_REACTORS
330
16
102
}
330
16
100
AcDbVisualStyle
  2
Basic
 70
7
 90
1
 40
0.6
 62
7
290
0
291
1
  0
VISUALSTYLE
  5
5C
102
{ACAD_REACTORS
330
16
102
}
330
16
100
AcDbVisualStyle
  2
Brighten
 70
12
 90
2
 40
0.6
 62
7
290
0
291
1
  0
VISUALSTYLE
  5
5D
102
{ACAD_REACTORS
330
16
102
}
330
16
100
AcDbVisualStyle
  2
ColorChange
 70
16
 90
2
 40
0.6
 62
8
290
0
291
1
  0
VISUALSTYLE
  5
5E
102
{ACAD_REACTORS
330
16
102
}
330
16
100
AcDbVisualStyle
  2
Conceptual
 70
9
 90
3
 40
0.6
 62
7
290
0
291
0
  0
VISUALSTYLE
  5
5F
102
{ACAD_REACTORS
330
16
102
}
330
16
100
AcDbVisualStyle
  2
Dim
 70
11
 90
2
 40
0.6
 62
7
290
0
291
1
  0
VISUALSTYLE
  5
60
102
{ACAD_REACTORS
330
16
102
}
330
16
100
AcDbVisualStyle
  2
EdgeColorOff
 70
22
 90
2
 40
0.6
 62
7
290
0
291
1
  0
VISUALSTYLE
  5
61
102
{ACAD_REACTORS
330
16
102
}
330
16
100
AcDbVisualStyle
  2
Facepattern
 70
15
 90
2
 40
0.6
 62
7
290
0
291
1
  0
VISUALSTYLE
  5
62
102
{ACAD_REACTORS
330
16
102
}
330
16
100
AcDbVisualStyle
  2
Flat
 70
0
 90
2
 40
0.6
 62
7
290
0
291
1
  0
VISUALSTYLE
  5
63
102
{ACAD_REACTORS
330
16
102
}
330
16
100
AcDbVisualStyle
  2
FlatWithEdges
 70
1
 90
2
 40
0.6
 62
7
290
0
291
1
  0
VISUALSTYLE
  5
64
102
{ACAD_REACTORS
330
16
102
}
330
16
100
AcDbVisualStyle
  2
Gouraud
 70
2
 90
2
 40
0.6
 62
7
290
0
291
1
  0
VISUALSTYLE
  5
65
102
{ACAD_REACTORS
330
16
102
}
330
16
100
AcDbVisualStyle
  2
GouraudWithEdges
 70
3
 90
2
 40
0.6
 62
7
290
0
291
1
  0
VISUALSTYLE
  5
66
102
{ACAD_REACTORS
330
16
102
}
330
16
100
AcDbVisualStyle
  2
Hidden
 70
6
 90
1
 40
0.6
 62
7
290
0
291
0
  0
VISUALSTYLE
  5
67
102
{ACAD_REACTORS
330
16
102
}
330
16
100
AcDbVisualStyle
  2
JitterOff
 70
20
 90
2
 40
0.6
 62
7
290
0
291
1
  0
VISUALSTYLE
  5
68
102
{ACAD_REACTORS
330
16
102
}
330
16
100
AcDbVisualStyle
  2
Linepattern
 70
14
 90
2
 40
0.6
 62
7
290
0
291
1
  0
VISUALSTYLE
  5
69
102
{ACAD_REACTORS
330
16
102
}
330
16
100
AcDbVisualStyle
  2
Modeling
 70
10
 90
2
 40
0.6
 62
7
290
0
291
0
  0
VISUALSTYLE
  5
6A
102
{ACAD_REACTORS
330
16
102
}
330
16
100
AcDbVisualStyle
  2
OverhangOff
 70
21
 90
2
 40
0.6
 62
7
290
0
291
1
  0
VISUALSTYLE
  5
6B
102
{ACAD_REACTORS
330
16
102
}
330
16
100
AcDbVisualStyle
  2
Realistic
 70
8
 90
2
 40
0.6
 62
7
290
0
291
0
  0
VISUALSTYLE
  5
6C
102
{ACAD_REACTORS
330
16
102
}
330
16
100
AcDbVisualStyle
  2
Shaded
 70
27
 90
2
 40
0.6
 62
7
290
0
291
0
  0
VISUALSTYLE
  5
6D
102
{ACAD_REACTORS
330
16
102
}
330
16
100
AcDbVisualStyle
  2
Shaded with edges
 70
26
 90
2
 40
0.6
 62
7
290
0
291
0
  0
VISUALSTYLE
  5
6E
102
{ACAD_REACTORS
330
16
102
}
330
16
100
AcDbVisualStyle
  2
Shades of Gray
 70
23
 90
2
 40
0.6
 62
7
290
0
291
0
  0
VISUALSTYLE
  5
6F
102
{ACAD_REACTORS
330
16
102
}
330
16
100
AcDbVisualStyle
  2
Sketchy
 70
24
 90
1
 40
0.6
 62
7
290
0
291
0
  0
VISUALSTYLE
  5
70
102
{ACAD_REACTORS
330
16
102
}
330
16
100
AcDbVisualStyle
  2
Thicken
 70
13
 90
2
 40
0.6
 62
7
290
0
291
1
  0
VISUALSTYLE
  5
71
102
{ACAD_REACTORS
330
16
102
}
330
16
100
AcDbVisualStyle
  2
Wireframe
 70
5
 90
0
 40
0.6
 62
7
290
0
291
0
  0
VISUALSTYLE
  5
72
102
{ACAD_REACTORS
330
16
102
}
330
16
100
AcDbVisualStyle
  2
X-Ray
 70
25
 90
2
 40
0.5
 62
7
290
0
291
0
  0
DICTIONARYVAR
  5
BE3
330
2D
100
DictionaryVariables
280
0
  1
1.4.4 @ 2026-09-24T22:41:12.169622+00:00
  0
ENDSEC
  0
EOF
