  0
SECTION
  2
HEADER
  9
$ACADVER
  1
AC1024
  9
$ACADMAINTVER
 70
6
  9
$DWGCODEPAGE
  3
ANSI_1252
  9
$LASTSAVEDBY
  1
ezdxf
  9
$INSBASE
 10
0.0
 20
0.0
 30
0.0
  9
$EXTMIN
 10
1e+20
 20
1e+20
 30
1e+20
  9
$EXTMAX
 10
-1e+20
 20
-1e+20
 30
-1e+20
  9
$LIMMIN
 10
0.0
 20
0.0
  9
$LIMMAX
 10
420.0
 20
297.0
  9
$ORTHOMODE
 70
0
  9
$REGENMODE
 70
1
  9
$FILLMODE
 70
1
  9
$QTEXTMODE
 70
0
  9
$MIRRTEXT
 70
1
  9
$LTSCALE
 40
3.0
  9
$ATTMODE
 70
1
  9
$TEXTSIZE
 40
2.5
  9
$TRACEWID
 40
1.0
  9
$TEXTSTYLE
  7
OpenSans
  9
$CLAYER
  8
0
  9
$CELTYPE
  6
ByLayer
  9
$CECOLOR
 62
256
  9
$CELTSCALE
 40
1.0
  9
$DISPSILH
 70
0
  9
$DIMSCALE
 40
1.0
  9
$DIMASZ
 40
0.175
  9
$DIMEXO
 40
0.125
  9
$DIMDLI
 40
3.75
  9
$DIMRND
 40
0.0
  9
$DIMDLE
 40
0.0
  9
$DIMEXE
 40
0.375
  9
$DIMTP
 40
0.0
  9
$DIMTM
 40
0.0
  9
$DIMTXT
 40
0.25
  9
$DIMCEN
 40
2.5
  9
$DIMTSZ
 40
0.0
  9
$DIMTOL
 70
0
  9
$DIMLIM
 70
0
  9
$DIMTIH
 70
0
  9
$DIMTOH
 70
0
  9
$DIMSE1
 70
0
  9
$DIMSE2
 70
0
  9
$DIMTAD
 70
1
  9
$DIMZIN
 70
12
  9
$DIMBLK
  1
ARCHTICK
  9
$DIMASO
 70
1
  9
$DIMSHO
 70
1
  9
$DIMPOST
  1

  9
$DIMAPOST
  1

  9
$DIMALT
 70
0
  9
$DIMALTD
 70
3
  9
$DIMALTF
 40
0.03937007874
  9
$DIMLFAC
 40
100.0
  9
$DIMTOFL
 70
1
  9
$DIMTVP
 40
0.0
  9
$DIMTIX
 70
0
  9
$DIMSOXD
 70
0
  9
$DIMSAH
 70
0
  9
$DIMBLK1
  1

  9
$DIMBLK2
  1

  9
$DIMSTYLE
  2
EZDXF
  9
$DIMCLRD
 70
0
  9
$DIMCLRE
 70
0
  9
$DIMCLRT
 70
0
  9
$DIMTFAC
 40
0.5
  9
$DIMGAP
 40
0.1
  9
$DIMJUST
 70
0
  9
$DIMSD1
 70
0
  9
$DIMSD2
 70
0
  9
$DIMTOLJ
 70
0
  9
$DIMTZIN
 70
8
  9
$DIMALTZ
 70
0
  9
$DIMALTTZ
 70
0
  9
$DIMUPT
 70
1
  9
$DIMDEC
 70
2
  9
$DIMTDEC
 70
2
  9
$DIMALTU
 70
2
  9
$DIMALTTD
 70
3
  9
$DIMTXSTY
  7
OpenSansCondensed-Light
  9
$DIMAUNIT
 70
0
  9
$DIMADEC
 70
2
  9
$DIMALTRND
 40
0.0
  9
$DIMAZIN
 70
3
  9
$DIMDSEP
 70
46
  9
$DIMATFIT
 70
3
  9
$DIMFRAC
 70
0
  9
$DIMLDRBLK
  1

  9
$DIMLUNIT
 70
2
  9
$DIMLWD
 70
-2
  9
$DIMLWE
 70
-2
  9
$DIMTMOVE
 70
2
  9
$DIMFXL
 40
1.0
  9
$DIMFXLON
 70
0
  9
$DIMJOGANG
 40
0.785398163397
  9
$DIMTFILL
 70
0
  9
$DIMTFILLCLR
 70
0
  9
$DIMARCSYM
 70
0
  9
$DIMLTYPE
  6

  9
$DIMLTEX1
  6

  9
$DIMLTEX2
  6

  9
$DIMTXTDIRECTION
 70
0
  9
$LUNITS
 70
2
  9
$LUPREC
 70
4
  9
$SKETCHINC
 40
1.0
  9
$FILLETRAD
 40
10.0
  9
$AUNITS
 70
0
  9
$AUPREC
 70
2
  9
$MENU
  1
.
  9
$ELEVATION
 40
0.0
  9
$PELEVATION
 40
0.0
  9
$THICKNESS
 40
0.0
  9
$LIMCHECK
 70
0
  9
$CHAMFERA
 40
0.0
  9
$CHAMFERB
 40
0.0
  9
$CHAMFERC
 40
0.0
  9
$CHAMFERD
 40
0.0
  9
$SKPOLY
 70
0
  9
$TDCREATE
 40
2461308.964039352
  9
$TDUCREATE
 40
2458532.153996898
  9
$TDUPDATE
 40
2461308.964039352
  9
$TDUUPDATE
 40
2458532.1544311
  9
$TDINDWG
 40
0.0
  9
$TDUSRTIMER
 40
0.0
  9
$USRTIMER
 70
1
  9
$ANGBASE
 50
0.0
  9
$ANGDIR
 70
0
  9
$PDMODE
 70
0
  9
$PDSIZE
 40
0.0
  9
$PLINEWID
 40
0.0
  9
$SPLFRAME
 70
0
  9
$SPLINETYPE
 70
6
  9
$SPLINESEGS
 70
8
  9
$HANDSEED
  5
70D
  9
$SURFTAB1
 70
6
  9
$SURFTAB2
 70
6
  9
$SURFTYPE
 70
6
  9
$SURFU
 70
6
  9
$SURFV
 70
6
  9
$UCSBASE
  2

  9
$UCSNAME
  2

  9
$UCSORG
 10
0.0
 20
0.0
 30
0.0
  9
$UCSXDIR
 10
1.0
 20
0.0
 30
0.0
  9
$UCSYDIR
 10
0.0
 20
1.0
 30
0.0
  9
$UCSORTHOREF
  2

  9
$UCSORTHOVIEW
 70
0
  9
$UCSORGTOP
 10
0.0
 20
0.0
 30
0.0
  9
$UCSORGBOTTOM
 10
0.0
 20
0.0
 30
0.0
  9
$UCSORGLEFT
 10
0.0
 20
0.0
 30
0.0
  9
$UCSORGRIGHT
 10
0.0
 20
0.0
 30
0.0
  9
$UCSORGFRONT
 10
0.0
 20
0.0
 30
0.0
  9
$UCSORGBACK
 10
0.0
 20
0.0
 30
0.0
  9
$PUCSBASE
  2

  9
$PUCSNAME
  2

  9
$PUCSORG
 10
0.0
 20
0.0
 30
0.0
  9
$PUCSXDIR
 10
1.0
 20
0.0
 30
0.0
  9
$PUCSYDIR
 10
0.0
 20
1.0
 30
0.0
  9
$PUCSORTHOREF
  2

  9
$PUCSORTHOVIEW
 70
0
  9
$PUCSORGTOP
 10
0.0
 20
0.0
 30
0.0
  9
$PUCSORGBOTTOM
 10
0.0
 20
0.0
 30
0.0
  9
$PUCSORGLEFT
 10
0.0
 20
0.0
 30
0.0
  9
$PUCSORGRIGHT
 10
0.0
 20
0.0
 30
0.0
  9
$PUCSORGFRONT
 10
0.0
 20
0.0
 30
0.0
  9
$PUCSORGBACK
 10
0.0
 20
0.0
 30
0.0
  9
$USERI1
 70
0
  9
$USERI2
 70
0
  9
$USERI3
 70
0
  9
$USERI4
 70
0
  9
$USERI5
 70
0
  9
$USERR1
 40
0.0
  9
$USERR2
 40
0.0
  9
$USERR3
 40
0.0
  9
$USERR4
 40
0.0
  9
$USERR5
 40
0.0
  9
$WORLDVIEW
 70
1
  9
$SHADEDGE
 70
3
  9
$SHADEDIF
 70
70
  9
$TILEMODE
 70
1
  9
$MAXACTVP
 70
64
  9
$PINSBASE
 10
0.0
 20
0.0
 30
0.0
  9
$PLIMCHECK
 70
0
  9
$PEXTMIN
 10
1e+20
 20
1e+20
 30
1e+20
  9
$PEXTMAX
 10
-1e+20
 20
-1e+20
 30
-1e+20
  9
$PLIMMIN
 10
0.0
 20
0.0
  9
$PLIMMAX
 10
420.0
 20
297.0
  9
$UNITMODE
 70
0
  9
$VISRETAIN
 70
1
  9
$PLINEGEN
 70
0
  9
$PSLTSCALE
 70
1
  9
$TREEDEPTH
 70
3020
  9
$CMLSTYLE
  2
Standard
  9
$CMLJUST
 70
0
  9
$CMLSCALE
 40
20.0
  9
$PROXYGRAPHICS
 70
1
  9
$MEASUREMENT
 70
1
  9
$CELWEIGHT
370
-1
  9
$ENDCAPS
280
0
  9
$JOINSTYLE
280
0
  9
$LWDISPLAY
290
1
  9
$INSUNITS
 70
4
  9
$HYPERLINKBASE
  1

  9
$STYLESHEET
  1

  9
$XEDIT
290
1
  9
$CEPSNTYPE
380
0
  9
$PSTYLEMODE
290
1
  9
$FINGERPRINTGUID
  2
{3127921E-4D3F-47E7-9F11-BADD827B861A}
  9
$VERSIONGUID
  2
{0F593A9F-027D-4539-8DA1-E15A3DD51CD6}
  9
$EXTNAMES
290
1
  9
$PSVPSCALE
 40
0.0
  9
$OLESTARTUP
290
0
  9
$SORTENTS
280
127
  9
$INDEXCTL
280
0
  9
$HIDETEXT
280
1
  9
$XCLIPFRAME
280
1
  9
$HALOGAP
280
0
  9
$OBSCOLOR
 70
257
  9
$OBSLTYPE
280
0
  9
$INTERSECTIONDISPLAY
280
0
  9
$INTERSECTIONCOLOR
 70
257
  9
$DIMASSOC
280
2
  9
$PROJECTNAME
  1

  9
$CAMERADISPLAY
290
0
  9
$LENSLENGTH
 40
50.0
  9
$CAMERAHEIGHT
 40
0.0
  9
$STEPSPERSEC
 40
24.0
  9
$STEPSIZE
 40
100.0
  9
$3DDWFPREC
 40
2.0
  9
$PSOLWIDTH
 40
0.005
  9
$PSOLHEIGHT
 40
0.08
  9
$LOFTANG1
 40
1.570796326795
  9
$LOFTANG2
 40
1.570796326795
  9
$LOFTMAG1
 40
0.0
  9
$LOFTMAG2
 40
0.0
  9
$LOFTPARAM
 70
7
  9
$LOFTNORMALS
280
1
  9
$LATITUDE
 40
37.795
  9
$LONGITUDE
 40
-122.394
  9
$NORTHDIRECTION
 40
0.0
  9
$TIMEZONE
 70
-8000
  9
$LIGHTGLYPHDISPLAY
280
1
  9
$TILEMODELIGHTSYNCH
280
1
  9
$CMATERIAL
347
20
  9
$SOLIDHIST
280
0
  9
$SHOWHIST
280
1
  9
$DWFFRAME
280
2
  9
$DGNFRAME
280
2
  9
$REALWORLDSCALE
290
1
  9
$INTERFERECOLOR
 62
256
  9
$CSHADOW
280
0
  9
$SHADOWPLANELOCATION
 40
0.0
  0
ENDSEC
  0
SECTION
  2
CLASSES
  0
CLASS
  1
ACDBDICTIONARYWDFLT
  2
AcDbDictionaryWithDefault
  3
ObjectDBX Classes
 90
0
 91
0
280
0
281
0
  0
CLASS
  1
SUN
  2
AcDbSun
  3
SCENEOE
 90
1153
 91
0
280
0
281
0
  0
CLASS
  1
VISUALSTYLE
  2
AcDbVisualStyle
  3
ObjectDBX Classes
 90
4095
 91
0
280
0
281
0
  0
CLASS
  1
MATERIAL
  2
AcDbMaterial
  3
ObjectDBX Classes
 90
1153
 91
0
280
0
281
0
  0
CLASS
  1
SCALE
  2
AcDbScale
  3
ObjectDBX Classes
 90
1153
 91
0
280
0
281
0
  0
CLASS
  1
TABLESTYLE
  2
AcDbTableStyle
  3
ObjectDBX Classes
 90
4095
 91
0
280
0
281
0
  0
CLASS
  1
MLEADERSTYLE
  2
AcDbMLeaderStyle
  3
ACDB_MLEADERSTYLE_CLASS
 90
4095
 91
0
280
0
281
0
  0
CLASS
  1
DICTIONARYVAR
  2
AcDbDictionaryVar
  3
ObjectDBX Classes
 90
0
 91
0
280
0
281
0
  0
CLASS
  1
CELLSTYLEMAP
  2
AcDbCellStyleMap
  3
ObjectDBX Classes
 90
1152
 91
0
280
0
281
0
  0
CLASS
  1
MENTALRAYRENDERSETTINGS
  2
AcDbMentalRayRenderSettings
  3
SCENEOE
 90
1024
 91
0
280
0
281
0
  0
CLASS
  1
ACDBDETAILVIEWSTYLE
  2
AcDbDetailViewStyle
  3
ObjectDBX Classes
 90
1025
 91
0
280
0
281
0
  0
CLASS
  1
ACDBSECTIONVIEWSTYLE
  2
AcDbSectionViewStyle
  3
ObjectDBX Classes
 90
1025
 91
0
280
0
281
0
  0
CLASS
  1
RASTERVARIABLES
  2
AcDbRasterVariables
  3
ISM
 90
0
 91
0
280
0
281
0
  0
CLASS
  1
LAYOUT
  2
AcDbLayout
  3
ObjectDBX Classes
 90
0
 91
0
280
0
281
0
  0
CLASS
  1
ACDBPLACEHOLDER
  2
AcDbPlaceHolder
  3
ObjectDBX Classes
 90
0
 91
0
280
0
281
0
  0
ENDSEC
  0
SECTION
  2
TABLES
  0
TABLE
  2
VPORT
  5
8
330
0
100
AcDbSymbolTable
 70
1
  0
VPORT
  5
23
330
8
100
AcDbSymbolTableRecord
100
AcDbViewportTableRecord
  2
*Active
 70
0
 10
0.0
 20
0.0
 11
1.0
 21
1.0
 12
0.0
 22
0.0
 13
0.0
 23
0.0
 14
0.5
 24
0.5
 15
0.5
 25
0.5
 16
0.0
 26
0.0
 36
1.0
 17
0.0
 27
0.0
 37
0.0
 40
1000.0
 41
1.34
 42
50.0
 43
0.0
 44
0.0
 50
0.0
 51
0.0
 71
0
 72
1000
 73
1
 74
3
 75
0
 76
0
 77
0
 78
0
281
0
 65
0
146
0.0
  0
ENDTAB
  0
TABLE
  2
LTYPE
  5
2
330
0
100
AcDbSymbolTable
 70
24
  0
LTYPE
  5
24
330
2
100
AcDbSymbolTableRecord
100
AcDbLinetypeTableRecord
  2
ByBlock
 70
0
  3

 72
65
 73
0
 40
0.0
  0
LTYPE
  5
25
330
2
100
AcDbSymbolTableRecord
100
AcDbLinetypeTableRecord
  2
ByLayer
 70
0
  3

 72
65
 73
0
 40
0.0
  0
LTYPE
  5
26
330
2
100
AcDbSymbolTableRecord
100
AcDbLinetypeTableRecord
  2
Continuous
 70
0
  3

 72
65
 73
0
 40
0.0
  0
LTYPE
  5
2F
330
2
100
AcDbSymbolTableRecord
100
AcDbLinetypeTableRecord
  2
CENTER
 70
0
  3
Center ____ _ ____ _ ____ _ ____ _ ____ _ ____
 72
65
 73
4
 40
5.08
 49
3.175
 74
0
 49
-0.635
 74
0
 49
0.635
 74
0
 49
-0.635
 74
0
  0
LTYPE
  5
30
330
2
100
AcDbSymbolTableRecord
100
AcDbLinetypeTableRecord
  2
CENTERX2
 70
0
  3
Center (2x) ________  __  ________  __  ________
 72
65
 73
4
 40
8.89
 49
6.35
 74
0
 49
-0.635
 74
0
 49
1.27
 74
0
 49
-0.635
 74
0
  0
LTYPE
  5
31
330
2
100
AcDbSymbolTableRecord
100
AcDbLinetypeTableRecord
  2
CENTER2
 70
0
  3
Center (.5x) ____ _ ____ _ ____ _ ____ _ ____
 72
65
 73
4
 40
2.54
 49
1.587
 74
0
 49
-0.318
 74
0
 49
0.318
 74
0
 49
-0.318
 74
0
  0
LTYPE
  5
32
330
2
100
AcDbSymbolTableRecord
100
AcDbLinetypeTableRecord
  2
DASHED
 70
0
  3
Dashed __ __ __ __ __ __ __ __ __ __ __ __ __ _
 72
65
 73
2
 40
1.524
 49
1.27
 74
0
 49
-0.254
 74
0
  0
LTYPE
  5
33
330
2
100
AcDbSymbolTableRecord
100
AcDbLinetypeTableRecord
  2
DASHEDX2
 70
0
  3
Dashed (2x) ____  ____  ____  ____  ____  ____
 72
65
 73
2
 40
3.048
 49
2.54
 74
0
 49
-0.508
 74
0
  0
LTYPE
  5
34
330
2
100
AcDbSymbolTableRecord
100
AcDbLinetypeTableRecord
  2
DASHED2
 70
0
  3
Dashed (.5x) _ _ _ _ _ _ _ _ _ _ _ _ _ _
 72
65
 73
2
 40
0.762
 49
0.635
 74
0
 49
-0.127
 74
0
  0
LTYPE
  5
35
330
2
100
AcDbSymbolTableRecord
100
AcDbLinetypeTableRecord
  2
PHANTOM
 70
0
  3
Phantom ______  __  __  ______  __  __  ______
 72
65
 73
6
 40
6.35
 49
3.175
 74
0
 49
-0.635
 74
0
 49
0.635
 74
0
 49
-0.635
 74
0
 49
0.635
 74
0
 49
-0.635
 74
0
  0
LTYPE
  5
36
330
2
100
AcDbSymbolTableRecord
100
AcDbLinetypeTableRecord
  2
PHANTOMX2
 70
0
  3
Phantom (2x)____________    ____    ____    ____________
 72
65
 73
6
 40
10.795
 49
6.35
 74
0
 49
-0.635
 74
0
 49
1.27
 74
0
 49
-0.635
 74
0
 49
1.27
 74
0
 49
-0.635
 74
0
  0
LTYPE
  5
37
330
2
100
AcDbSymbolTableRecord
100
AcDbLinetypeTableRecord
  2
PHANTOM2
 70
0
  3
Phantom (.5x) ___ _ _ ___ _ _ ___ _ _ ___ _ _ ___
 72
65
 73
6
 40
3.175
 49
1.587
 74
0
 49
-0.318
 74
0
 49
0.318
 74
0
 49
-0.318
 74
0
 49
0.318
 74
0
 49
-0.318
 74
0
  0
LTYPE
  5
38
330
2
100
AcDbSymbolTableRecord
100
AcDbLinetypeTableRecord
  2
DASHDOT
 70
0
  3
Dash dot __ . __ . __ . __ . __ . __ . __ . __
 72
65
 73
4
 40
3.556
 49
2.54
 74
0
 49
-0.508
 74
0
 49
0.0
 74
0
 49
-0.508
 74
0
  0
LTYPE
  5
39
330
2
100
AcDbSymbolTableRecord
100
AcDbLinetypeTableRecord
  2
DASHDOTX2
 70
0
  3
Dash dot (2x) ____  .  ____  .  ____  .  ____
 72
65
 73
4
 40
6.096
 49
5.08
 74
0
 49
-0.508
 74
0
 49
0.0
 74
0
 49
-0.508
 74
0
  0
LTYPE
  5
3A
330
2
100
AcDbSymbolTableRecord
100
AcDbLinetypeTableRecord
  2
DASHDOT2
 70
0
  3
Dash dot (.5x) _ . _ . _ . _ . _ . _ . _ . _
 72
65
 73
4
 40
1.778
 49
1.27
 74
0
 49
-0.254
 74
0
 49
0.0
 74
0
 49
-0.254
 74
0
  0
LTYPE
  5
3B
330
2
100
AcDbSymbolTableRecord
100
AcDbLinetypeTableRecord
  2
DOT
 70
0
  3
Dot .  .  .  .  .  .  .  .  .  .  .  .  .  .  .  .
 72
65
 73
2
 40
0.508
 49
0.0
 74
0
 49
-0.508
 74
0
  0
LTYPE
  5
3C
330
2
100
AcDbSymbolTableRecord
100
AcDbLinetypeTableRecord
  2
DOTX2
 70
0
  3
Dot (2x) .    .    .    .    .    .    .    . 
 72
65
 73
2
 40
1.016
 49
0.0
 74
0
 49
-1.016
 74
0
  0
LTYPE
  5
3D
330
2
100
AcDbSymbolTableRecord
100
AcDbLinetypeTableRecord
  2
DOT2
 70
0
  3
Dot (.5) . . . . . . . . . . . . . . . . . . . 
 72
65
 73
2
 40
0.254
 49
0.0
 74
0
 49
-0.254
 74
0
  0
LTYPE
  5
3E
330
2
100
AcDbSymbolTableRecord
100
AcDbLinetypeTableRecord
  2
DIVIDE
 70
0
  3
Divide __ . . __ . . __ . . __ . . __ . . __
 72
65
 73
6
 40
4.064
 49
2.54
 74
0
 49
-0.508
 74
0
 49
0.0
 74
0
 49
-0.508
 74
0
 49
0.0
 74
0
 49
-0.508
 74
0
  0
LTYPE
  5
3F
330
2
100
AcDbSymbolTableRecord
100
AcDbLinetypeTableRecord
  2
DIVIDEX2
 70
0
  3
Divide (2x) ____  . .  ____  . .  ____  . .  ____
 72
65
 73
6
 40
6.604
 49
5.08
 74
0
 49
-0.508
 74
0
 49
0.0
 74
0
 49
-0.508
 74
0
 49
0.0
 74
0
 49
-0.508
 74
0
  0
LTYPE
  5
40
330
2
100
AcDbSymbolTableRecord
100
AcDbLinetypeTableRecord
  2
DIVIDE2
 70
0
  3
Divide(.5x) _ . _ . _ . _ . _ . _ . _ . _
 72
65
 73
6
 40
2.032
 49
1.27
 74
0
 49
-0.254
 74
0
 49
0.0
 74
0
 49
-0.254
 74
0
 49
0.0
 74
0
 49
-0.254
 74
0
  0
LTYPE
  5
8A
330
2
100
AcDbSymbolTableRecord
100
AcDbLinetypeTableRecord
  2
GB_HIDDEN
 70
0
  3
虚线 __ __
 72
65
 73
2
 40
5.0
 49
4.0
 74
0
 49
-1.0
 74
0
  0
LTYPE
  5
8B
330
2
100
AcDbSymbolTableRecord
100
AcDbLinetypeTableRecord
  2
GB_CENTER
 70
0
  3
点划线 ___ . ___
 72
65
 73
4
 40
20.0
 49
15.0
 74
0
 49
-2.0
 74
0
 49
1.0
 74
0
 49
-2.0
 74
0
  0
LTYPE
  5
8C
330
2
100
AcDbSymbolTableRecord
100
AcDbLinetypeTableRecord
  2
GB_PHANTOM
 70
0
  3
双点划线 ___ . . ___
 72
65
 73
6
 40
23.0
 49
15.0
 74
0
 49
-2.0
 74
0
 49
1.0
 74
0
 49
-2.0
 74
0
 49
1.0
 74
0
 49
-2.0
 74
0
  0
ENDTAB
  0
TABLE
  2
LAYER
  5
1
330
0
100
AcDbSymbolTable
 70
10
  0
LAYER
  5
27
330
1
100
AcDbSymbolTableRecord
100
AcDbLayerTableRecord
  2
0
 70
0
 62
7
  6
Continuous
370
-3
390
13
347
21
  0
LAYER
  5
28
330
1
100
AcDbSymbolTableRecord
100
AcDbLayerTableRecord
  2
Defpoints
 70
0
 62
7
  6
Continuous
290
0
370
-3
390
13
347
21
  0
LAYER
  5
8E
330
1
100
AcDbSymbolTableRecord
100
AcDbLayerTableRecord
  2
OUTLINE
 70
0
 62
7
  6
Continuous
370
50
390
13
347
21
  0
LAYER
  5
8F
330
1
100
AcDbSymbolTableRecord
100
AcDbLayerTableRecord
  2
HIDDEN
 70
0
 62
7
  6
GB_HIDDEN
370
25
390
13
347
21
  0
LAYER
  5
90
330
1
100
AcDbSymbolTableRecord
100
AcDbLayerTableRecord
  2
CENTER
 70
0
 62
7
  6
GB_CENTER
370
18
390
13
347
21
  0
LAYER
  5
91
330
1
100
AcDbSymbolTableRecord
100
AcDbLayerTableRecord
  2
DIM
 70
0
 62
7
  6
Continuous
370
18
390
13
347
21
  0
LAYER
  5
92
330
1
100
AcDbSymbolTableRecord
100
AcDbLayerTableRecord
  2
TEXT
 70
0
 62
7
  6
Continuous
370
25
390
13
347
21
  0
LAYER
  5
93
330
1
100
AcDbSymbolTableRecord
100
AcDbLayerTableRecord
  2
MARK
 70
0
 62
7
  6
GB_PHANTOM
370
25
390
13
347
21
  0
LAYER
  5
94
330
1
100
AcDbSymbolTableRecord
100
AcDbLayerTableRecord
  2
THIN
 70
0
 62
7
  6
Continuous
370
18
390
13
347
21
  0
LAYER
  5
95
330
1
100
AcDbSymbolTableRecord
100
AcDbLayerTableRecord
  2
FRAME
 70
0
 62
7
  6
Continuous
370
70
390
13
347
21
  0
ENDTAB
  0
TABLE
  2
STYLE
  5
5
330
0
100
AcDbSymbolTable
 70
27
  0
STYLE
  5
29
330
5
100
AcDbSymbolTableRecord
100
AcDbTextStyleTableRecord
  2
Standard
 70
0
 40
0.0
 41
1.0
 50
0.0
 71
0
 42
2.5
  3
txt
  4

  0
STYLE
  5
41
330
5
100
AcDbSymbolTableRecord
100
AcDbTextStyleTableRecord
  2
OpenSans-Light
 70
0
 40
0.0
 41
1.0
 50
0.0
 71
0
 42
2.5
  3
OpenSans-Light.ttf
  4

  0
STYLE
  5
42
330
5
100
AcDbSymbolTableRecord
100
AcDbTextStyleTableRecord
  2
OpenSans-Light-Italic
 70
0
 40
0.0
 41
1.0
 50
0.0
 71
0
 42
2.5
  3
OpenSans-LightItalic.ttf
  4

  0
STYLE
  5
43
330
5
100
AcDbSymbolTableRecord
100
AcDbTextStyleTableRecord
  2
OpenSans
 70
0
 40
0.0
 41
1.0
 50
0.0
 71
0
 42
2.5
  3
OpenSans-Regular.ttf
  4

  0
STYLE
  5
44
330
5
100
AcDbSymbolTableRecord
100
AcDbTextStyleTableRecord
  2
OpenSans-Italic
 70
0
 40
0.0
 41
1.0
 50
0.0
 71
0
 42
2.5
  3
OpenSans-Italic.ttf
  4

  0
STYLE
  5
45
330
5
100
AcDbSymbolTableRecord
100
AcDbTextStyleTableRecord
  2
OpenSans-SemiBold
 70
0
 40
0.0
 41
1.0
 50
0.0
 71
0
 42
2.5
  3
OpenSans-SemiBold.ttf
  4

  0
STYLE
  5
46
330
5
100
AcDbSymbolTableRecord
100
AcDbTextStyleTableRecord
  2
OpenSans-SemiBoldItalic
 70
0
 40
0.0
 41
1.0
 50
0.0
 71
0
 42
2.5
  3
OpenSans-SemiBoldItalic.ttf
  4

  0
STYLE
  5
47
330
5
100
AcDbSymbolTableRecord
100
AcDbTextStyleTableRecord
  2
OpenSans-Bold
 70
0
 40
0.0
 41
1.0
 50
0.0
 71
0
 42
2.5
  3
OpenSans-Bold.ttf
  4

  0
STYLE
  5
48
330
5
100
AcDbSymbolTableRecord
100
AcDbTextStyleTableRecord
  2
OpenSans-BoldItalic
 70
0
 40
0.0
 41
1.0
 50
0.0
 71
0
 42
2.5
  3
OpenSans-BoldItalic.ttf
  4

  0
STYLE
  5
49
330
5
100
AcDbSymbolTableRecord
100
AcDbTextStyleTableRecord
  2
OpenSans-ExtraBold
 70
0
 40
0.0
 41
1.0
 50
0.0
 71
0
 42
2.5
  3
OpenSans-ExtraBold.ttf
  4

  0
STYLE
  5
4A
330
5
100
AcDbSymbolTableRecord
100
AcDbTextStyleTableRecord
  2
OpenSans-ExtraBoldItalic
 70
0
 40
0.0
 41
1.0
 50
0.0
 71
0
 42
2.5
  3
OpenSans-ExtraBoldItalic.ttf
  4

  0
STYLE
  5
4B
330
5
100
AcDbSymbolTableRecord
100
AcDbTextStyleTableRecord
  2
OpenSansCondensed-Bold
 70
0
 40
0.0
 41
1.0
 50
0.0
 71
0
 42
2.5
  3
OpenSansCondensed-Bold.ttf
  4

  0
STYLE
  5
4C
330
5
100
AcDbSymbolTableRecord
100
AcDbTextStyleTableRecord
  2
OpenSansCondensed-Light
 70
0
 40
0.0
 41
1.0
 50
0.0
 71
0
 42
2.5
  3
OpenSansCondensed-Light.ttf
  4

  0
STYLE
  5
4D
330
5
100
AcDbSymbolTableRecord
100
AcDbTextStyleTableRecord
  2
OpenSansCondensed-Italic
 70
0
 40
0.0
 41
1.0
 50
0.0
 71
0
 42
2.5
  3
OpenSansCondensed-LightItalic.ttf
  4

  0
STYLE
  5
4E
330
5
100
AcDbSymbolTableRecord
100
AcDbTextStyleTableRecord
  2
LiberationSans
 70
0
 40
0.0
 41
1.0
 50
0.0
 71
0
 42
2.5
  3
LiberationSans-Regular.ttf
  4

  0
STYLE
  5
4F
330
5
100
AcDbSymbolTableRecord
100
AcDbTextStyleTableRecord
  2
LiberationSans-Bold
 70
0
 40
0.0
 41
1.0
 50
0.0
 71
0
 42
2.5
  3
LiberationSans-Bold.ttf
  4

  0
STYLE
  5
50
330
5
100
AcDbSymbolTableRecord
100
AcDbTextStyleTableRecord
  2
LiberationSans-BoldItalic
 70
0
 40
0.0
 41
1.0
 50
0.0
 71
0
 42
2.5
  3
LiberationSans-BoldItalic.ttf
  4

  0
STYLE
  5
51
330
5
100
AcDbSymbolTableRecord
100
AcDbTextStyleTableRecord
  2
LiberationSans-Italic
 70
0
 40
0.0
 41
1.0
 50
0.0
 71
0
 42
2.5
  3
LiberationSans-Italic.ttf
  4

  0
STYLE
  5
52
330
5
100
AcDbSymbolTableRecord
100
AcDbTextStyleTableRecord
  2
LiberationSerif
 70
0
 40
0.0
 41
1.0
 50
0.0
 71
0
 42
2.5
  3
LiberationSerif-Regular.ttf
  4

  0
STYLE
  5
53
330
5
100
AcDbSymbolTableRecord
100
AcDbTextStyleTableRecord
  2
LiberationSerif-Bold
 70
0
 40
0.0
 41
1.0
 50
0.0
 71
0
 42
2.5
  3
LiberationSerif-Bold.ttf
  4

  0
STYLE
  5
54
330
5
100
AcDbSymbolTableRecord
100
AcDbTextStyleTableRecord
  2
LiberationSerif-BoldItalic
 70
0
 40
0.0
 41
1.0
 50
0.0
 71
0
 42
2.5
  3
LiberationSerif-BoldItalic.ttf
  4

  0
STYLE
  5
55
330
5
100
AcDbSymbolTableRecord
100
AcDbTextStyleTableRecord
  2
LiberationSerif-Italic
 70
0
 40
0.0
 41
1.0
 50
0.0
 71
0
 42
2.5
  3
LiberationSerif-Italic.ttf
  4

  0
STYLE
  5
56
330
5
100
AcDbSymbolTableRecord
100
AcDbTextStyleTableRecord
  2
LiberationMono
 70
0
 40
0.0
 41
1.0
 50
0.0
 71
0
 42
2.5
  3
LiberationMono-Regular.ttf
  4

  0
STYLE
  5
57
330
5
100
AcDbSymbolTableRecord
100
AcDbTextStyleTableRecord
  2
LiberationMono-Bold
 70
0
 40
0.0
 41
1.0
 50
0.0
 71
0
 42
2.5
  3
LiberationMono-Bold.ttf
  4

  0
STYLE
  5
58
330
5
100
AcDbSymbolTableRecord
100
AcDbTextStyleTableRecord
  2
LiberationMono-BoldItalic
 70
0
 40
0.0
 41
1.0
 50
0.0
 71
0
 42
2.5
  3
LiberationMono-BoldItalic.ttf
  4

  0
STYLE
  5
59
330
5
100
AcDbSymbolTableRecord
100
AcDbTextStyleTableRecord
  2
LiberationMono-Italic
 70
0
 40
0.0
 41
1.0
 50
0.0
 71
0
 42
2.5
  3
LiberationMono-Italic.ttf
  4

  0
STYLE
  5
8D
330
5
100
AcDbSymbolTableRecord
100
AcDbTextStyleTableRecord
  2
CJK
 70
0
 40
0.0
 41
1.0
 50
0.0
 71
0
 42
2.5
  3
wqy-zenhei.ttc
  4

  0
ENDTAB
  0
TABLE
  2
VIEW
  5
7
330
0
100
AcDbSymbolTable
 70
0
  0
ENDTAB
  0
TABLE
  2
UCS
  5
6
330
0
100
AcDbSymbolTable
 70
0
  0
ENDTAB
  0
TABLE
  2
APPID
  5
3
330
0
100
AcDbSymbolTable
 70
3
  0
APPID
  5
2A
330
3
100
AcDbSymbolTableRecord
100
AcDbRegAppTableRecord
  2
ACAD
 70
0
  0
APPID
  5
70A
330
3
100
AcDbSymbolTableRecord
100
AcDbRegAppTableRecord
  2
HATCHBACKGROUNDCOLOR
 70
0
  0
APPID
  5
70B
330
3
100
AcDbSymbolTableRecord
100
AcDbRegAppTableRecord
  2
EZDXF
 70
0
  0
ENDTAB
  0
TABLE
  2
DIMSTYLE
  5
4
330
0
100
AcDbSymbolTable
 70
13
100
AcDbDimStyleTable
  0
DIMSTYLE
105
2B
330
4
100
AcDbSymbolTableRecord
100
AcDbDimStyleTableRecord
  2
Standard
 70
0
 40
1.0
 41
2.5
 42
0.625
 43
3.75
 44
1.25
 45
0.0
 46
0.0
 47
0.0
 48
0.0
 49
2.5
140
2.5
141
2.5
142
0.0
143
0.03937007874
144
1.0
145
0.0
146
1.0
147
0.625
148
0.0
 69
0
 70
0
 71
0
 72
0
 73
0
 74
0
 75
0
 76
0
 77
1
 78
8
 79
3
170
0
171
3
172
1
173
0
174
0
175
0
176
0
177
0
178
0
179
2
271
2
272
2
273
2
274
3
275
0
276
0
277
2
278
44
279
0
280
0
281
0
282
0
283
0
284
8
285
0
286
0
288
0
289
3
290
0
371
-2
372
-2
  0
DIMSTYLE
105
73
330
4
100
AcDbSymbolTableRecord
100
AcDbDimStyleTableRecord
  2
EZDXF
 70
0
 40
1.0
 41
0.175
 42
0.125
 43
3.75
 44
0.375
 45
0.0
 46
0.0
 47
0.0
 48
0.0
 49
2.5
140
0.25
141
2.5
142
0.0
143
0.03937007874
144
100.0
145
0.0
146
0.5
147
0.1
148
0.0
 69
0
 70
0
 71
0
 72
0
 73
0
 74
0
 75
0
 76
0
 77
1
 78
12
 79
3
170
0
171
3
172
1
173
0
174
0
175
0
176
0
177
0
178
0
179
2
271
2
272
2
273
2
274
3
275
0
276
0
277
2
278
46
279
2
280
0
281
0
282
0
283
0
284
8
285
0
286
0
288
1
289
3
290
0
340
4C
342
74
371
-2
372
-2
  0
DIMSTYLE
105
7C
330
4
100
AcDbSymbolTableRecord
100
AcDbDimStyleTableRecord
  2
EZ_M_100_H25_CM
 70
0
 40
1.0
 41
0.25
 42
0.125
 43
3.75
 44
0.375
 45
0.0
 46
0.0
 47
0.0
 48
0.0
 49
2.5
140
0.25
141
2.5
142
0.125
143
0.03937007874
144
100.0
145
0.0
146
0.5
147
0.1
148
0.0
 69
0
 70
0
 71
0
 72
0
 73
0
 74
0
 75
0
 76
0
 77
1
 78
12
 79
3
170
0
171
3
172
1
173
0
174
0
175
0
176
0
177
0
178
0
179
2
271
2
272
2
273
2
274
3
275
0
276
0
277
2
278
46
279
2
280
0
281
0
282
0
283
0
284
8
285
0
286
0
288
1
289
3
290
0
340
4C
371
-2
372
-2
  0
DIMSTYLE
105
7D
330
4
100
AcDbSymbolTableRecord
100
AcDbDimStyleTableRecord
  2
EZ_M_50_H25_CM
 70
0
 40
1.0
 41
0.125
 42
0.0625
 43
3.75
 44
0.1875
 45
0.0
 46
0.0
 47
0.0
 48
0.0
 49
2.5
140
0.125
141
2.5
142
0.0625
143
0.03937007874
144
100.0
145
0.0
146
0.5
147
0.05
148
0.0
 69
0
 70
0
 71
0
 72
0
 73
0
 74
0
 75
0
 76
0
 77
1
 78
12
 79
3
170
0
171
3
172
1
173
0
174
0
175
0
176
0
177
0
178
0
179
2
271
2
272
2
273
2
274
3
275
0
276
0
277
2
278
46
279
2
280
0
281
0
282
0
283
0
284
8
285
0
286
0
288
1
289
3
290
0
340
4C
371
-2
372
-2
  0
DIMSTYLE
105
7E
330
4
100
AcDbSymbolTableRecord
100
AcDbDimStyleTableRecord
  2
EZ_M_25_H25_CM
 70
0
 40
1.0
 41
0.0625
 42
0.03125
 43
3.75
 44
0.09375
 45
0.0
 46
0.0
 47
0.0
 48
0.0
 49
2.5
140
0.0625
141
2.5
142
0.03125
143
0.03937007874
144
100.0
145
0.0
146
0.5
147
0.025
148
0.0
 69
0
 70
0
 71
0
 72
0
 73
0
 74
0
 75
0
 76
0
 77
1
 78
12
 79
3
170
0
171
3
172
1
173
0
174
0
175
0
176
0
177
0
178
0
179
2
271
2
272
2
273
2
274
3
275
0
276
0
277
2
278
46
279
2
280
0
281
0
282
0
283
0
284
8
285
0
286
0
288
1
289
3
290
0
340
4C
371
-2
372
-2
  0
DIMSTYLE
105
7F
330
4
100
AcDbSymbolTableRecord
100
AcDbDimStyleTableRecord
  2
EZ_M_20_H25_CM
 70
0
 40
1.0
 41
0.05
 42
0.025
 43
3.75
 44
0.07500000000000001
 45
0.0
 46
0.0
 47
0.0
 48
0.0
 49
2.5
140
0.05
141
2.5
142
0.025
143
0.03937007874
144
100.0
145
0.0
146
0.5
147
0.020000000000000004
148
0.0
 69
0
 70
0
 71
0
 72
0
 73
0
 74
0
 75
0
 76
0
 77
1
 78
12
 79
3
170
0
171
3
172
1
173
0
174
0
175
0
176
0
177
0
178
0
179
2
271
2
272
2
273
2
274
3
275
0
276
0
277
2
278
46
279
2
280
0
281
0
282
0
283
0
284
8
285
0
286
0
288
1
289
3
290
0
340
4C
371
-2
372
-2
  0
DIMSTYLE
105
80
330
4
100
AcDbSymbolTableRecord
100
AcDbDimStyleTableRecord
  2
EZ_M_10_H25_CM
 70
0
 40
1.0
 41
0.025
 42
0.0125
 43
3.75
 44
0.037500000000000006
 45
0.0
 46
0.0
 47
0.0
 48
0.0
 49
2.5
140
0.025
141
2.5
142
0.0125
143
0.03937007874
144
100.0
145
0.0
146
0.5
147
0.010000000000000002
148
0.0
 69
0
 70
0
 71
0
 72
0
 73
0
 74
0
 75
0
 76
0
 77
1
 78
12
 79
3
170
0
171
3
172
1
173
0
174
0
175
0
176
0
177
0
178
0
179
2
271
2
272
2
273
2
274
3
275
0
276
0
277
2
278
46
279
2
280
0
281
0
282
0
283
0
284
8
285
0
286
0
288
1
289
3
290
0
340
4C
371
-2
372
-2
  0
DIMSTYLE
105
81
330
4
100
AcDbSymbolTableRecord
100
AcDbDimStyleTableRecord
  2
EZ_M_5_H25_CM
 70
0
 40
1.0
 41
0.0125
 42
0.00625
 43
3.75
 44
0.018750000000000003
 45
0.0
 46
0.0
 47
0.0
 48
0.0
 49
2.5
140
0.0125
141
2.5
142
0.00625
143
0.03937007874
144
100.0
145
0.0
146
0.5
147
0.005000000000000001
148
0.0
 69
0
 70
0
 71
0
 72
0
 73
0
 74
0
 75
0
 76
0
 77
1
 78
12
 79
3
170
0
171
3
172
1
173
0
174
0
175
0
176
0
177
0
178
0
179
2
271
2
272
2
273
2
274
3
275
0
276
0
277
2
278
46
279
2
280
0
281
0
282
0
283
0
284
8
285
0
286
0
288
1
289
3
290
0
340
4C
371
-2
372
-2
  0
DIMSTYLE
105
82
330
4
100
AcDbSymbolTableRecord
100
AcDbDimStyleTableRecord
  2
EZ_M_1_H25_CM
 70
0
 40
1.0
 41
0.0025
 42
0.00125
 43
3.75
 44
0.00375
 45
0.0
 46
0.0
 47
0.0
 48
0.0
 49
2.5
140
0.0025
141
2.5
142
0.00125
143
0.03937007874
144
100.0
145
0.0
146
0.5
147
0.001
148
0.0
 69
0
 70
0
 71
0
 72
0
 73
0
 74
0
 75
0
 76
0
 77
1
 78
12
 79
3
170
0
171
3
172
1
173
0
174
0
175
0
176
0
177
0
178
0
179
2
271
2
272
2
273
2
274
3
275
0
276
0
277
2
278
46
279
2
280
0
281
0
282
0
283
0
284
8
285
0
286
0
288
1
289
3
290
0
340
4C
371
-2
372
-2
  0
DIMSTYLE
105
83
330
4
100
AcDbSymbolTableRecord
100
AcDbDimStyleTableRecord
  2
EZ_RADIUS
 70
0
 40
1.0
 41
0.25
 42
0.125
 43
3.75
 44
0.375
 45
0.0
 46
0.0
 47
0.0
 48
0.0
 49
2.5
140
0.25
141
0.0
142
0.0
143
0.03937007874
144
100.0
145
0.0
146
0.5
147
0.1
148
0.0
 69
0
 70
0
 71
0
 72
0
 73
0
 74
0
 75
0
 76
0
 77
1
 78
12
 79
3
170
0
171
3
172
0
173
0
174
0
175
0
176
0
177
0
178
0
179
2
271
2
272
2
273
2
274
3
275
0
276
0
277
2
278
46
279
1
280
0
281
0
282
0
283
0
284
8
285
0
286
0
288
1
289
3
290
0
340
4C
342
84
371
-2
372
-2
  0
DIMSTYLE
105
88
330
4
100
AcDbSymbolTableRecord
100
AcDbDimStyleTableRecord
  2
EZ_RADIUS_INSIDE
 70
0
 40
1.0
 41
0.25
 42
0.125
 43
3.75
 44
0.375
 45
0.0
 46
0.0
 47
0.0
 48
0.0
 49
2.5
140
0.25
141
0.0
142
0.0
143
0.03937007874
144
100.0
145
0.0
146
0.5
147
0.1
148
0.0
 69
0
 70
0
 71
0
 72
0
 73
0
 74
0
 75
0
 76
0
 77
0
 78
12
 79
3
170
0
171
3
172
0
173
0
174
1
175
0
176
0
177
0
178
0
179
2
271
2
272
2
273
2
274
3
275
0
276
0
277
2
278
46
279
0
280
0
281
0
282
0
283
0
284
8
285
0
286
0
288
1
289
0
290
0
340
4C
342
84
371
-2
372
-2
  0
DIMSTYLE
105
89
330
4
100
AcDbSymbolTableRecord
100
AcDbDimStyleTableRecord
  2
EZ_CURVED
 70
0
 40
1.0
 41
0.25
 42
0.125
 43
3.75
 44
0.375
 45
0.0
 46
0.0
 47
0.0
 48
0.0
 49
2.5
140
0.25
141
2.5
142
0.0
143
0.03937007874
144
100.0
145
0.0
146
0.5
147
0.1
148
0.0
 69
0
 70
0
 71
0
 72
0
 73
0
 74
0
 75
0
 76
0
 77
1
 78
12
 79
2
 90
2
170
0
171
3
172
1
173
0
174
0
175
0
176
0
177
0
178
0
179
2
271
2
272
2
273
2
274
3
275
0
276
0
277
2
278
46
279
2
280
0
281
0
282
0
283
0
284
8
285
0
286
0
288
1
289
3
290
0
340
4C
371
-2
372
-2
  0
DIMSTYLE
105
96
330
4
100
AcDbSymbolTableRecord
100
AcDbDimStyleTableRecord
  2
GB
 70
0
 40
3.0
 41
2.5
 42
1.0
 43
3.75
 44
1.5
 45
0.0
 46
0.0
 47
0.0
 48
0.0
 49
2.5
140
2.5
141
2.5
142
0.0
143
0.03937007874
144
1.0
145
0.0
146
1.0
147
0.8
148
0.0
 69
0
 70
0
 71
0
 72
0
 73
0
 74
0
 75
0
 76
0
 77
1
 78
8
 79
3
170
0
171
3
172
1
173
0
174
0
175
0
176
0
177
0
178
0
179
2
271
1
272
2
273
2
274
3
275
0
276
0
277
2
278
46
279
0
280
0
281
0
282
0
283
0
284
8
285
0
286
0
288
0
289
3
290
0
340
8D
371
18
372
18
  0
ENDTAB
  0
TABLE
  2
BLOCK_RECORD
  5
9
330
0
100
AcDbSymbolTable
 70
81
  0
BLOCK_RECORD
  5
17
330
9
100
AcDbSymbolTableRecord
100
AcDbBlockTableRecord
  2
*Model_Space
340
1A
 70
0
280
1
281
0
  0
BLOCK_RECORD
  5
1B
330
9
100
AcDbSymbolTableRecord
100
AcDbBlockTableRecord
  2
*Paper_Space
340
1E
 70
0
280
1
281
0
  0
BLOCK_RECORD
  5
74
330
9
100
AcDbSymbolTableRecord
100
AcDbBlockTableRecord
  2
_ARCHTICK
340
0
 70
0
280
1
281
0
  0
BLOCK_RECORD
  5
78
330
9
100
AcDbSymbolTableRecord
100
AcDbBlockTableRecord
  2
_CLOSEDFILLED
340
0
 70
0
280
1
281
0
  0
BLOCK_RECORD
  5
84
330
9
100
AcDbSymbolTableRecord
100
AcDbBlockTableRecord
  2
_CLOSEDBLANK
340
0
 70
0
280
1
281
0
  0
BLOCK_RECORD
  5
FE
330
9
100
AcDbSymbolTableRecord
100
AcDbBlockTableRecord
  2
*D1
340
0
 70
0
280
1
281
0
  0
BLOCK_RECORD
  5
10D
330
9
100
AcDbSymbolTableRecord
100
AcDbBlockTableRecord
  2
*D2
340
0
 70
0
280
1
281
0
  0
BLOCK_RECORD
  5
11C
330
9
100
AcDbSymbolTableRecord
100
AcDbBlockTableRecord
  2
*D3
340
0
 70
0
280
1
281
0
  0
BLOCK_RECORD
  5
12B
330
9
100
AcDbSymbolTableRecord
100
AcDbBlockTableRecord
  2
*D4
340
0
 70
0
280
1
281
0
  0
BLOCK_RECORD
  5
13A
330
9
100
AcDbSymbolTableRecord
100
AcDbBlockTableRecord
  2
*D5
340
0
 70
0
280
1
281
0
  0
BLOCK_RECORD
  5
149
330
9
100
AcDbSymbolTableRecord
100
AcDbBlockTableRecord
  2
*D6
340
0
 70
0
280
1
281
0
  0
BLOCK_RECORD
  5
158
330
9
100
AcDbSymbolTableRecord
100
AcDbBlockTableRecord
  2
*D7
340
0
 70
0
280
1
281
0
  0
BLOCK_RECORD
  5
167
330
9
100
AcDbSymbolTableRecord
100
AcDbBlockTableRecord
  2
*D8
340
0
 70
0
280
1
281
0
  0
BLOCK_RECORD
  5
176
330
9
100
AcDbSymbolTableRecord
100
AcDbBlockTableRecord
  2
*D9
340
0
 70
0
280
1
281
0
  0
BLOCK_RECORD
  5
187
330
9
100
AcDbSymbolTableRecord
100
AcDbBlockTableRecord
  2
*D10
340
0
 70
0
280
1
281
0
  0
BLOCK_RECORD
  5
196
330
9
100
AcDbSymbolTableRecord
100
AcDbBlockTableRecord
  2
*D11
340
0
 70
0
280
1
281
0
  0
BLOCK_RECORD
  5
1A5
330
9
100
AcDbSymbolTableRecord
100
AcDbBlockTableRecord
  2
*D12
340
0
 70
0
280
1
281
0
  0
BLOCK_RECORD
  5
1B4
330
9
100
AcDbSymbolTableRecord
100
AcDbBlockTableRecord
  2
*D13
340
0
 70
0
280
1
281
0
  0
BLOCK_RECORD
  5
1C3
330
9
100
AcDbSymbolTableRecord
100
AcDbBlockTableRecord
  2
*D14
340
0
 70
0
280
1
281
0
  0
BLOCK_RECORD
  5
1D2
330
9
100
AcDbSymbolTableRecord
100
AcDbBlockTableRecord
  2
*D15
340
0
 70
0
280
1
281
0
  0
BLOCK_RECORD
  5
1E1
330
9
100
AcDbSymbolTableRecord
100
AcDbBlockTableRecord
  2
*D16
340
0
 70
0
280
1
281
0
  0
BLOCK_RECORD
  5
230
330
9
100
AcDbSymbolTableRecord
100
AcDbBlockTableRecord
  2
*D17
340
0
 70
0
280
1
281
0
  0
BLOCK_RECORD
  5
23F
330
9
100
AcDbSymbolTableRecord
100
AcDbBlockTableRecord
  2
*D18
340
0
 70
0
280
1
281
0
  0
BLOCK_RECORD
  5
24E
330
9
100
AcDbSymbolTableRecord
100
AcDbBlockTableRecord
  2
*D19
340
0
 70
0
280
1
281
0
  0
BLOCK_RECORD
  5
25D
330
9
100
AcDbSymbolTableRecord
100
AcDbBlockTableRecord
  2
*D20
340
0
 70
0
280
1
281
0
  0
BLOCK_RECORD
  5
26C
330
9
100
AcDbSymbolTableRecord
100
AcDbBlockTableRecord
  2
*D21
340
0
 70
0
280
1
281
0
  0
BLOCK_RECORD
  5
2B1
330
9
100
AcDbSymbolTableRecord
100
AcDbBlockTableRecord
  2
*D22
340
0
 70
0
280
1
281
0
  0
BLOCK_RECORD
  5
2C0
330
9
100
AcDbSymbolTableRecord
100
AcDbBlockTableRecord
  2
*D23
340
0
 70
0
280
1
281
0
  0
BLOCK_RECORD
  5
2CF
330
9
100
AcDbSymbolTableRecord
100
AcDbBlockTableRecord
  2
*D24
340
0
 70
0
280
1
281
0
  0
BLOCK_RECORD
  5
2DE
330
9
100
AcDbSymbolTableRecord
100
AcDbBlockTableRecord
  2
*D25
340
0
 70
0
280
1
281
0
  0
BLOCK_RECORD
  5
2ED
330
9
100
AcDbSymbolTableRecord
100
AcDbBlockTableRecord
  2
*D26
340
0
 70
0
280
1
281
0
  0
BLOCK_RECORD
  5
2FC
330
9
100
AcDbSymbolTableRecord
100
AcDbBlockTableRecord
  2
*D27
340
0
 70
0
280
1
281
0
  0
BLOCK_RECORD
  5
319
330
9
100
AcDbSymbolTableRecord
100
AcDbBlockTableRecord
  2
*D28
340
0
 70
0
280
1
281
0
  0
BLOCK_RECORD
  5
328
330
9
100
AcDbSymbolTableRecord
100
AcDbBlockTableRecord
  2
*D29
340
0
 70
0
280
1
281
0
  0
BLOCK_RECORD
  5
337
330
9
100
AcDbSymbolTableRecord
100
AcDbBlockTableRecord
  2
*D30
340
0
 70
0
280
1
281
0
  0
BLOCK_RECORD
  5
346
330
9
100
AcDbSymbolTableRecord
100
AcDbBlockTableRecord
  2
*D31
340
0
 70
0
280
1
281
0
  0
BLOCK_RECORD
  5
355
330
9
100
AcDbSymbolTableRecord
100
AcDbBlockTableRecord
  2
*D32
340
0
 70
0
280
1
281
0
  0
BLOCK_RECORD
  5
364
330
9
100
AcDbSymbolTableRecord
100
AcDbBlockTableRecord
  2
*D33
340
0
 70
0
280
1
281
0
  0
BLOCK_RECORD
  5
373
330
9
100
AcDbSymbolTableRecord
100
AcDbBlockTableRecord
  2
*D34
340
0
 70
0
280
1
281
0
  0
BLOCK_RECORD
  5
382
330
9
100
AcDbSymbolTableRecord
100
AcDbBlockTableRecord
  2
*D35
340
0
 70
0
280
1
281
0
  0
BLOCK_RECORD
  5
393
330
9
100
AcDbSymbolTableRecord
100
AcDbBlockTableRecord
  2
*D36
340
0
 70
0
280
1
281
0
  0
BLOCK_RECORD
  5
3A2
330
9
100
AcDbSymbolTableRecord
100
AcDbBlockTableRecord
  2
*D37
340
0
 70
0
280
1
281
0
  0
BLOCK_RECORD
  5
3B1
330
9
100
AcDbSymbolTableRecord
100
AcDbBlockTableRecord
  2
*D38
340
0
 70
0
280
1
281
0
  0
BLOCK_RECORD
  5
3C3
330
9
100
AcDbSymbolTableRecord
100
AcDbBlockTableRecord
  2
*D39
340
0
 70
0
280
1
281
0
  0
BLOCK_RECORD
  5
3CE
330
9
100
AcDbSymbolTableRecord
100
AcDbBlockTableRecord
  2
*D40
340
0
 70
0
280
1
281
0
  0
BLOCK_RECORD
  5
3D9
330
9
100
AcDbSymbolTableRecord
100
AcDbBlockTableRecord
  2
*D41
340
0
 70
0
280
1
281
0
  0
BLOCK_RECORD
  5
3E4
330
9
100
AcDbSymbolTableRecord
100
AcDbBlockTableRecord
  2
*D42
340
0
 70
0
280
1
281
0
  0
BLOCK_RECORD
  5
3F3
330
9
100
AcDbSymbolTableRecord
100
AcDbBlockTableRecord
  2
*D43
340
0
 70
0
280
1
281
0
  0
BLOCK_RECORD
  5
43A
330
9
100
AcDbSymbolTableRecord
100
AcDbBlockTableRecord
  2
*D44
340
0
 70
0
280
1
281
0
  0
BLOCK_RECORD
  5
449
330
9
100
AcDbSymbolTableRecord
100
AcDbBlockTableRecord
  2
*D45
340
0
 70
0
280
1
281
0
  0
BLOCK_RECORD
  5
45B
330
9
100
AcDbSymbolTableRecord
100
AcDbBlockTableRecord
  2
*D46
340
0
 70
0
280
1
281
0
  0
BLOCK_RECORD
  5
46A
330
9
100
AcDbSymbolTableRecord
100
AcDbBlockTableRecord
  2
*D47
340
0
 70
0
280
1
281
0
  0
BLOCK_RECORD
  5
47D
330
9
100
AcDbSymbolTableRecord
100
AcDbBlockTableRecord
  2
*D48
340
0
 70
0
280
1
281
0
  0
BLOCK_RECORD
  5
48C
330
9
100
AcDbSymbolTableRecord
100
AcDbBlockTableRecord
  2
*D49
340
0
 70
0
280
1
281
0
  0
BLOCK_RECORD
  5
4A1
330
9
100
AcDbSymbolTableRecord
100
AcDbBlockTableRecord
  2
*D50
340
0
 70
0
280
1
281
0
  0
BLOCK_RECORD
  5
4B0
330
9
100
AcDbSymbolTableRecord
100
AcDbBlockTableRecord
  2
*D51
340
0
 70
0
280
1
281
0
  0
BLOCK_RECORD
  5
4BF
330
9
100
AcDbSymbolTableRecord
100
AcDbBlockTableRecord
  2
*D52
340
0
 70
0
280
1
281
0
  0
BLOCK_RECORD
  5
4CE
330
9
100
AcDbSymbolTableRecord
100
AcDbBlockTableRecord
  2
*D53
340
0
 70
0
280
1
281
0
  0
BLOCK_RECORD
  5
4DD
330
9
100
AcDbSymbolTableRecord
100
AcDbBlockTableRecord
  2
*D54
340
0
 70
0
280
1
281
0
  0
BLOCK_RECORD
  5
4EC
330
9
100
AcDbSymbolTableRecord
100
AcDbBlockTableRecord
  2
*D55
340
0
 70
0
280
1
281
0
  0
BLOCK_RECORD
  5
506
330
9
100
AcDbSymbolTableRecord
100
AcDbBlockTableRecord
  2
*D56
340
0
 70
0
280
1
281
0
  0
BLOCK_RECORD
  5
53C
330
9
100
AcDbSymbolTableRecord
100
AcDbBlockTableRecord
  2
*D57
340
0
 70
0
280
1
281
0
  0
BLOCK_RECORD
  5
549
330
9
100
AcDbSymbolTableRecord
100
AcDbBlockTableRecord
  2
*D58
340
0
 70
0
280
1
281
0
  0
BLOCK_RECORD
  5
560
330
9
100
AcDbSymbolTableRecord
100
AcDbBlockTableRecord
  2
*D59
340
0
 70
0
280
1
281
0
  0
BLOCK_RECORD
  5
56F
330
9
100
AcDbSymbolTableRecord
100
AcDbBlockTableRecord
  2
*D60
340
0
 70
0
280
1
281
0
  0
BLOCK_RECORD
  5
57E
330
9
100
AcDbSymbolTableRecord
100
AcDbBlockTableRecord
  2
*D61
340
0
 70
0
280
1
281
0
  0
BLOCK_RECORD
  5
58D
330
9
100
AcDbSymbolTableRecord
100
AcDbBlockTableRecord
  2
*D62
340
0
 70
0
280
1
281
0
  0
BLOCK_RECORD
  5
59C
330
9
100
AcDbSymbolTableRecord
100
AcDbBlockTableRecord
  2
*D63
340
0
 70
0
280
1
281
0
  0
BLOCK_RECORD
  5
5AB
330
9
100
AcDbSymbolTableRecord
100
AcDbBlockTableRecord
  2
*D64
340
0
 70
0
280
1
281
0
  0
BLOCK_RECORD
  5
5BA
330
9
100
AcDbSymbolTableRecord
100
AcDbBlockTableRecord
  2
*D65
340
0
 70
0
280
1
281
0
  0
BLOCK_RECORD
  5
5CA
330
9
100
AcDbSymbolTableRecord
100
AcDbBlockTableRecord
  2
*D66
340
0
 70
0
280
1
281
0
  0
BLOCK_RECORD
  5
5D5
330
9
100
AcDbSymbolTableRecord
100
AcDbBlockTableRecord
  2
*D67
340
0
 70
0
280
1
281
0
  0
BLOCK_RECORD
  5
5E9
330
9
100
AcDbSymbolTableRecord
100
AcDbBlockTableRecord
  2
*D68
340
0
 70
0
280
1
281
0
  0
BLOCK_RECORD
  5
5F8
330
9
100
AcDbSymbolTableRecord
100
AcDbBlockTableRecord
  2
*D69
340
0
 70
0
280
1
281
0
  0
BLOCK_RECORD
  5
607
330
9
100
AcDbSymbolTableRecord
100
AcDbBlockTableRecord
  2
*D70
340
0
 70
0
280
1
281
0
  0
BLOCK_RECORD
  5
616
330
9
100
AcDbSymbolTableRecord
100
AcDbBlockTableRecord
  2
*D71
340
0
 70
0
280
1
281
0
  0
BLOCK_RECORD
  5
625
330
9
100
AcDbSymbolTableRecord
100
AcDbBlockTableRecord
  2
*D72
340
0
 70
0
280
1
281
0
  0
BLOCK_RECORD
  5
634
330
9
100
AcDbSymbolTableRecord
100
AcDbBlockTableRecord
  2
*D73
340
0
 70
0
280
1
281
0
  0
BLOCK_RECORD
  5
643
330
9
100
AcDbSymbolTableRecord
100
AcDbBlockTableRecord
  2
*D74
340
0
 70
0
280
1
281
0
  0
BLOCK_RECORD
  5
653
330
9
100
AcDbSymbolTableRecord
100
AcDbBlockTableRecord
  2
*D75
340
0
 70
0
280
1
281
0
  0
BLOCK_RECORD
  5
65E
330
9
100
AcDbSymbolTableRecord
100
AcDbBlockTableRecord
  2
*D76
340
0
 70
0
280
1
281
0
  0
ENDTAB
  0
ENDSEC
  0
SECTION
  2
BLOCKS
  0
BLOCK
  5
18
330
17
100
AcDbEntity
  8
0
100
AcDbBlockBegin
  2
*Model_Space
 70
0
 10
0.0
 20
0.0
 30
0.0
  3
*Model_Space
  1

  0
ENDBLK
  5
19
330
17
100
AcDbEntity
  8
0
100
AcDbBlockEnd
  0
BLOCK
  5
1C
330
1B
100
AcDbEntity
  8
0
100
AcDbBlockBegin
  2
*Paper_Space
 70
0
 10
0.0
 20
0.0
 30
0.0
  3
*Paper_Space
  1

  0
ENDBLK
  5
1D
330
1B
100
AcDbEntity
  8
0
100
AcDbBlockEnd
  0
BLOCK
  5
75
330
74
100
AcDbEntity
  8
0
100
AcDbBlockBegin
  2
_ARCHTICK
 70
0
 10
0.0
 20
0.0
 30
0.0
  3
_ARCHTICK
  1

  0
LWPOLYLINE
  5
77
330
74
100
AcDbEntity
  8
0
  6
BYBLOCK
 62
0
100
AcDbPolyline
 90
2
 70
0
 43
0.15
 10
-0.5
 20
-0.5
 10
0.5
 20
0.5
  0
ENDBLK
  5
76
330
74
100
AcDbEntity
  8
0
100
AcDbBlockEnd
  0
BLOCK
  5
79
330
78
100
AcDbEntity
  8
0
100
AcDbBlockBegin
  2
_CLOSEDFILLED
 70
0
 10
0.0
 20
0.0
 30
0.0
  3
_CLOSEDFILLED
  1

  0
SOLID
  5
7B
330
78
100
AcDbEntity
  8
0
  6
BYBLOCK
 62
0
100
AcDbTrace
 10
-1.0
 20
0.16439898372402537
 30
0.0
 11
0.0
 21
0.0
 31
0.0
 12
-1.0
 22
-0.16439898372402537
 32
0.0
 13
-1.0
 23
-0.16439898372402537
 33
0.0
  0
ENDBLK
  5
7A
330
78
100
AcDbEntity
  8
0
100
AcDbBlockEnd
  0
BLOCK
  5
85
330
84
100
AcDbEntity
  8
0
100
AcDbBlockBegin
  2
_CLOSEDBLANK
 70
0
 10
0.0
 20
0.0
 30
0.0
  3
_CLOSEDBLANK
  1

  0
LWPOLYLINE
  5
87
330
84
100
AcDbEntity
  8
0
  6
BYBLOCK
 62
0
100
AcDbPolyline
 90
3
 70
1
 10
-1.0
 20
0.16439898372402537
 10
0.0
 20
0.0
 10
-1.0
 20
-0.16439898372402537
  0
ENDBLK
  5
86
330
84
100
AcDbEntity
  8
0
100
AcDbBlockEnd
  0
BLOCK
  5
FF
330
FE
100
AcDbEntity
  8
0
100
AcDbBlockBegin
  2
*D1
 70
1
 10
0.0
 20
0.0
 30
0.0
  3
*D1
  1

  0
LINE
  5
101
330
FE
100
AcDbEntity
  8
0
370
18
100
AcDbLine
 10
205.20247424477708
 20
1535.3683427208193
 30
0.0
 11
205.20247424477708
 21
1383.869035246391
 31
0.0
  0
LINE
  5
102
330
FE
100
AcDbEntity
  8
0
370
18
100
AcDbLine
 10
250.19658119658118
 20
1535.3683427208193
 30
0.0
 11
250.19658119658118
 21
1383.869035246391
 31
0.0
  0
INSERT
  5
103
330
FE
100
AcDbEntity
  8
DIM
100
AcDbBlockReference
  2
_CLOSEDFILLED
 10
205.20247424477708
 20
1388.369035246391
 30
0.0
 41
7.5
 42
7.5
 50
180.0
  0
INSERT
  5
105
330
FE
100
AcDbEntity
  8
DIM
100
AcDbBlockReference
  2
_CLOSEDFILLED
 10
250.19658119658118
 20
1388.369035246391
 30
0.0
 41
7.5
 42
7.5
  0
LINE
  5
107
330
FE
100
AcDbEntity
  8
0
370
18
100
AcDbLine
 10
212.70247424477708
 20
1388.369035246391
 30
0.0
 11
242.69658119658118
 21
1388.369035246391
 31
0.0
  0
MTEXT
  5
108
330
FE
100
AcDbEntity
  8
DIM
100
AcDbMText
 10
227.69952772067913
 20
1394.519035246391
 30
0.0
 40
7.5
 71
5
  1
45
  7
CJK
  0
POINT
  5
109
330
FE
100
AcDbEntity
  8
Defpoints
100
AcDbPoint
 10
205.20247424477708
 20
1388.369035246391
 30
0.0
  0
POINT
  5
10A
330
FE
100
AcDbEntity
  8
Defpoints
100
AcDbPoint
 10
205.20247424477708
 20
1538.3683427208193
 30
0.0
  0
POINT
  5
10B
330
FE
100
AcDbEntity
  8
Defpoints
100
AcDbPoint
 10
250.19658119658118
 20
1538.3683427208193
 30
0.0
  0
ENDBLK
  5
100
330
FE
100
AcDbEntity
  8
0
100
AcDbBlockEnd
  0
BLOCK
  5
10E
330
10D
100
AcDbEntity
  8
0
100
AcDbBlockBegin
  2
*D2
 70
1
 10
0.0
 20
0.0
 30
0.0
  3
*D2
  1

  0
LINE
  5
110
330
10D
100
AcDbEntity
  8
0
370
18
100
AcDbLine
 10
250.19658119658118
 20
1535.3683427208193
 30
0.0
 11
250.19658119658118
 21
1383.869035246391
 31
0.0
  0
LINE
  5
111
330
10D
100
AcDbEntity
  8
0
370
18
100
AcDbLine
 10
540.1965811965812
 20
1465.3683427208193
 30
0.0
 11
540.1965811965812
 21
1383.869035246391
 31
0.0
  0
INSERT
  5
112
330
10D
100
AcDbEntity
  8
DIM
100
AcDbBlockReference
  2
_CLOSEDFILLED
 10
250.19658119658118
 20
1388.369035246391
 30
0.0
 41
7.5
 42
7.5
 50
180.0
  0
INSERT
  5
114
330
10D
100
AcDbEntity
  8
DIM
100
AcDbBlockReference
  2
_CLOSEDFILLED
 10
540.1965811965812
 20
1388.369035246391
 30
0.0
 41
7.5
 42
7.5
  0
LINE
  5
116
330
10D
100
AcDbEntity
  8
0
370
18
100
AcDbLine
 10
257.6965811965812
 20
1388.369035246391
 30
0.0
 11
532.6965811965812
 21
1388.369035246391
 31
0.0
  0
MTEXT
  5
117
330
10D
100
AcDbEntity
  8
DIM
100
AcDbMText
 10
395.1965811965812
 20
1394.519035246391
 30
0.0
 40
7.5
 71
5
  1
290
  7
CJK
  0
POINT
  5
118
330
10D
100
AcDbEntity
  8
Defpoints
100
AcDbPoint
 10
250.19658119658118
 20
1388.369035246391
 30
0.0
  0
POINT
  5
119
330
10D
100
AcDbEntity
  8
Defpoints
100
AcDbPoint
 10
250.19658119658118
 20
1538.3683427208193
 30
0.0
  0
POINT
  5
11A
330
10D
100
AcDbEntity
  8
Defpoints
100
AcDbPoint
 10
540.1965811965812
 20
1468.3683427208193
 30
0.0
  0
ENDBLK
  5
10F
330
10D
100
AcDbEntity
  8
0
100
AcDbBlockEnd
  0
BLOCK
  5
11D
330
11C
100
AcDbEntity
  8
0
100
AcDbBlockBegin
  2
*D3
 70
1
 10
0.0
 20
0.0
 30
0.0
  3
*D3
  1

  0
LINE
  5
11F
330
11C
100
AcDbEntity
  8
0
370
18
100
AcDbLine
 10
540.1965811965812
 20
1465.3683427208193
 30
0.0
 11
540.1965811965812
 21
1383.869035246391
 31
0.0
  0
LINE
  5
120
330
11C
100
AcDbEntity
  8
0
370
18
100
AcDbLine
 10
690.1965811965812
 20
1630.3683427208193
 30
0.0
 11
690.1965811965812
 21
1383.869035246391
 31
0.0
  0
INSERT
  5
121
330
11C
100
AcDbEntity
  8
DIM
100
AcDbBlockReference
  2
_CLOSEDFILLED
 10
540.1965811965812
 20
1388.369035246391
 30
0.0
 41
7.5
 42
7.5
 50
180.0
  0
INSERT
  5
123
330
11C
100
AcDbEntity
  8
DIM
100
AcDbBlockReference
  2
_CLOSEDFILLED
 10
690.1965811965812
 20
1388.369035246391
 30
0.0
 41
7.5
 42
7.5
  0
LINE
  5
125
330
11C
100
AcDbEntity
  8
0
370
18
100
AcDbLine
 10
547.6965811965812
 20
1388.369035246391
 30
0.0
 11
682.6965811965812
 21
1388.369035246391
 31
0.0
  0
MTEXT
  5
126
330
11C
100
AcDbEntity
  8
DIM
100
AcDbMText
 10
615.1965811965812
 20
1394.519035246391
 30
0.0
 40
7.5
 71
5
  1
150
  7
CJK
  0
POINT
  5
127
330
11C
100
AcDbEntity
  8
Defpoints
100
AcDbPoint
 10
540.1965811965812
 20
1388.369035246391
 30
0.0
  0
POINT
  5
128
330
11C
100
AcDbEntity
  8
Defpoints
100
AcDbPoint
 10
540.1965811965812
 20
1468.3683427208193
 30
0.0
  0
POINT
  5
129
330
11C
100
AcDbEntity
  8
Defpoints
100
AcDbPoint
 10
690.1965811965812
 20
1633.3683427208193
 30
0.0
  0
ENDBLK
  5
11E
330
11C
100
AcDbEntity
  8
0
100
AcDbBlockEnd
  0
BLOCK
  5
12C
330
12B
100
AcDbEntity
  8
0
100
AcDbBlockBegin
  2
*D4
 70
1
 10
0.0
 20
0.0
 30
0.0
  3
*D4
  1

  0
LINE
  5
12E
330
12B
100
AcDbEntity
  8
0
370
18
100
AcDbLine
 10
690.1965811965812
 20
1630.3683427208193
 30
0.0
 11
690.1965811965812
 21
1383.869035246391
 31
0.0
  0
LINE
  5
12F
330
12B
100
AcDbEntity
  8
0
370
18
100
AcDbLine
 10
1340.196581196581
 20
1477.3683427208193
 30
0.0
 11
1340.196581196581
 21
1383.869035246391
 31
0.0
  0
INSERT
  5
130
330
12B
100
AcDbEntity
  8
DIM
100
AcDbBlockReference
  2
_CLOSEDFILLED
 10
690.1965811965812
 20
1388.369035246391
 30
0.0
 41
7.5
 42
7.5
 50
180.0
  0
INSERT
  5
132
330
12B
100
AcDbEntity
  8
DIM
100
AcDbBlockReference
  2
_CLOSEDFILLED
 10
1340.196581196581
 20
1388.369035246391
 30
0.0
 41
7.5
 42
7.5
  0
LINE
  5
134
330
12B
100
AcDbEntity
  8
0
370
18
100
AcDbLine
 10
697.6965811965812
 20
1388.369035246391
 30
0.0
 11
1332.696581196581
 21
1388.369035246391
 31
0.0
  0
MTEXT
  5
135
330
12B
100
AcDbEntity
  8
DIM
100
AcDbMText
 10
1015.1965811965811
 20
1394.519035246391
 30
0.0
 40
7.5
 71
5
  1
650
  7
CJK
  0
POINT
  5
136
330
12B
100
AcDbEntity
  8
Defpoints
100
AcDbPoint
 10
690.1965811965812
 20
1388.369035246391
 30
0.0
  0
POINT
  5
137
330
12B
100
AcDbEntity
  8
Defpoints
100
AcDbPoint
 10
690.1965811965812
 20
1633.3683427208193
 30
0.0
  0
POINT
  5
138
330
12B
100
AcDbEntity
  8
Defpoints
100
AcDbPoint
 10
1340.196581196581
 20
1480.3683427208193
 30
0.0
  0
ENDBLK
  5
12D
330
12B
100
AcDbEntity
  8
0
100
AcDbBlockEnd
  0
BLOCK
  5
13B
330
13A
100
AcDbEntity
  8
0
100
AcDbBlockBegin
  2
*D5
 70
1
 10
0.0
 20
0.0
 30
0.0
  3
*D5
  1

  0
LINE
  5
13D
330
13A
100
AcDbEntity
  8
0
370
18
100
AcDbLine
 10
1340.196581196581
 20
1477.3683427208193
 30
0.0
 11
1340.196581196581
 21
1383.869035246391
 31
0.0
  0
LINE
  5
13E
330
13A
100
AcDbEntity
  8
0
370
18
100
AcDbLine
 10
1490.196581196581
 20
1465.3683427208193
 30
0.0
 11
1490.196581196581
 21
1383.869035246391
 31
0.0
  0
INSERT
  5
13F
330
13A
100
AcDbEntity
  8
DIM
100
AcDbBlockReference
  2
_CLOSEDFILLED
 10
1340.196581196581
 20
1388.369035246391
 30
0.0
 41
7.5
 42
7.5
 50
180.0
  0
INSERT
  5
141
330
13A
100
AcDbEntity
  8
DIM
100
AcDbBlockReference
  2
_CLOSEDFILLED
 10
1490.196581196581
 20
1388.369035246391
 30
0.0
 41
7.5
 42
7.5
  0
LINE
  5
143
330
13A
100
AcDbEntity
  8
0
370
18
100
AcDbLine
 10
1347.696581196581
 20
1388.369035246391
 30
0.0
 11
1482.696581196581
 21
1388.369035246391
 31
0.0
  0
MTEXT
  5
144
330
13A
100
AcDbEntity
  8
DIM
100
AcDbMText
 10
1415.196581196581
 20
1394.519035246391
 30
0.0
 40
7.5
 71
5
  1
150
  7
CJK
  0
POINT
  5
145
330
13A
100
AcDbEntity
  8
Defpoints
100
AcDbPoint
 10
1340.196581196581
 20
1388.369035246391
 30
0.0
  0
POINT
  5
146
330
13A
100
AcDbEntity
  8
Defpoints
100
AcDbPoint
 10
1340.196581196581
 20
1480.3683427208193
 30
0.0
  0
POINT
  5
147
330
13A
100
AcDbEntity
  8
Defpoints
100
AcDbPoint
 10
1490.196581196581
 20
1468.3683427208193
 30
0.0
  0
ENDBLK
  5
13C
330
13A
100
AcDbEntity
  8
0
100
AcDbBlockEnd
  0
BLOCK
  5
14A
330
149
100
AcDbEntity
  8
0
100
AcDbBlockBegin
  2
*D6
 70
1
 10
0.0
 20
0.0
 30
0.0
  3
*D6
  1

  0
LINE
  5
14C
330
149
100
AcDbEntity
  8
0
370
18
100
AcDbLine
 10
1490.196581196581
 20
1465.3683427208193
 30
0.0
 11
1490.196581196581
 21
1383.869035246391
 31
0.0
  0
LINE
  5
14D
330
149
100
AcDbEntity
  8
0
370
18
100
AcDbLine
 10
1535.1948948812217
 20
1465.3683427208193
 30
0.0
 11
1535.1948948812217
 21
1383.869035246391
 31
0.0
  0
INSERT
  5
14E
330
149
100
AcDbEntity
  8
DIM
100
AcDbBlockReference
  2
_CLOSEDFILLED
 10
1490.196581196581
 20
1388.369035246391
 30
0.0
 41
7.5
 42
7.5
 50
180.0
  0
INSERT
  5
150
330
149
100
AcDbEntity
  8
DIM
100
AcDbBlockReference
  2
_CLOSEDFILLED
 10
1535.1948948812217
 20
1388.369035246391
 30
0.0
 41
7.5
 42
7.5
  0
LINE
  5
152
330
149
100
AcDbEntity
  8
0
370
18
100
AcDbLine
 10
1497.696581196581
 20
1388.369035246391
 30
0.0
 11
1527.6948948812217
 21
1388.369035246391
 31
0.0
  0
MTEXT
  5
153
330
149
100
AcDbEntity
  8
DIM
100
AcDbMText
 10
1512.6957380389013
 20
1394.519035246391
 30
0.0
 40
7.5
 71
5
  1
45
  7
CJK
  0
POINT
  5
154
330
149
100
AcDbEntity
  8
Defpoints
100
AcDbPoint
 10
1490.196581196581
 20
1388.369035246391
 30
0.0
  0
POINT
  5
155
330
149
100
AcDbEntity
  8
Defpoints
100
AcDbPoint
 10
1490.196581196581
 20
1468.3683427208193
 30
0.0
  0
POINT
  5
156
330
149
100
AcDbEntity
  8
Defpoints
100
AcDbPoint
 10
1535.1948948812217
 20
1468.3683427208193
 30
0.0
  0
ENDBLK
  5
14B
330
149
100
AcDbEntity
  8
0
100
AcDbBlockEnd
  0
BLOCK
  5
159
330
158
100
AcDbEntity
  8
0
100
AcDbBlockBegin
  2
*D7
 70
1
 10
0.0
 20
0.0
 30
0.0
  3
*D7
  1

  0
LINE
  5
15B
330
158
100
AcDbEntity
  8
0
370
18
100
AcDbLine
 10
205.20247424477708
 20
1535.3683427208193
 30
0.0
 11
205.20247424477708
 21
1362.869035246391
 31
0.0
  0
LINE
  5
15C
330
158
100
AcDbEntity
  8
0
370
18
100
AcDbLine
 10
1535.1948948812217
 20
1465.3683427208193
 30
0.0
 11
1535.1948948812217
 21
1362.869035246391
 31
0.0
  0
INSERT
  5
15D
330
158
100
AcDbEntity
  8
DIM
100
AcDbBlockReference
  2
_CLOSEDFILLED
 10
205.20247424477708
 20
1367.369035246391
 30
0.0
 41
7.5
 42
7.5
 50
180.0
  0
INSERT
  5
15F
330
158
100
AcDbEntity
  8
DIM
100
AcDbBlockReference
  2
_CLOSEDFILLED
 10
1535.1948948812217
 20
1367.369035246391
 30
0.0
 41
7.5
 42
7.5
  0
LINE
  5
161
330
158
100
AcDbEntity
  8
0
370
18
100
AcDbLine
 10
212.70247424477708
 20
1367.369035246391
 30
0.0
 11
1527.6948948812217
 21
1367.369035246391
 31
0.0
  0
MTEXT
  5
162
330
158
100
AcDbEntity
  8
DIM
100
AcDbMText
 10
870.1986845629995
 20
1373.519035246391
 30
0.0
 40
7.5
 71
5
  1
1330
  7
CJK
  0
POINT
  5
163
330
158
100
AcDbEntity
  8
Defpoints
100
AcDbPoint
 10
205.20247424477708
 20
1367.369035246391
 30
0.0
  0
POINT
  5
164
330
158
100
AcDbEntity
  8
Defpoints
100
AcDbPoint
 10
205.20247424477708
 20
1538.3683427208193
 30
0.0
  0
POINT
  5
165
330
158
100
AcDbEntity
  8
Defpoints
100
AcDbPoint
 10
1535.1948948812217
 20
1468.3683427208193
 30
0.0
  0
ENDBLK
  5
15A
330
158
100
AcDbEntity
  8
0
100
AcDbBlockEnd
  0
BLOCK
  5
168
330
167
100
AcDbEntity
  8
0
100
AcDbBlockBegin
  2
*D8
 70
1
 10
0.0
 20
0.0
 30
0.0
  3
*D8
  1

  0
LINE
  5
16A
330
167
100
AcDbEntity
  8
0
370
18
100
AcDbLine
 10
537.1965811965812
 20
1418.369035246391
 30
0.0
 11
170.70247424477708
 21
1418.369035246391
 31
0.0
  0
LINE
  5
16B
330
167
100
AcDbEntity
  8
0
370
18
100
AcDbLine
 10
537.1965811965812
 20
1468.3683427208193
 30
0.0
 11
170.70247424477708
 21
1468.3683427208193
 31
0.0
  0
INSERT
  5
16C
330
167
100
AcDbEntity
  8
DIM
100
AcDbBlockReference
  2
_CLOSEDFILLED
 10
175.20247424477708
 20
1418.369035246391
 30
0.0
 41
7.5
 42
7.5
 50
270.0
  0
INSERT
  5
16E
330
167
100
AcDbEntity
  8
DIM
100
AcDbBlockReference
  2
_CLOSEDFILLED
 10
175.20247424477708
 20
1468.3683427208193
 30
0.0
 41
7.5
 42
7.5
 50
90.0
  0
LINE
  5
170
330
167
100
AcDbEntity
  8
0
370
18
100
AcDbLine
 10
175.20247424477708
 20
1425.869035246391
 30
0.0
 11
175.20247424477708
 21
1460.8683427208193
 31
0.0
  0
MTEXT
  5
171
330
167
100
AcDbEntity
  8
DIM
100
AcDbMText
 10
169.05247424477707
 20
1443.3686889836051
 30
0.0
 40
7.5
 71
5
  1
50
  7
CJK
 50
90.0
  0
POINT
  5
172
330
167
100
AcDbEntity
  8
Defpoints
100
AcDbPoint
 10
175.20247424477708
 20
1418.369035246391
 30
0.0
  0
POINT
  5
173
330
167
100
AcDbEntity
  8
Defpoints
100
AcDbPoint
 10
540.1965811965812
 20
1418.369035246391
 30
0.0
  0
POINT
  5
174
330
167
100
AcDbEntity
  8
Defpoints
100
AcDbPoint
 10
540.1965811965812
 20
1468.3683427208193
 30
0.0
  0
ENDBLK
  5
169
330
167
100
AcDbEntity
  8
0
100
AcDbBlockEnd
  0
BLOCK
  5
177
330
176
100
AcDbEntity
  8
0
100
AcDbBlockBegin
  2
*D9
 70
1
 10
0.0
 20
0.0
 30
0.0
  3
*D9
  1

  0
LINE
  5
179
330
176
100
AcDbEntity
  8
0
370
18
100
AcDbLine
 10
537.1965811965812
 20
1468.3683427208193
 30
0.0
 11
170.70247424477708
 21
1468.3683427208193
 31
0.0
  0
LINE
  5
17A
330
176
100
AcDbEntity
  8
0
370
18
100
AcDbLine
 10
1337.196581196581
 20
1480.3683427208193
 30
0.0
 11
170.70247424477708
 21
1480.3683427208193
 31
0.0
  0
INSERT
  5
17B
330
176
100
AcDbEntity
  8
DIM
100
AcDbBlockReference
  2
_CLOSEDFILLED
 10
175.20247424477708
 20
1468.3683427208193
 30
0.0
 41
7.5
 42
7.5
 50
90.0
  0
INSERT
  5
17D
330
176
100
AcDbEntity
  8
DIM
100
AcDbBlockReference
  2
_CLOSEDFILLED
 10
175.20247424477708
 20
1480.3683427208193
 30
0.0
 41
7.5
 42
7.5
 50
270.0
  0
LINE
  5
17F
330
176
100
AcDbEntity
  8
0
370
18
100
AcDbLine
 10
175.20247424477708
 20
1460.8683427208193
 30
0.0
 11
175.20247424477708
 21
1453.3683427208193
 31
0.0
  0
LINE
  5
180
330
176
100
AcDbEntity
  8
0
370
18
100
AcDbLine
 10
175.20247424477708
 20
1487.8683427208193
 30
0.0
 11
175.20247424477708
 21
1495.3683427208193
 31
0.0
  0
LINE
  5
181
330
176
100
AcDbEntity
  8
0
370
18
100
AcDbLine
 10
175.20247424477708
 20
1468.3683427208193
 30
0.0
 11
175.20247424477708
 21
1480.3683427208193
 31
0.0
  0
MTEXT
  5
182
330
176
100
AcDbEntity
  8
DIM
100
AcDbMText
 10
164.55247424477707
 20
1474.3683427208193
 30
0.0
 40
7.5
 71
5
  1
12
  7
CJK
 50
90.0
  0
POINT
  5
183
330
176
100
AcDbEntity
  8
Defpoints
100
AcDbPoint
 10
175.20247424477708
 20
1468.3683427208193
 30
0.0
  0
POINT
  5
184
330
176
100
AcDbEntity
  8
Defpoints
100
AcDbPoint
 10
540.1965811965812
 20
1468.3683427208193
 30
0.0
  0
POINT
  5
185
330
176
100
AcDbEntity
  8
Defpoints
100
AcDbPoint
 10
1340.196581196581
 20
1480.3683427208193
 30
0.0
  0
ENDBLK
  5
178
330
176
100
AcDbEntity
  8
0
100
AcDbBlockEnd
  0
BLOCK
  5
188
330
187
100
AcDbEntity
  8
0
100
AcDbBlockBegin
  2
*D10
 70
1
 10
0.0
 20
0.0
 30
0.0
  3
*D10
  1

  0
LINE
  5
18A
330
187
100
AcDbEntity
  8
0
370
18
100
AcDbLine
 10
1337.196581196581
 20
1480.3683427208193
 30
0.0
 11
170.70247424477708
 21
1480.3683427208193
 31
0.0
  0
LINE
  5
18B
330
187
100
AcDbEntity
  8
0
370
18
100
AcDbLine
 10
247.19658119658118
 20
1538.3683427208193
 30
0.0
 11
170.70247424477708
 21
1538.3683427208193
 31
0.0
  0
INSERT
  5
18C
330
187
100
AcDbEntity
  8
DIM
100
AcDbBlockReference
  2
_CLOSEDFILLED
 10
175.20247424477708
 20
1480.3683427208193
 30
0.0
 41
7.5
 42
7.5
 50
270.0
  0
INSERT
  5
18E
330
187
100
AcDbEntity
  8
DIM
100
AcDbBlockReference
  2
_CLOSEDFILLED
 10
175.20247424477708
 20
1538.3683427208193
 30
0.0
 41
7.5
 42
7.5
 50
90.0
  0
LINE
  5
190
330
187
100
AcDbEntity
  8
0
370
18
100
AcDbLine
 10
175.20247424477708
 20
1487.8683427208193
 30
0.0
 11
175.20247424477708
 21
1530.8683427208193
 31
0.0
  0
MTEXT
  5
191
330
187
100
AcDbEntity
  8
DIM
100
AcDbMText
 10
169.05247424477707
 20
1509.3683427208193
 30
0.0
 40
7.5
 71
5
  1
58
  7
CJK
 50
90.0
  0
POINT
  5
192
330
187
100
AcDbEntity
  8
Defpoints
100
AcDbPoint
 10
175.20247424477708
 20
1480.3683427208193
 30
0.0
  0
POINT
  5
193
330
187
100
AcDbEntity
  8
Defpoints
100
AcDbPoint
 10
1340.196581196581
 20
1480.3683427208193
 30
0.0
  0
POINT
  5
194
330
187
100
AcDbEntity
  8
Defpoints
100
AcDbPoint
 10
250.19658119658118
 20
1538.3683427208193
 30
0.0
  0
ENDBLK
  5
189
330
187
100
AcDbEntity
  8
0
100
AcDbBlockEnd
  0
BLOCK
  5
197
330
196
100
AcDbEntity
  8
0
100
AcDbBlockBegin
  2
*D11
 70
1
 10
0.0
 20
0.0
 30
0.0
  3
*D11
  1

  0
LINE
  5
199
330
196
100
AcDbEntity
  8
0
370
18
100
AcDbLine
 10
247.19658119658118
 20
1538.3683427208193
 30
0.0
 11
170.70247424477708
 21
1538.3683427208193
 31
0.0
  0
LINE
  5
19A
330
196
100
AcDbEntity
  8
0
370
18
100
AcDbLine
 10
687.1965811965812
 20
1633.3683427208193
 30
0.0
 11
170.70247424477708
 21
1633.3683427208193
 31
0.0
  0
INSERT
  5
19B
330
196
100
AcDbEntity
  8
DIM
100
AcDbBlockReference
  2
_CLOSEDFILLED
 10
175.20247424477708
 20
1538.3683427208193
 30
0.0
 41
7.5
 42
7.5
 50
270.0
  0
INSERT
  5
19D
330
196
100
AcDbEntity
  8
DIM
100
AcDbBlockReference
  2
_CLOSEDFILLED
 10
175.20247424477708
 20
1633.3683427208193
 30
0.0
 41
7.5
 42
7.5
 50
90.0
  0
LINE
  5
19F
330
196
100
AcDbEntity
  8
0
370
18
100
AcDbLine
 10
175.20247424477708
 20
1545.8683427208193
 30
0.0
 11
175.20247424477708
 21
1625.8683427208193
 31
0.0
  0
MTEXT
  5
1A0
330
196
100
AcDbEntity
  8
DIM
100
AcDbMText
 10
169.05247424477707
 20
1585.8683427208193
 30
0.0
 40
7.5
 71
5
  1
95
  7
CJK
 50
90.0
  0
POINT
  5
1A1
330
196
100
AcDbEntity
  8
Defpoints
100
AcDbPoint
 10
175.20247424477708
 20
1538.3683427208193
 30
0.0
  0
POINT
  5
1A2
330
196
100
AcDbEntity
  8
Defpoints
100
AcDbPoint
 10
250.19658119658118
 20
1538.3683427208193
 30
0.0
  0
POINT
  5
1A3
330
196
100
AcDbEntity
  8
Defpoints
100
AcDbPoint
 10
690.1965811965812
 20
1633.3683427208193
 30
0.0
  0
ENDBLK
  5
198
330
196
100
AcDbEntity
  8
0
100
AcDbBlockEnd
  0
BLOCK
  5
1A6
330
1A5
100
AcDbEntity
  8
0
100
AcDbBlockBegin
  2
*D12
 70
1
 10
0.0
 20
0.0
 30
0.0
  3
*D12
  1

  0
LINE
  5
1A8
330
1A5
100
AcDbEntity
  8
0
370
18
100
AcDbLine
 10
687.1965811965812
 20
1633.3683427208193
 30
0.0
 11
170.70247424477708
 21
1633.3683427208193
 31
0.0
  0
LINE
  5
1A9
330
1A5
100
AcDbEntity
  8
0
370
18
100
AcDbLine
 10
687.1965811965812
 20
1673.3683427208193
 30
0.0
 11
170.70247424477708
 21
1673.3683427208193
 31
0.0
  0
INSERT
  5
1AA
330
1A5
100
AcDbEntity
  8
DIM
100
AcDbBlockReference
  2
_CLOSEDFILLED
 10
175.20247424477708
 20
1633.3683427208193
 30
0.0
 41
7.5
 42
7.5
 50
270.0
  0
INSERT
  5
1AC
330
1A5
100
AcDbEntity
  8
DIM
100
AcDbBlockReference
  2
_CLOSEDFILLED
 10
175.20247424477708
 20
1673.3683427208193
 30
0.0
 41
7.5
 42
7.5
 50
90.0
  0
LINE
  5
1AE
330
1A5
100
AcDbEntity
  8
0
370
18
100
AcDbLine
 10
175.20247424477708
 20
1640.8683427208193
 30
0.0
 11
175.20247424477708
 21
1665.8683427208193
 31
0.0
  0
MTEXT
  5
1AF
330
1A5
100
AcDbEntity
  8
DIM
100
AcDbMText
 10
169.05247424477707
 20
1653.3683427208193
 30
0.0
 40
7.5
 71
5
  1
40
  7
CJK
 50
90.0
  0
POINT
  5
1B0
330
1A5
100
AcDbEntity
  8
Defpoints
100
AcDbPoint
 10
175.20247424477708
 20
1633.3683427208193
 30
0.0
  0
POINT
  5
1B1
330
1A5
100
AcDbEntity
  8
Defpoints
100
AcDbPoint
 10
690.1965811965812
 20
1633.3683427208193
 30
0.0
  0
POINT
  5
1B2
330
1A5
100
AcDbEntity
  8
Defpoints
100
AcDbPoint
 10
690.1965811965812
 20
1673.3683427208193
 30
0.0
  0
ENDBLK
  5
1A7
330
1A5
100
AcDbEntity
  8
0
100
AcDbBlockEnd
  0
BLOCK
  5
1B5
330
1B4
100
AcDbEntity
  8
0
100
AcDbBlockBegin
  2
*D13
 70
1
 10
0.0
 20
0.0
 30
0.0
  3
*D13
  1

  0
LINE
  5
1B7
330
1B4
100
AcDbEntity
  8
0
370
18
100
AcDbLine
 10
537.1965811965812
 20
1418.369035246391
 30
0.0
 11
149.70247424477708
 21
1418.369035246391
 31
0.0
  0
LINE
  5
1B8
330
1B4
100
AcDbEntity
  8
0
370
18
100
AcDbLine
 10
687.1965811965812
 20
1673.3683427208193
 30
0.0
 11
149.70247424477708
 21
1673.3683427208193
 31
0.0
  0
INSERT
  5
1B9
330
1B4
100
AcDbEntity
  8
DIM
100
AcDbBlockReference
  2
_CLOSEDFILLED
 10
154.20247424477708
 20
1418.369035246391
 30
0.0
 41
7.5
 42
7.5
 50
270.0
  0
INSERT
  5
1BB
330
1B4
100
AcDbEntity
  8
DIM
100
AcDbBlockReference
  2
_CLOSEDFILLED
 10
154.20247424477708
 20
1673.3683427208193
 30
0.0
 41
7.5
 42
7.5
 50
90.0
  0
LINE
  5
1BD
330
1B4
100
AcDbEntity
  8
0
370
18
100
AcDbLine
 10
154.20247424477708
 20
1425.869035246391
 30
0.0
 11
154.20247424477708
 21
1665.8683427208193
 31
0.0
  0
MTEXT
  5
1BE
330
1B4
100
AcDbEntity
  8
DIM
100
AcDbMText
 10
148.05247424477707
 20
1545.8686889836051
 30
0.0
 40
7.5
 71
5
  1
255
  7
CJK
 50
90.0
  0
POINT
  5
1BF
330
1B4
100
AcDbEntity
  8
Defpoints
100
AcDbPoint
 10
154.20247424477708
 20
1418.369035246391
 30
0.0
  0
POINT
  5
1C0
330
1B4
100
AcDbEntity
  8
Defpoints
100
AcDbPoint
 10
540.1965811965812
 20
1418.369035246391
 30
0.0
  0
POINT
  5
1C1
330
1B4
100
AcDbEntity
  8
Defpoints
100
AcDbPoint
 10
690.1965811965812
 20
1673.3683427208193
 30
0.0
  0
ENDBLK
  5
1B6
330
1B4
100
AcDbEntity
  8
0
100
AcDbBlockEnd
  0
BLOCK
  5
1C4
330
1C3
100
AcDbEntity
  8
0
100
AcDbBlockBegin
  2
*D14
 70
1
 10
0.0
 20
0.0
 30
0.0
  3
*D14
  1

  0
LINE
  5
1C6
330
1C3
100
AcDbEntity
  8
0
370
18
100
AcDbLine
 10
249.4926595972695
 20
1535.4520960950995
 30
0.0
 11
233.65442361275646
 21
1469.8365470164026
 31
0.0
  0
LINE
  5
1C7
330
1C3
100
AcDbEntity
  8
0
370
18
100
AcDbLine
 10
539.4926595972695
 20
1465.4520960950995
 30
0.0
 11
523.6544236127564
 21
1399.8365470164026
 31
0.0
  0
INSERT
  5
1C8
330
1C3
100
AcDbEntity
  8
DIM
100
AcDbBlockReference
  2
_CLOSEDFILLED
 10
234.710306011724
 20
1474.2109169549824
 30
0.0
 41
7.5
 42
7.5
 50
166.4295656148385
  0
INSERT
  5
1CA
330
1C3
100
AcDbEntity
  8
DIM
100
AcDbBlockReference
  2
_CLOSEDFILLED
 10
524.710306011724
 20
1404.2109169549824
 30
0.0
 41
7.5
 42
7.5
 50
-13.570434385161485
  0
LINE
  5
1CC
330
1C3
100
AcDbEntity
  8
0
370
18
100
AcDbLine
 10
242.00092257602364
 20
1472.4511129567031
 30
0.0
 11
517.4196894474244
 21
1405.9707209532617
 31
0.0
  0
MTEXT
  5
1CD
330
1C3
100
AcDbEntity
  8
DIM
100
AcDbMText
 10
381.153345290313
 20
1445.189222537708
 30
0.0
 40
7.5
 71
5
  1
298.3
  7
CJK
 50
-13.570434385161485
  0
POINT
  5
1CE
330
1C3
100
AcDbEntity
  8
Defpoints
100
AcDbPoint
 10
234.710306011724
 20
1474.2109169549824
 30
0.0
  0
POINT
  5
1CF
330
1C3
100
AcDbEntity
  8
Defpoints
100
AcDbPoint
 10
250.19658119658118
 20
1538.3683427208193
 30
0.0
  0
POINT
  5
1D0
330
1C3
100
AcDbEntity
  8
Defpoints
100
AcDbPoint
 10
540.1965811965812
 20
1468.3683427208193
 30
0.0
  0
ENDBLK
  5
1C5
330
1C3
100
AcDbEntity
  8
0
100
AcDbBlockEnd
  0
BLOCK
  5
1D3
330
1D2
100
AcDbEntity
  8
0
100
AcDbBlockBegin
  2
*D15
 70
1
 10
0.0
 20
0.0
 30
0.0
  3
*D15
  1

  0
LINE
  5
1D5
330
1D2
100
AcDbEntity
  8
0
370
18
100
AcDbLine
 10
542.416401416769
 20
1466.3503243388304
 30
0.0
 11
574.6037946094928
 21
1437.089057799991
 31
0.0
  0
LINE
  5
1D6
330
1D2
100
AcDbEntity
  8
0
370
18
100
AcDbLine
 10
692.416401416769
 20
1631.3503243388304
 30
0.0
 11
724.6037946094926
 21
1602.0890577999908
 31
0.0
  0
INSERT
  5
1D7
330
1D2
100
AcDbEntity
  8
DIM
100
AcDbBlockReference
  2
_CLOSEDFILLED
 10
571.274064279211
 20
1440.1160853729743
 30
0.0
 41
7.5
 42
7.5
 50
227.72631099390628
  0
INSERT
  5
1D9
330
1D2
100
AcDbEntity
  8
DIM
100
AcDbBlockReference
  2
_CLOSEDFILLED
 10
721.2740642792108
 20
1605.116085372974
 30
0.0
 41
7.5
 42
7.5
 50
47.72631099390627
  0
LINE
  5
1DB
330
1D2
100
AcDbEntity
  8
0
370
18
100
AcDbLine
 10
576.3191102341833
 20
1445.665635923444
 30
0.0
 11
716.2290183242385
 21
1599.5665348225045
 31
0.0
  0
MTEXT
  5
1DC
330
1D2
100
AcDbEntity
  8
DIM
100
AcDbMText
 10
641.723432827826
 20
1526.7530230560517
 30
0.0
 40
7.5
 71
5
  1
223
  7
CJK
 50
47.72631099390627
  0
POINT
  5
1DD
330
1D2
100
AcDbEntity
  8
Defpoints
100
AcDbPoint
 10
571.274064279211
 20
1440.1160853729743
 30
0.0
  0
POINT
  5
1DE
330
1D2
100
AcDbEntity
  8
Defpoints
100
AcDbPoint
 10
540.1965811965812
 20
1468.3683427208193
 30
0.0
  0
POINT
  5
1DF
330
1D2
100
AcDbEntity
  8
Defpoints
100
AcDbPoint
 10
690.1965811965812
 20
1633.3683427208193
 30
0.0
  0
ENDBLK
  5
1D4
330
1D2
100
AcDbEntity
  8
0
100
AcDbBlockEnd
  0
BLOCK
  5
1E2
330
1E1
100
AcDbEntity
  8
0
100
AcDbBlockBegin
  2
*D16
 70
1
 10
0.0
 20
0.0
 30
0.0
  3
*D16
  1

  0
LINE
  5
1E4
330
1E1
100
AcDbEntity
  8
0
370
18
100
AcDbLine
 10
1340.4358168634296
 20
1483.3587885564277
 30
0.0
 11
1345.3401480338275
 21
1544.6629281863993
 31
0.0
  0
LINE
  5
1E5
330
1E1
100
AcDbEntity
  8
0
370
18
100
AcDbLine
 10
1490.4358168634296
 20
1471.3587885564277
 30
0.0
 11
1495.3401480338275
 21
1532.6629281863993
 31
0.0
  0
INSERT
  5
1E6
330
1E1
100
AcDbEntity
  8
DIM
100
AcDbBlockReference
  2
_CLOSEDFILLED
 10
1344.9812945335545
 20
1540.1772594329868
 30
0.0
 41
7.5
 42
7.5
 50
175.42607874009914
  0
INSERT
  5
1E8
330
1E1
100
AcDbEntity
  8
DIM
100
AcDbBlockReference
  2
_CLOSEDFILLED
 10
1494.9812945335545
 20
1528.1772594329868
 30
0.0
 41
7.5
 42
7.5
 50
-4.573921259900861
  0
LINE
  5
1EA
330
1E1
100
AcDbEntity
  8
0
370
18
100
AcDbLine
 10
1352.4574091225754
 20
1539.579170265865
 30
0.0
 11
1487.5051799445337
 21
1528.7753486001086
 31
0.0
  0
MTEXT
  5
1EB
330
1E1
100
AcDbEntity
  8
DIM
100
AcDbMText
 10
1420.4717276505944
 20
1540.307673395984
 30
0.0
 40
7.5
 71
5
  1
150.5
  7
CJK
 50
-4.573921259900861
  0
POINT
  5
1EC
330
1E1
100
AcDbEntity
  8
Defpoints
100
AcDbPoint
 10
1344.9812945335545
 20
1540.1772594329868
 30
0.0
  0
POINT
  5
1ED
330
1E1
100
AcDbEntity
  8
Defpoints
100
AcDbPoint
 10
1340.196581196581
 20
1480.3683427208193
 30
0.0
  0
POINT
  5
1EE
330
1E1
100
AcDbEntity
  8
Defpoints
100
AcDbPoint
 10
1490.196581196581
 20
1468.3683427208193
 30
0.0
  0
ENDBLK
  5
1E3
330
1E1
100
AcDbEntity
  8
0
100
AcDbBlockEnd
  0
BLOCK
  5
231
330
230
100
AcDbEntity
  8
0
100
AcDbBlockBegin
  2
*D17
 70
1
 10
0.0
 20
0.0
 30
0.0
  3
*D17
  1

  0
LINE
  5
233
330
230
100
AcDbEntity
  8
0
370
18
100
AcDbLine
 10
1716.3311965811968
 20
1415.3683427208193
 30
0.0
 11
1716.3311965811968
 21
1383.8683427208193
 31
0.0
  0
LINE
  5
234
330
230
100
AcDbEntity
  8
0
370
18
100
AcDbLine
 10
1811.3311965811968
 20
1415.3683427208193
 30
0.0
 11
1811.3311965811968
 21
1383.8683427208193
 31
0.0
  0
INSERT
  5
235
330
230
100
AcDbEntity
  8
DIM
100
AcDbBlockReference
  2
_CLOSEDFILLED
 10
1716.3311965811968
 20
1388.3683427208193
 30
0.0
 41
7.5
 42
7.5
 50
180.0
  0
INSERT
  5
237
330
230
100
AcDbEntity
  8
DIM
100
AcDbBlockReference
  2
_CLOSEDFILLED
 10
1811.3311965811968
 20
1388.3683427208193
 30
0.0
 41
7.5
 42
7.5
  0
LINE
  5
239
330
230
100
AcDbEntity
  8
0
370
18
100
AcDbLine
 10
1723.8311965811968
 20
1388.3683427208193
 30
0.0
 11
1803.8311965811968
 21
1388.3683427208193
 31
0.0
  0
MTEXT
  5
23A
330
230
100
AcDbEntity
  8
DIM
100
AcDbMText
 10
1763.8311965811968
 20
1394.5183427208194
 30
0.0
 40
7.5
 71
5
  1
95
  7
CJK
  0
POINT
  5
23B
330
230
100
AcDbEntity
  8
Defpoints
100
AcDbPoint
 10
1716.3311965811968
 20
1388.3683427208193
 30
0.0
  0
POINT
  5
23C
330
230
100
AcDbEntity
  8
Defpoints
100
AcDbPoint
 10
1716.3311965811968
 20
1418.3683427208193
 30
0.0
  0
POINT
  5
23D
330
230
100
AcDbEntity
  8
Defpoints
100
AcDbPoint
 10
1811.3311965811968
 20
1418.3683427208193
 30
0.0
  0
ENDBLK
  5
232
330
230
100
AcDbEntity
  8
0
100
AcDbBlockEnd
  0
BLOCK
  5
240
330
23F
100
AcDbEntity
  8
0
100
AcDbBlockBegin
  2
*D18
 70
1
 10
0.0
 20
0.0
 30
0.0
  3
*D18
  1

  0
LINE
  5
242
330
23F
100
AcDbEntity
  8
0
370
18
100
AcDbLine
 10
1706.3311965811968
 20
1535.3683427208193
 30
0.0
 11
1706.3311965811968
 21
1362.8683427208193
 31
0.0
  0
LINE
  5
243
330
23F
100
AcDbEntity
  8
0
370
18
100
AcDbLine
 10
1821.3311965811968
 20
1535.3683427208193
 30
0.0
 11
1821.3311965811968
 21
1362.8683427208193
 31
0.0
  0
INSERT
  5
244
330
23F
100
AcDbEntity
  8
DIM
100
AcDbBlockReference
  2
_CLOSEDFILLED
 10
1706.3311965811968
 20
1367.3683427208193
 30
0.0
 41
7.5
 42
7.5
 50
180.0
  0
INSERT
  5
246
330
23F
100
AcDbEntity
  8
DIM
100
AcDbBlockReference
  2
_CLOSEDFILLED
 10
1821.3311965811968
 20
1367.3683427208193
 30
0.0
 41
7.5
 42
7.5
  0
LINE
  5
248
330
23F
100
AcDbEntity
  8
0
370
18
100
AcDbLine
 10
1713.8311965811968
 20
1367.3683427208193
 30
0.0
 11
1813.8311965811968
 21
1367.3683427208193
 31
0.0
  0
MTEXT
  5
249
330
23F
100
AcDbEntity
  8
DIM
100
AcDbMText
 10
1763.8311965811968
 20
1373.5183427208194
 30
0.0
 40
7.5
 71
5
  1
115
  7
CJK
  0
POINT
  5
24A
330
23F
100
AcDbEntity
  8
Defpoints
100
AcDbPoint
 10
1706.3311965811968
 20
1367.3683427208193
 30
0.0
  0
POINT
  5
24B
330
23F
100
AcDbEntity
  8
Defpoints
100
AcDbPoint
 10
1706.3311965811968
 20
1538.3683427208193
 30
0.0
  0
POINT
  5
24C
330
23F
100
AcDbEntity
  8
Defpoints
100
AcDbPoint
 10
1821.3311965811968
 20
1538.3683427208193
 30
0.0
  0
ENDBLK
  5
241
330
23F
100
AcDbEntity
  8
0
100
AcDbBlockEnd
  0
BLOCK
  5
24F
330
24E
100
AcDbEntity
  8
0
100
AcDbBlockBegin
  2
*D19
 70
1
 10
0.0
 20
0.0
 30
0.0
  3
*D19
  1

  0
LINE
  5
251
330
24E
100
AcDbEntity
  8
0
370
18
100
AcDbLine
 10
1732.8311965811968
 20
1630.3683427208193
 30
0.0
 11
1732.8311965811968
 21
1341.8683427208193
 31
0.0
  0
LINE
  5
252
330
24E
100
AcDbEntity
  8
0
370
18
100
AcDbLine
 10
1794.8311965811968
 20
1630.3683427208193
 30
0.0
 11
1794.8311965811968
 21
1341.8683427208193
 31
0.0
  0
INSERT
  5
253
330
24E
100
AcDbEntity
  8
DIM
100
AcDbBlockReference
  2
_CLOSEDFILLED
 10
1732.8311965811968
 20
1346.3683427208193
 30
0.0
 41
7.5
 42
7.5
 50
180.0
  0
INSERT
  5
255
330
24E
100
AcDbEntity
  8
DIM
100
AcDbBlockReference
  2
_CLOSEDFILLED
 10
1794.8311965811968
 20
1346.3683427208193
 30
0.0
 41
7.5
 42
7.5
  0
LINE
  5
257
330
24E
100
AcDbEntity
  8
0
370
18
100
AcDbLine
 10
1740.3311965811968
 20
1346.3683427208193
 30
0.0
 11
1787.3311965811968
 21
1346.3683427208193
 31
0.0
  0
MTEXT
  5
258
330
24E
100
AcDbEntity
  8
DIM
100
AcDbMText
 10
1763.8311965811968
 20
1352.5183427208194
 30
0.0
 40
7.5
 71
5
  1
62
  7
CJK
  0
POINT
  5
259
330
24E
100
AcDbEntity
  8
Defpoints
100
AcDbPoint
 10
1732.8311965811968
 20
1346.3683427208193
 30
0.0
  0
POINT
  5
25A
330
24E
100
AcDbEntity
  8
Defpoints
100
AcDbPoint
 10
1732.8311965811968
 20
1633.3683427208193
 30
0.0
  0
POINT
  5
25B
330
24E
100
AcDbEntity
  8
Defpoints
100
AcDbPoint
 10
1794.8311965811968
 20
1633.3683427208193
 30
0.0
  0
ENDBLK
  5
250
330
24E
100
AcDbEntity
  8
0
100
AcDbBlockEnd
  0
BLOCK
  5
25E
330
25D
100
AcDbEntity
  8
0
100
AcDbBlockBegin
  2
*D20
 70
1
 10
0.0
 20
0.0
 30
0.0
  3
*D20
  1

  0
LINE
  5
260
330
25D
100
AcDbEntity
  8
0
370
18
100
AcDbLine
 10
1720.8311965811968
 20
1630.3683427208193
 30
0.0
 11
1720.8311965811968
 21
1320.8683427208193
 31
0.0
  0
LINE
  5
261
330
25D
100
AcDbEntity
  8
0
370
18
100
AcDbLine
 10
1806.8311965811968
 20
1630.3683427208193
 30
0.0
 11
1806.8311965811968
 21
1320.8683427208193
 31
0.0
  0
INSERT
  5
262
330
25D
100
AcDbEntity
  8
DIM
100
AcDbBlockReference
  2
_CLOSEDFILLED
 10
1720.8311965811968
 20
1325.3683427208193
 30
0.0
 41
7.5
 42
7.5
 50
180.0
  0
INSERT
  5
264
330
25D
100
AcDbEntity
  8
DIM
100
AcDbBlockReference
  2
_CLOSEDFILLED
 10
1806.8311965811968
 20
1325.3683427208193
 30
0.0
 41
7.5
 42
7.5
  0
LINE
  5
266
330
25D
100
AcDbEntity
  8
0
370
18
100
AcDbLine
 10
1728.3311965811968
 20
1325.3683427208193
 30
0.0
 11
1799.3311965811968
 21
1325.3683427208193
 31
0.0
  0
MTEXT
  5
267
330
25D
100
AcDbEntity
  8
DIM
100
AcDbMText
 10
1763.8311965811968
 20
1331.5183427208194
 30
0.0
 40
7.5
 71
5
  1
86
  7
CJK
  0
POINT
  5
268
330
25D
100
AcDbEntity
  8
Defpoints
100
AcDbPoint
 10
1720.8311965811968
 20
1325.3683427208193
 30
0.0
  0
POINT
  5
269
330
25D
100
AcDbEntity
  8
Defpoints
100
AcDbPoint
 10
1720.8311965811968
 20
1633.3683427208193
 30
0.0
  0
POINT
  5
26A
330
25D
100
AcDbEntity
  8
Defpoints
100
AcDbPoint
 10
1806.8311965811968
 20
1633.3683427208193
 30
0.0
  0
ENDBLK
  5
25F
330
25D
100
AcDbEntity
  8
0
100
AcDbBlockEnd
  0
BLOCK
  5
26D
330
26C
100
AcDbEntity
  8
0
100
AcDbBlockBegin
  2
*D21
 70
1
 10
0.0
 20
0.0
 30
0.0
  3
*D21
  1

  0
LINE
  5
26F
330
26C
100
AcDbEntity
  8
0
370
18
100
AcDbLine
 10
1814.3311965811968
 20
1418.3683427208193
 30
0.0
 11
1855.8311965811968
 21
1418.3683427208193
 31
0.0
  0
LINE
  5
270
330
26C
100
AcDbEntity
  8
0
370
18
100
AcDbLine
 10
1809.8311965811968
 20
1673.3683427208193
 30
0.0
 11
1855.8311965811968
 21
1673.3683427208193
 31
0.0
  0
INSERT
  5
271
330
26C
100
AcDbEntity
  8
DIM
100
AcDbBlockReference
  2
_CLOSEDFILLED
 10
1851.3311965811968
 20
1418.3683427208193
 30
0.0
 41
7.5
 42
7.5
 50
270.0
  0
INSERT
  5
273
330
26C
100
AcDbEntity
  8
DIM
100
AcDbBlockReference
  2
_CLOSEDFILLED
 10
1851.3311965811968
 20
1673.3683427208193
 30
0.0
 41
7.5
 42
7.5
 50
90.0
  0
LINE
  5
275
330
26C
100
AcDbEntity
  8
0
370
18
100
AcDbLine
 10
1851.3311965811968
 20
1425.8683427208193
 30
0.0
 11
1851.3311965811968
 21
1665.8683427208193
 31
0.0
  0
MTEXT
  5
276
330
26C
100
AcDbEntity
  8
DIM
100
AcDbMText
 10
1845.1811965811967
 20
1545.8683427208193
 30
0.0
 40
7.5
 71
5
  1
255
  7
CJK
 50
90.0
  0
POINT
  5
277
330
26C
100
AcDbEntity
  8
Defpoints
100
AcDbPoint
 10
1851.3311965811968
 20
1418.3683427208193
 30
0.0
  0
POINT
  5
278
330
26C
100
AcDbEntity
  8
Defpoints
100
AcDbPoint
 10
1811.3311965811968
 20
1418.3683427208193
 30
0.0
  0
POINT
  5
279
330
26C
100
AcDbEntity
  8
Defpoints
100
AcDbPoint
 10
1806.8311965811968
 20
1673.3683427208193
 30
0.0
  0
ENDBLK
  5
26E
330
26C
100
AcDbEntity
  8
0
100
AcDbBlockEnd
  0
BLOCK
  5
2B2
330
2B1
100
AcDbEntity
  8
0
100
AcDbBlockBegin
  2
*D22
 70
1
 10
0.0
 20
0.0
 30
0.0
  3
*D22
  1

  0
LINE
  5
2B4
330
2B1
100
AcDbEntity
  8
0
370
18
100
AcDbLine
 10
1518.196581196581
 20
1161.2365566139124
 30
0.0
 11
1569.696581196581
 21
1161.2365566139124
 31
0.0
  0
LINE
  5
2B5
330
2B1
100
AcDbEntity
  8
0
370
18
100
AcDbLine
 10
1518.196581196581
 20
1256.2365566139124
 30
0.0
 11
1569.696581196581
 21
1256.2365566139124
 31
0.0
  0
INSERT
  5
2B6
330
2B1
100
AcDbEntity
  8
DIM
100
AcDbBlockReference
  2
_CLOSEDFILLED
 10
1565.196581196581
 20
1161.2365566139124
 30
0.0
 41
7.5
 42
7.5
 50
270.0
  0
INSERT
  5
2B8
330
2B1
100
AcDbEntity
  8
DIM
100
AcDbBlockReference
  2
_CLOSEDFILLED
 10
1565.196581196581
 20
1256.2365566139124
 30
0.0
 41
7.5
 42
7.5
 50
90.0
  0
LINE
  5
2BA
330
2B1
100
AcDbEntity
  8
0
370
18
100
AcDbLine
 10
1565.196581196581
 20
1168.7365566139124
 30
0.0
 11
1565.196581196581
 21
1248.7365566139124
 31
0.0
  0
MTEXT
  5
2BB
330
2B1
100
AcDbEntity
  8
DIM
100
AcDbMText
 10
1559.046581196581
 20
1208.7365566139124
 30
0.0
 40
7.5
 71
5
  1
95
  7
CJK
 50
90.0
  0
POINT
  5
2BC
330
2B1
100
AcDbEntity
  8
Defpoints
100
AcDbPoint
 10
1565.196581196581
 20
1161.2365566139124
 30
0.0
  0
POINT
  5
2BD
330
2B1
100
AcDbEntity
  8
Defpoints
100
AcDbPoint
 10
1515.196581196581
 20
1161.2365566139124
 30
0.0
  0
POINT
  5
2BE
330
2B1
100
AcDbEntity
  8
Defpoints
100
AcDbPoint
 10
1515.196581196581
 20
1256.2365566139124
 30
0.0
  0
ENDBLK
  5
2B3
330
2B1
100
AcDbEntity
  8
0
100
AcDbBlockEnd
  0
BLOCK
  5
2C1
330
2C0
100
AcDbEntity
  8
0
100
AcDbBlockBegin
  2
*D23
 70
1
 10
0.0
 20
0.0
 30
0.0
  3
*D23
  1

  0
LINE
  5
2C3
330
2C0
100
AcDbEntity
  8
0
370
18
100
AcDbLine
 10
247.19658119658118
 20
1151.2365566139124
 30
0.0
 11
170.69658119658118
 21
1151.2365566139124
 31
0.0
  0
LINE
  5
2C4
330
2C0
100
AcDbEntity
  8
0
370
18
100
AcDbLine
 10
247.19658119658118
 20
1266.2365566139124
 30
0.0
 11
170.69658119658118
 21
1266.2365566139124
 31
0.0
  0
INSERT
  5
2C5
330
2C0
100
AcDbEntity
  8
DIM
100
AcDbBlockReference
  2
_CLOSEDFILLED
 10
175.19658119658118
 20
1151.2365566139124
 30
0.0
 41
7.5
 42
7.5
 50
270.0
  0
INSERT
  5
2C7
330
2C0
100
AcDbEntity
  8
DIM
100
AcDbBlockReference
  2
_CLOSEDFILLED
 10
175.19658119658118
 20
1266.2365566139124
 30
0.0
 41
7.5
 42
7.5
 50
90.0
  0
LINE
  5
2C9
330
2C0
100
AcDbEntity
  8
0
370
18
100
AcDbLine
 10
175.19658119658118
 20
1158.7365566139124
 30
0.0
 11
175.19658119658118
 21
1258.7365566139124
 31
0.0
  0
MTEXT
  5
2CA
330
2C0
100
AcDbEntity
  8
DIM
100
AcDbMText
 10
169.04658119658117
 20
1208.7365566139124
 30
0.0
 40
7.5
 71
5
  1
115
  7
CJK
 50
90.0
  0
POINT
  5
2CB
330
2C0
100
AcDbEntity
  8
Defpoints
100
AcDbPoint
 10
175.19658119658118
 20
1151.2365566139124
 30
0.0
  0
POINT
  5
2CC
330
2C0
100
AcDbEntity
  8
Defpoints
100
AcDbPoint
 10
250.19658119658118
 20
1151.2365566139124
 30
0.0
  0
POINT
  5
2CD
330
2C0
100
AcDbEntity
  8
Defpoints
100
AcDbPoint
 10
250.19658119658118
 20
1266.2365566139124
 30
0.0
  0
ENDBLK
  5
2C2
330
2C0
100
AcDbEntity
  8
0
100
AcDbBlockEnd
  0
BLOCK
  5
2D0
330
2CF
100
AcDbEntity
  8
0
100
AcDbBlockBegin
  2
*D24
 70
1
 10
0.0
 20
0.0
 30
0.0
  3
*D24
  1

  0
LINE
  5
2D2
330
2CF
100
AcDbEntity
  8
0
370
18
100
AcDbLine
 10
202.19658119658118
 20
1161.2365566139124
 30
0.0
 11
149.69658119658118
 21
1161.2365566139124
 31
0.0
  0
LINE
  5
2D3
330
2CF
100
AcDbEntity
  8
0
370
18
100
AcDbLine
 10
202.19658119658118
 20
1256.2365566139124
 30
0.0
 11
149.69658119658118
 21
1256.2365566139124
 31
0.0
  0
INSERT
  5
2D4
330
2CF
100
AcDbEntity
  8
DIM
100
AcDbBlockReference
  2
_CLOSEDFILLED
 10
154.19658119658118
 20
1161.2365566139124
 30
0.0
 41
7.5
 42
7.5
 50
270.0
  0
INSERT
  5
2D6
330
2CF
100
AcDbEntity
  8
DIM
100
AcDbBlockReference
  2
_CLOSEDFILLED
 10
154.19658119658118
 20
1256.2365566139124
 30
0.0
 41
7.5
 42
7.5
 50
90.0
  0
LINE
  5
2D8
330
2CF
100
AcDbEntity
  8
0
370
18
100
AcDbLine
 10
154.19658119658118
 20
1168.7365566139124
 30
0.0
 11
154.19658119658118
 21
1248.7365566139124
 31
0.0
  0
MTEXT
  5
2D9
330
2CF
100
AcDbEntity
  8
DIM
100
AcDbMText
 10
148.04658119658117
 20
1208.7365566139124
 30
0.0
 40
7.5
 71
5
  1
95
  7
CJK
 50
90.0
  0
POINT
  5
2DA
330
2CF
100
AcDbEntity
  8
Defpoints
100
AcDbPoint
 10
154.19658119658118
 20
1161.2365566139124
 30
0.0
  0
POINT
  5
2DB
330
2CF
100
AcDbEntity
  8
Defpoints
100
AcDbPoint
 10
205.19658119658118
 20
1161.2365566139124
 30
0.0
  0
POINT
  5
2DC
330
2CF
100
AcDbEntity
  8
Defpoints
100
AcDbPoint
 10
205.19658119658118
 20
1256.2365566139124
 30
0.0
  0
ENDBLK
  5
2D1
330
2CF
100
AcDbEntity
  8
0
100
AcDbBlockEnd
  0
BLOCK
  5
2DF
330
2DE
100
AcDbEntity
  8
0
100
AcDbBlockBegin
  2
*D25
 70
1
 10
0.0
 20
0.0
 30
0.0
  3
*D25
  1

  0
LINE
  5
2E1
330
2DE
100
AcDbEntity
  8
0
370
18
100
AcDbLine
 10
693.1965811965812
 20
1177.7365566139124
 30
0.0
 11
804.6965811965812
 21
1177.7365566139124
 31
0.0
  0
LINE
  5
2E2
330
2DE
100
AcDbEntity
  8
0
370
18
100
AcDbLine
 10
693.1965811965812
 20
1239.7365566139124
 30
0.0
 11
804.6965811965812
 21
1239.7365566139124
 31
0.0
  0
INSERT
  5
2E3
330
2DE
100
AcDbEntity
  8
DIM
100
AcDbBlockReference
  2
_CLOSEDFILLED
 10
800.1965811965812
 20
1177.7365566139124
 30
0.0
 41
7.5
 42
7.5
 50
270.0
  0
INSERT
  5
2E5
330
2DE
100
AcDbEntity
  8
DIM
100
AcDbBlockReference
  2
_CLOSEDFILLED
 10
800.1965811965812
 20
1239.7365566139124
 30
0.0
 41
7.5
 42
7.5
 50
90.0
  0
LINE
  5
2E7
330
2DE
100
AcDbEntity
  8
0
370
18
100
AcDbLine
 10
800.1965811965812
 20
1185.2365566139124
 30
0.0
 11
800.1965811965812
 21
1232.2365566139124
 31
0.0
  0
MTEXT
  5
2E8
330
2DE
100
AcDbEntity
  8
DIM
100
AcDbMText
 10
794.0465811965812
 20
1208.7365566139124
 30
0.0
 40
7.5
 71
5
  1
62
  7
CJK
 50
90.0
  0
POINT
  5
2E9
330
2DE
100
AcDbEntity
  8
Defpoints
100
AcDbPoint
 10
800.1965811965812
 20
1177.7365566139124
 30
0.0
  0
POINT
  5
2EA
330
2DE
100
AcDbEntity
  8
Defpoints
100
AcDbPoint
 10
690.1965811965812
 20
1177.7365566139124
 30
0.0
  0
POINT
  5
2EB
330
2DE
100
AcDbEntity
  8
Defpoints
100
AcDbPoint
 10
690.1965811965812
 20
1239.7365566139124
 30
0.0
  0
ENDBLK
  5
2E0
330
2DE
100
AcDbEntity
  8
0
100
AcDbBlockEnd
  0
BLOCK
  5
2EE
330
2ED
100
AcDbEntity
  8
0
100
AcDbBlockBegin
  2
*D26
 70
1
 10
0.0
 20
0.0
 30
0.0
  3
*D26
  1

  0
LINE
  5
2F0
330
2ED
100
AcDbEntity
  8
0
370
18
100
AcDbLine
 10
693.1965811965812
 20
1165.7365566139124
 30
0.0
 11
825.6965811965812
 21
1165.7365566139124
 31
0.0
  0
LINE
  5
2F1
330
2ED
100
AcDbEntity
  8
0
370
18
100
AcDbLine
 10
693.1965811965812
 20
1251.7365566139124
 30
0.0
 11
825.6965811965812
 21
1251.7365566139124
 31
0.0
  0
INSERT
  5
2F2
330
2ED
100
AcDbEntity
  8
DIM
100
AcDbBlockReference
  2
_CLOSEDFILLED
 10
821.1965811965812
 20
1165.7365566139124
 30
0.0
 41
7.5
 42
7.5
 50
270.0
  0
INSERT
  5
2F4
330
2ED
100
AcDbEntity
  8
DIM
100
AcDbBlockReference
  2
_CLOSEDFILLED
 10
821.1965811965812
 20
1251.7365566139124
 30
0.0
 41
7.5
 42
7.5
 50
90.0
  0
LINE
  5
2F6
330
2ED
100
AcDbEntity
  8
0
370
18
100
AcDbLine
 10
821.1965811965812
 20
1173.2365566139124
 30
0.0
 11
821.1965811965812
 21
1244.2365566139124
 31
0.0
  0
MTEXT
  5
2F7
330
2ED
100
AcDbEntity
  8
DIM
100
AcDbMText
 10
815.0465811965812
 20
1208.7365566139124
 30
0.0
 40
7.5
 71
5
  1
86
  7
CJK
 50
90.0
  0
POINT
  5
2F8
330
2ED
100
AcDbEntity
  8
Defpoints
100
AcDbPoint
 10
821.1965811965812
 20
1165.7365566139124
 30
0.0
  0
POINT
  5
2F9
330
2ED
100
AcDbEntity
  8
Defpoints
100
AcDbPoint
 10
690.1965811965812
 20
1165.7365566139124
 30
0.0
  0
POINT
  5
2FA
330
2ED
100
AcDbEntity
  8
Defpoints
100
AcDbPoint
 10
690.1965811965812
 20
1251.7365566139124
 30
0.0
  0
ENDBLK
  5
2EF
330
2ED
100
AcDbEntity
  8
0
100
AcDbBlockEnd
  0
BLOCK
  5
2FD
330
2FC
100
AcDbEntity
  8
0
100
AcDbBlockBegin
  2
*D27
 70
1
 10
0.0
 20
0.0
 30
0.0
  3
*D27
  1

  0
LINE
  5
2FF
330
2FC
100
AcDbEntity
  8
0
370
18
100
AcDbLine
 10
205.19658119658118
 20
1263.2365566139124
 30
0.0
 11
205.19658119658118
 21
1116.7365566139124
 31
0.0
  0
LINE
  5
300
330
2FC
100
AcDbEntity
  8
0
370
18
100
AcDbLine
 10
1535.196581196581
 20
1253.2365566139124
 30
0.0
 11
1535.196581196581
 21
1116.7365566139124
 31
0.0
  0
INSERT
  5
301
330
2FC
100
AcDbEntity
  8
DIM
100
AcDbBlockReference
  2
_CLOSEDFILLED
 10
205.19658119658118
 20
1121.2365566139124
 30
0.0
 41
7.5
 42
7.5
 50
180.0
  0
INSERT
  5
303
330
2FC
100
AcDbEntity
  8
DIM
100
AcDbBlockReference
  2
_CLOSEDFILLED
 10
1535.196581196581
 20
1121.2365566139124
 30
0.0
 41
7.5
 42
7.5
  0
LINE
  5
305
330
2FC
100
AcDbEntity
  8
0
370
18
100
AcDbLine
 10
212.69658119658118
 20
1121.2365566139124
 30
0.0
 11
1527.696581196581
 21
1121.2365566139124
 31
0.0
  0
MTEXT
  5
306
330
2FC
100
AcDbEntity
  8
DIM
100
AcDbMText
 10
870.1965811965812
 20
1127.3865566139125
 30
0.0
 40
7.5
 71
5
  1
1330
  7
CJK
  0
POINT
  5
307
330
2FC
100
AcDbEntity
  8
Defpoints
100
AcDbPoint
 10
205.19658119658118
 20
1121.2365566139124
 30
0.0
  0
POINT
  5
308
330
2FC
100
AcDbEntity
  8
Defpoints
100
AcDbPoint
 10
205.19658119658118
 20
1266.2365566139124
 30
0.0
  0
POINT
  5
309
330
2FC
100
AcDbEntity
  8
Defpoints
100
AcDbPoint
 10
1535.196581196581
 20
1256.2365566139124
 30
0.0
  0
ENDBLK
  5
2FE
330
2FC
100
AcDbEntity
  8
0
100
AcDbBlockEnd
  0
BLOCK
  5
31A
330
319
100
AcDbEntity
  8
0
100
AcDbBlockBegin
  2
*D28
 70
1
 10
0.0
 20
0.0
 30
0.0
  3
*D28
  1

  0
LINE
  5
31C
330
319
100
AcDbEntity
  8
0
370
18
100
AcDbLine
 10
157.80811965811967
 20
848.69384998461
 30
0.0
 11
157.80811965811967
 21
820.19384998461
 31
0.0
  0
LINE
  5
31D
330
319
100
AcDbEntity
  8
0
370
18
100
AcDbLine
 10
202.8081126051601
 20
968.693837353527
 30
0.0
 11
202.8081126051601
 21
820.19384998461
 31
0.0
  0
INSERT
  5
31E
330
319
100
AcDbEntity
  8
DIM
100
AcDbBlockReference
  2
_CLOSEDFILLED
 10
157.80811965811967
 20
824.69384998461
 30
0.0
 41
7.5
 42
7.5
 50
180.0
  0
INSERT
  5
320
330
319
100
AcDbEntity
  8
DIM
100
AcDbBlockReference
  2
_CLOSEDFILLED
 10
202.8081126051601
 20
824.69384998461
 30
0.0
 41
7.5
 42
7.5
  0
LINE
  5
322
330
319
100
AcDbEntity
  8
0
370
18
100
AcDbLine
 10
165.30811965811967
 20
824.69384998461
 30
0.0
 11
195.3081126051601
 21
824.69384998461
 31
0.0
  0
MTEXT
  5
323
330
319
100
AcDbEntity
  8
DIM
100
AcDbMText
 10
180.30811613163988
 20
830.84384998461
 30
0.0
 40
7.5
 71
5
  1
45
  7
CJK
  0
POINT
  5
324
330
319
100
AcDbEntity
  8
Defpoints
100
AcDbPoint
 10
157.80811965811967
 20
824.69384998461
 30
0.0
  0
POINT
  5
325
330
319
100
AcDbEntity
  8
Defpoints
100
AcDbPoint
 10
157.80811965811967
 20
851.69384998461
 30
0.0
  0
POINT
  5
326
330
319
100
AcDbEntity
  8
Defpoints
100
AcDbPoint
 10
202.8081126051601
 20
971.693837353527
 30
0.0
  0
ENDBLK
  5
31B
330
319
100
AcDbEntity
  8
0
100
AcDbBlockEnd
  0
BLOCK
  5
329
330
328
100
AcDbEntity
  8
0
100
AcDbBlockBegin
  2
*D29
 70
1
 10
0.0
 20
0.0
 30
0.0
  3
*D29
  1

  0
LINE
  5
32B
330
328
100
AcDbEntity
  8
0
370
18
100
AcDbLine
 10
202.8081126051601
 20
968.693837353527
 30
0.0
 11
202.8081126051601
 21
820.19384998461
 31
0.0
  0
LINE
  5
32C
330
328
100
AcDbEntity
  8
0
370
18
100
AcDbLine
 10
492.8081126051601
 20
898.693837353527
 30
0.0
 11
492.8081126051601
 21
820.19384998461
 31
0.0
  0
INSERT
  5
32D
330
328
100
AcDbEntity
  8
DIM
100
AcDbBlockReference
  2
_CLOSEDFILLED
 10
202.8081126051601
 20
824.69384998461
 30
0.0
 41
7.5
 42
7.5
 50
180.0
  0
INSERT
  5
32F
330
328
100
AcDbEntity
  8
DIM
100
AcDbBlockReference
  2
_CLOSEDFILLED
 10
492.8081126051601
 20
824.69384998461
 30
0.0
 41
7.5
 42
7.5
  0
LINE
  5
331
330
328
100
AcDbEntity
  8
0
370
18
100
AcDbLine
 10
210.3081126051601
 20
824.69384998461
 30
0.0
 11
485.3081126051601
 21
824.69384998461
 31
0.0
  0
MTEXT
  5
332
330
328
100
AcDbEntity
  8
DIM
100
AcDbMText
 10
347.8081126051601
 20
830.84384998461
 30
0.0
 40
7.5
 71
5
  1
290
  7
CJK
  0
POINT
  5
333
330
328
100
AcDbEntity
  8
Defpoints
100
AcDbPoint
 10
202.8081126051601
 20
824.69384998461
 30
0.0
  0
POINT
  5
334
330
328
100
AcDbEntity
  8
Defpoints
100
AcDbPoint
 10
202.8081126051601
 20
971.693837353527
 30
0.0
  0
POINT
  5
335
330
328
100
AcDbEntity
  8
Defpoints
100
AcDbPoint
 10
492.8081126051601
 20
901.693837353527
 30
0.0
  0
ENDBLK
  5
32A
330
328
100
AcDbEntity
  8
0
100
AcDbBlockEnd
  0
BLOCK
  5
338
330
337
100
AcDbEntity
  8
0
100
AcDbBlockBegin
  2
*D30
 70
1
 10
0.0
 20
0.0
 30
0.0
  3
*D30
  1

  0
LINE
  5
33A
330
337
100
AcDbEntity
  8
0
370
18
100
AcDbLine
 10
492.8081126051601
 20
898.693837353527
 30
0.0
 11
492.8081126051601
 21
820.19384998461
 31
0.0
  0
LINE
  5
33B
330
337
100
AcDbEntity
  8
0
370
18
100
AcDbLine
 10
1292.8081126051602
 20
910.693837353527
 30
0.0
 11
1292.8081126051602
 21
820.19384998461
 31
0.0
  0
INSERT
  5
33C
330
337
100
AcDbEntity
  8
DIM
100
AcDbBlockReference
  2
_CLOSEDFILLED
 10
492.8081126051601
 20
824.69384998461
 30
0.0
 41
7.5
 42
7.5
 50
180.0
  0
INSERT
  5
33E
330
337
100
AcDbEntity
  8
DIM
100
AcDbBlockReference
  2
_CLOSEDFILLED
 10
1292.8081126051602
 20
824.69384998461
 30
0.0
 41
7.5
 42
7.5
  0
LINE
  5
340
330
337
100
AcDbEntity
  8
0
370
18
100
AcDbLine
 10
500.3081126051601
 20
824.69384998461
 30
0.0
 11
1285.3081126051602
 21
824.69384998461
 31
0.0
  0
MTEXT
  5
341
330
337
100
AcDbEntity
  8
DIM
100
AcDbMText
 10
892.8081126051602
 20
830.84384998461
 30
0.0
 40
7.5
 71
5
  1
800
  7
CJK
  0
POINT
  5
342
330
337
100
AcDbEntity
  8
Defpoints
100
AcDbPoint
 10
492.8081126051601
 20
824.69384998461
 30
0.0
  0
POINT
  5
343
330
337
100
AcDbEntity
  8
Defpoints
100
AcDbPoint
 10
492.8081126051601
 20
901.693837353527
 30
0.0
  0
POINT
  5
344
330
337
100
AcDbEntity
  8
Defpoints
100
AcDbPoint
 10
1292.8081126051602
 20
913.693837353527
 30
0.0
  0
ENDBLK
  5
339
330
337
100
AcDbEntity
  8
0
100
AcDbBlockEnd
  0
BLOCK
  5
347
330
346
100
AcDbEntity
  8
0
100
AcDbBlockBegin
  2
*D31
 70
1
 10
0.0
 20
0.0
 30
0.0
  3
*D31
  1

  0
LINE
  5
349
330
346
100
AcDbEntity
  8
0
370
18
100
AcDbLine
 10
1292.8081126051602
 20
910.693837353527
 30
0.0
 11
1292.8081126051602
 21
820.19384998461
 31
0.0
  0
LINE
  5
34A
330
346
100
AcDbEntity
  8
0
370
18
100
AcDbLine
 10
1442.8081126051602
 20
898.693837353527
 30
0.0
 11
1442.8081126051602
 21
820.19384998461
 31
0.0
  0
INSERT
  5
34B
330
346
100
AcDbEntity
  8
DIM
100
AcDbBlockReference
  2
_CLOSEDFILLED
 10
1292.8081126051602
 20
824.69384998461
 30
0.0
 41
7.5
 42
7.5
 50
180.0
  0
INSERT
  5
34D
330
346
100
AcDbEntity
  8
DIM
100
AcDbBlockReference
  2
_CLOSEDFILLED
 10
1442.8081126051602
 20
824.69384998461
 30
0.0
 41
7.5
 42
7.5
  0
LINE
  5
34F
330
346
100
AcDbEntity
  8
0
370
18
100
AcDbLine
 10
1300.3081126051602
 20
824.69384998461
 30
0.0
 11
1435.3081126051602
 21
824.69384998461
 31
0.0
  0
MTEXT
  5
350
330
346
100
AcDbEntity
  8
DIM
100
AcDbMText
 10
1367.8081126051602
 20
830.84384998461
 30
0.0
 40
7.5
 71
5
  1
150
  7
CJK
  0
POINT
  5
351
330
346
100
AcDbEntity
  8
Defpoints
100
AcDbPoint
 10
1292.8081126051602
 20
824.69384998461
 30
0.0
  0
POINT
  5
352
330
346
100
AcDbEntity
  8
Defpoints
100
AcDbPoint
 10
1292.8081126051602
 20
913.693837353527
 30
0.0
  0
POINT
  5
353
330
346
100
AcDbEntity
  8
Defpoints
100
AcDbPoint
 10
1442.8081126051602
 20
901.693837353527
 30
0.0
  0
ENDBLK
  5
348
330
346
100
AcDbEntity
  8
0
100
AcDbBlockEnd
  0
BLOCK
  5
356
330
355
100
AcDbEntity
  8
0
100
AcDbBlockBegin
  2
*D32
 70
1
 10
0.0
 20
0.0
 30
0.0
  3
*D32
  1

  0
LINE
  5
358
330
355
100
AcDbEntity
  8
0
370
18
100
AcDbLine
 10
1442.8081126051602
 20
898.693837353527
 30
0.0
 11
1442.8081126051602
 21
820.19384998461
 31
0.0
  0
LINE
  5
359
330
355
100
AcDbEntity
  8
0
370
18
100
AcDbLine
 10
1487.8080852891062
 20
848.69384998461
 30
0.0
 11
1487.8080852891062
 21
820.19384998461
 31
0.0
  0
INSERT
  5
35A
330
355
100
AcDbEntity
  8
DIM
100
AcDbBlockReference
  2
_CLOSEDFILLED
 10
1442.8081126051602
 20
824.69384998461
 30
0.0
 41
7.5
 42
7.5
 50
180.0
  0
INSERT
  5
35C
330
355
100
AcDbEntity
  8
DIM
100
AcDbBlockReference
  2
_CLOSEDFILLED
 10
1487.8080852891062
 20
824.69384998461
 30
0.0
 41
7.5
 42
7.5
  0
LINE
  5
35E
330
355
100
AcDbEntity
  8
0
370
18
100
AcDbLine
 10
1450.3081126051602
 20
824.69384998461
 30
0.0
 11
1480.3080852891062
 21
824.69384998461
 31
0.0
  0
MTEXT
  5
35F
330
355
100
AcDbEntity
  8
DIM
100
AcDbMText
 10
1465.3080989471332
 20
830.84384998461
 30
0.0
 40
7.5
 71
5
  1
45
  7
CJK
  0
POINT
  5
360
330
355
100
AcDbEntity
  8
Defpoints
100
AcDbPoint
 10
1442.8081126051602
 20
824.69384998461
 30
0.0
  0
POINT
  5
361
330
355
100
AcDbEntity
  8
Defpoints
100
AcDbPoint
 10
1442.8081126051602
 20
901.693837353527
 30
0.0
  0
POINT
  5
362
330
355
100
AcDbEntity
  8
Defpoints
100
AcDbPoint
 10
1487.8080852891062
 20
851.69384998461
 30
0.0
  0
ENDBLK
  5
357
330
355
100
AcDbEntity
  8
0
100
AcDbBlockEnd
  0
BLOCK
  5
365
330
364
100
AcDbEntity
  8
0
100
AcDbBlockBegin
  2
*D33
 70
1
 10
0.0
 20
0.0
 30
0.0
  3
*D33
  1

  0
LINE
  5
367
330
364
100
AcDbEntity
  8
0
370
18
100
AcDbLine
 10
157.80811965811967
 20
848.69384998461
 30
0.0
 11
157.80811965811967
 21
799.19384998461
 31
0.0
  0
LINE
  5
368
330
364
100
AcDbEntity
  8
0
370
18
100
AcDbLine
 10
1487.8080852891062
 20
848.69384998461
 30
0.0
 11
1487.8080852891062
 21
799.19384998461
 31
0.0
  0
INSERT
  5
369
330
364
100
AcDbEntity
  8
DIM
100
AcDbBlockReference
  2
_CLOSEDFILLED
 10
157.80811965811967
 20
803.69384998461
 30
0.0
 41
7.5
 42
7.5
 50
180.0
  0
INSERT
  5
36B
330
364
100
AcDbEntity
  8
DIM
100
AcDbBlockReference
  2
_CLOSEDFILLED
 10
1487.8080852891062
 20
803.69384998461
 30
0.0
 41
7.5
 42
7.5
  0
LINE
  5
36D
330
364
100
AcDbEntity
  8
0
370
18
100
AcDbLine
 10
165.30811965811967
 20
803.69384998461
 30
0.0
 11
1480.3080852891062
 21
803.69384998461
 31
0.0
  0
MTEXT
  5
36E
330
364
100
AcDbEntity
  8
DIM
100
AcDbMText
 10
822.808102473613
 20
809.84384998461
 30
0.0
 40
7.5
 71
5
  1
1330
  7
CJK
  0
POINT
  5
36F
330
364
100
AcDbEntity
  8
Defpoints
100
AcDbPoint
 10
157.80811965811967
 20
803.69384998461
 30
0.0
  0
POINT
  5
370
330
364
100
AcDbEntity
  8
Defpoints
100
AcDbPoint
 10
157.80811965811967
 20
851.69384998461
 30
0.0
  0
POINT
  5
371
330
364
100
AcDbEntity
  8
Defpoints
100
AcDbPoint
 10
1487.8080852891062
 20
851.69384998461
 30
0.0
  0
ENDBLK
  5
366
330
364
100
AcDbEntity
  8
0
100
AcDbBlockEnd
  0
BLOCK
  5
374
330
373
100
AcDbEntity
  8
0
100
AcDbBlockBegin
  2
*D34
 70
1
 10
0.0
 20
0.0
 30
0.0
  3
*D34
  1

  0
LINE
  5
376
330
373
100
AcDbEntity
  8
0
370
18
100
AcDbLine
 10
154.80811965811967
 20
851.69384998461
 30
0.0
 11
126.30811965811967
 21
851.69384998461
 31
0.0
  0
LINE
  5
377
330
373
100
AcDbEntity
  8
0
370
18
100
AcDbLine
 10
489.8081126051601
 20
901.693837353527
 30
0.0
 11
126.30811965811967
 21
901.693837353527
 31
0.0
  0
INSERT
  5
378
330
373
100
AcDbEntity
  8
DIM
100
AcDbBlockReference
  2
_CLOSEDFILLED
 10
130.80811965811967
 20
851.69384998461
 30
0.0
 41
7.5
 42
7.5
 50
270.0
  0
INSERT
  5
37A
330
373
100
AcDbEntity
  8
DIM
100
AcDbBlockReference
  2
_CLOSEDFILLED
 10
130.80811965811967
 20
901.693837353527
 30
0.0
 41
7.5
 42
7.5
 50
90.0
  0
LINE
  5
37C
330
373
100
AcDbEntity
  8
0
370
18
100
AcDbLine
 10
130.80811965811967
 20
859.19384998461
 30
0.0
 11
130.80811965811967
 21
894.193837353527
 31
0.0
  0
MTEXT
  5
37D
330
373
100
AcDbEntity
  8
DIM
100
AcDbMText
 10
124.65811965811966
 20
876.6938436690684
 30
0.0
 40
7.5
 71
5
  1
50
  7
CJK
 50
90.0
  0
POINT
  5
37E
330
373
100
AcDbEntity
  8
Defpoints
100
AcDbPoint
 10
130.80811965811967
 20
851.69384998461
 30
0.0
  0
POINT
  5
37F
330
373
100
AcDbEntity
  8
Defpoints
100
AcDbPoint
 10
157.80811965811967
 20
851.69384998461
 30
0.0
  0
POINT
  5
380
330
373
100
AcDbEntity
  8
Defpoints
100
AcDbPoint
 10
492.8081126051601
 20
901.693837353527
 30
0.0
  0
ENDBLK
  5
375
330
373
100
AcDbEntity
  8
0
100
AcDbBlockEnd
  0
BLOCK
  5
383
330
382
100
AcDbEntity
  8
0
100
AcDbBlockBegin
  2
*D35
 70
1
 10
0.0
 20
0.0
 30
0.0
  3
*D35
  1

  0
LINE
  5
385
330
382
100
AcDbEntity
  8
0
370
18
100
AcDbLine
 10
489.8081126051601
 20
901.693837353527
 30
0.0
 11
126.30811965811967
 21
901.693837353527
 31
0.0
  0
LINE
  5
386
330
382
100
AcDbEntity
  8
0
370
18
100
AcDbLine
 10
1289.8081126051602
 20
913.693837353527
 30
0.0
 11
126.30811965811967
 21
913.693837353527
 31
0.0
  0
INSERT
  5
387
330
382
100
AcDbEntity
  8
DIM
100
AcDbBlockReference
  2
_CLOSEDFILLED
 10
130.80811965811967
 20
901.693837353527
 30
0.0
 41
7.5
 42
7.5
 50
90.0
  0
INSERT
  5
389
330
382
100
AcDbEntity
  8
DIM
100
AcDbBlockReference
  2
_CLOSEDFILLED
 10
130.80811965811967
 20
913.693837353527
 30
0.0
 41
7.5
 42
7.5
 50
270.0
  0
LINE
  5
38B
330
382
100
AcDbEntity
  8
0
370
18
100
AcDbLine
 10
130.80811965811967
 20
894.193837353527
 30
0.0
 11
130.80811965811967
 21
886.693837353527
 31
0.0
  0
LINE
  5
38C
330
382
100
AcDbEntity
  8
0
370
18
100
AcDbLine
 10
130.80811965811967
 20
921.193837353527
 30
0.0
 11
130.80811965811967
 21
928.693837353527
 31
0.0
  0
LINE
  5
38D
330
382
100
AcDbEntity
  8
0
370
18
100
AcDbLine
 10
130.80811965811967
 20
901.693837353527
 30
0.0
 11
130.80811965811967
 21
913.693837353527
 31
0.0
  0
MTEXT
  5
38E
330
382
100
AcDbEntity
  8
DIM
100
AcDbMText
 10
120.15811965811966
 20
907.693837353527
 30
0.0
 40
7.5
 71
5
  1
12
  7
CJK
 50
90.0
  0
POINT
  5
38F
330
382
100
AcDbEntity
  8
Defpoints
100
AcDbPoint
 10
130.80811965811967
 20
901.693837353527
 30
0.0
  0
POINT
  5
390
330
382
100
AcDbEntity
  8
Defpoints
100
AcDbPoint
 10
492.8081126051601
 20
901.693837353527
 30
0.0
  0
POINT
  5
391
330
382
100
AcDbEntity
  8
Defpoints
100
AcDbPoint
 10
1292.8081126051602
 20
913.693837353527
 30
0.0
  0
ENDBLK
  5
384
330
382
100
AcDbEntity
  8
0
100
AcDbBlockEnd
  0
BLOCK
  5
394
330
393
100
AcDbEntity
  8
0
100
AcDbBlockBegin
  2
*D36
 70
1
 10
0.0
 20
0.0
 30
0.0
  3
*D36
  1

  0
LINE
  5
396
330
393
100
AcDbEntity
  8
0
370
18
100
AcDbLine
 10
1289.8081126051602
 20
913.693837353527
 30
0.0
 11
126.30811965811967
 21
913.693837353527
 31
0.0
  0
LINE
  5
397
330
393
100
AcDbEntity
  8
0
370
18
100
AcDbLine
 10
199.8081126051601
 20
971.693837353527
 30
0.0
 11
126.30811965811967
 21
971.693837353527
 31
0.0
  0
INSERT
  5
398
330
393
100
AcDbEntity
  8
DIM
100
AcDbBlockReference
  2
_CLOSEDFILLED
 10
130.80811965811967
 20
913.693837353527
 30
0.0
 41
7.5
 42
7.5
 50
270.0
  0
INSERT
  5
39A
330
393
100
AcDbEntity
  8
DIM
100
AcDbBlockReference
  2
_CLOSEDFILLED
 10
130.80811965811967
 20
971.693837353527
 30
0.0
 41
7.5
 42
7.5
 50
90.0
  0
LINE
  5
39C
330
393
100
AcDbEntity
  8
0
370
18
100
AcDbLine
 10
130.80811965811967
 20
921.193837353527
 30
0.0
 11
130.80811965811967
 21
964.193837353527
 31
0.0
  0
MTEXT
  5
39D
330
393
100
AcDbEntity
  8
DIM
100
AcDbMText
 10
124.65811965811966
 20
942.693837353527
 30
0.0
 40
7.5
 71
5
  1
58
  7
CJK
 50
90.0
  0
POINT
  5
39E
330
393
100
AcDbEntity
  8
Defpoints
100
AcDbPoint
 10
130.80811965811967
 20
913.693837353527
 30
0.0
  0
POINT
  5
39F
330
393
100
AcDbEntity
  8
Defpoints
100
AcDbPoint
 10
1292.8081126051602
 20
913.693837353527
 30
0.0
  0
POINT
  5
3A0
330
393
100
AcDbEntity
  8
Defpoints
100
AcDbPoint
 10
202.8081126051601
 20
971.693837353527
 30
0.0
  0
ENDBLK
  5
395
330
393
100
AcDbEntity
  8
0
100
AcDbBlockEnd
  0
BLOCK
  5
3A3
330
3A2
100
AcDbEntity
  8
0
100
AcDbBlockBegin
  2
*D37
 70
1
 10
0.0
 20
0.0
 30
0.0
  3
*D37
  1

  0
LINE
  5
3A5
330
3A2
100
AcDbEntity
  8
0
370
18
100
AcDbLine
 10
199.8081126051601
 20
971.693837353527
 30
0.0
 11
126.30811965811967
 21
971.693837353527
 31
0.0
  0
LINE
  5
3A6
330
3A2
100
AcDbEntity
  8
0
370
18
100
AcDbLine
 10
154.80811965811967
 20
1016.6938215711774
 30
0.0
 11
126.30811965811967
 21
1016.6938215711774
 31
0.0
  0
INSERT
  5
3A7
330
3A2
100
AcDbEntity
  8
DIM
100
AcDbBlockReference
  2
_CLOSEDFILLED
 10
130.80811965811967
 20
971.693837353527
 30
0.0
 41
7.5
 42
7.5
 50
270.0
  0
INSERT
  5
3A9
330
3A2
100
AcDbEntity
  8
DIM
100
AcDbBlockReference
  2
_CLOSEDFILLED
 10
130.80811965811967
 20
1016.6938215711774
 30
0.0
 41
7.5
 42
7.5
 50
90.0
  0
LINE
  5
3AB
330
3A2
100
AcDbEntity
  8
0
370
18
100
AcDbLine
 10
130.80811965811967
 20
979.193837353527
 30
0.0
 11
130.80811965811967
 21
1009.1938215711774
 31
0.0
  0
MTEXT
  5
3AC
330
3A2
100
AcDbEntity
  8
DIM
100
AcDbMText
 10
124.65811965811966
 20
994.1938294623521
 30
0.0
 40
7.5
 71
5
  1
45
  7
CJK
 50
90.0
  0
POINT
  5
3AD
330
3A2
100
AcDbEntity
  8
Defpoints
100
AcDbPoint
 10
130.80811965811967
 20
971.693837353527
 30
0.0
  0
POINT
  5
3AE
330
3A2
100
AcDbEntity
  8
Defpoints
100
AcDbPoint
 10
202.8081126051601
 20
971.693837353527
 30
0.0
  0
POINT
  5
3AF
330
3A2
100
AcDbEntity
  8
Defpoints
100
AcDbPoint
 10
157.80811965811967
 20
1016.6938215711774
 30
0.0
  0
ENDBLK
  5
3A4
330
3A2
100
AcDbEntity
  8
0
100
AcDbBlockEnd
  0
BLOCK
  5
3B2
330
3B1
100
AcDbEntity
  8
0
100
AcDbBlockBegin
  2
*D38
 70
1
 10
0.0
 20
0.0
 30
0.0
  3
*D38
  1

  0
LINE
  5
3B4
330
3B1
100
AcDbEntity
  8
0
370
18
100
AcDbLine
 10
154.80811965811967
 20
851.69384998461
 30
0.0
 11
105.30811965811967
 21
851.69384998461
 31
0.0
  0
LINE
  5
3B5
330
3B1
100
AcDbEntity
  8
0
370
18
100
AcDbLine
 10
154.80811965811967
 20
1016.6938215711774
 30
0.0
 11
105.30811965811967
 21
1016.6938215711774
 31
0.0
  0
INSERT
  5
3B6
330
3B1
100
AcDbEntity
  8
DIM
100
AcDbBlockReference
  2
_CLOSEDFILLED
 10
109.80811965811967
 20
851.69384998461
 30
0.0
 41
7.5
 42
7.5
 50
270.0
  0
INSERT
  5
3B8
330
3B1
100
AcDbEntity
  8
DIM
100
AcDbBlockReference
  2
_CLOSEDFILLED
 10
109.80811965811967
 20
1016.6938215711774
 30
0.0
 41
7.5
 42
7.5
 50
90.0
  0
LINE
  5
3BA
330
3B1
100
AcDbEntity
  8
0
370
18
100
AcDbLine
 10
109.80811965811967
 20
859.19384998461
 30
0.0
 11
109.80811965811967
 21
1009.1938215711774
 31
0.0
  0
MTEXT
  5
3BB
330
3B1
100
AcDbEntity
  8
DIM
100
AcDbMText
 10
103.65811965811966
 20
934.1938357778937
 30
0.0
 40
7.5
 71
5
  1
165
  7
CJK
 50
90.0
  0
POINT
  5
3BC
330
3B1
100
AcDbEntity
  8
Defpoints
100
AcDbPoint
 10
109.80811965811967
 20
851.69384998461
 30
0.0
  0
POINT
  5
3BD
330
3B1
100
AcDbEntity
  8
Defpoints
100
AcDbPoint
 10
157.80811965811967
 20
851.69384998461
 30
0.0
  0
POINT
  5
3BE
330
3B1
100
AcDbEntity
  8
Defpoints
100
AcDbPoint
 10
157.80811965811967
 20
1016.6938215711774
 30
0.0
  0
ENDBLK
  5
3B3
330
3B1
100
AcDbEntity
  8
0
100
AcDbBlockEnd
  0
BLOCK
  5
3C4
330
3C3
100
AcDbEntity
  8
0
100
AcDbBlockBegin
  2
*D39
 70
1
 10
0.0
 20
0.0
 30
0.0
  3
*D39
  1

  0
INSERT
  5
3C6
330
3C3
100
AcDbEntity
  8
DIM
100
AcDbBlockReference
  2
_CLOSEDFILLED
 10
486.61539547435456
 20
852.0788169006659
 30
0.0
 41
7.5
 42
7.5
 50
82.88539966619035
  0
LINE
  5
3C8
330
3C3
100
AcDbEntity
  8
0
370
18
100
AcDbLine
 10
492.8081126051601
 20
901.693837353527
 30
0.0
 11
486.61539547435456
 21
852.0788169006659
 31
0.0
  0
LINE
  5
3C9
330
3C3
100
AcDbEntity
  8
0
370
18
100
AcDbLine
 10
485.6864879047337
 20
844.6365638327367
 30
0.0
 11
480.7632777857433
 21
805.1926225727121
 31
0.0
  0
MTEXT
  5
3CA
330
3C3
100
AcDbEntity
  8
DIM
100
AcDbMText
 10
476.05399162447264
 20
817.117706381695
 30
0.0
 40
7.5
 71
5
  1
R50
  7
CJK
 50
82.88539966619032
  0
POINT
  5
3CB
330
3C3
100
AcDbEntity
  8
Defpoints
100
AcDbPoint
 10
492.8081126051601
 20
901.693837353527
 30
0.0
  0
POINT
  5
3CC
330
3C3
100
AcDbEntity
  8
Defpoints
100
AcDbPoint
 10
486.61539547435456
 20
852.0788169006659
 30
0.0
  0
ENDBLK
  5
3C5
330
3C3
100
AcDbEntity
  8
0
100
AcDbBlockEnd
  0
BLOCK
  5
3CF
330
3CE
100
AcDbEntity
  8
0
100
AcDbBlockBegin
  2
*D40
 70
1
 10
0.0
 20
0.0
 30
0.0
  3
*D40
  1

  0
INSERT
  5
3D1
330
3CE
100
AcDbEntity
  8
DIM
100
AcDbBlockReference
  2
_CLOSEDFILLED
 10
1487.7934089159223
 20
900.5435696312433
 30
0.0
 41
7.5
 42
7.5
 50
178.53527411307857
  0
LINE
  5
3D3
330
3CE
100
AcDbEntity
  8
0
370
18
100
AcDbLine
 10
1442.8081126051602
 20
901.693837353527
 30
0.0
 11
1487.7934089159223
 21
900.5435696312433
 31
0.0
  0
LINE
  5
3D4
330
3CE
100
AcDbEntity
  8
0
370
18
100
AcDbLine
 10
1495.2909583010494
 20
900.351858344196
 30
0.0
 11
1535.0279700422225
 21
899.3357885228454
 31
0.0
  0
MTEXT
  5
3D5
330
3CE
100
AcDbEntity
  8
DIM
100
AcDbMText
 10
1523.9388492199107
 20
905.7713459492205
 30
0.0
 40
7.5
 71
5
  1
R45
  7
CJK
 50
358.5352741130786
  0
POINT
  5
3D6
330
3CE
100
AcDbEntity
  8
Defpoints
100
AcDbPoint
 10
1442.8081126051602
 20
901.693837353527
 30
0.0
  0
POINT
  5
3D7
330
3CE
100
AcDbEntity
  8
Defpoints
100
AcDbPoint
 10
1487.7934089159223
 20
900.5435696312433
 30
0.0
  0
ENDBLK
  5
3D0
330
3CE
100
AcDbEntity
  8
0
100
AcDbBlockEnd
  0
BLOCK
  5
3DA
330
3D9
100
AcDbEntity
  8
0
100
AcDbBlockBegin
  2
*D41
 70
1
 10
0.0
 20
0.0
 30
0.0
  3
*D41
  1

  0
INSERT
  5
3DC
330
3D9
100
AcDbEntity
  8
DIM
100
AcDbBlockReference
  2
_CLOSEDFILLED
 10
176.99717296936296
 20
1008.5556793465316
 30
0.0
 41
7.5
 42
7.5
 50
305.0
  0
LINE
  5
3DE
330
3D9
100
AcDbEntity
  8
0
370
18
100
AcDbLine
 10
202.80811260516003
 20
971.693837353527
 30
0.0
 11
176.99717296936296
 21
1008.5556793465316
 31
0.0
  0
LINE
  5
3DF
330
3D9
100
AcDbEntity
  8
0
370
18
100
AcDbLine
 10
172.69534969673012
 20
1014.6993196786991
 30
0.0
 11
149.89568635177602
 21
1047.2606134391865
 31
0.0
  0
MTEXT
  5
3E0
330
3D9
100
AcDbEntity
  8
DIM
100
AcDbMText
 10
161.38620633310256
 20
1041.5726480244944
 30
0.0
 40
7.5
 71
5
  1
R45
  7
CJK
 50
305.0
  0
POINT
  5
3E1
330
3D9
100
AcDbEntity
  8
Defpoints
100
AcDbPoint
 10
202.80811260516003
 20
971.693837353527
 30
0.0
  0
POINT
  5
3E2
330
3D9
100
AcDbEntity
  8
Defpoints
100
AcDbPoint
 10
176.99717296936296
 20
1008.5556793465316
 30
0.0
  0
ENDBLK
  5
3DB
330
3D9
100
AcDbEntity
  8
0
100
AcDbBlockEnd
  0
BLOCK
  5
3E5
330
3E4
100
AcDbEntity
  8
0
100
AcDbBlockBegin
  2
*D42
 70
1
 10
0.0
 20
0.0
 30
0.0
  3
*D42
  1

  0
LINE
  5
3E7
330
3E4
100
AcDbEntity
  8
0
370
18
100
AcDbLine
 10
492.8081126051601
 20
904.693837353527
 30
0.0
 11
492.8081126051601
 21
984.193837353527
 31
0.0
  0
LINE
  5
3E8
330
3E4
100
AcDbEntity
  8
0
370
18
100
AcDbLine
 10
1442.8081126051602
 20
904.693837353527
 30
0.0
 11
1442.8081126051602
 21
984.193837353527
 31
0.0
  0
INSERT
  5
3E9
330
3E4
100
AcDbEntity
  8
DIM
100
AcDbBlockReference
  2
_CLOSEDFILLED
 10
492.8081126051601
 20
979.693837353527
 30
0.0
 41
7.5
 42
7.5
 50
180.0
  0
INSERT
  5
3EB
330
3E4
100
AcDbEntity
  8
DIM
100
AcDbBlockReference
  2
_CLOSEDFILLED
 10
1442.8081126051602
 20
979.693837353527
 30
0.0
 41
7.5
 42
7.5
  0
LINE
  5
3ED
330
3E4
100
AcDbEntity
  8
0
370
18
100
AcDbLine
 10
500.3081126051601
 20
979.693837353527
 30
0.0
 11
1435.3081126051602
 21
979.693837353527
 31
0.0
  0
MTEXT
  5
3EE
330
3E4
100
AcDbEntity
  8
DIM
100
AcDbMText
 10
967.8081126051602
 20
985.843837353527
 30
0.0
 40
7.5
 71
5
  1
950
  7
CJK
  0
POINT
  5
3EF
330
3E4
100
AcDbEntity
  8
Defpoints
100
AcDbPoint
 10
492.8081126051601
 20
979.693837353527
 30
0.0
  0
POINT
  5
3F0
330
3E4
100
AcDbEntity
  8
Defpoints
100
AcDbPoint
 10
492.8081126051601
 20
901.693837353527
 30
0.0
  0
POINT
  5
3F1
330
3E4
100
AcDbEntity
  8
Defpoints
100
AcDbPoint
 10
1442.8081126051602
 20
901.693837353527
 30
0.0
  0
ENDBLK
  5
3E6
330
3E4
100
AcDbEntity
  8
0
100
AcDbBlockEnd
  0
BLOCK
  5
3F4
330
3F3
100
AcDbEntity
  8
0
100
AcDbBlockBegin
  2
*D43
 70
1
 10
0.0
 20
0.0
 30
0.0
  3
*D43
  1

  0
LINE
  5
3F6
330
3F3
100
AcDbEntity
  8
0
370
18
100
AcDbLine
 10
203.51203420447177
 20
974.6100839792468
 30
0.0
 11
217.94242699036144
 21
1034.393139806504
 31
0.0
  0
LINE
  5
3F7
330
3F3
100
AcDbEntity
  8
0
370
18
100
AcDbLine
 10
493.5120342044718
 20
904.6100839792468
 30
0.0
 11
507.9424269903614
 21
964.393139806504
 31
0.0
  0
INSERT
  5
3F8
330
3F3
100
AcDbEntity
  8
DIM
100
AcDbBlockReference
  2
_CLOSEDFILLED
 10
216.8865445913939
 20
1030.0187698679242
 30
0.0
 41
7.5
 42
7.5
 50
166.4295656148385
  0
INSERT
  5
3FA
330
3F3
100
AcDbEntity
  8
DIM
100
AcDbBlockReference
  2
_CLOSEDFILLED
 10
506.8865445913939
 20
960.0187698679242
 30
0.0
 41
7.5
 42
7.5
 50
-13.570434385161485
  0
LINE
  5
3FC
330
3F3
100
AcDbEntity
  8
0
370
18
100
AcDbLine
 10
224.17716115569357
 20
1028.258965869645
 30
0.0
 11
499.59592802709426
 21
961.7785738662035
 31
0.0
  0
MTEXT
  5
3FD
330
3F3
100
AcDbEntity
  8
DIM
100
AcDbMText
 10
363.32958386998286
 20
1000.99707545065
 30
0.0
 40
7.5
 71
5
  1
298.3
  7
CJK
 50
-13.570434385161485
  0
POINT
  5
3FE
330
3F3
100
AcDbEntity
  8
Defpoints
100
AcDbPoint
 10
216.8865445913939
 20
1030.0187698679242
 30
0.0
  0
POINT
  5
3FF
330
3F3
100
AcDbEntity
  8
Defpoints
100
AcDbPoint
 10
202.8081126051601
 20
971.693837353527
 30
0.0
  0
POINT
  5
400
330
3F3
100
AcDbEntity
  8
Defpoints
100
AcDbPoint
 10
492.8081126051601
 20
901.693837353527
 30
0.0
  0
ENDBLK
  5
3F5
330
3F3
100
AcDbEntity
  8
0
100
AcDbBlockEnd
  0
BLOCK
  5
43B
330
43A
100
AcDbEntity
  8
0
100
AcDbBlockBegin
  2
*D44
 70
1
 10
0.0
 20
0.0
 30
0.0
  3
*D44
  1

  0
LINE
  5
43D
330
43A
100
AcDbEntity
  8
0
370
18
100
AcDbLine
 10
136.80811965811967
 20
635.5511149418749
 30
0.0
 11
136.80811965811967
 21
607.0511149418749
 31
0.0
  0
LINE
  5
43E
330
43A
100
AcDbEntity
  8
0
370
18
100
AcDbLine
 10
1086.7949616722603
 20
635.5511149418749
 30
0.0
 11
1086.7949616722603
 21
607.0511149418749
 31
0.0
  0
INSERT
  5
43F
330
43A
100
AcDbEntity
  8
DIM
100
AcDbBlockReference
  2
_CLOSEDFILLED
 10
136.80811965811967
 20
611.5511149418749
 30
0.0
 41
7.5
 42
7.5
 50
180.0
  0
INSERT
  5
441
330
43A
100
AcDbEntity
  8
DIM
100
AcDbBlockReference
  2
_CLOSEDFILLED
 10
1086.7949616722603
 20
611.5511149418749
 30
0.0
 41
7.5
 42
7.5
  0
LINE
  5
443
330
43A
100
AcDbEntity
  8
0
370
18
100
AcDbLine
 10
144.30811965811967
 20
611.5511149418749
 30
0.0
 11
1079.2949616722603
 21
611.5511149418749
 31
0.0
  0
MTEXT
  5
444
330
43A
100
AcDbEntity
  8
DIM
100
AcDbMText
 10
611.80154066519
 20
617.7011149418748
 30
0.0
 40
7.5
 71
5
  1
950
  7
CJK
  0
POINT
  5
445
330
43A
100
AcDbEntity
  8
Defpoints
100
AcDbPoint
 10
136.80811965811967
 20
611.5511149418749
 30
0.0
  0
POINT
  5
446
330
43A
100
AcDbEntity
  8
Defpoints
100
AcDbPoint
 10
136.80811965811967
 20
638.5511149418749
 30
0.0
  0
POINT
  5
447
330
43A
100
AcDbEntity
  8
Defpoints
100
AcDbPoint
 10
1086.7949616722603
 20
638.5511149418749
 30
0.0
  0
ENDBLK
  5
43C
330
43A
100
AcDbEntity
  8
0
100
AcDbBlockEnd
  0
BLOCK
  5
44A
330
449
100
AcDbEntity
  8
0
100
AcDbBlockBegin
  2
*D45
 70
1
 10
0.0
 20
0.0
 30
0.0
  3
*D45
  1

  0
LINE
  5
44C
330
449
100
AcDbEntity
  8
0
370
18
100
AcDbLine
 10
133.80811965811967
 20
638.5511149418749
 30
0.0
 11
105.30811965811967
 21
638.5511149418749
 31
0.0
  0
LINE
  5
44D
330
449
100
AcDbEntity
  8
0
370
18
100
AcDbLine
 10
133.80811965811967
 20
713.5511149418749
 30
0.0
 11
105.30811965811967
 21
713.5511149418749
 31
0.0
  0
INSERT
  5
44E
330
449
100
AcDbEntity
  8
DIM
100
AcDbBlockReference
  2
_CLOSEDFILLED
 10
109.80811965811967
 20
638.5511149418749
 30
0.0
 41
7.5
 42
7.5
 50
270.0
  0
INSERT
  5
450
330
449
100
AcDbEntity
  8
DIM
100
AcDbBlockReference
  2
_CLOSEDFILLED
 10
109.80811965811967
 20
713.5511149418749
 30
0.0
 41
7.5
 42
7.5
 50
90.0
  0
LINE
  5
452
330
449
100
AcDbEntity
  8
0
370
18
100
AcDbLine
 10
109.80811965811967
 20
646.0511149418749
 30
0.0
 11
109.80811965811967
 21
706.0511149418749
 31
0.0
  0
MTEXT
  5
453
330
449
100
AcDbEntity
  8
DIM
100
AcDbMText
 10
103.65811965811966
 20
676.0511149418749
 30
0.0
 40
7.5
 71
5
  1
75
  7
CJK
 50
90.0
  0
POINT
  5
454
330
449
100
AcDbEntity
  8
Defpoints
100
AcDbPoint
 10
109.80811965811967
 20
638.5511149418749
 30
0.0
  0
POINT
  5
455
330
449
100
AcDbEntity
  8
Defpoints
100
AcDbPoint
 10
136.80811965811967
 20
638.5511149418749
 30
0.0
  0
POINT
  5
456
330
449
100
AcDbEntity
  8
Defpoints
100
AcDbPoint
 10
136.80811965811967
 20
713.5511149418749
 30
0.0
  0
ENDBLK
  5
44B
330
449
100
AcDbEntity
  8
0
100
AcDbBlockEnd
  0
BLOCK
  5
45C
330
45B
100
AcDbEntity
  8
0
100
AcDbBlockBegin
  2
*D46
 70
1
 10
0.0
 20
0.0
 30
0.0
  3
*D46
  1

  0
LINE
  5
45E
330
45B
100
AcDbEntity
  8
0
370
18
100
AcDbLine
 10
1166.60308133038
 20
622.9511149418748
 30
0.0
 11
1166.60308133038
 21
594.4511149418748
 31
0.0
  0
LINE
  5
45F
330
45B
100
AcDbEntity
  8
0
370
18
100
AcDbLine
 10
2240.846977520736
 20
622.9511149418748
 30
0.0
 11
2240.846977520736
 21
594.4511149418748
 31
0.0
  0
INSERT
  5
460
330
45B
100
AcDbEntity
  8
DIM
100
AcDbBlockReference
  2
_CLOSEDFILLED
 10
1166.60308133038
 20
598.9511149418748
 30
0.0
 41
7.5
 42
7.5
 50
180.0
  0
INSERT
  5
462
330
45B
100
AcDbEntity
  8
DIM
100
AcDbBlockReference
  2
_CLOSEDFILLED
 10
2240.846977520736
 20
598.9511149418748
 30
0.0
 41
7.5
 42
7.5
  0
LINE
  5
464
330
45B
100
AcDbEntity
  8
0
370
18
100
AcDbLine
 10
1174.10308133038
 20
598.9511149418748
 30
0.0
 11
2233.346977520736
 21
598.9511149418748
 31
0.0
  0
MTEXT
  5
465
330
45B
100
AcDbEntity
  8
DIM
100
AcDbMText
 10
1703.725029425558
 20
605.1011149418748
 30
0.0
 40
7.5
 71
5
  1
1074.2
  7
CJK
  0
POINT
  5
466
330
45B
100
AcDbEntity
  8
Defpoints
100
AcDbPoint
 10
1166.60308133038
 20
598.9511149418748
 30
0.0
  0
POINT
  5
467
330
45B
100
AcDbEntity
  8
Defpoints
100
AcDbPoint
 10
1166.60308133038
 20
625.9511149418748
 30
0.0
  0
POINT
  5
468
330
45B
100
AcDbEntity
  8
Defpoints
100
AcDbPoint
 10
2240.846977520736
 20
625.9511149418748
 30
0.0
  0
ENDBLK
  5
45D
330
45B
100
AcDbEntity
  8
0
100
AcDbBlockEnd
  0
BLOCK
  5
46B
330
46A
100
AcDbEntity
  8
0
100
AcDbBlockBegin
  2
*D47
 70
1
 10
0.0
 20
0.0
 30
0.0
  3
*D47
  1

  0
LINE
  5
46D
330
46A
100
AcDbEntity
  8
0
370
18
100
AcDbLine
 10
1163.60308133038
 20
625.9511149418748
 30
0.0
 11
1135.10308133038
 21
625.9511149418748
 31
0.0
  0
LINE
  5
46E
330
46A
100
AcDbEntity
  8
0
370
18
100
AcDbLine
 10
1163.60308133038
 20
700.9511149418748
 30
0.0
 11
1135.10308133038
 21
700.9511149418748
 31
0.0
  0
INSERT
  5
46F
330
46A
100
AcDbEntity
  8
DIM
100
AcDbBlockReference
  2
_CLOSEDFILLED
 10
1139.60308133038
 20
625.9511149418748
 30
0.0
 41
7.5
 42
7.5
 50
270.0
  0
INSERT
  5
471
330
46A
100
AcDbEntity
  8
DIM
100
AcDbBlockReference
  2
_CLOSEDFILLED
 10
1139.60308133038
 20
700.9511149418748
 30
0.0
 41
7.5
 42
7.5
 50
90.0
  0
LINE
  5
473
330
46A
100
AcDbEntity
  8
0
370
18
100
AcDbLine
 10
1139.60308133038
 20
633.4511149418748
 30
0.0
 11
1139.60308133038
 21
693.4511149418748
 31
0.0
  0
MTEXT
  5
474
330
46A
100
AcDbEntity
  8
DIM
100
AcDbMText
 10
1133.45308133038
 20
663.4511149418748
 30
0.0
 40
7.5
 71
5
  1
75
  7
CJK
 50
90.0
  0
POINT
  5
475
330
46A
100
AcDbEntity
  8
Defpoints
100
AcDbPoint
 10
1139.60308133038
 20
625.9511149418748
 30
0.0
  0
POINT
  5
476
330
46A
100
AcDbEntity
  8
Defpoints
100
AcDbPoint
 10
1166.60308133038
 20
625.9511149418748
 30
0.0
  0
POINT
  5
477
330
46A
100
AcDbEntity
  8
Defpoints
100
AcDbPoint
 10
1166.60308133038
 20
700.9511149418748
 30
0.0
  0
ENDBLK
  5
46C
330
46A
100
AcDbEntity
  8
0
100
AcDbBlockEnd
  0
BLOCK
  5
47E
330
47D
100
AcDbEntity
  8
0
100
AcDbBlockBegin
  2
*D48
 70
1
 10
0.0
 20
0.0
 30
0.0
  3
*D48
  1

  0
LINE
  5
480
330
47D
100
AcDbEntity
  8
0
370
18
100
AcDbLine
 10
136.80811965811967
 20
430.8083798991398
 30
0.0
 11
136.80811965811967
 21
402.3083798991398
 31
0.0
  0
LINE
  5
481
330
47D
100
AcDbEntity
  8
0
370
18
100
AcDbLine
 10
435.09489442361274
 20
430.8083798991398
 30
0.0
 11
435.09489442361274
 21
402.3083798991398
 31
0.0
  0
INSERT
  5
482
330
47D
100
AcDbEntity
  8
DIM
100
AcDbBlockReference
  2
_CLOSEDFILLED
 10
136.80811965811967
 20
406.8083798991398
 30
0.0
 41
7.5
 42
7.5
 50
180.0
  0
INSERT
  5
484
330
47D
100
AcDbEntity
  8
DIM
100
AcDbBlockReference
  2
_CLOSEDFILLED
 10
435.09489442361274
 20
406.8083798991398
 30
0.0
 41
7.5
 42
7.5
  0
LINE
  5
486
330
47D
100
AcDbEntity
  8
0
370
18
100
AcDbLine
 10
144.30811965811967
 20
406.8083798991398
 30
0.0
 11
427.59489442361274
 21
406.8083798991398
 31
0.0
  0
MTEXT
  5
487
330
47D
100
AcDbEntity
  8
DIM
100
AcDbMText
 10
285.9515070408662
 20
412.9583798991398
 30
0.0
 40
7.5
 71
5
  1
298.3
  7
CJK
  0
POINT
  5
488
330
47D
100
AcDbEntity
  8
Defpoints
100
AcDbPoint
 10
136.80811965811967
 20
406.8083798991398
 30
0.0
  0
POINT
  5
489
330
47D
100
AcDbEntity
  8
Defpoints
100
AcDbPoint
 10
136.80811965811967
 20
433.8083798991398
 30
0.0
  0
POINT
  5
48A
330
47D
100
AcDbEntity
  8
Defpoints
100
AcDbPoint
 10
435.09489442361274
 20
433.8083798991398
 30
0.0
  0
ENDBLK
  5
47F
330
47D
100
AcDbEntity
  8
0
100
AcDbBlockEnd
  0
BLOCK
  5
48D
330
48C
100
AcDbEntity
  8
0
100
AcDbBlockBegin
  2
*D49
 70
1
 10
0.0
 20
0.0
 30
0.0
  3
*D49
  1

  0
LINE
  5
48F
330
48C
100
AcDbEntity
  8
0
370
18
100
AcDbLine
 10
133.80811965811967
 20
433.8083798991398
 30
0.0
 11
105.30811965811967
 21
433.8083798991398
 31
0.0
  0
LINE
  5
490
330
48C
100
AcDbEntity
  8
0
370
18
100
AcDbLine
 10
133.80811965811967
 20
508.8083798991398
 30
0.0
 11
105.30811965811967
 21
508.8083798991398
 31
0.0
  0
INSERT
  5
491
330
48C
100
AcDbEntity
  8
DIM
100
AcDbBlockReference
  2
_CLOSEDFILLED
 10
109.80811965811967
 20
433.8083798991398
 30
0.0
 41
7.5
 42
7.5
 50
270.0
  0
INSERT
  5
493
330
48C
100
AcDbEntity
  8
DIM
100
AcDbBlockReference
  2
_CLOSEDFILLED
 10
109.80811965811967
 20
508.8083798991398
 30
0.0
 41
7.5
 42
7.5
 50
90.0
  0
LINE
  5
495
330
48C
100
AcDbEntity
  8
0
370
18
100
AcDbLine
 10
109.80811965811967
 20
441.3083798991398
 30
0.0
 11
109.80811965811967
 21
501.3083798991398
 31
0.0
  0
MTEXT
  5
496
330
48C
100
AcDbEntity
  8
DIM
100
AcDbMText
 10
103.65811965811966
 20
471.3083798991398
 30
0.0
 40
7.5
 71
5
  1
75
  7
CJK
 50
90.0
  0
POINT
  5
497
330
48C
100
AcDbEntity
  8
Defpoints
100
AcDbPoint
 10
109.80811965811967
 20
433.8083798991398
 30
0.0
  0
POINT
  5
498
330
48C
100
AcDbEntity
  8
Defpoints
100
AcDbPoint
 10
136.80811965811967
 20
433.8083798991398
 30
0.0
  0
POINT
  5
499
330
48C
100
AcDbEntity
  8
Defpoints
100
AcDbPoint
 10
136.80811965811967
 20
508.8083798991398
 30
0.0
  0
ENDBLK
  5
48E
330
48C
100
AcDbEntity
  8
0
100
AcDbBlockEnd
  0
BLOCK
  5
4A2
330
4A1
100
AcDbEntity
  8
0
100
AcDbBlockBegin
  2
*D50
 70
1
 10
0.0
 20
0.0
 30
0.0
  3
*D50
  1

  0
LINE
  5
4A4
330
4A1
100
AcDbEntity
  8
0
370
18
100
AcDbLine
 10
535.9030140817324
 20
367.4284277849928
 30
0.0
 11
535.9030140817324
 21
331.58971810757345
 31
0.0
  0
LINE
  5
4A5
330
4A1
100
AcDbEntity
  8
0
370
18
100
AcDbLine
 10
595.9030140817324
 20
438.8083950691186
 30
0.0
 11
595.9030140817324
 21
331.58971810757345
 31
0.0
  0
INSERT
  5
4A6
330
4A1
100
AcDbEntity
  8
DIM
100
AcDbBlockReference
  2
_CLOSEDFILLED
 10
535.9030140817324
 20
336.08971810757345
 30
0.0
 41
7.5
 42
7.5
 50
180.0
  0
INSERT
  5
4A8
330
4A1
100
AcDbEntity
  8
DIM
100
AcDbBlockReference
  2
_CLOSEDFILLED
 10
595.9030140817324
 20
336.08971810757345
 30
0.0
 41
7.5
 42
7.5
  0
LINE
  5
4AA
330
4A1
100
AcDbEntity
  8
0
370
18
100
AcDbLine
 10
543.4030140817324
 20
336.08971810757345
 30
0.0
 11
588.4030140817324
 21
336.08971810757345
 31
0.0
  0
MTEXT
  5
4AB
330
4A1
100
AcDbEntity
  8
DIM
100
AcDbMText
 10
565.9030140817324
 20
342.2397181075734
 30
0.0
 40
7.5
 71
5
  1
60
  7
CJK
  0
POINT
  5
4AC
330
4A1
100
AcDbEntity
  8
Defpoints
100
AcDbPoint
 10
535.9030140817324
 20
336.08971810757345
 30
0.0
  0
POINT
  5
4AD
330
4A1
100
AcDbEntity
  8
Defpoints
100
AcDbPoint
 10
535.9030140817324
 20
370.4284277849928
 30
0.0
  0
POINT
  5
4AE
330
4A1
100
AcDbEntity
  8
Defpoints
100
AcDbPoint
 10
595.9030140817324
 20
441.8083950691186
 30
0.0
  0
ENDBLK
  5
4A3
330
4A1
100
AcDbEntity
  8
0
100
AcDbBlockEnd
  0
BLOCK
  5
4B1
330
4B0
100
AcDbEntity
  8
0
100
AcDbBlockBegin
  2
*D51
 70
1
 10
0.0
 20
0.0
 30
0.0
  3
*D51
  1

  0
LINE
  5
4B3
330
4B0
100
AcDbEntity
  8
0
370
18
100
AcDbLine
 10
595.9030140817324
 20
438.8083950691186
 30
0.0
 11
595.9030140817324
 21
331.58971810757345
 31
0.0
  0
LINE
  5
4B4
330
4B0
100
AcDbEntity
  8
0
370
18
100
AcDbLine
 10
665.9030140817324
 20
360.08971810757345
 30
0.0
 11
665.9030140817324
 21
331.58971810757345
 31
0.0
  0
INSERT
  5
4B5
330
4B0
100
AcDbEntity
  8
DIM
100
AcDbBlockReference
  2
_CLOSEDFILLED
 10
595.9030140817324
 20
336.08971810757345
 30
0.0
 41
7.5
 42
7.5
 50
180.0
  0
INSERT
  5
4B7
330
4B0
100
AcDbEntity
  8
DIM
100
AcDbBlockReference
  2
_CLOSEDFILLED
 10
665.9030140817324
 20
336.08971810757345
 30
0.0
 41
7.5
 42
7.5
  0
LINE
  5
4B9
330
4B0
100
AcDbEntity
  8
0
370
18
100
AcDbLine
 10
603.4030140817324
 20
336.08971810757345
 30
0.0
 11
658.4030140817324
 21
336.08971810757345
 31
0.0
  0
MTEXT
  5
4BA
330
4B0
100
AcDbEntity
  8
DIM
100
AcDbMText
 10
630.9030140817324
 20
342.2397181075734
 30
0.0
 40
7.5
 71
5
  1
70
  7
CJK
  0
POINT
  5
4BB
330
4B0
100
AcDbEntity
  8
Defpoints
100
AcDbPoint
 10
595.9030140817324
 20
336.08971810757345
 30
0.0
  0
POINT
  5
4BC
330
4B0
100
AcDbEntity
  8
Defpoints
100
AcDbPoint
 10
595.9030140817324
 20
441.8083950691186
 30
0.0
  0
POINT
  5
4BD
330
4B0
100
AcDbEntity
  8
Defpoints
100
AcDbPoint
 10
665.9030140817324
 20
363.08971810757345
 30
0.0
  0
ENDBLK
  5
4B2
330
4B0
100
AcDbEntity
  8
0
100
AcDbBlockEnd
  0
BLOCK
  5
4C0
330
4BF
100
AcDbEntity
  8
0
100
AcDbBlockBegin
  2
*D52
 70
1
 10
0.0
 20
0.0
 30
0.0
  3
*D52
  1

  0
LINE
  5
4C2
330
4BF
100
AcDbEntity
  8
0
370
18
100
AcDbLine
 10
535.9030140817324
 20
367.4284277849928
 30
0.0
 11
535.9030140817324
 21
310.58971810757345
 31
0.0
  0
LINE
  5
4C3
330
4BF
100
AcDbEntity
  8
0
370
18
100
AcDbLine
 10
665.9030140817324
 20
360.08971810757345
 30
0.0
 11
665.9030140817324
 21
310.58971810757345
 31
0.0
  0
INSERT
  5
4C4
330
4BF
100
AcDbEntity
  8
DIM
100
AcDbBlockReference
  2
_CLOSEDFILLED
 10
535.9030140817324
 20
315.08971810757345
 30
0.0
 41
7.5
 42
7.5
 50
180.0
  0
INSERT
  5
4C6
330
4BF
100
AcDbEntity
  8
DIM
100
AcDbBlockReference
  2
_CLOSEDFILLED
 10
665.9030140817324
 20
315.08971810757345
 30
0.0
 41
7.5
 42
7.5
  0
LINE
  5
4C8
330
4BF
100
AcDbEntity
  8
0
370
18
100
AcDbLine
 10
543.4030140817324
 20
315.08971810757345
 30
0.0
 11
658.4030140817324
 21
315.08971810757345
 31
0.0
  0
MTEXT
  5
4C9
330
4BF
100
AcDbEntity
  8
DIM
100
AcDbMText
 10
600.9030140817324
 20
321.2397181075734
 30
0.0
 40
7.5
 71
5
  1
130
  7
CJK
  0
POINT
  5
4CA
330
4BF
100
AcDbEntity
  8
Defpoints
100
AcDbPoint
 10
535.9030140817324
 20
315.08971810757345
 30
0.0
  0
POINT
  5
4CB
330
4BF
100
AcDbEntity
  8
Defpoints
100
AcDbPoint
 10
535.9030140817324
 20
370.4284277849928
 30
0.0
  0
POINT
  5
4CC
330
4BF
100
AcDbEntity
  8
Defpoints
100
AcDbPoint
 10
665.9030140817324
 20
363.08971810757345
 30
0.0
  0
ENDBLK
  5
4C1
330
4BF
100
AcDbEntity
  8
0
100
AcDbBlockEnd
  0
BLOCK
  5
4CF
330
4CE
100
AcDbEntity
  8
0
100
AcDbBlockBegin
  2
*D53
 70
1
 10
0.0
 20
0.0
 30
0.0
  3
*D53
  1

  0
LINE
  5
4D1
330
4CE
100
AcDbEntity
  8
0
370
18
100
AcDbLine
 10
662.9030140817324
 20
363.08971810757345
 30
0.0
 11
504.4030140817324
 21
363.08971810757345
 31
0.0
  0
LINE
  5
4D2
330
4CE
100
AcDbEntity
  8
0
370
18
100
AcDbLine
 10
592.9030140817324
 20
441.8083950691186
 30
0.0
 11
504.4030140817324
 21
441.8083950691186
 31
0.0
  0
INSERT
  5
4D3
330
4CE
100
AcDbEntity
  8
DIM
100
AcDbBlockReference
  2
_CLOSEDFILLED
 10
508.9030140817324
 20
363.08971810757345
 30
0.0
 41
7.5
 42
7.5
 50
270.0
  0
INSERT
  5
4D5
330
4CE
100
AcDbEntity
  8
DIM
100
AcDbBlockReference
  2
_CLOSEDFILLED
 10
508.9030140817324
 20
441.8083950691186
 30
0.0
 41
7.5
 42
7.5
 50
90.0
  0
LINE
  5
4D7
330
4CE
100
AcDbEntity
  8
0
370
18
100
AcDbLine
 10
508.9030140817324
 20
370.58971810757345
 30
0.0
 11
508.9030140817324
 21
434.3083950691186
 31
0.0
  0
MTEXT
  5
4D8
330
4CE
100
AcDbEntity
  8
DIM
100
AcDbMText
 10
502.75301408173243
 20
402.449056588346
 30
0.0
 40
7.5
 71
5
  1
78.7
  7
CJK
 50
90.0
  0
POINT
  5
4D9
330
4CE
100
AcDbEntity
  8
Defpoints
100
AcDbPoint
 10
508.9030140817324
 20
363.08971810757345
 30
0.0
  0
POINT
  5
4DA
330
4CE
100
AcDbEntity
  8
Defpoints
100
AcDbPoint
 10
665.9030140817324
 20
363.08971810757345
 30
0.0
  0
POINT
  5
4DB
330
4CE
100
AcDbEntity
  8
Defpoints
100
AcDbPoint
 10
595.9030140817324
 20
441.8083950691186
 30
0.0
  0
ENDBLK
  5
4D0
330
4CE
100
AcDbEntity
  8
0
100
AcDbBlockEnd
  0
BLOCK
  5
4DE
330
4DD
100
AcDbEntity
  8
0
100
AcDbBlockBegin
  2
*D54
 70
1
 10
0.0
 20
0.0
 30
0.0
  3
*D54
  1

  0
LINE
  5
4E0
330
4DD
100
AcDbEntity
  8
0
370
18
100
AcDbLine
 10
592.9030140817324
 20
441.8083950691186
 30
0.0
 11
504.4030140817324
 21
441.8083950691186
 31
0.0
  0
LINE
  5
4E1
330
4DD
100
AcDbEntity
  8
0
370
18
100
AcDbLine
 10
532.9030140817324
 20
481.8083798991398
 30
0.0
 11
504.4030140817324
 21
481.8083798991398
 31
0.0
  0
INSERT
  5
4E2
330
4DD
100
AcDbEntity
  8
DIM
100
AcDbBlockReference
  2
_CLOSEDFILLED
 10
508.9030140817324
 20
441.8083950691186
 30
0.0
 41
7.5
 42
7.5
 50
270.0
  0
INSERT
  5
4E4
330
4DD
100
AcDbEntity
  8
DIM
100
AcDbBlockReference
  2
_CLOSEDFILLED
 10
508.9030140817324
 20
481.8083798991398
 30
0.0
 41
7.5
 42
7.5
 50
90.0
  0
LINE
  5
4E6
330
4DD
100
AcDbEntity
  8
0
370
18
100
AcDbLine
 10
508.9030140817324
 20
449.3083950691186
 30
0.0
 11
508.9030140817324
 21
474.3083798991398
 31
0.0
  0
MTEXT
  5
4E7
330
4DD
100
AcDbEntity
  8
DIM
100
AcDbMText
 10
502.75301408173243
 20
461.8083874841292
 30
0.0
 40
7.5
 71
5
  1
40
  7
CJK
 50
90.0
  0
POINT
  5
4E8
330
4DD
100
AcDbEntity
  8
Defpoints
100
AcDbPoint
 10
508.9030140817324
 20
441.8083950691186
 30
0.0
  0
POINT
  5
4E9
330
4DD
100
AcDbEntity
  8
Defpoints
100
AcDbPoint
 10
595.9030140817324
 20
441.8083950691186
 30
0.0
  0
POINT
  5
4EA
330
4DD
100
AcDbEntity
  8
Defpoints
100
AcDbPoint
 10
535.9030140817324
 20
481.8083798991398
 30
0.0
  0
ENDBLK
  5
4DF
330
4DD
100
AcDbEntity
  8
0
100
AcDbBlockEnd
  0
BLOCK
  5
4ED
330
4EC
100
AcDbEntity
  8
0
100
AcDbBlockBegin
  2
*D55
 70
1
 10
0.0
 20
0.0
 30
0.0
  3
*D55
  1

  0
LINE
  5
4EF
330
4EC
100
AcDbEntity
  8
0
370
18
100
AcDbLine
 10
662.9030140817324
 20
363.08971810757345
 30
0.0
 11
483.4030140817324
 21
363.08971810757345
 31
0.0
  0
LINE
  5
4F0
330
4EC
100
AcDbEntity
  8
0
370
18
100
AcDbLine
 10
532.9030140817324
 20
481.8083798991398
 30
0.0
 11
483.4030140817324
 21
481.8083798991398
 31
0.0
  0
INSERT
  5
4F1
330
4EC
100
AcDbEntity
  8
DIM
100
AcDbBlockReference
  2
_CLOSEDFILLED
 10
487.9030140817324
 20
363.08971810757345
 30
0.0
 41
7.5
 42
7.5
 50
270.0
  0
INSERT
  5
4F3
330
4EC
100
AcDbEntity
  8
DIM
100
AcDbBlockReference
  2
_CLOSEDFILLED
 10
487.9030140817324
 20
481.8083798991398
 30
0.0
 41
7.5
 42
7.5
 50
90.0
  0
LINE
  5
4F5
330
4EC
100
AcDbEntity
  8
0
370
18
100
AcDbLine
 10
487.9030140817324
 20
370.58971810757345
 30
0.0
 11
487.9030140817324
 21
474.3083798991398
 31
0.0
  0
MTEXT
  5
4F6
330
4EC
100
AcDbEntity
  8
DIM
100
AcDbMText
 10
481.75301408173243
 20
422.44904900335666
 30
0.0
 40
7.5
 71
5
  1
118.7
  7
CJK
 50
90.0
  0
POINT
  5
4F7
330
4EC
100
AcDbEntity
  8
Defpoints
100
AcDbPoint
 10
487.9030140817324
 20
363.08971810757345
 30
0.0
  0
POINT
  5
4F8
330
4EC
100
AcDbEntity
  8
Defpoints
100
AcDbPoint
 10
665.9030140817324
 20
363.08971810757345
 30
0.0
  0
POINT
  5
4F9
330
4EC
100
AcDbEntity
  8
Defpoints
100
AcDbPoint
 10
535.9030140817324
 20
481.8083798991398
 30
0.0
  0
ENDBLK
  5
4EE
330
4EC
100
AcDbEntity
  8
0
100
AcDbBlockEnd
  0
BLOCK
  5
507
330
506
100
AcDbEntity
  8
0
100
AcDbBlockBegin
  2
*D56
 70
1
 10
0.0
 20
0.0
 30
0.0
  3
*D56
  1

  0
INSERT
  5
509
330
506
100
AcDbEntity
  8
DIM
100
AcDbBlockReference
  2
_CLOSEDFILLED
 10
558.3153092502961
 20
455.4892008021453
 30
0.0
 41
7.5
 42
7.5
 50
340.00000000000006
  0
LINE
  5
50B
330
506
100
AcDbEntity
  8
0
370
18
100
AcDbLine
 10
595.9030140817324
 20
441.8083950691186
 30
0.0
 11
558.3153092502961
 21
455.4892008021453
 31
0.0
  0
LINE
  5
50C
330
506
100
AcDbEntity
  8
0
370
18
100
AcDbLine
 10
551.2676145944017
 20
458.0543518770878
 30
0.0
 11
513.9148329181619
 21
471.6496525742832
 31
0.0
  0
MTEXT
  5
50D
330
506
100
AcDbEntity
  8
DIM
100
AcDbMText
 10
526.5897987834562
 20
473.58103557970276
 30
0.0
 40
7.5
 71
5
  1
R40
  7
CJK
 50
340.00000000000006
  0
POINT
  5
50E
330
506
100
AcDbEntity
  8
Defpoints
100
AcDbPoint
 10
595.9030140817324
 20
441.8083950691186
 30
0.0
  0
POINT
  5
50F
330
506
100
AcDbEntity
  8
Defpoints
100
AcDbPoint
 10
558.3153092502961
 20
455.4892008021453
 30
0.0
  0
ENDBLK
  5
508
330
506
100
AcDbEntity
  8
0
100
AcDbBlockEnd
  0
BLOCK
  5
53D
330
53C
100
AcDbEntity
  8
0
100
AcDbBlockBegin
  2
*D57
 70
1
 10
0.0
 20
0.0
 30
0.0
  3
*D57
  1

  0
INSERT
  5
53F
330
53C
100
AcDbEntity
  8
DIM
100
AcDbBlockReference
  2
_CLOSEDFILLED
 10
1145.427177565159
 20
450.9083798991398
 30
0.0
 41
7.5
 42
7.5
 50
30.000000000000057
  0
INSERT
  5
541
330
53C
100
AcDbEntity
  8
DIM
100
AcDbBlockReference
  2
_CLOSEDFILLED
 10
1206.0489558300694
 20
485.9083798991398
 30
0.0
 41
7.5
 42
7.5
 50
30.000000000000057
  0
LINE
  5
543
330
53C
100
AcDbEntity
  8
0
370
18
100
AcDbLine
 10
1138.9319870367756
 20
447.1583798991398
 30
0.0
 11
1199.553765301686
 21
482.1583798991398
 31
0.0
  0
LINE
  5
544
330
53C
100
AcDbEntity
  8
0
370
18
100
AcDbLine
 10
1138.9319870367756
 20
447.1583798991398
 30
0.0
 11
1117.3679544825432
 21
434.70837989913974
 31
0.0
  0
MTEXT
  5
545
330
53C
100
AcDbEntity
  8
DIM
100
AcDbMText
 10
1124.035740275118
 20
445.65943613241404
 30
0.0
 40
7.5
 71
5
  1
%%c70
  7
CJK
 50
30.000000000000057
  0
POINT
  5
546
330
53C
100
AcDbEntity
  8
Defpoints
100
AcDbPoint
 10
1175.7380666976142
 20
468.4083798991398
 30
0.0
  0
POINT
  5
547
330
53C
100
AcDbEntity
  8
Defpoints
100
AcDbPoint
 10
1145.427177565159
 20
450.9083798991398
 30
0.0
  0
ENDBLK
  5
53E
330
53C
100
AcDbEntity
  8
0
100
AcDbBlockEnd
  0
BLOCK
  5
54A
330
549
100
AcDbEntity
  8
0
100
AcDbBlockBegin
  2
*D58
 70
1
 10
0.0
 20
0.0
 30
0.0
  3
*D58
  1

  0
LINE
  5
54C
330
549
100
AcDbEntity
  8
0
370
18
100
AcDbLine
 10
1161.7380666976142
 20
465.4083798991398
 30
0.0
 11
1161.7380666976142
 21
401.9083798991398
 31
0.0
  0
LINE
  5
54D
330
549
100
AcDbEntity
  8
0
370
18
100
AcDbLine
 10
1189.7380666976142
 20
465.4083798991398
 30
0.0
 11
1189.7380666976142
 21
401.9083798991398
 31
0.0
  0
INSERT
  5
54E
330
549
100
AcDbEntity
  8
DIM
100
AcDbBlockReference
  2
_CLOSEDFILLED
 10
1161.7380666976142
 20
406.4083798991398
 30
0.0
 41
7.5
 42
7.5
 50
180.0
  0
INSERT
  5
550
330
549
100
AcDbEntity
  8
DIM
100
AcDbBlockReference
  2
_CLOSEDFILLED
 10
1189.7380666976142
 20
406.4083798991398
 30
0.0
 41
7.5
 42
7.5
  0
LINE
  5
552
330
549
100
AcDbEntity
  8
0
370
18
100
AcDbLine
 10
1169.2380666976142
 20
406.4083798991398
 30
0.0
 11
1182.2380666976142
 21
406.4083798991398
 31
0.0
  0
MTEXT
  5
553
330
549
100
AcDbEntity
  8
DIM
100
AcDbMText
 10
1175.7380666976142
 20
417.05837989913977
 30
0.0
 40
7.5
 71
5
  1
Ø28 随侧板镗Ø30H9
  7
CJK
  0
POINT
  5
554
330
549
100
AcDbEntity
  8
Defpoints
100
AcDbPoint
 10
1161.7380666976142
 20
406.4083798991398
 30
0.0
  0
POINT
  5
555
330
549
100
AcDbEntity
  8
Defpoints
100
AcDbPoint
 10
1161.7380666976142
 20
468.4083798991398
 30
0.0
  0
POINT
  5
556
330
549
100
AcDbEntity
  8
Defpoints
100
AcDbPoint
 10
1189.7380666976142
 20
468.4083798991398
 30
0.0
  0
ENDBLK
  5
54B
330
549
100
AcDbEntity
  8
0
100
AcDbBlockEnd
  0
BLOCK
  5
561
330
560
100
AcDbEntity
  8
0
100
AcDbBlockBegin
  2
*D59
 70
1
 10
0.0
 20
0.0
 30
0.0
  3
*D59
  1

  0
LINE
  5
563
330
560
100
AcDbEntity
  8
0
370
18
100
AcDbLine
 10
1526.2726820822297
 20
408.8083798991398
 30
0.0
 11
1526.2726820822297
 21
380.3083798991398
 31
0.0
  0
LINE
  5
564
330
560
100
AcDbEntity
  8
0
370
18
100
AcDbLine
 10
1561.2726820822297
 20
443.8083798991398
 30
0.0
 11
1561.2726820822297
 21
380.3083798991398
 31
0.0
  0
INSERT
  5
565
330
560
100
AcDbEntity
  8
DIM
100
AcDbBlockReference
  2
_CLOSEDFILLED
 10
1526.2726820822297
 20
384.8083798991398
 30
0.0
 41
7.5
 42
7.5
 50
180.0
  0
INSERT
  5
567
330
560
100
AcDbEntity
  8
DIM
100
AcDbBlockReference
  2
_CLOSEDFILLED
 10
1561.2726820822297
 20
384.8083798991398
 30
0.0
 41
7.5
 42
7.5
  0
LINE
  5
569
330
560
100
AcDbEntity
  8
0
370
18
100
AcDbLine
 10
1533.7726820822297
 20
384.8083798991398
 30
0.0
 11
1553.7726820822297
 21
384.8083798991398
 31
0.0
  0
MTEXT
  5
56A
330
560
100
AcDbEntity
  8
DIM
100
AcDbMText
 10
1543.7726820822297
 20
390.9583798991398
 30
0.0
 40
7.5
 71
5
  1
35
  7
CJK
  0
POINT
  5
56B
330
560
100
AcDbEntity
  8
Defpoints
100
AcDbPoint
 10
1526.2726820822297
 20
384.8083798991398
 30
0.0
  0
POINT
  5
56C
330
560
100
AcDbEntity
  8
Defpoints
100
AcDbPoint
 10
1526.2726820822297
 20
411.8083798991398
 30
0.0
  0
POINT
  5
56D
330
560
100
AcDbEntity
  8
Defpoints
100
AcDbPoint
 10
1561.2726820822297
 20
446.8083798991398
 30
0.0
  0
ENDBLK
  5
562
330
560
100
AcDbEntity
  8
0
100
AcDbBlockEnd
  0
BLOCK
  5
570
330
56F
100
AcDbEntity
  8
0
100
AcDbBlockBegin
  2
*D60
 70
1
 10
0.0
 20
0.0
 30
0.0
  3
*D60
  1

  0
LINE
  5
572
330
56F
100
AcDbEntity
  8
0
370
18
100
AcDbLine
 10
1561.2726820822297
 20
443.8083798991398
 30
0.0
 11
1561.2726820822297
 21
380.3083798991398
 31
0.0
  0
LINE
  5
573
330
56F
100
AcDbEntity
  8
0
370
18
100
AcDbLine
 10
1791.2726820822297
 20
443.8083798991398
 30
0.0
 11
1791.2726820822297
 21
380.3083798991398
 31
0.0
  0
INSERT
  5
574
330
56F
100
AcDbEntity
  8
DIM
100
AcDbBlockReference
  2
_CLOSEDFILLED
 10
1561.2726820822297
 20
384.8083798991398
 30
0.0
 41
7.5
 42
7.5
 50
180.0
  0
INSERT
  5
576
330
56F
100
AcDbEntity
  8
DIM
100
AcDbBlockReference
  2
_CLOSEDFILLED
 10
1791.2726820822297
 20
384.8083798991398
 30
0.0
 41
7.5
 42
7.5
  0
LINE
  5
578
330
56F
100
AcDbEntity
  8
0
370
18
100
AcDbLine
 10
1568.7726820822297
 20
384.8083798991398
 30
0.0
 11
1783.7726820822297
 21
384.8083798991398
 31
0.0
  0
MTEXT
  5
579
330
56F
100
AcDbEntity
  8
DIM
100
AcDbMText
 10
1676.2726820822297
 20
390.9583798991398
 30
0.0
 40
7.5
 71
5
  1
230
  7
CJK
  0
POINT
  5
57A
330
56F
100
AcDbEntity
  8
Defpoints
100
AcDbPoint
 10
1561.2726820822297
 20
384.8083798991398
 30
0.0
  0
POINT
  5
57B
330
56F
100
AcDbEntity
  8
Defpoints
100
AcDbPoint
 10
1561.2726820822297
 20
446.8083798991398
 30
0.0
  0
POINT
  5
57C
330
56F
100
AcDbEntity
  8
Defpoints
100
AcDbPoint
 10
1791.2726820822297
 20
446.8083798991398
 30
0.0
  0
ENDBLK
  5
571
330
56F
100
AcDbEntity
  8
0
100
AcDbBlockEnd
  0
BLOCK
  5
57F
330
57E
100
AcDbEntity
  8
0
100
AcDbBlockBegin
  2
*D61
 70
1
 10
0.0
 20
0.0
 30
0.0
  3
*D61
  1

  0
LINE
  5
581
330
57E
100
AcDbEntity
  8
0
370
18
100
AcDbLine
 10
1791.2726820822297
 20
443.8083798991398
 30
0.0
 11
1791.2726820822297
 21
380.3083798991398
 31
0.0
  0
LINE
  5
582
330
57E
100
AcDbEntity
  8
0
370
18
100
AcDbLine
 10
1826.2726820822297
 20
408.8083798991398
 30
0.0
 11
1826.2726820822297
 21
380.3083798991398
 31
0.0
  0
INSERT
  5
583
330
57E
100
AcDbEntity
  8
DIM
100
AcDbBlockReference
  2
_CLOSEDFILLED
 10
1791.2726820822297
 20
384.8083798991398
 30
0.0
 41
7.5
 42
7.5
 50
180.0
  0
INSERT
  5
585
330
57E
100
AcDbEntity
  8
DIM
100
AcDbBlockReference
  2
_CLOSEDFILLED
 10
1826.2726820822297
 20
384.8083798991398
 30
0.0
 41
7.5
 42
7.5
  0
LINE
  5
587
330
57E
100
AcDbEntity
  8
0
370
18
100
AcDbLine
 10
1798.7726820822297
 20
384.8083798991398
 30
0.0
 11
1818.7726820822297
 21
384.8083798991398
 31
0.0
  0
MTEXT
  5
588
330
57E
100
AcDbEntity
  8
DIM
100
AcDbMText
 10
1808.7726820822297
 20
390.9583798991398
 30
0.0
 40
7.5
 71
5
  1
35
  7
CJK
  0
POINT
  5
589
330
57E
100
AcDbEntity
  8
Defpoints
100
AcDbPoint
 10
1791.2726820822297
 20
384.8083798991398
 30
0.0
  0
POINT
  5
58A
330
57E
100
AcDbEntity
  8
Defpoints
100
AcDbPoint
 10
1791.2726820822297
 20
446.8083798991398
 30
0.0
  0
POINT
  5
58B
330
57E
100
AcDbEntity
  8
Defpoints
100
AcDbPoint
 10
1826.2726820822297
 20
411.8083798991398
 30
0.0
  0
ENDBLK
  5
580
330
57E
100
AcDbEntity
  8
0
100
AcDbBlockEnd
  0
BLOCK
  5
58E
330
58D
100
AcDbEntity
  8
0
100
AcDbBlockBegin
  2
*D62
 70
1
 10
0.0
 20
0.0
 30
0.0
  3
*D62
  1

  0
LINE
  5
590
330
58D
100
AcDbEntity
  8
0
370
18
100
AcDbLine
 10
1526.2726820822297
 20
408.8083798991398
 30
0.0
 11
1526.2726820822297
 21
359.3083798991398
 31
0.0
  0
LINE
  5
591
330
58D
100
AcDbEntity
  8
0
370
18
100
AcDbLine
 10
1826.2726820822297
 20
408.8083798991398
 30
0.0
 11
1826.2726820822297
 21
359.3083798991398
 31
0.0
  0
INSERT
  5
592
330
58D
100
AcDbEntity
  8
DIM
100
AcDbBlockReference
  2
_CLOSEDFILLED
 10
1526.2726820822297
 20
363.8083798991398
 30
0.0
 41
7.5
 42
7.5
 50
180.0
  0
INSERT
  5
594
330
58D
100
AcDbEntity
  8
DIM
100
AcDbBlockReference
  2
_CLOSEDFILLED
 10
1826.2726820822297
 20
363.8083798991398
 30
0.0
 41
7.5
 42
7.5
  0
LINE
  5
596
330
58D
100
AcDbEntity
  8
0
370
18
100
AcDbLine
 10
1533.7726820822297
 20
363.8083798991398
 30
0.0
 11
1818.7726820822297
 21
363.8083798991398
 31
0.0
  0
MTEXT
  5
597
330
58D
100
AcDbEntity
  8
DIM
100
AcDbMText
 10
1676.2726820822297
 20
369.9583798991398
 30
0.0
 40
7.5
 71
5
  1
300
  7
CJK
  0
POINT
  5
598
330
58D
100
AcDbEntity
  8
Defpoints
100
AcDbPoint
 10
1526.2726820822297
 20
363.8083798991398
 30
0.0
  0
POINT
  5
599
330
58D
100
AcDbEntity
  8
Defpoints
100
AcDbPoint
 10
1526.2726820822297
 20
411.8083798991398
 30
0.0
  0
POINT
  5
59A
330
58D
100
AcDbEntity
  8
Defpoints
100
AcDbPoint
 10
1826.2726820822297
 20
411.8083798991398
 30
0.0
  0
ENDBLK
  5
58F
330
58D
100
AcDbEntity
  8
0
100
AcDbBlockEnd
  0
BLOCK
  5
59D
330
59C
100
AcDbEntity
  8
0
100
AcDbBlockBegin
  2
*D63
 70
1
 10
0.0
 20
0.0
 30
0.0
  3
*D63
  1

  0
LINE
  5
59F
330
59C
100
AcDbEntity
  8
0
370
18
100
AcDbLine
 10
1523.2726820822297
 20
411.8083798991398
 30
0.0
 11
1494.7726820822297
 21
411.8083798991398
 31
0.0
  0
LINE
  5
5A0
330
59C
100
AcDbEntity
  8
0
370
18
100
AcDbLine
 10
1558.2726820822297
 20
446.8083798991398
 30
0.0
 11
1494.7726820822297
 21
446.8083798991398
 31
0.0
  0
INSERT
  5
5A1
330
59C
100
AcDbEntity
  8
DIM
100
AcDbBlockReference
  2
_CLOSEDFILLED
 10
1499.2726820822297
 20
411.8083798991398
 30
0.0
 41
7.5
 42
7.5
 50
270.0
  0
INSERT
  5
5A3
330
59C
100
AcDbEntity
  8
DIM
100
AcDbBlockReference
  2
_CLOSEDFILLED
 10
1499.2726820822297
 20
446.8083798991398
 30
0.0
 41
7.5
 42
7.5
 50
90.0
  0
LINE
  5
5A5
330
59C
100
AcDbEntity
  8
0
370
18
100
AcDbLine
 10
1499.2726820822297
 20
419.3083798991398
 30
0.0
 11
1499.2726820822297
 21
439.3083798991398
 31
0.0
  0
MTEXT
  5
5A6
330
59C
100
AcDbEntity
  8
DIM
100
AcDbMText
 10
1493.1226820822296
 20
429.3083798991398
 30
0.0
 40
7.5
 71
5
  1
35
  7
CJK
 50
90.0
  0
POINT
  5
5A7
330
59C
100
AcDbEntity
  8
Defpoints
100
AcDbPoint
 10
1499.2726820822297
 20
411.8083798991398
 30
0.0
  0
POINT
  5
5A8
330
59C
100
AcDbEntity
  8
Defpoints
100
AcDbPoint
 10
1526.2726820822297
 20
411.8083798991398
 30
0.0
  0
POINT
  5
5A9
330
59C
100
AcDbEntity
  8
Defpoints
100
AcDbPoint
 10
1561.2726820822297
 20
446.8083798991398
 30
0.0
  0
ENDBLK
  5
59E
330
59C
100
AcDbEntity
  8
0
100
AcDbBlockEnd
  0
BLOCK
  5
5AC
330
5AB
100
AcDbEntity
  8
0
100
AcDbBlockBegin
  2
*D64
 70
1
 10
0.0
 20
0.0
 30
0.0
  3
*D64
  1

  0
LINE
  5
5AE
330
5AB
100
AcDbEntity
  8
0
370
18
100
AcDbLine
 10
1558.2726820822297
 20
446.8083798991398
 30
0.0
 11
1494.7726820822297
 21
446.8083798991398
 31
0.0
  0
LINE
  5
5AF
330
5AB
100
AcDbEntity
  8
0
370
18
100
AcDbLine
 10
1523.2726820822297
 20
481.8083798991398
 30
0.0
 11
1494.7726820822297
 21
481.8083798991398
 31
0.0
  0
INSERT
  5
5B0
330
5AB
100
AcDbEntity
  8
DIM
100
AcDbBlockReference
  2
_CLOSEDFILLED
 10
1499.2726820822297
 20
446.8083798991398
 30
0.0
 41
7.5
 42
7.5
 50
270.0
  0
INSERT
  5
5B2
330
5AB
100
AcDbEntity
  8
DIM
100
AcDbBlockReference
  2
_CLOSEDFILLED
 10
1499.2726820822297
 20
481.8083798991398
 30
0.0
 41
7.5
 42
7.5
 50
90.0
  0
LINE
  5
5B4
330
5AB
100
AcDbEntity
  8
0
370
18
100
AcDbLine
 10
1499.2726820822297
 20
454.3083798991398
 30
0.0
 11
1499.2726820822297
 21
474.3083798991398
 31
0.0
  0
MTEXT
  5
5B5
330
5AB
100
AcDbEntity
  8
DIM
100
AcDbMText
 10
1493.1226820822296
 20
464.3083798991398
 30
0.0
 40
7.5
 71
5
  1
35
  7
CJK
 50
90.0
  0
POINT
  5
5B6
330
5AB
100
AcDbEntity
  8
Defpoints
100
AcDbPoint
 10
1499.2726820822297
 20
446.8083798991398
 30
0.0
  0
POINT
  5
5B7
330
5AB
100
AcDbEntity
  8
Defpoints
100
AcDbPoint
 10
1561.2726820822297
 20
446.8083798991398
 30
0.0
  0
POINT
  5
5B8
330
5AB
100
AcDbEntity
  8
Defpoints
100
AcDbPoint
 10
1526.2726820822297
 20
481.8083798991398
 30
0.0
  0
ENDBLK
  5
5AD
330
5AB
100
AcDbEntity
  8
0
100
AcDbBlockEnd
  0
BLOCK
  5
5BB
330
5BA
100
AcDbEntity
  8
0
100
AcDbBlockBegin
  2
*D65
 70
1
 10
0.0
 20
0.0
 30
0.0
  3
*D65
  1

  0
LINE
  5
5BD
330
5BA
100
AcDbEntity
  8
0
370
18
100
AcDbLine
 10
1523.2726820822297
 20
411.8083798991398
 30
0.0
 11
1473.7726820822297
 21
411.8083798991398
 31
0.0
  0
LINE
  5
5BE
330
5BA
100
AcDbEntity
  8
0
370
18
100
AcDbLine
 10
1523.2726820822297
 20
481.8083798991398
 30
0.0
 11
1473.7726820822297
 21
481.8083798991398
 31
0.0
  0
INSERT
  5
5BF
330
5BA
100
AcDbEntity
  8
DIM
100
AcDbBlockReference
  2
_CLOSEDFILLED
 10
1478.2726820822297
 20
411.8083798991398
 30
0.0
 41
7.5
 42
7.5
 50
270.0
  0
INSERT
  5
5C1
330
5BA
100
AcDbEntity
  8
DIM
100
AcDbBlockReference
  2
_CLOSEDFILLED
 10
1478.2726820822297
 20
481.8083798991398
 30
0.0
 41
7.5
 42
7.5
 50
90.0
  0
LINE
  5
5C3
330
5BA
100
AcDbEntity
  8
0
370
18
100
AcDbLine
 10
1478.2726820822297
 20
419.3083798991398
 30
0.0
 11
1478.2726820822297
 21
474.3083798991398
 31
0.0
  0
MTEXT
  5
5C4
330
5BA
100
AcDbEntity
  8
DIM
100
AcDbMText
 10
1472.1226820822296
 20
446.8083798991398
 30
0.0
 40
7.5
 71
5
  1
70
  7
CJK
 50
90.0
  0
POINT
  5
5C5
330
5BA
100
AcDbEntity
  8
Defpoints
100
AcDbPoint
 10
1478.2726820822297
 20
411.8083798991398
 30
0.0
  0
POINT
  5
5C6
330
5BA
100
AcDbEntity
  8
Defpoints
100
AcDbPoint
 10
1526.2726820822297
 20
411.8083798991398
 30
0.0
  0
POINT
  5
5C7
330
5BA
100
AcDbEntity
  8
Defpoints
100
AcDbPoint
 10
1526.2726820822297
 20
481.8083798991398
 30
0.0
  0
ENDBLK
  5
5BC
330
5BA
100
AcDbEntity
  8
0
100
AcDbBlockEnd
  0
BLOCK
  5
5CB
330
5CA
100
AcDbEntity
  8
0
100
AcDbBlockBegin
  2
*D66
 70
1
 10
0.0
 20
0.0
 30
0.0
  3
*D66
  1

  0
INSERT
  5
5CD
330
5CA
100
AcDbEntity
  8
DIM
100
AcDbBlockReference
  2
_CLOSEDFILLED
 10
1541.1975068099432
 20
475.4787014492545
 30
0.0
 41
7.5
 42
7.5
 50
304.9999999999999
  0
LINE
  5
5CF
330
5CA
100
AcDbEntity
  8
0
370
18
100
AcDbLine
 10
1561.2726820822297
 20
446.8083798991398
 30
0.0
 11
1541.1975068099432
 21
475.4787014492545
 31
0.0
  0
LINE
  5
5D0
330
5CA
100
AcDbEntity
  8
0
370
18
100
AcDbLine
 10
1536.8956835373103
 20
481.62234178142194
 30
0.0
 11
1514.0960201923563
 21
514.1836355419094
 31
0.0
  0
MTEXT
  5
5D1
330
5CA
100
AcDbEntity
  8
DIM
100
AcDbMText
 10
1525.5865401736828
 20
508.4956701272171
 30
0.0
 40
7.5
 71
5
  1
R35
  7
CJK
 50
304.9999999999999
  0
POINT
  5
5D2
330
5CA
100
AcDbEntity
  8
Defpoints
100
AcDbPoint
 10
1561.2726820822297
 20
446.8083798991398
 30
0.0
  0
POINT
  5
5D3
330
5CA
100
AcDbEntity
  8
Defpoints
100
AcDbPoint
 10
1541.1975068099432
 20
475.4787014492545
 30
0.0
  0
ENDBLK
  5
5CC
330
5CA
100
AcDbEntity
  8
0
100
AcDbBlockEnd
  0
BLOCK
  5
5D6
330
5D5
100
AcDbEntity
  8
0
100
AcDbBlockBegin
  2
*D67
 70
1
 10
0.0
 20
0.0
 30
0.0
  3
*D67
  1

  0
INSERT
  5
5D8
330
5D5
100
AcDbEntity
  8
DIM
100
AcDbBlockReference
  2
_CLOSEDFILLED
 10
1826.2726820822297
 20
446.8083798991398
 30
0.0
 41
7.5
 42
7.5
 50
180.0
  0
LINE
  5
5DA
330
5D5
100
AcDbEntity
  8
0
370
18
100
AcDbLine
 10
1791.2726820822297
 20
446.8083798991398
 30
0.0
 11
1826.2726820822297
 21
446.8083798991398
 31
0.0
  0
LINE
  5
5DB
330
5D5
100
AcDbEntity
  8
0
370
18
100
AcDbLine
 10
1833.7726820822297
 20
446.8083798991398
 30
0.0
 11
1873.5226820822297
 21
446.8083798991398
 31
0.0
  0
MTEXT
  5
5DC
330
5D5
100
AcDbEntity
  8
DIM
100
AcDbMText
 10
1862.2726820822297
 20
452.9583798991398
 30
0.0
 40
7.5
 71
5
  1
R35
  7
CJK
  0
POINT
  5
5DD
330
5D5
100
AcDbEntity
  8
Defpoints
100
AcDbPoint
 10
1791.2726820822297
 20
446.8083798991398
 30
0.0
  0
POINT
  5
5DE
330
5D5
100
AcDbEntity
  8
Defpoints
100
AcDbPoint
 10
1826.2726820822297
 20
446.8083798991398
 30
0.0
  0
ENDBLK
  5
5D7
330
5D5
100
AcDbEntity
  8
0
100
AcDbBlockEnd
  0
BLOCK
  5
5EA
330
5E9
100
AcDbEntity
  8
0
100
AcDbBlockBegin
  2
*D68
 70
1
 10
0.0
 20
0.0
 30
0.0
  3
*D68
  1

  0
LINE
  5
5EC
330
5E9
100
AcDbEntity
  8
0
370
18
100
AcDbLine
 10
1974.3308017403494
 20
408.8083798991398
 30
0.0
 11
1974.3308017403494
 21
380.3083798991398
 31
0.0
  0
LINE
  5
5ED
330
5E9
100
AcDbEntity
  8
0
370
18
100
AcDbLine
 10
2009.3308017403494
 20
443.8083798991398
 30
0.0
 11
2009.3308017403494
 21
380.3083798991398
 31
0.0
  0
INSERT
  5
5EE
330
5E9
100
AcDbEntity
  8
DIM
100
AcDbBlockReference
  2
_CLOSEDFILLED
 10
1974.3308017403494
 20
384.8083798991398
 30
0.0
 41
7.5
 42
7.5
 50
180.0
  0
INSERT
  5
5F0
330
5E9
100
AcDbEntity
  8
DIM
100
AcDbBlockReference
  2
_CLOSEDFILLED
 10
2009.3308017403494
 20
384.8083798991398
 30
0.0
 41
7.5
 42
7.5
  0
LINE
  5
5F2
330
5E9
100
AcDbEntity
  8
0
370
18
100
AcDbLine
 10
1981.8308017403494
 20
384.8083798991398
 30
0.0
 11
2001.8308017403494
 21
384.8083798991398
 31
0.0
  0
MTEXT
  5
5F3
330
5E9
100
AcDbEntity
  8
DIM
100
AcDbMText
 10
1991.8308017403494
 20
390.9583798991398
 30
0.0
 40
7.5
 71
5
  1
35
  7
CJK
  0
POINT
  5
5F4
330
5E9
100
AcDbEntity
  8
Defpoints
100
AcDbPoint
 10
1974.3308017403494
 20
384.8083798991398
 30
0.0
  0
POINT
  5
5F5
330
5E9
100
AcDbEntity
  8
Defpoints
100
AcDbPoint
 10
1974.3308017403494
 20
411.8083798991398
 30
0.0
  0
POINT
  5
5F6
330
5E9
100
AcDbEntity
  8
Defpoints
100
AcDbPoint
 10
2009.3308017403494
 20
446.8083798991398
 30
0.0
  0
ENDBLK
  5
5EB
330
5E9
100
AcDbEntity
  8
0
100
AcDbBlockEnd
  0
BLOCK
  5
5F9
330
5F8
100
AcDbEntity
  8
0
100
AcDbBlockBegin
  2
*D69
 70
1
 10
0.0
 20
0.0
 30
0.0
  3
*D69
  1

  0
LINE
  5
5FB
330
5F8
100
AcDbEntity
  8
0
370
18
100
AcDbLine
 10
2009.3308017403494
 20
443.8083798991398
 30
0.0
 11
2009.3308017403494
 21
380.3083798991398
 31
0.0
  0
LINE
  5
5FC
330
5F8
100
AcDbEntity
  8
0
370
18
100
AcDbLine
 10
2219.3308017403497
 20
443.8083798991398
 30
0.0
 11
2219.3308017403497
 21
380.3083798991398
 31
0.0
  0
INSERT
  5
5FD
330
5F8
100
AcDbEntity
  8
DIM
100
AcDbBlockReference
  2
_CLOSEDFILLED
 10
2009.3308017403494
 20
384.8083798991398
 30
0.0
 41
7.5
 42
7.5
 50
180.0
  0
INSERT
  5
5FF
330
5F8
100
AcDbEntity
  8
DIM
100
AcDbBlockReference
  2
_CLOSEDFILLED
 10
2219.3308017403497
 20
384.8083798991398
 30
0.0
 41
7.5
 42
7.5
  0
LINE
  5
601
330
5F8
100
AcDbEntity
  8
0
370
18
100
AcDbLine
 10
2016.8308017403494
 20
384.8083798991398
 30
0.0
 11
2211.8308017403497
 21
384.8083798991398
 31
0.0
  0
MTEXT
  5
602
330
5F8
100
AcDbEntity
  8
DIM
100
AcDbMText
 10
2114.3308017403497
 20
390.9583798991398
 30
0.0
 40
7.5
 71
5
  1
210
  7
CJK
  0
POINT
  5
603
330
5F8
100
AcDbEntity
  8
Defpoints
100
AcDbPoint
 10
2009.3308017403494
 20
384.8083798991398
 30
0.0
  0
POINT
  5
604
330
5F8
100
AcDbEntity
  8
Defpoints
100
AcDbPoint
 10
2009.3308017403494
 20
446.8083798991398
 30
0.0
  0
POINT
  5
605
330
5F8
100
AcDbEntity
  8
Defpoints
100
AcDbPoint
 10
2219.3308017403497
 20
446.8083798991398
 30
0.0
  0
ENDBLK
  5
5FA
330
5F8
100
AcDbEntity
  8
0
100
AcDbBlockEnd
  0
BLOCK
  5
608
330
607
100
AcDbEntity
  8
0
100
AcDbBlockBegin
  2
*D70
 70
1
 10
0.0
 20
0.0
 30
0.0
  3
*D70
  1

  0
LINE
  5
60A
330
607
100
AcDbEntity
  8
0
370
18
100
AcDbLine
 10
2219.3308017403497
 20
443.8083798991398
 30
0.0
 11
2219.3308017403497
 21
380.3083798991398
 31
0.0
  0
LINE
  5
60B
330
607
100
AcDbEntity
  8
0
370
18
100
AcDbLine
 10
2254.3308017403497
 20
408.8083798991398
 30
0.0
 11
2254.3308017403497
 21
380.3083798991398
 31
0.0
  0
INSERT
  5
60C
330
607
100
AcDbEntity
  8
DIM
100
AcDbBlockReference
  2
_CLOSEDFILLED
 10
2219.3308017403497
 20
384.8083798991398
 30
0.0
 41
7.5
 42
7.5
 50
180.0
  0
INSERT
  5
60E
330
607
100
AcDbEntity
  8
DIM
100
AcDbBlockReference
  2
_CLOSEDFILLED
 10
2254.3308017403497
 20
384.8083798991398
 30
0.0
 41
7.5
 42
7.5
  0
LINE
  5
610
330
607
100
AcDbEntity
  8
0
370
18
100
AcDbLine
 10
2226.8308017403497
 20
384.8083798991398
 30
0.0
 11
2246.8308017403497
 21
384.8083798991398
 31
0.0
  0
MTEXT
  5
611
330
607
100
AcDbEntity
  8
DIM
100
AcDbMText
 10
2236.8308017403497
 20
390.9583798991398
 30
0.0
 40
7.5
 71
5
  1
35
  7
CJK
  0
POINT
  5
612
330
607
100
AcDbEntity
  8
Defpoints
100
AcDbPoint
 10
2219.3308017403497
 20
384.8083798991398
 30
0.0
  0
POINT
  5
613
330
607
100
AcDbEntity
  8
Defpoints
100
AcDbPoint
 10
2219.3308017403497
 20
446.8083798991398
 30
0.0
  0
POINT
  5
614
330
607
100
AcDbEntity
  8
Defpoints
100
AcDbPoint
 10
2254.3308017403497
 20
411.8083798991398
 30
0.0
  0
ENDBLK
  5
609
330
607
100
AcDbEntity
  8
0
100
AcDbBlockEnd
  0
BLOCK
  5
617
330
616
100
AcDbEntity
  8
0
100
AcDbBlockBegin
  2
*D71
 70
1
 10
0.0
 20
0.0
 30
0.0
  3
*D71
  1

  0
LINE
  5
619
330
616
100
AcDbEntity
  8
0
370
18
100
AcDbLine
 10
1974.3308017403494
 20
408.8083798991398
 30
0.0
 11
1974.3308017403494
 21
359.3083798991398
 31
0.0
  0
LINE
  5
61A
330
616
100
AcDbEntity
  8
0
370
18
100
AcDbLine
 10
2254.3308017403497
 20
408.8083798991398
 30
0.0
 11
2254.3308017403497
 21
359.3083798991398
 31
0.0
  0
INSERT
  5
61B
330
616
100
AcDbEntity
  8
DIM
100
AcDbBlockReference
  2
_CLOSEDFILLED
 10
1974.3308017403494
 20
363.8083798991398
 30
0.0
 41
7.5
 42
7.5
 50
180.0
  0
INSERT
  5
61D
330
616
100
AcDbEntity
  8
DIM
100
AcDbBlockReference
  2
_CLOSEDFILLED
 10
2254.3308017403497
 20
363.8083798991398
 30
0.0
 41
7.5
 42
7.5
  0
LINE
  5
61F
330
616
100
AcDbEntity
  8
0
370
18
100
AcDbLine
 10
1981.8308017403494
 20
363.8083798991398
 30
0.0
 11
2246.8308017403497
 21
363.8083798991398
 31
0.0
  0
MTEXT
  5
620
330
616
100
AcDbEntity
  8
DIM
100
AcDbMText
 10
2114.3308017403497
 20
369.9583798991398
 30
0.0
 40
7.5
 71
5
  1
280
  7
CJK
  0
POINT
  5
621
330
616
100
AcDbEntity
  8
Defpoints
100
AcDbPoint
 10
1974.3308017403494
 20
363.8083798991398
 30
0.0
  0
POINT
  5
622
330
616
100
AcDbEntity
  8
Defpoints
100
AcDbPoint
 10
1974.3308017403494
 20
411.8083798991398
 30
0.0
  0
POINT
  5
623
330
616
100
AcDbEntity
  8
Defpoints
100
AcDbPoint
 10
2254.3308017403497
 20
411.8083798991398
 30
0.0
  0
ENDBLK
  5
618
330
616
100
AcDbEntity
  8
0
100
AcDbBlockEnd
  0
BLOCK
  5
626
330
625
100
AcDbEntity
  8
0
100
AcDbBlockBegin
  2
*D72
 70
1
 10
0.0
 20
0.0
 30
0.0
  3
*D72
  1

  0
LINE
  5
628
330
625
100
AcDbEntity
  8
0
370
18
100
AcDbLine
 10
1971.3308017403494
 20
411.8083798991398
 30
0.0
 11
1942.8308017403494
 21
411.8083798991398
 31
0.0
  0
LINE
  5
629
330
625
100
AcDbEntity
  8
0
370
18
100
AcDbLine
 10
2006.3308017403494
 20
446.8083798991398
 30
0.0
 11
1942.8308017403494
 21
446.8083798991398
 31
0.0
  0
INSERT
  5
62A
330
625
100
AcDbEntity
  8
DIM
100
AcDbBlockReference
  2
_CLOSEDFILLED
 10
1947.3308017403494
 20
411.8083798991398
 30
0.0
 41
7.5
 42
7.5
 50
270.0
  0
INSERT
  5
62C
330
625
100
AcDbEntity
  8
DIM
100
AcDbBlockReference
  2
_CLOSEDFILLED
 10
1947.3308017403494
 20
446.8083798991398
 30
0.0
 41
7.5
 42
7.5
 50
90.0
  0
LINE
  5
62E
330
625
100
AcDbEntity
  8
0
370
18
100
AcDbLine
 10
1947.3308017403494
 20
419.3083798991398
 30
0.0
 11
1947.3308017403494
 21
439.3083798991398
 31
0.0
  0
MTEXT
  5
62F
330
625
100
AcDbEntity
  8
DIM
100
AcDbMText
 10
1941.1808017403494
 20
429.3083798991398
 30
0.0
 40
7.5
 71
5
  1
35
  7
CJK
 50
90.0
  0
POINT
  5
630
330
625
100
AcDbEntity
  8
Defpoints
100
AcDbPoint
 10
1947.3308017403494
 20
411.8083798991398
 30
0.0
  0
POINT
  5
631
330
625
100
AcDbEntity
  8
Defpoints
100
AcDbPoint
 10
1974.3308017403494
 20
411.8083798991398
 30
0.0
  0
POINT
  5
632
330
625
100
AcDbEntity
  8
Defpoints
100
AcDbPoint
 10
2009.3308017403494
 20
446.8083798991398
 30
0.0
  0
ENDBLK
  5
627
330
625
100
AcDbEntity
  8
0
100
AcDbBlockEnd
  0
BLOCK
  5
635
330
634
100
AcDbEntity
  8
0
100
AcDbBlockBegin
  2
*D73
 70
1
 10
0.0
 20
0.0
 30
0.0
  3
*D73
  1

  0
LINE
  5
637
330
634
100
AcDbEntity
  8
0
370
18
100
AcDbLine
 10
2006.3308017403494
 20
446.8083798991398
 30
0.0
 11
1942.8308017403494
 21
446.8083798991398
 31
0.0
  0
LINE
  5
638
330
634
100
AcDbEntity
  8
0
370
18
100
AcDbLine
 10
1971.3308017403494
 20
481.8083798991398
 30
0.0
 11
1942.8308017403494
 21
481.8083798991398
 31
0.0
  0
INSERT
  5
639
330
634
100
AcDbEntity
  8
DIM
100
AcDbBlockReference
  2
_CLOSEDFILLED
 10
1947.3308017403494
 20
446.8083798991398
 30
0.0
 41
7.5
 42
7.5
 50
270.0
  0
INSERT
  5
63B
330
634
100
AcDbEntity
  8
DIM
100
AcDbBlockReference
  2
_CLOSEDFILLED
 10
1947.3308017403494
 20
481.8083798991398
 30
0.0
 41
7.5
 42
7.5
 50
90.0
  0
LINE
  5
63D
330
634
100
AcDbEntity
  8
0
370
18
100
AcDbLine
 10
1947.3308017403494
 20
454.3083798991398
 30
0.0
 11
1947.3308017403494
 21
474.3083798991398
 31
0.0
  0
MTEXT
  5
63E
330
634
100
AcDbEntity
  8
DIM
100
AcDbMText
 10
1941.1808017403494
 20
464.3083798991398
 30
0.0
 40
7.5
 71
5
  1
35
  7
CJK
 50
90.0
  0
POINT
  5
63F
330
634
100
AcDbEntity
  8
Defpoints
100
AcDbPoint
 10
1947.3308017403494
 20
446.8083798991398
 30
0.0
  0
POINT
  5
640
330
634
100
AcDbEntity
  8
Defpoints
100
AcDbPoint
 10
2009.3308017403494
 20
446.8083798991398
 30
0.0
  0
POINT
  5
641
330
634
100
AcDbEntity
  8
Defpoints
100
AcDbPoint
 10
1974.3308017403494
 20
481.8083798991398
 30
0.0
  0
ENDBLK
  5
636
330
634
100
AcDbEntity
  8
0
100
AcDbBlockEnd
  0
BLOCK
  5
644
330
643
100
AcDbEntity
  8
0
100
AcDbBlockBegin
  2
*D74
 70
1
 10
0.0
 20
0.0
 30
0.0
  3
*D74
  1

  0
LINE
  5
646
330
643
100
AcDbEntity
  8
0
370
18
100
AcDbLine
 10
1971.3308017403494
 20
411.8083798991398
 30
0.0
 11
1921.8308017403494
 21
411.8083798991398
 31
0.0
  0
LINE
  5
647
330
643
100
AcDbEntity
  8
0
370
18
100
AcDbLine
 10
1971.3308017403494
 20
481.8083798991398
 30
0.0
 11
1921.8308017403494
 21
481.8083798991398
 31
0.0
  0
INSERT
  5
648
330
643
100
AcDbEntity
  8
DIM
100
AcDbBlockReference
  2
_CLOSEDFILLED
 10
1926.3308017403494
 20
411.8083798991398
 30
0.0
 41
7.5
 42
7.5
 50
270.0
  0
INSERT
  5
64A
330
643
100
AcDbEntity
  8
DIM
100
AcDbBlockReference
  2
_CLOSEDFILLED
 10
1926.3308017403494
 20
481.8083798991398
 30
0.0
 41
7.5
 42
7.5
 50
90.0
  0
LINE
  5
64C
330
643
100
AcDbEntity
  8
0
370
18
100
AcDbLine
 10
1926.3308017403494
 20
419.3083798991398
 30
0.0
 11
1926.3308017403494
 21
474.3083798991398
 31
0.0
  0
MTEXT
  5
64D
330
643
100
AcDbEntity
  8
DIM
100
AcDbMText
 10
1920.1808017403494
 20
446.8083798991398
 30
0.0
 40
7.5
 71
5
  1
70
  7
CJK
 50
90.0
  0
POINT
  5
64E
330
643
100
AcDbEntity
  8
Defpoints
100
AcDbPoint
 10
1926.3308017403494
 20
411.8083798991398
 30
0.0
  0
POINT
  5
64F
330
643
100
AcDbEntity
  8
Defpoints
100
AcDbPoint
 10
1974.3308017403494
 20
411.8083798991398
 30
0.0
  0
POINT
  5
650
330
643
100
AcDbEntity
  8
Defpoints
100
AcDbPoint
 10
1974.3308017403494
 20
481.8083798991398
 30
0.0
  0
ENDBLK
  5
645
330
643
100
AcDbEntity
  8
0
100
AcDbBlockEnd
  0
BLOCK
  5
654
330
653
100
AcDbEntity
  8
0
100
AcDbBlockBegin
  2
*D75
 70
1
 10
0.0
 20
0.0
 30
0.0
  3
*D75
  1

  0
INSERT
  5
656
330
653
100
AcDbEntity
  8
DIM
100
AcDbBlockReference
  2
_CLOSEDFILLED
 10
1989.255626468063
 20
475.4787014492545
 30
0.0
 41
7.5
 42
7.5
 50
304.9999999999999
  0
LINE
  5
658
330
653
100
AcDbEntity
  8
0
370
18
100
AcDbLine
 10
2009.3308017403494
 20
446.8083798991398
 30
0.0
 11
1989.255626468063
 21
475.4787014492545
 31
0.0
  0
LINE
  5
659
330
653
100
AcDbEntity
  8
0
370
18
100
AcDbLine
 10
1984.95380319543
 20
481.62234178142194
 30
0.0
 11
1962.154139850476
 21
514.1836355419094
 31
0.0
  0
MTEXT
  5
65A
330
653
100
AcDbEntity
  8
DIM
100
AcDbMText
 10
1973.6446598318025
 20
508.4956701272171
 30
0.0
 40
7.5
 71
5
  1
R35
  7
CJK
 50
304.9999999999999
  0
POINT
  5
65B
330
653
100
AcDbEntity
  8
Defpoints
100
AcDbPoint
 10
2009.3308017403494
 20
446.8083798991398
 30
0.0
  0
POINT
  5
65C
330
653
100
AcDbEntity
  8
Defpoints
100
AcDbPoint
 10
1989.255626468063
 20
475.4787014492545
 30
0.0
  0
ENDBLK
  5
655
330
653
100
AcDbEntity
  8
0
100
AcDbBlockEnd
  0
BLOCK
  5
65F
330
65E
100
AcDbEntity
  8
0
100
AcDbBlockBegin
  2
*D76
 70
1
 10
0.0
 20
0.0
 30
0.0
  3
*D76
  1

  0
INSERT
  5
661
330
65E
100
AcDbEntity
  8
DIM
100
AcDbBlockReference
  2
_CLOSEDFILLED
 10
2254.3308017403497
 20
446.8083798991398
 30
0.0
 41
7.5
 42
7.5
 50
180.0
  0
LINE
  5
663
330
65E
100
AcDbEntity
  8
0
370
18
100
AcDbLine
 10
2219.3308017403497
 20
446.8083798991398
 30
0.0
 11
2254.3308017403497
 21
446.8083798991398
 31
0.0
  0
LINE
  5
664
330
65E
100
AcDbEntity
  8
0
370
18
100
AcDbLine
 10
2261.8308017403497
 20
446.8083798991398
 30
0.0
 11
2301.5808017403497
 21
446.8083798991398
 31
0.0
  0
MTEXT
  5
665
330
65E
100
AcDbEntity
  8
DIM
100
AcDbMText
 10
2290.3308017403497
 20
452.9583798991398
 30
0.0
 40
7.5
 71
5
  1
R35
  7
CJK
  0
POINT
  5
666
330
65E
100
AcDbEntity
  8
Defpoints
100
AcDbPoint
 10
2219.3308017403497
 20
446.8083798991398
 30
0.0
  0
POINT
  5
667
330
65E
100
AcDbEntity
  8
Defpoints
100
AcDbPoint
 10
2254.3308017403497
 20
446.8083798991398
 30
0.0
  0
ENDBLK
  5
660
330
65E
100
AcDbEntity
  8
0
100
AcDbBlockEnd
  0
ENDSEC
  0
SECTION
  2
ENTITIES
  0
LWPOLYLINE
  5
97
330
17
100
AcDbEntity
  8
THIN
100
AcDbPolyline
 90
4
 70
1
 10
0.0
 20
0.0
 10
2523.0
 20
0.0
 10
2523.0
 20
1782.0
 10
0.0
 20
1782.0
  0
LWPOLYLINE
  5
98
330
17
100
AcDbEntity
  8
FRAME
100
AcDbPolyline
 90
4
 70
1
 10
75.0
 20
30.0
 10
2493.0
 20
30.0
 10
2493.0
 20
1752.0
 10
75.0
 20
1752.0
  0
LWPOLYLINE
  5
99
330
17
100
AcDbEntity
  8
HIDDEN
100
AcDbPolyline
 90
5
 70
0
 10
527.6515956720955
 20
1419.967688405093
 10
530.8080751131682
 20
1419.2576926179984
 10
534.0038640657756
 20
1418.7533222679583
 10
537.2255818172059
 20
1418.4566891448483
 10
540.459739091318
 20
1418.369035246391
  0
LWPOLYLINE
  5
9A
330
17
100
AcDbEntity
  8
HIDDEN
100
AcDbPolyline
 90
2
 70
0
 10
238.90609422454406
 20
1494.8077538366656
 10
527.6515956720955
 20
1419.967688405093
  0
LWPOLYLINE
  5
9B
330
17
100
AcDbEntity
  8
HIDDEN
100
AcDbPolyline
 90
2
 70
0
 10
540.459739091318
 20
1418.369035246391
 10
1490.4334233018444
 20
1423.3689659938336
  0
LWPOLYLINE
  5
9C
330
17
100
AcDbEntity
  8
HIDDEN
100
AcDbPolyline
 90
2
 70
0
 10
420.19658119658106
 20
1573.8432141463709
 10
252.73286569560082
 20
1583.2968109891683
  0
LWPOLYLINE
  5
9D
330
17
100
AcDbEntity
  8
HIDDEN
100
AcDbPolyline
 90
2
 70
0
 10
419.6329624190212
 20
1563.859110086738
 10
420.1965811965812
 20
1573.8432141463709
  0
LWPOLYLINE
  5
9E
330
17
100
AcDbEntity
  8
HIDDEN
100
AcDbPolyline
 90
2
 70
0
 10
1492.169246918041
 20
1503.3127069295351
 10
419.63296241902117
 20
1563.859110086738
  0
LWPOLYLINE
  5
9F
330
17
100
AcDbEntity
  8
HIDDEN
100
AcDbPolyline
 90
2
 70
0
 10
1492.7328656956008
 20
1513.2968109891683
 10
1492.169246918041
 20
1503.3127069295351
  0
LWPOLYLINE
  5
A0
330
17
100
AcDbEntity
  8
HIDDEN
100
AcDbPolyline
 90
46
 70
0
 10
1490.4334233018444
 20
1423.3689659938336
 10
1493.5103597917996
 20
1423.490521122374
 10
1496.5717791022269
 20
1423.8222222201084
 10
1499.603345757267
 20
1424.3625160554807
 10
1502.5908640698262
 20
1425.1088726355538
 10
1505.5203446146397
 20
1426.0577970530148
 10
1508.3780697354932
 20
1427.2048458515128
 10
1511.150657779851
 20
1428.5446478326944
 10
1513.8251257601032
 20
1430.0709292075069
 10
1516.388950148018
 20
1431.7765429739934
 10
1518.8301255177153
 20
1433.6535023840172
 10
1521.1372207625645
 20
1435.6930183422014
 10
1523.2994326227602
 20
1437.8855405619572
 10
1525.3066362729255
 20
1440.2208022858883
 10
1527.1494327328646
 20
1442.6878683611544
 10
1528.8191928794538
 20
1445.2751864446834
 10
1530.3080978535813
 20
1447.9706410984502
 10
1531.6091756729252
 20
1450.761610521519
 10
1532.7163338791263
 20
1453.6350256531935
 10
1533.6243880664802
 20
1456.5774313705144
 10
1534.3290861585606
 20
1459.5750494935432
 10
1534.827128319095
 20
1462.6138433034002
 10
1535.116182403857
 20
1465.6795832709408
 10
1535.1948948812217
 20
1468.757913688294
 10
1535.0628971702454
 20
1471.8344198912441
 10
1534.7208073665909
 20
1474.8946957576866
 10
1534.1702273482192
 20
1477.9244111660812
 10
1533.413735274396
 20
1480.9093790980255
 10
1532.4548735131414
 20
1483.8356220707292
 10
1531.298132053652
 20
1486.6894375883112
 10
1529.9489274813686
 20
1489.457462305438
 10
1528.4135776141447
 20
1492.1267346028458
 10
1526.6992719182776
 20
1494.6847552817324
 10
1524.814037842942
 20
1497.1195460928059
 10
1522.7667032306626
 20
1499.4197058259238
 10
1520.566854979846
 20
1501.5744636976744
 10
1518.224794152938
 20
1503.5737297869077
 10
1515.7514877404226
 20
1505.4081422820418
 10
1513.1585173065255
 20
1507.0691113189084
 10
1510.458024757104
 20
1508.548859203858
 10
1507.6626554836653
 20
1509.8404568337755
 10
1504.7854991497513
 20
1510.937856142465
 10
1501.840028396965
 20
1511.835918421471
 10
1498.8400357576534
 20
1512.5304383827179
 10
1495.7995690696641
 20
1513.018163850294
 10
1492.7328656956008
 20
1513.2968109891683
  0
LWPOLYLINE
  5
A1
330
17
100
AcDbEntity
  8
HIDDEN
100
AcDbPolyline
 90
2
 70
0
 10
1490.3702654071076
 20
1435.3687997876966
 10
1490.4334233018444
 20
1423.3689659938336
  0
LWPOLYLINE
  5
A2
330
17
100
AcDbEntity
  8
HIDDEN
100
AcDbPolyline
 90
2
 70
0
 10
540.3965811965812
 20
1430.3688690402537
 10
1490.3702654071076
 20
1435.3687997876966
  0
LWPOLYLINE
  5
A3
330
17
100
AcDbEntity
  8
HIDDEN
100
AcDbPolyline
 90
2
 70
0
 10
540.459739091318
 20
1418.369035246391
 10
540.3965811965812
 20
1430.3688690402537
  0
LWPOLYLINE
  5
A4
330
17
100
AcDbEntity
  8
HIDDEN
100
AcDbPolyline
 90
2
 70
0
 10
530.1605927769926
 20
1429.6478192682382
 10
527.6515956720955
 20
1419.967688405093
  0
LWPOLYLINE
  5
A5
330
17
100
AcDbEntity
  8
HIDDEN
100
AcDbPolyline
 90
2
 70
0
 10
241.41509132944122
 20
1504.4878846998108
 10
530.1605927769926
 20
1429.6478192682382
  0
LWPOLYLINE
  5
A6
330
17
100
AcDbEntity
  8
HIDDEN
100
AcDbPolyline
 90
2
 70
0
 10
238.90609422454406
 20
1494.8077538366656
 10
241.41509132944122
 20
1504.4878846998108
  0
LWPOLYLINE
  5
A7
330
17
100
AcDbEntity
  8
HIDDEN
100
AcDbPolyline
 90
44
 70
0
 10
252.73286569560088
 20
1583.2968109891683
 10
249.652901168599
 20
1583.3650582901491
 10
246.57548477972637
 20
1583.2224134473413
 10
243.5150398692507
 20
1582.8695450134674
 10
240.48591023493475
 20
1582.3081068243582
 10
237.50229290503518
 20
1581.5407302476995
 10
234.57817159918545
 20
1580.5710118502475
 10
231.72725118902093
 20
1579.4034965413161
 10
228.96289346571825
 20
1578.0436562715427
 10
226.2980545154959
 20
1576.4978643867603
 10
223.74522399658673
 20
1574.7733657571848
 10
221.31636660228122
 20
1572.878242821909
 10
219.02286598439395
 20
1570.8213777078502
 10
216.87547139997554
 20
1568.6124106006953
 10
214.88424733132734
 20
1566.261694562949
 10
213.05852631544207
 20
1563.7802470108466
 10
211.4068652039506
 20
1561.1796980775503
 10
209.9370050585772
 20
1558.4722361046456
 10
208.65583487006722
 20
1555.6705505174045
 10
207.56935927062983
 20
1552.7877723515535
 10
206.6826703912226
 20
1549.8374127102863
 10
205.99992399557817
 20
1546.833299439966
 10
205.52432000282886
 20
1543.789512321299
 10
205.2580874900163
 20
1540.7203170797409
 10
205.20247424477708
 20
1537.6400985244052
 10
205.35774091716894
 20
1534.5632931288487
 10
205.72315979804722
 20
1531.5043213697147
 10
206.29701822971697
 20
1528.4775201403502
 10
207.07662663287533
 20
1525.4970755561637
 10
208.05833111222415
 20
1522.576956466656
 10
209.23753058167074
 20
1519.7308489857378
 10
210.6086983288559
 20
1516.9720923471848
 10
212.16540791793773
 20
1514.3136163858599
 10
213.900363309231
 20
1511.7678809377223
 10
215.80543305453523
 20
1509.3468174426428
 10
217.87168840788365
 20
1507.061773023722
 10
220.0894451730951
 20
1504.923457305209
 10
222.44830909199544
 20
1502.9418922182658
 10
224.93722456058174
 20
1501.1263650298401
 10
227.54452644480506
 20
1499.4853848147836
 10
230.2579947531192
 20
1498.0266425752307
 10
233.0649119095542
 20
1496.7569751941453
 10
235.95212235888653
 20
1495.6823333919863
 10
238.90609422454406
 20
1494.8077538366656
  0
LWPOLYLINE
  5
A8
330
17
100
AcDbEntity
  8
HIDDEN
100
AcDbPolyline
 90
91
 70
0
 10
570.4465811965812
 20
1468.3683427208193
 10
570.3728937169409
 20
1466.2582093900596
 10
570.1521902760137
 20
1464.1583564167775
 10
569.7855461187788
 20
1462.0790140735821
 10
569.2747474987153
 20
1460.030312707355
 10
568.6222829753549
 20
1458.0222333852178
 10
567.8313312902699
 20
1456.0645592677763
 10
566.9057458805637
 20
1454.1668279465462
 10
565.850036105313
 20
1452.338284977765
 10
564.6693452764233
 20
1450.587838838972
 10
563.3694256009303
 20
1448.9240175278014
 10
561.9566101568254
 20
1447.3549270144347
 10
560.4377820389367
 20
1445.8882117501282
 10
558.8203408251824
 20
1444.531017424216
 10
557.1121665265713
 20
1443.2899561510294
 10
555.3215811965812
 20
1442.17107425634
 10
553.4573083869508
 20
1441.1798228202695
 10
551.5284306474125
 20
1440.321031120174
 10
549.5443452764233
 20
1439.598883102891
 10
547.5147185384711
 20
1439.0168970009704
 10
545.4494385710058
 20
1438.5779081922
 10
543.3585672104277
 20
1438.2840553859292
 10
541.2522909718318
 20
1438.1367702034918
 10
539.1408714213305
 20
1438.1367702034918
 10
537.0345951827346
 20
1438.2840553859292
 10
534.9437238221565
 20
1438.5779081922
 10
532.8784438546912
 20
1439.0168970009704
 10
530.848817116739
 20
1439.598883102891
 10
528.8647317457499
 20
1440.321031120174
 10
526.9358540062116
 20
1441.1798228202695
 10
525.0715811965812
 20
1442.17107425634
 10
523.2809958665911
 20
1443.2899561510294
 10
521.57282156798
 20
1444.531017424216
 10
519.9553803542257
 20
1445.8882117501282
 10
518.436552236337
 20
1447.3549270144347
 10
517.0237367922321
 20
1448.9240175278017
 10
515.723817116739
 20
1450.587838838972
 10
514.5431262878493
 20
1452.338284977765
 10
513.4874165125987
 20
1454.1668279465462
 10
512.5618311028925
 20
1456.0645592677765
 10
511.7708794178074
 20
1458.022233385218
 10
511.118414894447
 20
1460.0303127073553
 10
510.60761627438353
 20
1462.0790140735821
 10
510.24097211714866
 20
1464.1583564167775
 10
510.02026867622146
 20
1466.2582093900596
 10
509.9465811965812
 20
1468.3683427208193
 10
510.0202686762215
 20
1470.4784760515793
 10
510.24097211714866
 20
1472.5783290248614
 10
510.6076162743836
 20
1474.6576713680565
 10
511.1184148944471
 20
1476.7063727342836
 10
511.77087941780746
 20
1478.714452056421
 10
512.5618311028925
 20
1480.6721261738624
 10
513.4874165125987
 20
1482.5698574950927
 10
514.5431262878493
 20
1484.398400463874
 10
515.723817116739
 20
1486.1488466026667
 10
517.0237367922322
 20
1487.8126679138372
 10
518.4365522363371
 20
1489.381758427204
 10
519.9553803542258
 20
1490.8484736915107
 10
521.5728215679801
 20
1492.2056680174228
 10
523.2809958665912
 20
1493.4467292906095
 10
525.0715811965813
 20
1494.5656111852986
 10
526.9358540062117
 20
1495.5568626213692
 10
528.86473174575
 20
1496.4156543214647
 10
530.8488171167392
 20
1497.1378023387479
 10
532.8784438546913
 20
1497.7197884406683
 10
534.9437238221567
 20
1498.1587772494386
 10
537.0345951827348
 20
1498.4526300557095
 10
539.1408714213306
 20
1498.5999152381469
 10
541.2522909718319
 20
1498.5999152381469
 10
543.3585672104279
 20
1498.4526300557095
 10
545.449438571006
 20
1498.1587772494386
 10
547.5147185384712
 20
1497.7197884406683
 10
549.5443452764234
 20
1497.1378023387476
 10
551.5284306474126
 20
1496.4156543214647
 10
553.4573083869509
 20
1495.556862621369
 10
555.3215811965813
 20
1494.5656111852986
 10
557.1121665265714
 20
1493.4467292906093
 10
558.8203408251825
 20
1492.2056680174226
 10
560.4377820389368
 20
1490.8484736915104
 10
561.9566101568255
 20
1489.381758427204
 10
563.3694256009304
 20
1487.812667913837
 10
564.6693452764234
 20
1486.1488466026665
 10
565.8500361053132
 20
1484.3984004638737
 10
566.9057458805638
 20
1482.5698574950923
 10
567.83133129027
 20
1480.6721261738621
 10
568.622282975355
 20
1478.7144520564207
 10
569.2747474987153
 20
1476.7063727342834
 10
569.7855461187788
 20
1474.6576713680563
 10
570.1521902760137
 20
1472.5783290248612
 10
570.3728937169409
 20
1470.4784760515788
 10
570.4465811965812
 20
1468.3683427208193
  0
LWPOLYLINE
  5
A9
330
17
100
AcDbEntity
  8
HIDDEN
100
AcDbPolyline
 90
91
 70
0
 10
1365.446581196581
 20
1480.3683427208193
 10
1365.3850734656417
 20
1478.6069917587802
 10
1365.2008499323058
 20
1476.8542219215776
 10
1364.8948081151098
 20
1475.118572527671
 10
1364.4684390190237
 20
1473.4084994864402
 10
1363.9238198714254
 20
1471.7323341018462
 10
1363.2636040020568
 20
1470.0982424831554
 10
1362.4910079162692
 20
1468.5141857604756
 10
1361.6097956245308
 20
1466.987881298931
 10
1360.6242603045484
 20
1465.5267651004344
 10
1359.5392033853354
 20
1464.1379555762342
 10
1358.359911155132
 20
1462.8282188667297
 10
1357.0921290071424
 20
1461.6039358775151
 10
1355.7420334485541
 20
1460.4710711922496
 10
1354.3162020092177
 20
1459.4351440138046
 10
1352.821581196581
 20
1458.5012012752622
 10
1351.2654526530055
 20
1457.6737930517654
 10
1349.655397680333
 20
1456.956950393008
 10
1347.9992603045484
 20
1456.3541656843668
 10
1346.3051090604727
 20
1455.8683756323503
 10
1344.5811976826712
 20
1455.501946957261
 10
1342.8359248940894
 20
1455.2566648627703
 10
1341.0777934883195
 20
1455.1337243385872
 10
1339.3153689048431
 20
1455.1337243385872
 10
1337.557237499073
 20
1455.2566648627703
 10
1335.811964710491
 20
1455.501946957261
 10
1334.0880533326895
 20
1455.8683756323503
 10
1332.3939020886137
 20
1456.3541656843668
 10
1330.7377647128294
 20
1456.956950393008
 10
1329.1277097401571
 20
1457.6737930517654
 10
1327.571581196581
 20
1458.5012012752622
 10
1326.0769603839449
 20
1459.4351440138046
 10
1324.6511289446084
 20
1460.4710711922496
 10
1323.30103338602
 20
1461.6039358775151
 10
1322.03325123803
 20
1462.8282188667297
 10
1320.853959007827
 20
1464.1379555762342
 10
1319.7689020886137
 20
1465.5267651004344
 10
1318.7833667686314
 20
1466.987881298931
 10
1317.9021544768932
 20
1468.5141857604756
 10
1317.1295583911055
 20
1470.0982424831554
 10
1316.469342521737
 20
1471.7323341018462
 10
1315.9247233741385
 20
1473.4084994864402
 10
1315.4983542780526
 20
1475.118572527671
 10
1315.1923124608566
 20
1476.8542219215778
 10
1315.0080889275205
 20
1478.6069917587802
 10
1314.946581196581
 20
1480.3683427208193
 10
1315.0080889275205
 20
1482.1296936828585
 10
1315.1923124608566
 20
1483.882463520061
 10
1315.4983542780526
 20
1485.6181129139677
 10
1315.9247233741387
 20
1487.3281859551987
 10
1316.469342521737
 20
1489.0043513397925
 10
1317.1295583911055
 20
1490.6384429584834
 10
1317.9021544768934
 20
1492.222499681163
 10
1318.7833667686314
 20
1493.7488041427077
 10
1319.7689020886137
 20
1495.2099203412045
 10
1320.8539590078271
 20
1496.5987298654045
 10
1322.0332512380303
 20
1497.908466574909
 10
1323.3010333860202
 20
1499.1327495641235
 10
1324.6511289446084
 20
1500.265614249389
 10
1326.0769603839449
 20
1501.301541427834
 10
1327.5715811965813
 20
1502.2354841663764
 10
1329.1277097401571
 20
1503.0628923898732
 10
1330.7377647128296
 20
1503.7797350486308
 10
1332.393902088614
 20
1504.382519757272
 10
1334.0880533326897
 20
1504.8683098092883
 10
1335.8119647104913
 20
1505.2347384843777
 10
1337.557237499073
 20
1505.4800205788683
 10
1339.3153689048431
 20
1505.6029611030515
 10
1341.0777934883195
 20
1505.6029611030515
 10
1342.8359248940897
 20
1505.4800205788683
 10
1344.5811976826712
 20
1505.2347384843777
 10
1346.305109060473
 20
1504.8683098092881
 10
1347.9992603045487
 20
1504.382519757272
 10
1349.655397680333
 20
1503.7797350486308
 10
1351.2654526530055
 20
1503.0628923898732
 10
1352.8215811965813
 20
1502.2354841663764
 10
1354.3162020092177
 20
1501.301541427834
 10
1355.7420334485541
 20
1500.265614249389
 10
1357.0921290071424
 20
1499.1327495641235
 10
1358.359911155132
 20
1497.908466574909
 10
1359.5392033853354
 20
1496.5987298654043
 10
1360.6242603045487
 20
1495.2099203412042
 10
1361.609795624531
 20
1493.7488041427075
 10
1362.4910079162692
 20
1492.2224996811628
 10
1363.263604002057
 20
1490.6384429584832
 10
1363.9238198714254
 20
1489.0043513397923
 10
1364.4684390190237
 20
1487.3281859551985
 10
1364.8948081151098
 20
1485.6181129139675
 10
1365.2008499323058
 20
1483.8824635200608
 10
1365.3850734656417
 20
1482.1296936828583
 10
1365.446581196581
 20
1480.3683427208193
  0
LWPOLYLINE
  5
AA
330
17
100
AcDbEntity
  8
HIDDEN
100
AcDbPolyline
 90
91
 70
0
 10
1515.446581196581
 20
1468.3683427208193
 10
1515.3850734656417
 20
1466.6069917587802
 10
1515.2008499323058
 20
1464.8542219215776
 10
1514.8948081151098
 20
1463.118572527671
 10
1514.4684390190237
 20
1461.4084994864402
 10
1513.9238198714254
 20
1459.7323341018462
 10
1513.2636040020568
 20
1458.0982424831554
 10
1512.4910079162692
 20
1456.5141857604756
 10
1511.6097956245308
 20
1454.987881298931
 10
1510.6242603045484
 20
1453.5267651004344
 10
1509.5392033853354
 20
1452.1379555762342
 10
1508.359911155132
 20
1450.8282188667297
 10
1507.0921290071424
 20
1449.6039358775151
 10
1505.7420334485541
 20
1448.4710711922496
 10
1504.3162020092177
 20
1447.4351440138046
 10
1502.821581196581
 20
1446.5012012752622
 10
1501.2654526530055
 20
1445.6737930517654
 10
1499.655397680333
 20
1444.956950393008
 10
1497.9992603045484
 20
1444.3541656843668
 10
1496.3051090604727
 20
1443.8683756323503
 10
1494.5811976826712
 20
1443.501946957261
 10
1492.8359248940894
 20
1443.2566648627703
 10
1491.0777934883195
 20
1443.1337243385872
 10
1489.3153689048431
 20
1443.1337243385872
 10
1487.557237499073
 20
1443.2566648627703
 10
1485.811964710491
 20
1443.501946957261
 10
1484.0880533326895
 20
1443.8683756323503
 10
1482.3939020886137
 20
1444.3541656843668
 10
1480.7377647128294
 20
1444.956950393008
 10
1479.1277097401571
 20
1445.6737930517654
 10
1477.571581196581
 20
1446.5012012752622
 10
1476.0769603839449
 20
1447.4351440138046
 10
1474.6511289446084
 20
1448.4710711922496
 10
1473.30103338602
 20
1449.6039358775151
 10
1472.03325123803
 20
1450.8282188667297
 10
1470.853959007827
 20
1452.1379555762342
 10
1469.7689020886137
 20
1453.5267651004344
 10
1468.7833667686314
 20
1454.987881298931
 10
1467.9021544768932
 20
1456.5141857604756
 10
1467.1295583911055
 20
1458.0982424831554
 10
1466.469342521737
 20
1459.7323341018462
 10
1465.9247233741385
 20
1461.4084994864402
 10
1465.4983542780526
 20
1463.118572527671
 10
1465.1923124608566
 20
1464.8542219215778
 10
1465.0080889275205
 20
1466.6069917587802
 10
1464.946581196581
 20
1468.3683427208193
 10
1465.0080889275205
 20
1470.1296936828585
 10
1465.1923124608566
 20
1471.882463520061
 10
1465.4983542780526
 20
1473.618112913968
 10
1465.9247233741387
 20
1475.3281859551987
 10
1466.469342521737
 20
1477.0043513397925
 10
1467.1295583911055
 20
1478.6384429584834
 10
1467.9021544768934
 20
1480.222499681163
 10
1468.7833667686314
 20
1481.7488041427077
 10
1469.7689020886137
 20
1483.2099203412045
 10
1470.8539590078271
 20
1484.5987298654045
 10
1472.0332512380303
 20
1485.908466574909
 10
1473.3010333860202
 20
1487.1327495641235
 10
1474.6511289446084
 20
1488.265614249389
 10
1476.0769603839449
 20
1489.301541427834
 10
1477.5715811965813
 20
1490.2354841663764
 10
1479.1277097401571
 20
1491.0628923898732
 10
1480.7377647128296
 20
1491.7797350486308
 10
1482.393902088614
 20
1492.382519757272
 10
1484.0880533326897
 20
1492.8683098092883
 10
1485.8119647104913
 20
1493.2347384843777
 10
1487.557237499073
 20
1493.4800205788683
 10
1489.3153689048431
 20
1493.6029611030515
 10
1491.0777934883195
 20
1493.6029611030515
 10
1492.8359248940897
 20
1493.480020578868
 10
1494.5811976826712
 20
1493.2347384843777
 10
1496.305109060473
 20
1492.8683098092881
 10
1497.9992603045487
 20
1492.382519757272
 10
1499.655397680333
 20
1491.7797350486308
 10
1501.2654526530055
 20
1491.0628923898732
 10
1502.8215811965813
 20
1490.2354841663764
 10
1504.3162020092177
 20
1489.301541427834
 10
1505.7420334485541
 20
1488.265614249389
 10
1507.0921290071424
 20
1487.1327495641235
 10
1508.359911155132
 20
1485.908466574909
 10
1509.5392033853354
 20
1484.5987298654043
 10
1510.6242603045487
 20
1483.2099203412042
 10
1511.609795624531
 20
1481.7488041427075
 10
1512.4910079162692
 20
1480.2224996811628
 10
1513.263604002057
 20
1478.6384429584832
 10
1513.9238198714254
 20
1477.0043513397923
 10
1514.4684390190237
 20
1475.3281859551985
 10
1514.8948081151098
 20
1473.6181129139675
 10
1515.2008499323058
 20
1471.8824635200608
 10
1515.3850734656417
 20
1470.1296936828583
 10
1515.446581196581
 20
1468.3683427208193
  0
LWPOLYLINE
  5
AB
330
17
100
AcDbEntity
  8
HIDDEN
100
AcDbPolyline
 90
91
 70
0
 10
264.1965811965812
 20
1538.3683427208193
 10
264.16247790021873
 20
1537.3917520884015
 10
264.06033415896314
 20
1536.4199193073784
 10
263.8906476068545
 20
1535.4575790493707
 10
263.6542449397176
 20
1534.5094197393814
 10
263.3522778875839
 20
1533.58006071426
 10
262.9862176035776
 20
1532.6740297177582
 10
262.55784749660614
 20
1531.795740841817
 10
262.06925454277115
 20
1530.9494730215545
 10
261.52281911783047
 20
1530.1393491887247
 10
260.9212034002469
 20
1529.3693161852077
 10
260.2673384013223
 20
1528.6431255343934
 10
259.5644096856052
 20
1527.9643151641358
 10
258.8158418511404
 20
1527.3361921703251
 10
258.02528184517166
 20
1526.7618167050487
 10
257.1965811965812
 20
1526.2439870678372
 10
256.33377725162825
 20
1525.785226072631
 10
255.44107350440396
 20
1525.3877687568843
 10
254.52281911783047
 20
1525.0535514926871
 10
253.58348773497653
 20
1524.7842025529553
 10
252.6276556839182
 20
1524.5810341786485
 10
251.6599796823283
 20
1524.4450361856634
 10
250.68517415041617
 20
1524.376871142552
 10
249.70798824274618
 20
1524.376871142552
 10
248.733182710834
 20
1524.4450361856634
 10
247.76550670924416
 20
1524.5810341786485
 10
246.80967465818583
 20
1524.7842025529553
 10
245.8703432753319
 20
1525.0535514926871
 10
244.9520888887584
 20
1525.3877687568843
 10
244.0593851415341
 20
1525.785226072631
 10
243.19658119658118
 20
1526.2439870678372
 10
242.3678805479907
 20
1526.7618167050487
 10
241.57732054202194
 20
1527.3361921703251
 10
240.82875270755716
 20
1527.9643151641358
 10
240.12582399184004
 20
1528.6431255343934
 10
239.47195899291546
 20
1529.3693161852077
 10
238.8703432753319
 20
1530.1393491887247
 10
238.3239078503912
 20
1530.9494730215545
 10
237.8353148965562
 20
1531.795740841817
 10
237.40694478958477
 20
1532.6740297177582
 10
237.04088450557845
 20
1533.58006071426
 10
236.73891745344469
 20
1534.5094197393814
 10
236.50251478630787
 20
1535.4575790493707
 10
236.3328282341992
 20
1536.4199193073784
 10
236.23068449294362
 20
1537.3917520884015
 10
236.19658119658118
 20
1538.3683427208193
 10
236.23068449294362
 20
1539.3449333532371
 10
236.3328282341992
 20
1540.3167661342602
 10
236.50251478630793
 20
1541.279106392268
 10
236.73891745344474
 20
1542.2272657022575
 10
237.04088450557845
 20
1543.1566247273788
 10
237.40694478958477
 20
1544.0626557238807
 10
237.8353148965562
 20
1544.940944599822
 10
238.32390785039127
 20
1545.7872124200842
 10
238.87034327533195
 20
1546.597336252914
 10
239.47195899291552
 20
1547.367369256431
 10
240.1258239918401
 20
1548.0935599072454
 10
240.82875270755721
 20
1548.772370277503
 10
241.577320542022
 20
1549.4004932713135
 10
242.36788054799075
 20
1549.97486873659
 10
243.19658119658123
 20
1550.4926983738014
 10
244.05938514153416
 20
1550.9514593690078
 10
244.95208888875845
 20
1551.3489166847544
 10
245.87034327533195
 20
1551.6831339489515
 10
246.80967465818588
 20
1551.9524828886833
 10
247.76550670924422
 20
1552.1556512629902
 10
248.73318271083411
 20
1552.2916492559752
 10
249.70798824274624
 20
1552.3598142990866
 10
250.68517415041623
 20
1552.3598142990866
 10
251.6599796823284
 20
1552.2916492559752
 10
252.62765568391825
 20
1552.1556512629902
 10
253.5834877349766
 20
1551.9524828886833
 10
254.52281911783052
 20
1551.6831339489515
 10
255.44107350440402
 20
1551.3489166847544
 10
256.3337772516283
 20
1550.9514593690076
 10
257.19658119658123
 20
1550.4926983738014
 10
258.0252818451717
 20
1549.9748687365898
 10
258.8158418511405
 20
1549.4004932713133
 10
259.56440968560526
 20
1548.772370277503
 10
260.2673384013224
 20
1548.0935599072452
 10
260.9212034002469
 20
1547.3673692564307
 10
261.52281911783047
 20
1546.597336252914
 10
262.0692545427712
 20
1545.7872124200842
 10
262.5578474966062
 20
1544.9409445998217
 10
262.98621760357764
 20
1544.0626557238804
 10
263.3522778875839
 20
1543.1566247273786
 10
263.65424493971767
 20
1542.2272657022572
 10
263.8906476068545
 20
1541.2791063922677
 10
264.0603341589632
 20
1540.3167661342602
 10
264.16247790021873
 20
1539.344933353237
 10
264.1965811965812
 20
1538.3683427208193
  0
LWPOLYLINE
  5
AC
330
17
100
AcDbEntity
  8
HIDDEN
100
AcDbPolyline
 90
91
 70
0
 10
285.1965811965812
 20
1538.3683427208193
 10
285.11132295567506
 20
1540.8098193018636
 10
284.8559636025361
 20
1543.2394012544216
 10
284.4317472222644
 20
1545.6452518994408
 10
283.8407405544223
 20
1548.0156501744143
 10
283.08582292408795
 20
1550.3390477372177
 10
282.1706722140722
 20
1552.6041252284724
 10
281.0997469466436
 20
1554.7998474183255
 10
279.8782645620561
 20
1556.9155169689816
 10
278.51217599970437
 20
1558.9408265510558
 10
277.0081367057454
 20
1560.8659090598483
 10
275.37347420843395
 20
1562.6813856868841
 10
273.6161524191412
 20
1564.3784116125282
 10
271.7447328329792
 20
1565.9487190970547
 10
269.76833281805733
 20
1567.3846577602458
 10
267.6965811965812
 20
1568.6792318532746
 10
265.5395713341989
 20
1569.82613434129
 10
263.3078119661381
 20
1570.819777630657
 10
261.0121759997043
 20
1571.6553207911497
 10
258.66384754256956
 20
1572.3286931404791
 10
256.2742674149237
 20
1572.8366140762466
 10
253.85507741094904
 20
1573.176609058709
 10
251.41806358116867
 20
1573.3470216664878
 10
248.97509881199363
 20
1573.3470216664878
 10
246.53808498221326
 20
1573.176609058709
 10
244.1188949782386
 20
1572.8366140762466
 10
241.7293148505928
 20
1572.3286931404791
 10
239.380986393458
 20
1571.6553207911497
 10
237.0853504270242
 20
1570.819777630657
 10
234.85359105896345
 20
1569.82613434129
 10
232.69658119658112
 20
1568.6792318532746
 10
230.62482957510503
 20
1567.3846577602458
 10
228.6484295601831
 20
1565.9487190970547
 10
226.7770099740211
 20
1564.378411612528
 10
225.01968818472835
 20
1562.6813856868841
 10
223.38502568741694
 20
1560.8659090598483
 10
221.880986393458
 20
1558.9408265510558
 10
220.51489783110623
 20
1556.9155169689814
 10
219.29341544651868
 20
1554.7998474183255
 10
218.22249017909013
 20
1552.6041252284722
 10
217.30733946907435
 20
1550.3390477372177
 10
216.55242183873997
 20
1548.0156501744143
 10
215.96141517089796
 20
1545.6452518994408
 10
215.53719879062623
 20
1543.2394012544216
 10
215.2818394374873
 20
1540.8098193018636
 10
215.19658119658118
 20
1538.3683427208193
 10
215.28183943748735
 20
1535.9268661397748
 10
215.53719879062623
 20
1533.497284187217
 10
215.96141517089802
 20
1531.0914335421976
 10
216.55242183874003
 20
1528.7210352672244
 10
217.3073394690744
 20
1526.3976377044207
 10
218.2224901790902
 20
1524.1325602131662
 10
219.2934154465188
 20
1521.9368380233132
 10
220.51489783110634
 20
1519.821168472657
 10
221.8809863934581
 20
1517.7958588905826
 10
223.38502568741706
 20
1515.8707763817904
 10
225.01968818472847
 20
1514.0552997547543
 10
226.7770099740212
 20
1512.3582738291104
 10
228.64842956018322
 20
1510.787966344584
 10
230.62482957510514
 20
1509.3520276813929
 10
232.6965811965813
 20
1508.0574535883638
 10
234.85359105896362
 20
1506.9105511003484
 10
237.08535042702437
 20
1505.9169078109817
 10
239.38098639345816
 20
1505.081364650489
 10
241.72931485059297
 20
1504.4079923011593
 10
244.11889497823876
 20
1503.900071365392
 10
246.5380849822135
 20
1503.5600763829298
 10
248.9750988119938
 20
1503.389663775151
 10
251.4180635811689
 20
1503.389663775151
 10
253.8550774109492
 20
1503.5600763829298
 10
256.2742674149239
 20
1503.900071365392
 10
258.6638475425697
 20
1504.4079923011595
 10
261.0121759997045
 20
1505.081364650489
 10
263.3078119661383
 20
1505.916907810982
 10
265.5395713341991
 20
1506.9105511003486
 10
267.69658119658135
 20
1508.057453588364
 10
269.7683328180575
 20
1509.3520276813929
 10
271.74473283297937
 20
1510.7879663445842
 10
273.6161524191414
 20
1512.3582738291107
 10
275.3734742084341
 20
1514.0552997547545
 10
277.0081367057455
 20
1515.8707763817906
 10
278.5121759997045
 20
1517.7958588905828
 10
279.8782645620562
 20
1519.8211684726573
 10
281.09974694664373
 20
1521.9368380233134
 10
282.1706722140723
 20
1524.1325602131665
 10
283.08582292408806
 20
1526.3976377044212
 10
283.8407405544224
 20
1528.7210352672246
 10
284.43174722226445
 20
1531.091433542198
 10
284.8559636025362
 20
1533.4972841872172
 10
285.11132295567506
 20
1535.9268661397753
 10
285.1965811965812
 20
1538.3683427208193
  0
LWPOLYLINE
  5
AD
330
17
100
AcDbEntity
  8
HIDDEN
100
AcDbPolyline
 90
2
 70
0
 10
530.1605927769926
 20
1429.6478192682382
 10
527.6515956720955
 20
1419.967688405093
  0
LWPOLYLINE
  5
AE
330
17
100
AcDbEntity
  8
HIDDEN
100
AcDbPolyline
 90
5
 70
0
 10
527.6515956720955
 20
1419.967688405093
 10
530.8080751131682
 20
1419.2576926179984
 10
534.0038640657756
 20
1418.7533222679583
 10
537.2255818172059
 20
1418.4566891448483
 10
540.459739091318
 20
1418.369035246391
  0
LWPOLYLINE
  5
AF
330
17
100
AcDbEntity
  8
HIDDEN
100
AcDbPolyline
 90
5
 70
0
 10
527.6515956720955
 20
1419.967688405093
 10
530.8080751131682
 20
1419.2576926179984
 10
534.0038640657756
 20
1418.7533222679583
 10
537.2255818172059
 20
1418.4566891448483
 10
540.459739091318
 20
1418.369035246391
  0
LWPOLYLINE
  5
B0
330
17
100
AcDbEntity
  8
HIDDEN
100
AcDbPolyline
 90
44
 70
0
 10
252.73286569560088
 20
1583.2968109891683
 10
249.652901168599
 20
1583.3650582901491
 10
246.57548477972637
 20
1583.2224134473413
 10
243.5150398692507
 20
1582.8695450134674
 10
240.48591023493475
 20
1582.3081068243582
 10
237.50229290503518
 20
1581.5407302476995
 10
234.57817159918545
 20
1580.5710118502475
 10
231.72725118902093
 20
1579.4034965413161
 10
228.96289346571825
 20
1578.0436562715427
 10
226.2980545154959
 20
1576.4978643867603
 10
223.74522399658673
 20
1574.7733657571848
 10
221.31636660228122
 20
1572.878242821909
 10
219.02286598439395
 20
1570.8213777078502
 10
216.87547139997554
 20
1568.6124106006953
 10
214.88424733132734
 20
1566.261694562949
 10
213.05852631544207
 20
1563.7802470108466
 10
211.4068652039506
 20
1561.1796980775503
 10
209.9370050585772
 20
1558.4722361046456
 10
208.65583487006722
 20
1555.6705505174045
 10
207.56935927062983
 20
1552.7877723515535
 10
206.6826703912226
 20
1549.8374127102863
 10
205.99992399557817
 20
1546.833299439966
 10
205.52432000282886
 20
1543.789512321299
 10
205.2580874900163
 20
1540.7203170797409
 10
205.20247424477708
 20
1537.6400985244052
 10
205.35774091716894
 20
1534.5632931288487
 10
205.72315979804722
 20
1531.5043213697147
 10
206.29701822971697
 20
1528.4775201403502
 10
207.07662663287533
 20
1525.4970755561637
 10
208.05833111222415
 20
1522.576956466656
 10
209.23753058167074
 20
1519.7308489857378
 10
210.6086983288559
 20
1516.9720923471848
 10
212.16540791793773
 20
1514.3136163858599
 10
213.900363309231
 20
1511.7678809377223
 10
215.80543305453523
 20
1509.3468174426428
 10
217.87168840788365
 20
1507.061773023722
 10
220.0894451730951
 20
1504.923457305209
 10
222.44830909199544
 20
1502.9418922182658
 10
224.93722456058174
 20
1501.1263650298401
 10
227.54452644480506
 20
1499.4853848147836
 10
230.2579947531192
 20
1498.0266425752307
 10
233.0649119095542
 20
1496.7569751941453
 10
235.95212235888653
 20
1495.6823333919863
 10
238.90609422454406
 20
1494.8077538366656
  0
LWPOLYLINE
  5
B1
330
17
100
AcDbEntity
  8
HIDDEN
100
AcDbPolyline
 90
46
 70
0
 10
1490.4334233018444
 20
1423.3689659938336
 10
1493.5103597917996
 20
1423.490521122374
 10
1496.5717791022269
 20
1423.8222222201084
 10
1499.603345757267
 20
1424.3625160554807
 10
1502.5908640698262
 20
1425.1088726355538
 10
1505.5203446146397
 20
1426.0577970530148
 10
1508.3780697354932
 20
1427.2048458515128
 10
1511.150657779851
 20
1428.5446478326944
 10
1513.8251257601032
 20
1430.0709292075069
 10
1516.388950148018
 20
1431.7765429739934
 10
1518.8301255177153
 20
1433.6535023840172
 10
1521.1372207625645
 20
1435.6930183422014
 10
1523.2994326227602
 20
1437.8855405619572
 10
1525.3066362729255
 20
1440.2208022858883
 10
1527.1494327328646
 20
1442.6878683611544
 10
1528.8191928794538
 20
1445.2751864446834
 10
1530.3080978535813
 20
1447.9706410984502
 10
1531.6091756729252
 20
1450.761610521519
 10
1532.7163338791263
 20
1453.6350256531935
 10
1533.6243880664802
 20
1456.5774313705144
 10
1534.3290861585606
 20
1459.5750494935432
 10
1534.827128319095
 20
1462.6138433034002
 10
1535.116182403857
 20
1465.6795832709408
 10
1535.1948948812217
 20
1468.757913688294
 10
1535.0628971702454
 20
1471.8344198912441
 10
1534.7208073665909
 20
1474.8946957576866
 10
1534.1702273482192
 20
1477.9244111660812
 10
1533.413735274396
 20
1480.9093790980255
 10
1532.4548735131414
 20
1483.8356220707292
 10
1531.298132053652
 20
1486.6894375883112
 10
1529.9489274813686
 20
1489.457462305438
 10
1528.4135776141447
 20
1492.1267346028458
 10
1526.6992719182776
 20
1494.6847552817324
 10
1524.814037842942
 20
1497.1195460928059
 10
1522.7667032306626
 20
1499.4197058259238
 10
1520.566854979846
 20
1501.5744636976744
 10
1518.224794152938
 20
1503.5737297869077
 10
1515.7514877404226
 20
1505.4081422820418
 10
1513.1585173065255
 20
1507.0691113189084
 10
1510.458024757104
 20
1508.548859203858
 10
1507.6626554836653
 20
1509.8404568337755
 10
1504.7854991497513
 20
1510.937856142465
 10
1501.840028396965
 20
1511.835918421471
 10
1498.8400357576534
 20
1512.5304383827179
 10
1495.7995690696641
 20
1513.018163850294
 10
1492.7328656956008
 20
1513.2968109891683
  0
LWPOLYLINE
  5
B2
330
17
100
AcDbEntity
  8
HIDDEN
100
AcDbPolyline
 90
2
 70
0
 10
1492.7328656956008
 20
1513.2968109891683
 10
252.73286569560082
 20
1583.2968109891683
  0
LWPOLYLINE
  5
B3
330
17
100
AcDbEntity
  8
HIDDEN
100
AcDbPolyline
 90
91
 70
0
 10
570.4465811965812
 20
1468.3683427208193
 10
570.3728937169409
 20
1466.2582093900596
 10
570.1521902760137
 20
1464.1583564167775
 10
569.7855461187788
 20
1462.0790140735821
 10
569.2747474987153
 20
1460.030312707355
 10
568.6222829753549
 20
1458.0222333852178
 10
567.8313312902699
 20
1456.0645592677763
 10
566.9057458805637
 20
1454.1668279465462
 10
565.850036105313
 20
1452.338284977765
 10
564.6693452764233
 20
1450.587838838972
 10
563.3694256009303
 20
1448.9240175278014
 10
561.9566101568254
 20
1447.3549270144347
 10
560.4377820389367
 20
1445.8882117501282
 10
558.8203408251824
 20
1444.531017424216
 10
557.1121665265713
 20
1443.2899561510294
 10
555.3215811965812
 20
1442.17107425634
 10
553.4573083869508
 20
1441.1798228202695
 10
551.5284306474125
 20
1440.321031120174
 10
549.5443452764233
 20
1439.598883102891
 10
547.5147185384711
 20
1439.0168970009704
 10
545.4494385710058
 20
1438.5779081922
 10
543.3585672104277
 20
1438.2840553859292
 10
541.2522909718318
 20
1438.1367702034918
 10
539.1408714213305
 20
1438.1367702034918
 10
537.0345951827346
 20
1438.2840553859292
 10
534.9437238221565
 20
1438.5779081922
 10
532.8784438546912
 20
1439.0168970009704
 10
530.848817116739
 20
1439.598883102891
 10
528.8647317457499
 20
1440.321031120174
 10
526.9358540062116
 20
1441.1798228202695
 10
525.0715811965812
 20
1442.17107425634
 10
523.2809958665911
 20
1443.2899561510294
 10
521.57282156798
 20
1444.531017424216
 10
519.9553803542257
 20
1445.8882117501282
 10
518.436552236337
 20
1447.3549270144347
 10
517.0237367922321
 20
1448.9240175278017
 10
515.723817116739
 20
1450.587838838972
 10
514.5431262878493
 20
1452.338284977765
 10
513.4874165125987
 20
1454.1668279465462
 10
512.5618311028925
 20
1456.0645592677765
 10
511.7708794178074
 20
1458.022233385218
 10
511.118414894447
 20
1460.0303127073553
 10
510.60761627438353
 20
1462.0790140735821
 10
510.24097211714866
 20
1464.1583564167775
 10
510.02026867622146
 20
1466.2582093900596
 10
509.9465811965812
 20
1468.3683427208193
 10
510.0202686762215
 20
1470.4784760515793
 10
510.24097211714866
 20
1472.5783290248614
 10
510.6076162743836
 20
1474.6576713680565
 10
511.1184148944471
 20
1476.7063727342836
 10
511.77087941780746
 20
1478.714452056421
 10
512.5618311028925
 20
1480.6721261738624
 10
513.4874165125987
 20
1482.5698574950927
 10
514.5431262878493
 20
1484.398400463874
 10
515.723817116739
 20
1486.1488466026667
 10
517.0237367922322
 20
1487.8126679138372
 10
518.4365522363371
 20
1489.381758427204
 10
519.9553803542258
 20
1490.8484736915107
 10
521.5728215679801
 20
1492.2056680174228
 10
523.2809958665912
 20
1493.4467292906095
 10
525.0715811965813
 20
1494.5656111852986
 10
526.9358540062117
 20
1495.5568626213692
 10
528.86473174575
 20
1496.4156543214647
 10
530.8488171167392
 20
1497.1378023387479
 10
532.8784438546913
 20
1497.7197884406683
 10
534.9437238221567
 20
1498.1587772494386
 10
537.0345951827348
 20
1498.4526300557095
 10
539.1408714213306
 20
1498.5999152381469
 10
541.2522909718319
 20
1498.5999152381469
 10
543.3585672104279
 20
1498.4526300557095
 10
545.449438571006
 20
1498.1587772494386
 10
547.5147185384712
 20
1497.7197884406683
 10
549.5443452764234
 20
1497.1378023387476
 10
551.5284306474126
 20
1496.4156543214647
 10
553.4573083869509
 20
1495.556862621369
 10
555.3215811965813
 20
1494.5656111852986
 10
557.1121665265714
 20
1493.4467292906093
 10
558.8203408251825
 20
1492.2056680174226
 10
560.4377820389368
 20
1490.8484736915104
 10
561.9566101568255
 20
1489.381758427204
 10
563.3694256009304
 20
1487.812667913837
 10
564.6693452764234
 20
1486.1488466026665
 10
565.8500361053132
 20
1484.3984004638737
 10
566.9057458805638
 20
1482.5698574950923
 10
567.83133129027
 20
1480.6721261738621
 10
568.622282975355
 20
1478.7144520564207
 10
569.2747474987153
 20
1476.7063727342834
 10
569.7855461187788
 20
1474.6576713680563
 10
570.1521902760137
 20
1472.5783290248612
 10
570.3728937169409
 20
1470.4784760515788
 10
570.4465811965812
 20
1468.3683427208193
  0
LWPOLYLINE
  5
B4
330
17
100
AcDbEntity
  8
HIDDEN
100
AcDbPolyline
 90
91
 70
0
 10
1515.446581196581
 20
1468.3683427208193
 10
1515.3850734656417
 20
1466.6069917587802
 10
1515.2008499323058
 20
1464.8542219215776
 10
1514.8948081151098
 20
1463.118572527671
 10
1514.4684390190237
 20
1461.4084994864402
 10
1513.9238198714254
 20
1459.7323341018462
 10
1513.2636040020568
 20
1458.0982424831554
 10
1512.4910079162692
 20
1456.5141857604756
 10
1511.6097956245308
 20
1454.987881298931
 10
1510.6242603045484
 20
1453.5267651004344
 10
1509.5392033853354
 20
1452.1379555762342
 10
1508.359911155132
 20
1450.8282188667297
 10
1507.0921290071424
 20
1449.6039358775151
 10
1505.7420334485541
 20
1448.4710711922496
 10
1504.3162020092177
 20
1447.4351440138046
 10
1502.821581196581
 20
1446.5012012752622
 10
1501.2654526530055
 20
1445.6737930517654
 10
1499.655397680333
 20
1444.956950393008
 10
1497.9992603045484
 20
1444.3541656843668
 10
1496.3051090604727
 20
1443.8683756323503
 10
1494.5811976826712
 20
1443.501946957261
 10
1492.8359248940894
 20
1443.2566648627703
 10
1491.0777934883195
 20
1443.1337243385872
 10
1489.3153689048431
 20
1443.1337243385872
 10
1487.557237499073
 20
1443.2566648627703
 10
1485.811964710491
 20
1443.501946957261
 10
1484.0880533326895
 20
1443.8683756323503
 10
1482.3939020886137
 20
1444.3541656843668
 10
1480.7377647128294
 20
1444.956950393008
 10
1479.1277097401571
 20
1445.6737930517654
 10
1477.571581196581
 20
1446.5012012752622
 10
1476.0769603839449
 20
1447.4351440138046
 10
1474.6511289446084
 20
1448.4710711922496
 10
1473.30103338602
 20
1449.6039358775151
 10
1472.03325123803
 20
1450.8282188667297
 10
1470.853959007827
 20
1452.1379555762342
 10
1469.7689020886137
 20
1453.5267651004344
 10
1468.7833667686314
 20
1454.987881298931
 10
1467.9021544768932
 20
1456.5141857604756
 10
1467.1295583911055
 20
1458.0982424831554
 10
1466.469342521737
 20
1459.7323341018462
 10
1465.9247233741385
 20
1461.4084994864402
 10
1465.4983542780526
 20
1463.118572527671
 10
1465.1923124608566
 20
1464.8542219215778
 10
1465.0080889275205
 20
1466.6069917587802
 10
1464.946581196581
 20
1468.3683427208193
 10
1465.0080889275205
 20
1470.1296936828585
 10
1465.1923124608566
 20
1471.882463520061
 10
1465.4983542780526
 20
1473.618112913968
 10
1465.9247233741387
 20
1475.3281859551987
 10
1466.469342521737
 20
1477.0043513397925
 10
1467.1295583911055
 20
1478.6384429584834
 10
1467.9021544768934
 20
1480.222499681163
 10
1468.7833667686314
 20
1481.7488041427077
 10
1469.7689020886137
 20
1483.2099203412045
 10
1470.8539590078271
 20
1484.5987298654045
 10
1472.0332512380303
 20
1485.908466574909
 10
1473.3010333860202
 20
1487.1327495641235
 10
1474.6511289446084
 20
1488.265614249389
 10
1476.0769603839449
 20
1489.301541427834
 10
1477.5715811965813
 20
1490.2354841663764
 10
1479.1277097401571
 20
1491.0628923898732
 10
1480.7377647128296
 20
1491.7797350486308
 10
1482.393902088614
 20
1492.382519757272
 10
1484.0880533326897
 20
1492.8683098092883
 10
1485.8119647104913
 20
1493.2347384843777
 10
1487.557237499073
 20
1493.4800205788683
 10
1489.3153689048431
 20
1493.6029611030515
 10
1491.0777934883195
 20
1493.6029611030515
 10
1492.8359248940897
 20
1493.480020578868
 10
1494.5811976826712
 20
1493.2347384843777
 10
1496.305109060473
 20
1492.8683098092881
 10
1497.9992603045487
 20
1492.382519757272
 10
1499.655397680333
 20
1491.7797350486308
 10
1501.2654526530055
 20
1491.0628923898732
 10
1502.8215811965813
 20
1490.2354841663764
 10
1504.3162020092177
 20
1489.301541427834
 10
1505.7420334485541
 20
1488.265614249389
 10
1507.0921290071424
 20
1487.1327495641235
 10
1508.359911155132
 20
1485.908466574909
 10
1509.5392033853354
 20
1484.5987298654043
 10
1510.6242603045487
 20
1483.2099203412042
 10
1511.609795624531
 20
1481.7488041427075
 10
1512.4910079162692
 20
1480.2224996811628
 10
1513.263604002057
 20
1478.6384429584832
 10
1513.9238198714254
 20
1477.0043513397923
 10
1514.4684390190237
 20
1475.3281859551985
 10
1514.8948081151098
 20
1473.6181129139675
 10
1515.2008499323058
 20
1471.8824635200608
 10
1515.3850734656417
 20
1470.1296936828583
 10
1515.446581196581
 20
1468.3683427208193
  0
LWPOLYLINE
  5
B5
330
17
100
AcDbEntity
  8
HIDDEN
100
AcDbPolyline
 90
91
 70
0
 10
1365.446581196581
 20
1480.3683427208193
 10
1365.3850734656417
 20
1478.6069917587802
 10
1365.2008499323058
 20
1476.8542219215776
 10
1364.8948081151098
 20
1475.118572527671
 10
1364.4684390190237
 20
1473.4084994864402
 10
1363.9238198714254
 20
1471.7323341018462
 10
1363.2636040020568
 20
1470.0982424831554
 10
1362.4910079162692
 20
1468.5141857604756
 10
1361.6097956245308
 20
1466.987881298931
 10
1360.6242603045484
 20
1465.5267651004344
 10
1359.5392033853354
 20
1464.1379555762342
 10
1358.359911155132
 20
1462.8282188667297
 10
1357.0921290071424
 20
1461.6039358775151
 10
1355.7420334485541
 20
1460.4710711922496
 10
1354.3162020092177
 20
1459.4351440138046
 10
1352.821581196581
 20
1458.5012012752622
 10
1351.2654526530055
 20
1457.6737930517654
 10
1349.655397680333
 20
1456.956950393008
 10
1347.9992603045484
 20
1456.3541656843668
 10
1346.3051090604727
 20
1455.8683756323503
 10
1344.5811976826712
 20
1455.501946957261
 10
1342.8359248940894
 20
1455.2566648627703
 10
1341.0777934883195
 20
1455.1337243385872
 10
1339.3153689048431
 20
1455.1337243385872
 10
1337.557237499073
 20
1455.2566648627703
 10
1335.811964710491
 20
1455.501946957261
 10
1334.0880533326895
 20
1455.8683756323503
 10
1332.3939020886137
 20
1456.3541656843668
 10
1330.7377647128294
 20
1456.956950393008
 10
1329.1277097401571
 20
1457.6737930517654
 10
1327.571581196581
 20
1458.5012012752622
 10
1326.0769603839449
 20
1459.4351440138046
 10
1324.6511289446084
 20
1460.4710711922496
 10
1323.30103338602
 20
1461.6039358775151
 10
1322.03325123803
 20
1462.8282188667297
 10
1320.853959007827
 20
1464.1379555762342
 10
1319.7689020886137
 20
1465.5267651004344
 10
1318.7833667686314
 20
1466.987881298931
 10
1317.9021544768932
 20
1468.5141857604756
 10
1317.1295583911055
 20
1470.0982424831554
 10
1316.469342521737
 20
1471.7323341018462
 10
1315.9247233741385
 20
1473.4084994864402
 10
1315.4983542780526
 20
1475.118572527671
 10
1315.1923124608566
 20
1476.8542219215778
 10
1315.0080889275205
 20
1478.6069917587802
 10
1314.946581196581
 20
1480.3683427208193
 10
1315.0080889275205
 20
1482.1296936828585
 10
1315.1923124608566
 20
1483.882463520061
 10
1315.4983542780526
 20
1485.6181129139677
 10
1315.9247233741387
 20
1487.3281859551987
 10
1316.469342521737
 20
1489.0043513397925
 10
1317.1295583911055
 20
1490.6384429584834
 10
1317.9021544768934
 20
1492.222499681163
 10
1318.7833667686314
 20
1493.7488041427077
 10
1319.7689020886137
 20
1495.2099203412045
 10
1320.8539590078271
 20
1496.5987298654045
 10
1322.0332512380303
 20
1497.908466574909
 10
1323.3010333860202
 20
1499.1327495641235
 10
1324.6511289446084
 20
1500.265614249389
 10
1326.0769603839449
 20
1501.301541427834
 10
1327.5715811965813
 20
1502.2354841663764
 10
1329.1277097401571
 20
1503.0628923898732
 10
1330.7377647128296
 20
1503.7797350486308
 10
1332.393902088614
 20
1504.382519757272
 10
1334.0880533326897
 20
1504.8683098092883
 10
1335.8119647104913
 20
1505.2347384843777
 10
1337.557237499073
 20
1505.4800205788683
 10
1339.3153689048431
 20
1505.6029611030515
 10
1341.0777934883195
 20
1505.6029611030515
 10
1342.8359248940897
 20
1505.4800205788683
 10
1344.5811976826712
 20
1505.2347384843777
 10
1346.305109060473
 20
1504.8683098092881
 10
1347.9992603045487
 20
1504.382519757272
 10
1349.655397680333
 20
1503.7797350486308
 10
1351.2654526530055
 20
1503.0628923898732
 10
1352.8215811965813
 20
1502.2354841663764
 10
1354.3162020092177
 20
1501.301541427834
 10
1355.7420334485541
 20
1500.265614249389
 10
1357.0921290071424
 20
1499.1327495641235
 10
1358.359911155132
 20
1497.908466574909
 10
1359.5392033853354
 20
1496.5987298654043
 10
1360.6242603045487
 20
1495.2099203412042
 10
1361.609795624531
 20
1493.7488041427075
 10
1362.4910079162692
 20
1492.2224996811628
 10
1363.263604002057
 20
1490.6384429584832
 10
1363.9238198714254
 20
1489.0043513397923
 10
1364.4684390190237
 20
1487.3281859551985
 10
1364.8948081151098
 20
1485.6181129139675
 10
1365.2008499323058
 20
1483.8824635200608
 10
1365.3850734656417
 20
1482.1296936828583
 10
1365.446581196581
 20
1480.3683427208193
  0
LWPOLYLINE
  5
B6
330
17
100
AcDbEntity
  8
HIDDEN
100
AcDbPolyline
 90
91
 70
0
 10
285.1965811965812
 20
1538.3683427208193
 10
285.11132295567506
 20
1540.8098193018636
 10
284.8559636025361
 20
1543.2394012544216
 10
284.4317472222644
 20
1545.6452518994408
 10
283.8407405544223
 20
1548.0156501744143
 10
283.08582292408795
 20
1550.3390477372177
 10
282.1706722140722
 20
1552.6041252284724
 10
281.0997469466436
 20
1554.7998474183255
 10
279.8782645620561
 20
1556.9155169689816
 10
278.51217599970437
 20
1558.9408265510558
 10
277.0081367057454
 20
1560.8659090598483
 10
275.37347420843395
 20
1562.6813856868841
 10
273.6161524191412
 20
1564.3784116125282
 10
271.7447328329792
 20
1565.9487190970547
 10
269.76833281805733
 20
1567.3846577602458
 10
267.6965811965812
 20
1568.6792318532746
 10
265.5395713341989
 20
1569.82613434129
 10
263.3078119661381
 20
1570.819777630657
 10
261.0121759997043
 20
1571.6553207911497
 10
258.66384754256956
 20
1572.3286931404791
 10
256.2742674149237
 20
1572.8366140762466
 10
253.85507741094904
 20
1573.176609058709
 10
251.41806358116867
 20
1573.3470216664878
 10
248.97509881199363
 20
1573.3470216664878
 10
246.53808498221326
 20
1573.176609058709
 10
244.1188949782386
 20
1572.8366140762466
 10
241.7293148505928
 20
1572.3286931404791
 10
239.380986393458
 20
1571.6553207911497
 10
237.0853504270242
 20
1570.819777630657
 10
234.85359105896345
 20
1569.82613434129
 10
232.69658119658112
 20
1568.6792318532746
 10
230.62482957510503
 20
1567.3846577602458
 10
228.6484295601831
 20
1565.9487190970547
 10
226.7770099740211
 20
1564.378411612528
 10
225.01968818472835
 20
1562.6813856868841
 10
223.38502568741694
 20
1560.8659090598483
 10
221.880986393458
 20
1558.9408265510558
 10
220.51489783110623
 20
1556.9155169689814
 10
219.29341544651868
 20
1554.7998474183255
 10
218.22249017909013
 20
1552.6041252284722
 10
217.30733946907435
 20
1550.3390477372177
 10
216.55242183873997
 20
1548.0156501744143
 10
215.96141517089796
 20
1545.6452518994408
 10
215.53719879062623
 20
1543.2394012544216
 10
215.2818394374873
 20
1540.8098193018636
 10
215.19658119658118
 20
1538.3683427208193
 10
215.28183943748735
 20
1535.9268661397748
 10
215.53719879062623
 20
1533.497284187217
 10
215.96141517089802
 20
1531.0914335421976
 10
216.55242183874003
 20
1528.7210352672244
 10
217.3073394690744
 20
1526.3976377044207
 10
218.2224901790902
 20
1524.1325602131662
 10
219.2934154465188
 20
1521.9368380233132
 10
220.51489783110634
 20
1519.821168472657
 10
221.8809863934581
 20
1517.7958588905826
 10
223.38502568741706
 20
1515.8707763817904
 10
225.01968818472847
 20
1514.0552997547543
 10
226.7770099740212
 20
1512.3582738291104
 10
228.64842956018322
 20
1510.787966344584
 10
230.62482957510514
 20
1509.3520276813929
 10
232.6965811965813
 20
1508.0574535883638
 10
234.85359105896362
 20
1506.9105511003484
 10
237.08535042702437
 20
1505.9169078109817
 10
239.38098639345816
 20
1505.081364650489
 10
241.72931485059297
 20
1504.4079923011593
 10
244.11889497823876
 20
1503.900071365392
 10
246.5380849822135
 20
1503.5600763829298
 10
248.9750988119938
 20
1503.389663775151
 10
251.4180635811689
 20
1503.389663775151
 10
253.8550774109492
 20
1503.5600763829298
 10
256.2742674149239
 20
1503.900071365392
 10
258.6638475425697
 20
1504.4079923011595
 10
261.0121759997045
 20
1505.081364650489
 10
263.3078119661383
 20
1505.916907810982
 10
265.5395713341991
 20
1506.9105511003486
 10
267.69658119658135
 20
1508.057453588364
 10
269.7683328180575
 20
1509.3520276813929
 10
271.74473283297937
 20
1510.7879663445842
 10
273.6161524191414
 20
1512.3582738291107
 10
275.3734742084341
 20
1514.0552997547545
 10
277.0081367057455
 20
1515.8707763817906
 10
278.5121759997045
 20
1517.7958588905828
 10
279.8782645620562
 20
1519.8211684726573
 10
281.09974694664373
 20
1521.9368380233134
 10
282.1706722140723
 20
1524.1325602131665
 10
283.08582292408806
 20
1526.3976377044212
 10
283.8407405544224
 20
1528.7210352672246
 10
284.43174722226445
 20
1531.091433542198
 10
284.8559636025362
 20
1533.4972841872172
 10
285.11132295567506
 20
1535.9268661397753
 10
285.1965811965812
 20
1538.3683427208193
  0
LWPOLYLINE
  5
B7
330
17
100
AcDbEntity
  8
HIDDEN
100
AcDbPolyline
 90
44
 70
0
 10
252.73286569560088
 20
1583.2968109891683
 10
249.652901168599
 20
1583.3650582901491
 10
246.57548477972637
 20
1583.2224134473413
 10
243.5150398692507
 20
1582.8695450134674
 10
240.48591023493475
 20
1582.3081068243582
 10
237.50229290503518
 20
1581.5407302476995
 10
234.57817159918545
 20
1580.5710118502475
 10
231.72725118902093
 20
1579.4034965413161
 10
228.96289346571825
 20
1578.0436562715427
 10
226.2980545154959
 20
1576.4978643867603
 10
223.74522399658673
 20
1574.7733657571848
 10
221.31636660228122
 20
1572.878242821909
 10
219.02286598439395
 20
1570.8213777078502
 10
216.87547139997554
 20
1568.6124106006953
 10
214.88424733132734
 20
1566.261694562949
 10
213.05852631544207
 20
1563.7802470108466
 10
211.4068652039506
 20
1561.1796980775503
 10
209.9370050585772
 20
1558.4722361046456
 10
208.65583487006722
 20
1555.6705505174045
 10
207.56935927062983
 20
1552.7877723515535
 10
206.6826703912226
 20
1549.8374127102863
 10
205.99992399557817
 20
1546.833299439966
 10
205.52432000282886
 20
1543.789512321299
 10
205.2580874900163
 20
1540.7203170797409
 10
205.20247424477708
 20
1537.6400985244052
 10
205.35774091716894
 20
1534.5632931288487
 10
205.72315979804722
 20
1531.5043213697147
 10
206.29701822971697
 20
1528.4775201403502
 10
207.07662663287533
 20
1525.4970755561637
 10
208.05833111222415
 20
1522.576956466656
 10
209.23753058167074
 20
1519.7308489857378
 10
210.6086983288559
 20
1516.9720923471848
 10
212.16540791793773
 20
1514.3136163858599
 10
213.900363309231
 20
1511.7678809377223
 10
215.80543305453523
 20
1509.3468174426428
 10
217.87168840788365
 20
1507.061773023722
 10
220.0894451730951
 20
1504.923457305209
 10
222.44830909199544
 20
1502.9418922182658
 10
224.93722456058174
 20
1501.1263650298401
 10
227.54452644480506
 20
1499.4853848147836
 10
230.2579947531192
 20
1498.0266425752307
 10
233.0649119095542
 20
1496.7569751941453
 10
235.95212235888653
 20
1495.6823333919863
 10
238.90609422454406
 20
1494.8077538366656
  0
LWPOLYLINE
  5
B8
330
17
100
AcDbEntity
  8
HIDDEN
100
AcDbPolyline
 90
2
 70
0
 10
238.90609422454406
 20
1494.8077538366656
 10
241.41509132944122
 20
1504.4878846998108
  0
LWPOLYLINE
  5
B9
330
17
100
AcDbEntity
  8
HIDDEN
100
AcDbPolyline
 90
2
 70
0
 10
1490.3702654071076
 20
1435.3687997876966
 10
1490.4334233018444
 20
1423.3689659938336
  0
LWPOLYLINE
  5
BA
330
17
100
AcDbEntity
  8
HIDDEN
100
AcDbPolyline
 90
46
 70
0
 10
1490.4334233018444
 20
1423.3689659938336
 10
1493.5103597917996
 20
1423.490521122374
 10
1496.5717791022269
 20
1423.8222222201084
 10
1499.603345757267
 20
1424.3625160554807
 10
1502.5908640698262
 20
1425.1088726355538
 10
1505.5203446146397
 20
1426.0577970530148
 10
1508.3780697354932
 20
1427.2048458515128
 10
1511.150657779851
 20
1428.5446478326944
 10
1513.8251257601032
 20
1430.0709292075069
 10
1516.388950148018
 20
1431.7765429739934
 10
1518.8301255177153
 20
1433.6535023840172
 10
1521.1372207625645
 20
1435.6930183422014
 10
1523.2994326227602
 20
1437.8855405619572
 10
1525.3066362729255
 20
1440.2208022858883
 10
1527.1494327328646
 20
1442.6878683611544
 10
1528.8191928794538
 20
1445.2751864446834
 10
1530.3080978535813
 20
1447.9706410984502
 10
1531.6091756729252
 20
1450.761610521519
 10
1532.7163338791263
 20
1453.6350256531935
 10
1533.6243880664802
 20
1456.5774313705144
 10
1534.3290861585606
 20
1459.5750494935432
 10
1534.827128319095
 20
1462.6138433034002
 10
1535.116182403857
 20
1465.6795832709408
 10
1535.1948948812217
 20
1468.757913688294
 10
1535.0628971702454
 20
1471.8344198912441
 10
1534.7208073665909
 20
1474.8946957576866
 10
1534.1702273482192
 20
1477.9244111660812
 10
1533.413735274396
 20
1480.9093790980255
 10
1532.4548735131414
 20
1483.8356220707292
 10
1531.298132053652
 20
1486.6894375883112
 10
1529.9489274813686
 20
1489.457462305438
 10
1528.4135776141447
 20
1492.1267346028458
 10
1526.6992719182776
 20
1494.6847552817324
 10
1524.814037842942
 20
1497.1195460928059
 10
1522.7667032306626
 20
1499.4197058259238
 10
1520.566854979846
 20
1501.5744636976744
 10
1518.224794152938
 20
1503.5737297869077
 10
1515.7514877404226
 20
1505.4081422820418
 10
1513.1585173065255
 20
1507.0691113189084
 10
1510.458024757104
 20
1508.548859203858
 10
1507.6626554836653
 20
1509.8404568337755
 10
1504.7854991497513
 20
1510.937856142465
 10
1501.840028396965
 20
1511.835918421471
 10
1498.8400357576534
 20
1512.5304383827179
 10
1495.7995690696641
 20
1513.018163850294
 10
1492.7328656956008
 20
1513.2968109891683
  0
LWPOLYLINE
  5
BB
330
17
100
AcDbEntity
  8
HIDDEN
100
AcDbPolyline
 90
2
 70
0
 10
540.459739091318
 20
1418.369035246391
 10
540.3965811965812
 20
1430.3688690402537
  0
LWPOLYLINE
  5
BC
330
17
100
AcDbEntity
  8
HIDDEN
100
AcDbPolyline
 90
2
 70
0
 10
630.1965811965812
 20
1561.9883754366936
 10
760.1965811965812
 20
1554.6496657592743
  0
LWPOLYLINE
  5
BD
330
17
100
AcDbEntity
  8
HIDDEN
100
AcDbPolyline
 90
2
 70
0
 10
630.1965811965812
 20
1561.9883754366936
 10
760.1965811965812
 20
1554.6496657592743
  0
LWPOLYLINE
  5
BE
330
17
100
AcDbEntity
  8
HIDDEN
100
AcDbPolyline
 90
2
 70
0
 10
630.1965811965812
 20
1561.9883754366936
 10
760.1965811965812
 20
1554.6496657592743
  0
LWPOLYLINE
  5
BF
330
17
100
AcDbEntity
  8
HIDDEN
100
AcDbPolyline
 90
2
 70
0
 10
630.1965811965812
 20
1561.9883754366936
 10
760.1965811965812
 20
1554.6496657592743
  0
LWPOLYLINE
  5
C0
330
17
100
AcDbEntity
  8
HIDDEN
100
AcDbPolyline
 90
2
 70
0
 10
419.6329624190212
 20
1563.859110086738
 10
420.1965811965812
 20
1573.8432141463709
  0
LWPOLYLINE
  5
C1
330
17
100
AcDbEntity
  8
HIDDEN
100
AcDbPolyline
 90
2
 70
0
 10
1492.169246918041
 20
1503.3127069295351
 10
419.63296241902117
 20
1563.859110086738
  0
LWPOLYLINE
  5
C2
330
17
100
AcDbEntity
  8
HIDDEN
100
AcDbPolyline
 90
2
 70
0
 10
1492.7328656956008
 20
1513.2968109891683
 10
1492.169246918041
 20
1503.3127069295351
  0
LWPOLYLINE
  5
C3
330
17
100
AcDbEntity
  8
HIDDEN
100
AcDbPolyline
 90
2
 70
0
 10
540.3965811965812
 20
1430.3688690402537
 10
1490.3702654071076
 20
1435.3687997876966
  0
LWPOLYLINE
  5
C4
330
17
100
AcDbEntity
  8
HIDDEN
100
AcDbPolyline
 90
2
 70
0
 10
241.41509132944122
 20
1504.4878846998108
 10
530.1605927769926
 20
1429.6478192682382
  0
LWPOLYLINE
  5
C5
330
17
100
AcDbEntity
  8
HIDDEN
100
AcDbPolyline
 90
91
 70
0
 10
570.4465811965812
 20
1468.3683427208193
 10
570.3728937169409
 20
1466.2582093900596
 10
570.1521902760137
 20
1464.1583564167775
 10
569.7855461187788
 20
1462.0790140735821
 10
569.2747474987153
 20
1460.030312707355
 10
568.6222829753549
 20
1458.0222333852178
 10
567.8313312902699
 20
1456.0645592677763
 10
566.9057458805637
 20
1454.1668279465462
 10
565.850036105313
 20
1452.338284977765
 10
564.6693452764233
 20
1450.587838838972
 10
563.3694256009303
 20
1448.9240175278014
 10
561.9566101568254
 20
1447.3549270144347
 10
560.4377820389367
 20
1445.8882117501282
 10
558.8203408251824
 20
1444.531017424216
 10
557.1121665265713
 20
1443.2899561510294
 10
555.3215811965812
 20
1442.17107425634
 10
553.4573083869508
 20
1441.1798228202695
 10
551.5284306474125
 20
1440.321031120174
 10
549.5443452764233
 20
1439.598883102891
 10
547.5147185384711
 20
1439.0168970009704
 10
545.4494385710058
 20
1438.5779081922
 10
543.3585672104277
 20
1438.2840553859292
 10
541.2522909718318
 20
1438.1367702034918
 10
539.1408714213305
 20
1438.1367702034918
 10
537.0345951827346
 20
1438.2840553859292
 10
534.9437238221565
 20
1438.5779081922
 10
532.8784438546912
 20
1439.0168970009704
 10
530.848817116739
 20
1439.598883102891
 10
528.8647317457499
 20
1440.321031120174
 10
526.9358540062116
 20
1441.1798228202695
 10
525.0715811965812
 20
1442.17107425634
 10
523.2809958665911
 20
1443.2899561510294
 10
521.57282156798
 20
1444.531017424216
 10
519.9553803542257
 20
1445.8882117501282
 10
518.436552236337
 20
1447.3549270144347
 10
517.0237367922321
 20
1448.9240175278017
 10
515.723817116739
 20
1450.587838838972
 10
514.5431262878493
 20
1452.338284977765
 10
513.4874165125987
 20
1454.1668279465462
 10
512.5618311028925
 20
1456.0645592677765
 10
511.7708794178074
 20
1458.022233385218
 10
511.118414894447
 20
1460.0303127073553
 10
510.60761627438353
 20
1462.0790140735821
 10
510.24097211714866
 20
1464.1583564167775
 10
510.02026867622146
 20
1466.2582093900596
 10
509.9465811965812
 20
1468.3683427208193
 10
510.0202686762215
 20
1470.4784760515793
 10
510.24097211714866
 20
1472.5783290248614
 10
510.6076162743836
 20
1474.6576713680565
 10
511.1184148944471
 20
1476.7063727342836
 10
511.77087941780746
 20
1478.714452056421
 10
512.5618311028925
 20
1480.6721261738624
 10
513.4874165125987
 20
1482.5698574950927
 10
514.5431262878493
 20
1484.398400463874
 10
515.723817116739
 20
1486.1488466026667
 10
517.0237367922322
 20
1487.8126679138372
 10
518.4365522363371
 20
1489.381758427204
 10
519.9553803542258
 20
1490.8484736915107
 10
521.5728215679801
 20
1492.2056680174228
 10
523.2809958665912
 20
1493.4467292906095
 10
525.0715811965813
 20
1494.5656111852986
 10
526.9358540062117
 20
1495.5568626213692
 10
528.86473174575
 20
1496.4156543214647
 10
530.8488171167392
 20
1497.1378023387479
 10
532.8784438546913
 20
1497.7197884406683
 10
534.9437238221567
 20
1498.1587772494386
 10
537.0345951827348
 20
1498.4526300557095
 10
539.1408714213306
 20
1498.5999152381469
 10
541.2522909718319
 20
1498.5999152381469
 10
543.3585672104279
 20
1498.4526300557095
 10
545.449438571006
 20
1498.1587772494386
 10
547.5147185384712
 20
1497.7197884406683
 10
549.5443452764234
 20
1497.1378023387476
 10
551.5284306474126
 20
1496.4156543214647
 10
553.4573083869509
 20
1495.556862621369
 10
555.3215811965813
 20
1494.5656111852986
 10
557.1121665265714
 20
1493.4467292906093
 10
558.8203408251825
 20
1492.2056680174226
 10
560.4377820389368
 20
1490.8484736915104
 10
561.9566101568255
 20
1489.381758427204
 10
563.3694256009304
 20
1487.812667913837
 10
564.6693452764234
 20
1486.1488466026665
 10
565.8500361053132
 20
1484.3984004638737
 10
566.9057458805638
 20
1482.5698574950923
 10
567.83133129027
 20
1480.6721261738621
 10
568.622282975355
 20
1478.7144520564207
 10
569.2747474987153
 20
1476.7063727342834
 10
569.7855461187788
 20
1474.6576713680563
 10
570.1521902760137
 20
1472.5783290248612
 10
570.3728937169409
 20
1470.4784760515788
 10
570.4465811965812
 20
1468.3683427208193
  0
LWPOLYLINE
  5
C6
330
17
100
AcDbEntity
  8
HIDDEN
100
AcDbPolyline
 90
91
 70
0
 10
1365.446581196581
 20
1480.3683427208193
 10
1365.3850734656417
 20
1478.6069917587802
 10
1365.2008499323058
 20
1476.8542219215776
 10
1364.8948081151098
 20
1475.118572527671
 10
1364.4684390190237
 20
1473.4084994864402
 10
1363.9238198714254
 20
1471.7323341018462
 10
1363.2636040020568
 20
1470.0982424831554
 10
1362.4910079162692
 20
1468.5141857604756
 10
1361.6097956245308
 20
1466.987881298931
 10
1360.6242603045484
 20
1465.5267651004344
 10
1359.5392033853354
 20
1464.1379555762342
 10
1358.359911155132
 20
1462.8282188667297
 10
1357.0921290071424
 20
1461.6039358775151
 10
1355.7420334485541
 20
1460.4710711922496
 10
1354.3162020092177
 20
1459.4351440138046
 10
1352.821581196581
 20
1458.5012012752622
 10
1351.2654526530055
 20
1457.6737930517654
 10
1349.655397680333
 20
1456.956950393008
 10
1347.9992603045484
 20
1456.3541656843668
 10
1346.3051090604727
 20
1455.8683756323503
 10
1344.5811976826712
 20
1455.501946957261
 10
1342.8359248940894
 20
1455.2566648627703
 10
1341.0777934883195
 20
1455.1337243385872
 10
1339.3153689048431
 20
1455.1337243385872
 10
1337.557237499073
 20
1455.2566648627703
 10
1335.811964710491
 20
1455.501946957261
 10
1334.0880533326895
 20
1455.8683756323503
 10
1332.3939020886137
 20
1456.3541656843668
 10
1330.7377647128294
 20
1456.956950393008
 10
1329.1277097401571
 20
1457.6737930517654
 10
1327.571581196581
 20
1458.5012012752622
 10
1326.0769603839449
 20
1459.4351440138046
 10
1324.6511289446084
 20
1460.4710711922496
 10
1323.30103338602
 20
1461.6039358775151
 10
1322.03325123803
 20
1462.8282188667297
 10
1320.853959007827
 20
1464.1379555762342
 10
1319.7689020886137
 20
1465.5267651004344
 10
1318.7833667686314
 20
1466.987881298931
 10
1317.9021544768932
 20
1468.5141857604756
 10
1317.1295583911055
 20
1470.0982424831554
 10
1316.469342521737
 20
1471.7323341018462
 10
1315.9247233741385
 20
1473.4084994864402
 10
1315.4983542780526
 20
1475.118572527671
 10
1315.1923124608566
 20
1476.8542219215778
 10
1315.0080889275205
 20
1478.6069917587802
 10
1314.946581196581
 20
1480.3683427208193
 10
1315.0080889275205
 20
1482.1296936828585
 10
1315.1923124608566
 20
1483.882463520061
 10
1315.4983542780526
 20
1485.6181129139677
 10
1315.9247233741387
 20
1487.3281859551987
 10
1316.469342521737
 20
1489.0043513397925
 10
1317.1295583911055
 20
1490.6384429584834
 10
1317.9021544768934
 20
1492.222499681163
 10
1318.7833667686314
 20
1493.7488041427077
 10
1319.7689020886137
 20
1495.2099203412045
 10
1320.8539590078271
 20
1496.5987298654045
 10
1322.0332512380303
 20
1497.908466574909
 10
1323.3010333860202
 20
1499.1327495641235
 10
1324.6511289446084
 20
1500.265614249389
 10
1326.0769603839449
 20
1501.301541427834
 10
1327.5715811965813
 20
1502.2354841663764
 10
1329.1277097401571
 20
1503.0628923898732
 10
1330.7377647128296
 20
1503.7797350486308
 10
1332.393902088614
 20
1504.382519757272
 10
1334.0880533326897
 20
1504.8683098092883
 10
1335.8119647104913
 20
1505.2347384843777
 10
1337.557237499073
 20
1505.4800205788683
 10
1339.3153689048431
 20
1505.6029611030515
 10
1341.0777934883195
 20
1505.6029611030515
 10
1342.8359248940897
 20
1505.4800205788683
 10
1344.5811976826712
 20
1505.2347384843777
 10
1346.305109060473
 20
1504.8683098092881
 10
1347.9992603045487
 20
1504.382519757272
 10
1349.655397680333
 20
1503.7797350486308
 10
1351.2654526530055
 20
1503.0628923898732
 10
1352.8215811965813
 20
1502.2354841663764
 10
1354.3162020092177
 20
1501.301541427834
 10
1355.7420334485541
 20
1500.265614249389
 10
1357.0921290071424
 20
1499.1327495641235
 10
1358.359911155132
 20
1497.908466574909
 10
1359.5392033853354
 20
1496.5987298654043
 10
1360.6242603045487
 20
1495.2099203412042
 10
1361.609795624531
 20
1493.7488041427075
 10
1362.4910079162692
 20
1492.2224996811628
 10
1363.263604002057
 20
1490.6384429584832
 10
1363.9238198714254
 20
1489.0043513397923
 10
1364.4684390190237
 20
1487.3281859551985
 10
1364.8948081151098
 20
1485.6181129139675
 10
1365.2008499323058
 20
1483.8824635200608
 10
1365.3850734656417
 20
1482.1296936828583
 10
1365.446581196581
 20
1480.3683427208193
  0
LWPOLYLINE
  5
C7
330
17
100
AcDbEntity
  8
HIDDEN
100
AcDbPolyline
 90
91
 70
0
 10
1515.446581196581
 20
1468.3683427208193
 10
1515.3850734656417
 20
1466.6069917587802
 10
1515.2008499323058
 20
1464.8542219215776
 10
1514.8948081151098
 20
1463.118572527671
 10
1514.4684390190237
 20
1461.4084994864402
 10
1513.9238198714254
 20
1459.7323341018462
 10
1513.2636040020568
 20
1458.0982424831554
 10
1512.4910079162692
 20
1456.5141857604756
 10
1511.6097956245308
 20
1454.987881298931
 10
1510.6242603045484
 20
1453.5267651004344
 10
1509.5392033853354
 20
1452.1379555762342
 10
1508.359911155132
 20
1450.8282188667297
 10
1507.0921290071424
 20
1449.6039358775151
 10
1505.7420334485541
 20
1448.4710711922496
 10
1504.3162020092177
 20
1447.4351440138046
 10
1502.821581196581
 20
1446.5012012752622
 10
1501.2654526530055
 20
1445.6737930517654
 10
1499.655397680333
 20
1444.956950393008
 10
1497.9992603045484
 20
1444.3541656843668
 10
1496.3051090604727
 20
1443.8683756323503
 10
1494.5811976826712
 20
1443.501946957261
 10
1492.8359248940894
 20
1443.2566648627703
 10
1491.0777934883195
 20
1443.1337243385872
 10
1489.3153689048431
 20
1443.1337243385872
 10
1487.557237499073
 20
1443.2566648627703
 10
1485.811964710491
 20
1443.501946957261
 10
1484.0880533326895
 20
1443.8683756323503
 10
1482.3939020886137
 20
1444.3541656843668
 10
1480.7377647128294
 20
1444.956950393008
 10
1479.1277097401571
 20
1445.6737930517654
 10
1477.571581196581
 20
1446.5012012752622
 10
1476.0769603839449
 20
1447.4351440138046
 10
1474.6511289446084
 20
1448.4710711922496
 10
1473.30103338602
 20
1449.6039358775151
 10
1472.03325123803
 20
1450.8282188667297
 10
1470.853959007827
 20
1452.1379555762342
 10
1469.7689020886137
 20
1453.5267651004344
 10
1468.7833667686314
 20
1454.987881298931
 10
1467.9021544768932
 20
1456.5141857604756
 10
1467.1295583911055
 20
1458.0982424831554
 10
1466.469342521737
 20
1459.7323341018462
 10
1465.9247233741385
 20
1461.4084994864402
 10
1465.4983542780526
 20
1463.118572527671
 10
1465.1923124608566
 20
1464.8542219215778
 10
1465.0080889275205
 20
1466.6069917587802
 10
1464.946581196581
 20
1468.3683427208193
 10
1465.0080889275205
 20
1470.1296936828585
 10
1465.1923124608566
 20
1471.882463520061
 10
1465.4983542780526
 20
1473.618112913968
 10
1465.9247233741387
 20
1475.3281859551987
 10
1466.469342521737
 20
1477.0043513397925
 10
1467.1295583911055
 20
1478.6384429584834
 10
1467.9021544768934
 20
1480.222499681163
 10
1468.7833667686314
 20
1481.7488041427077
 10
1469.7689020886137
 20
1483.2099203412045
 10
1470.8539590078271
 20
1484.5987298654045
 10
1472.0332512380303
 20
1485.908466574909
 10
1473.3010333860202
 20
1487.1327495641235
 10
1474.6511289446084
 20
1488.265614249389
 10
1476.0769603839449
 20
1489.301541427834
 10
1477.5715811965813
 20
1490.2354841663764
 10
1479.1277097401571
 20
1491.0628923898732
 10
1480.7377647128296
 20
1491.7797350486308
 10
1482.393902088614
 20
1492.382519757272
 10
1484.0880533326897
 20
1492.8683098092883
 10
1485.8119647104913
 20
1493.2347384843777
 10
1487.557237499073
 20
1493.4800205788683
 10
1489.3153689048431
 20
1493.6029611030515
 10
1491.0777934883195
 20
1493.6029611030515
 10
1492.8359248940897
 20
1493.480020578868
 10
1494.5811976826712
 20
1493.2347384843777
 10
1496.305109060473
 20
1492.8683098092881
 10
1497.9992603045487
 20
1492.382519757272
 10
1499.655397680333
 20
1491.7797350486308
 10
1501.2654526530055
 20
1491.0628923898732
 10
1502.8215811965813
 20
1490.2354841663764
 10
1504.3162020092177
 20
1489.301541427834
 10
1505.7420334485541
 20
1488.265614249389
 10
1507.0921290071424
 20
1487.1327495641235
 10
1508.359911155132
 20
1485.908466574909
 10
1509.5392033853354
 20
1484.5987298654043
 10
1510.6242603045487
 20
1483.2099203412042
 10
1511.609795624531
 20
1481.7488041427075
 10
1512.4910079162692
 20
1480.2224996811628
 10
1513.263604002057
 20
1478.6384429584832
 10
1513.9238198714254
 20
1477.0043513397923
 10
1514.4684390190237
 20
1475.3281859551985
 10
1514.8948081151098
 20
1473.6181129139675
 10
1515.2008499323058
 20
1471.8824635200608
 10
1515.3850734656417
 20
1470.1296936828583
 10
1515.446581196581
 20
1468.3683427208193
  0
LWPOLYLINE
  5
C8
330
17
100
AcDbEntity
  8
HIDDEN
100
AcDbPolyline
 90
91
 70
0
 10
264.1965811965812
 20
1538.3683427208193
 10
264.16247790021873
 20
1537.3917520884015
 10
264.06033415896314
 20
1536.4199193073784
 10
263.8906476068545
 20
1535.4575790493707
 10
263.6542449397176
 20
1534.5094197393814
 10
263.3522778875839
 20
1533.58006071426
 10
262.9862176035776
 20
1532.6740297177582
 10
262.55784749660614
 20
1531.795740841817
 10
262.06925454277115
 20
1530.9494730215545
 10
261.52281911783047
 20
1530.1393491887247
 10
260.9212034002469
 20
1529.3693161852077
 10
260.2673384013223
 20
1528.6431255343934
 10
259.5644096856052
 20
1527.9643151641358
 10
258.8158418511404
 20
1527.3361921703251
 10
258.02528184517166
 20
1526.7618167050487
 10
257.1965811965812
 20
1526.2439870678372
 10
256.33377725162825
 20
1525.785226072631
 10
255.44107350440396
 20
1525.3877687568843
 10
254.52281911783047
 20
1525.0535514926871
 10
253.58348773497653
 20
1524.7842025529553
 10
252.6276556839182
 20
1524.5810341786485
 10
251.6599796823283
 20
1524.4450361856634
 10
250.68517415041617
 20
1524.376871142552
 10
249.70798824274618
 20
1524.376871142552
 10
248.733182710834
 20
1524.4450361856634
 10
247.76550670924416
 20
1524.5810341786485
 10
246.80967465818583
 20
1524.7842025529553
 10
245.8703432753319
 20
1525.0535514926871
 10
244.9520888887584
 20
1525.3877687568843
 10
244.0593851415341
 20
1525.785226072631
 10
243.19658119658118
 20
1526.2439870678372
 10
242.3678805479907
 20
1526.7618167050487
 10
241.57732054202194
 20
1527.3361921703251
 10
240.82875270755716
 20
1527.9643151641358
 10
240.12582399184004
 20
1528.6431255343934
 10
239.47195899291546
 20
1529.3693161852077
 10
238.8703432753319
 20
1530.1393491887247
 10
238.3239078503912
 20
1530.9494730215545
 10
237.8353148965562
 20
1531.795740841817
 10
237.40694478958477
 20
1532.6740297177582
 10
237.04088450557845
 20
1533.58006071426
 10
236.73891745344469
 20
1534.5094197393814
 10
236.50251478630787
 20
1535.4575790493707
 10
236.3328282341992
 20
1536.4199193073784
 10
236.23068449294362
 20
1537.3917520884015
 10
236.19658119658118
 20
1538.3683427208193
 10
236.23068449294362
 20
1539.3449333532371
 10
236.3328282341992
 20
1540.3167661342602
 10
236.50251478630793
 20
1541.279106392268
 10
236.73891745344474
 20
1542.2272657022575
 10
237.04088450557845
 20
1543.1566247273788
 10
237.40694478958477
 20
1544.0626557238807
 10
237.8353148965562
 20
1544.940944599822
 10
238.32390785039127
 20
1545.7872124200842
 10
238.87034327533195
 20
1546.597336252914
 10
239.47195899291552
 20
1547.367369256431
 10
240.1258239918401
 20
1548.0935599072454
 10
240.82875270755721
 20
1548.772370277503
 10
241.577320542022
 20
1549.4004932713135
 10
242.36788054799075
 20
1549.97486873659
 10
243.19658119658123
 20
1550.4926983738014
 10
244.05938514153416
 20
1550.9514593690078
 10
244.95208888875845
 20
1551.3489166847544
 10
245.87034327533195
 20
1551.6831339489515
 10
246.80967465818588
 20
1551.9524828886833
 10
247.76550670924422
 20
1552.1556512629902
 10
248.73318271083411
 20
1552.2916492559752
 10
249.70798824274624
 20
1552.3598142990866
 10
250.68517415041623
 20
1552.3598142990866
 10
251.6599796823284
 20
1552.2916492559752
 10
252.62765568391825
 20
1552.1556512629902
 10
253.5834877349766
 20
1551.9524828886833
 10
254.52281911783052
 20
1551.6831339489515
 10
255.44107350440402
 20
1551.3489166847544
 10
256.3337772516283
 20
1550.9514593690076
 10
257.19658119658123
 20
1550.4926983738014
 10
258.0252818451717
 20
1549.9748687365898
 10
258.8158418511405
 20
1549.4004932713133
 10
259.56440968560526
 20
1548.772370277503
 10
260.2673384013224
 20
1548.0935599072452
 10
260.9212034002469
 20
1547.3673692564307
 10
261.52281911783047
 20
1546.597336252914
 10
262.0692545427712
 20
1545.7872124200842
 10
262.5578474966062
 20
1544.9409445998217
 10
262.98621760357764
 20
1544.0626557238804
 10
263.3522778875839
 20
1543.1566247273786
 10
263.65424493971767
 20
1542.2272657022572
 10
263.8906476068545
 20
1541.2791063922677
 10
264.0603341589632
 20
1540.3167661342602
 10
264.16247790021873
 20
1539.344933353237
 10
264.1965811965812
 20
1538.3683427208193
  0
LWPOLYLINE
  5
C9
330
17
100
AcDbEntity
  8
HIDDEN
100
AcDbPolyline
 90
91
 70
0
 10
285.1965811965812
 20
1538.3683427208193
 10
285.11132295567506
 20
1540.8098193018636
 10
284.8559636025361
 20
1543.2394012544216
 10
284.4317472222644
 20
1545.6452518994408
 10
283.8407405544223
 20
1548.0156501744143
 10
283.08582292408795
 20
1550.3390477372177
 10
282.1706722140722
 20
1552.6041252284724
 10
281.0997469466436
 20
1554.7998474183255
 10
279.8782645620561
 20
1556.9155169689816
 10
278.51217599970437
 20
1558.9408265510558
 10
277.0081367057454
 20
1560.8659090598483
 10
275.37347420843395
 20
1562.6813856868841
 10
273.6161524191412
 20
1564.3784116125282
 10
271.7447328329792
 20
1565.9487190970547
 10
269.76833281805733
 20
1567.3846577602458
 10
267.6965811965812
 20
1568.6792318532746
 10
265.5395713341989
 20
1569.82613434129
 10
263.3078119661381
 20
1570.819777630657
 10
261.0121759997043
 20
1571.6553207911497
 10
258.66384754256956
 20
1572.3286931404791
 10
256.2742674149237
 20
1572.8366140762466
 10
253.85507741094904
 20
1573.176609058709
 10
251.41806358116867
 20
1573.3470216664878
 10
248.97509881199363
 20
1573.3470216664878
 10
246.53808498221326
 20
1573.176609058709
 10
244.1188949782386
 20
1572.8366140762466
 10
241.7293148505928
 20
1572.3286931404791
 10
239.380986393458
 20
1571.6553207911497
 10
237.0853504270242
 20
1570.819777630657
 10
234.85359105896345
 20
1569.82613434129
 10
232.69658119658112
 20
1568.6792318532746
 10
230.62482957510503
 20
1567.3846577602458
 10
228.6484295601831
 20
1565.9487190970547
 10
226.7770099740211
 20
1564.378411612528
 10
225.01968818472835
 20
1562.6813856868841
 10
223.38502568741694
 20
1560.8659090598483
 10
221.880986393458
 20
1558.9408265510558
 10
220.51489783110623
 20
1556.9155169689814
 10
219.29341544651868
 20
1554.7998474183255
 10
218.22249017909013
 20
1552.6041252284722
 10
217.30733946907435
 20
1550.3390477372177
 10
216.55242183873997
 20
1548.0156501744143
 10
215.96141517089796
 20
1545.6452518994408
 10
215.53719879062623
 20
1543.2394012544216
 10
215.2818394374873
 20
1540.8098193018636
 10
215.19658119658118
 20
1538.3683427208193
 10
215.28183943748735
 20
1535.9268661397748
 10
215.53719879062623
 20
1533.497284187217
 10
215.96141517089802
 20
1531.0914335421976
 10
216.55242183874003
 20
1528.7210352672244
 10
217.3073394690744
 20
1526.3976377044207
 10
218.2224901790902
 20
1524.1325602131662
 10
219.2934154465188
 20
1521.9368380233132
 10
220.51489783110634
 20
1519.821168472657
 10
221.8809863934581
 20
1517.7958588905826
 10
223.38502568741706
 20
1515.8707763817904
 10
225.01968818472847
 20
1514.0552997547543
 10
226.7770099740212
 20
1512.3582738291104
 10
228.64842956018322
 20
1510.787966344584
 10
230.62482957510514
 20
1509.3520276813929
 10
232.6965811965813
 20
1508.0574535883638
 10
234.85359105896362
 20
1506.9105511003484
 10
237.08535042702437
 20
1505.9169078109817
 10
239.38098639345816
 20
1505.081364650489
 10
241.72931485059297
 20
1504.4079923011593
 10
244.11889497823876
 20
1503.900071365392
 10
246.5380849822135
 20
1503.5600763829298
 10
248.9750988119938
 20
1503.389663775151
 10
251.4180635811689
 20
1503.389663775151
 10
253.8550774109492
 20
1503.5600763829298
 10
256.2742674149239
 20
1503.900071365392
 10
258.6638475425697
 20
1504.4079923011595
 10
261.0121759997045
 20
1505.081364650489
 10
263.3078119661383
 20
1505.916907810982
 10
265.5395713341991
 20
1506.9105511003486
 10
267.69658119658135
 20
1508.057453588364
 10
269.7683328180575
 20
1509.3520276813929
 10
271.74473283297937
 20
1510.7879663445842
 10
273.6161524191414
 20
1512.3582738291107
 10
275.3734742084341
 20
1514.0552997547545
 10
277.0081367057455
 20
1515.8707763817906
 10
278.5121759997045
 20
1517.7958588905828
 10
279.8782645620562
 20
1519.8211684726573
 10
281.09974694664373
 20
1521.9368380233134
 10
282.1706722140723
 20
1524.1325602131665
 10
283.08582292408806
 20
1526.3976377044212
 10
283.8407405544224
 20
1528.7210352672246
 10
284.43174722226445
 20
1531.091433542198
 10
284.8559636025362
 20
1533.4972841872172
 10
285.11132295567506
 20
1535.9268661397753
 10
285.1965811965812
 20
1538.3683427208193
  0
LWPOLYLINE
  5
CA
330
17
100
AcDbEntity
  8
HIDDEN
100
AcDbPolyline
 90
2
 70
0
 10
651.4965902333188
 20
1643.4832178779043
 10
630.1965811965812
 20
1561.9883754366936
  0
LWPOLYLINE
  5
CB
330
17
100
AcDbEntity
  8
HIDDEN
100
AcDbPolyline
 90
2
 70
0
 10
760.1965811965812
 20
1554.6496657592743
 10
727.9420462996878
 20
1646.607672921028
  0
LWPOLYLINE
  5
CC
330
17
100
AcDbEntity
  8
HIDDEN
100
AcDbPolyline
 90
38
 70
0
 10
727.9420462996878
 20
1646.607672921028
 10
726.941319727414
 20
1649.174170453043
 10
725.7663228903551
 20
1651.6657052585788
 10
724.4226284777751
 20
1654.0704606681568
 10
722.91660926549
 20
1656.3770315832865
 10
721.2554078915314
 20
1658.5744785677325
 10
719.4469029805643
 20
1660.6523797302766
 10
717.4996717777212
 20
1662.600880152901
 10
715.422949469069
 20
1664.410738629976
 10
713.2265853816427
 20
1666.0733714967744
 10
710.9209962707764
 20
1667.5808933394514
 10
708.5171169162753
 20
1668.92615439341
 10
706.0263482617402
 20
1670.102774452681
 10
703.4605033430043
 20
1671.1051731295013
 10
700.8317512621286
 20
1671.9285963205675
 10
698.1525594726726
 20
1672.5691387544507
 10
695.4356346499651
 20
1673.0237625132334
 10
692.6938624268121
 20
1673.2903114405246
 10
689.9402462804571
 20
1673.3675213675212
 10
687.1878458606385
 20
1673.2550261086149
 10
684.4497150512357
 20
1672.9533591981115
 10
681.7388400592608
 20
1672.4639513598222
 10
679.0680778248238
 20
1671.7891237215329
 10
676.4500950441754
 20
1670.9320768065265
 10
673.8973080950235
 20
1669.8968753543763
 10
671.4218241490439
 20
1668.688429042995
 10
669.0353837508692
 20
1667.3124692033728
 10
666.7493051358906
 20
1665.7755216374385
 10
664.5744305509572
 20
1664.0848756679627
 10
662.5210748325583
 20
1662.24854956729
 10
660.5989764863698
 20
1660.2752525288606
 10
658.8172515001802
 20
1658.1743433618853
 10
657.1843501092484
 20
1655.9557861050657
 10
655.7080167191449
 20
1653.6301027698803
 10
654.3952531761502
 20
1651.208323437555
 10
653.2522855594086
 20
1648.7019339463998
 10
652.2845346523352
 20
1646.1228214176115
 10
651.4965902333188
 20
1643.4832178779043
  0
LWPOLYLINE
  5
CD
330
17
100
AcDbEntity
  8
HIDDEN
100
AcDbPolyline
 90
91
 70
0
 10
704.1965811965812
 20
1633.3683427208193
 10
704.1624779002187
 20
1632.3917520884015
 10
704.0603341589632
 20
1631.4199193073784
 10
703.8906476068545
 20
1630.4575790493707
 10
703.6542449397176
 20
1629.5094197393814
 10
703.3522778875839
 20
1628.58006071426
 10
702.9862176035776
 20
1627.674029717758
 10
702.5578474966062
 20
1626.795740841817
 10
702.0692545427712
 20
1625.9494730215545
 10
701.5228191178304
 20
1625.1393491887247
 10
700.9212034002469
 20
1624.3693161852077
 10
700.2673384013223
 20
1623.6431255343934
 10
699.5644096856051
 20
1622.9643151641358
 10
698.8158418511404
 20
1622.3361921703251
 10
698.0252818451717
 20
1621.7618167050487
 10
697.1965811965812
 20
1621.2439870678372
 10
696.3337772516282
 20
1620.785226072631
 10
695.4410735044039
 20
1620.3877687568843
 10
694.5228191178304
 20
1620.0535514926871
 10
693.5834877349765
 20
1619.7842025529553
 10
692.6276556839182
 20
1619.5810341786485
 10
691.6599796823283
 20
1619.4450361856634
 10
690.6851741504162
 20
1619.3768711425519
 10
689.7079882427462
 20
1619.3768711425519
 10
688.7331827108341
 20
1619.4450361856634
 10
687.7655067092442
 20
1619.5810341786485
 10
686.8096746581858
 20
1619.7842025529553
 10
685.8703432753318
 20
1620.0535514926871
 10
684.9520888887585
 20
1620.3877687568843
 10
684.0593851415341
 20
1620.785226072631
 10
683.1965811965812
 20
1621.2439870678372
 10
682.3678805479907
 20
1621.7618167050487
 10
681.5773205420219
 20
1622.3361921703251
 10
680.8287527075572
 20
1622.9643151641358
 10
680.12582399184
 20
1623.6431255343934
 10
679.4719589929155
 20
1624.3693161852077
 10
678.8703432753318
 20
1625.1393491887247
 10
678.3239078503912
 20
1625.9494730215545
 10
677.8353148965562
 20
1626.795740841817
 10
677.4069447895847
 20
1627.6740297177582
 10
677.0408845055784
 20
1628.58006071426
 10
676.7389174534447
 20
1629.5094197393814
 10
676.5025147863079
 20
1630.4575790493707
 10
676.3328282341992
 20
1631.4199193073784
 10
676.2306844929436
 20
1632.3917520884015
 10
676.1965811965812
 20
1633.3683427208193
 10
676.2306844929436
 20
1634.3449333532371
 10
676.3328282341993
 20
1635.3167661342602
 10
676.5025147863079
 20
1636.279106392268
 10
676.7389174534447
 20
1637.2272657022575
 10
677.0408845055784
 20
1638.1566247273788
 10
677.4069447895847
 20
1639.0626557238807
 10
677.8353148965562
 20
1639.940944599822
 10
678.3239078503913
 20
1640.7872124200842
 10
678.870343275332
 20
1641.597336252914
 10
679.4719589929155
 20
1642.367369256431
 10
680.1258239918401
 20
1643.0935599072454
 10
680.8287527075572
 20
1643.772370277503
 10
681.577320542022
 20
1644.4004932713135
 10
682.3678805479908
 20
1644.97486873659
 10
683.1965811965813
 20
1645.4926983738014
 10
684.0593851415341
 20
1645.9514593690078
 10
684.9520888887585
 20
1646.3489166847544
 10
685.870343275332
 20
1646.6831339489515
 10
686.8096746581859
 20
1646.9524828886833
 10
687.7655067092442
 20
1647.1556512629902
 10
688.7331827108341
 20
1647.2916492559752
 10
689.7079882427463
 20
1647.3598142990868
 10
690.6851741504163
 20
1647.3598142990868
 10
691.6599796823284
 20
1647.2916492559752
 10
692.6276556839183
 20
1647.1556512629902
 10
693.5834877349766
 20
1646.9524828886833
 10
694.5228191178305
 20
1646.6831339489515
 10
695.441073504404
 20
1646.3489166847544
 10
696.3337772516284
 20
1645.9514593690076
 10
697.1965811965813
 20
1645.4926983738014
 10
698.0252818451717
 20
1644.97486873659
 10
698.8158418511405
 20
1644.4004932713133
 10
699.5644096856053
 20
1643.772370277503
 10
700.2673384013224
 20
1643.0935599072452
 10
700.9212034002469
 20
1642.3673692564307
 10
701.5228191178305
 20
1641.597336252914
 10
702.0692545427712
 20
1640.7872124200842
 10
702.5578474966062
 20
1639.9409445998217
 10
702.9862176035776
 20
1639.0626557238804
 10
703.3522778875839
 20
1638.1566247273786
 10
703.6542449397177
 20
1637.2272657022572
 10
703.8906476068545
 20
1636.2791063922677
 10
704.0603341589632
 20
1635.3167661342602
 10
704.1624779002187
 20
1634.344933353237
 10
704.1965811965812
 20
1633.3683427208193
  0
LWPOLYLINE
  5
CE
330
17
100
AcDbEntity
  8
HIDDEN
100
AcDbPolyline
 90
2
 70
0
 10
651.4965902333188
 20
1643.4832178779043
 10
630.1965811965812
 20
1561.9883754366936
  0
LWPOLYLINE
  5
CF
330
17
100
AcDbEntity
  8
HIDDEN
100
AcDbPolyline
 90
2
 70
0
 10
760.1965811965812
 20
1554.6496657592743
 10
727.9420462996878
 20
1646.607672921028
  0
LWPOLYLINE
  5
D0
330
17
100
AcDbEntity
  8
HIDDEN
100
AcDbPolyline
 90
38
 70
0
 10
727.9420462996878
 20
1646.607672921028
 10
726.941319727414
 20
1649.174170453043
 10
725.7663228903551
 20
1651.6657052585788
 10
724.4226284777751
 20
1654.0704606681568
 10
722.91660926549
 20
1656.3770315832865
 10
721.2554078915314
 20
1658.5744785677325
 10
719.4469029805643
 20
1660.6523797302766
 10
717.4996717777212
 20
1662.600880152901
 10
715.422949469069
 20
1664.410738629976
 10
713.2265853816427
 20
1666.0733714967744
 10
710.9209962707764
 20
1667.5808933394514
 10
708.5171169162753
 20
1668.92615439341
 10
706.0263482617402
 20
1670.102774452681
 10
703.4605033430043
 20
1671.1051731295013
 10
700.8317512621286
 20
1671.9285963205675
 10
698.1525594726726
 20
1672.5691387544507
 10
695.4356346499651
 20
1673.0237625132334
 10
692.6938624268121
 20
1673.2903114405246
 10
689.9402462804571
 20
1673.3675213675212
 10
687.1878458606385
 20
1673.2550261086149
 10
684.4497150512357
 20
1672.9533591981115
 10
681.7388400592608
 20
1672.4639513598222
 10
679.0680778248238
 20
1671.7891237215329
 10
676.4500950441754
 20
1670.9320768065265
 10
673.8973080950235
 20
1669.8968753543763
 10
671.4218241490439
 20
1668.688429042995
 10
669.0353837508692
 20
1667.3124692033728
 10
666.7493051358906
 20
1665.7755216374385
 10
664.5744305509572
 20
1664.0848756679627
 10
662.5210748325583
 20
1662.24854956729
 10
660.5989764863698
 20
1660.2752525288606
 10
658.8172515001802
 20
1658.1743433618853
 10
657.1843501092484
 20
1655.9557861050657
 10
655.7080167191449
 20
1653.6301027698803
 10
654.3952531761502
 20
1651.208323437555
 10
653.2522855594086
 20
1648.7019339463998
 10
652.2845346523352
 20
1646.1228214176115
 10
651.4965902333188
 20
1643.4832178779043
  0
LWPOLYLINE
  5
D1
330
17
100
AcDbEntity
  8
HIDDEN
100
AcDbPolyline
 90
91
 70
0
 10
704.1965811965812
 20
1633.3683427208193
 10
704.1624779002187
 20
1632.3917520884015
 10
704.0603341589632
 20
1631.4199193073784
 10
703.8906476068545
 20
1630.4575790493707
 10
703.6542449397176
 20
1629.5094197393814
 10
703.3522778875839
 20
1628.58006071426
 10
702.9862176035776
 20
1627.674029717758
 10
702.5578474966062
 20
1626.795740841817
 10
702.0692545427712
 20
1625.9494730215545
 10
701.5228191178304
 20
1625.1393491887247
 10
700.9212034002469
 20
1624.3693161852077
 10
700.2673384013223
 20
1623.6431255343934
 10
699.5644096856051
 20
1622.9643151641358
 10
698.8158418511404
 20
1622.3361921703251
 10
698.0252818451717
 20
1621.7618167050487
 10
697.1965811965812
 20
1621.2439870678372
 10
696.3337772516282
 20
1620.785226072631
 10
695.4410735044039
 20
1620.3877687568843
 10
694.5228191178304
 20
1620.0535514926871
 10
693.5834877349765
 20
1619.7842025529553
 10
692.6276556839182
 20
1619.5810341786485
 10
691.6599796823283
 20
1619.4450361856634
 10
690.6851741504162
 20
1619.3768711425519
 10
689.7079882427462
 20
1619.3768711425519
 10
688.7331827108341
 20
1619.4450361856634
 10
687.7655067092442
 20
1619.5810341786485
 10
686.8096746581858
 20
1619.7842025529553
 10
685.8703432753318
 20
1620.0535514926871
 10
684.9520888887585
 20
1620.3877687568843
 10
684.0593851415341
 20
1620.785226072631
 10
683.1965811965812
 20
1621.2439870678372
 10
682.3678805479907
 20
1621.7618167050487
 10
681.5773205420219
 20
1622.3361921703251
 10
680.8287527075572
 20
1622.9643151641358
 10
680.12582399184
 20
1623.6431255343934
 10
679.4719589929155
 20
1624.3693161852077
 10
678.8703432753318
 20
1625.1393491887247
 10
678.3239078503912
 20
1625.9494730215545
 10
677.8353148965562
 20
1626.795740841817
 10
677.4069447895847
 20
1627.6740297177582
 10
677.0408845055784
 20
1628.58006071426
 10
676.7389174534447
 20
1629.5094197393814
 10
676.5025147863079
 20
1630.4575790493707
 10
676.3328282341992
 20
1631.4199193073784
 10
676.2306844929436
 20
1632.3917520884015
 10
676.1965811965812
 20
1633.3683427208193
 10
676.2306844929436
 20
1634.3449333532371
 10
676.3328282341993
 20
1635.3167661342602
 10
676.5025147863079
 20
1636.279106392268
 10
676.7389174534447
 20
1637.2272657022575
 10
677.0408845055784
 20
1638.1566247273788
 10
677.4069447895847
 20
1639.0626557238807
 10
677.8353148965562
 20
1639.940944599822
 10
678.3239078503913
 20
1640.7872124200842
 10
678.870343275332
 20
1641.597336252914
 10
679.4719589929155
 20
1642.367369256431
 10
680.1258239918401
 20
1643.0935599072454
 10
680.8287527075572
 20
1643.772370277503
 10
681.577320542022
 20
1644.4004932713135
 10
682.3678805479908
 20
1644.97486873659
 10
683.1965811965813
 20
1645.4926983738014
 10
684.0593851415341
 20
1645.9514593690078
 10
684.9520888887585
 20
1646.3489166847544
 10
685.870343275332
 20
1646.6831339489515
 10
686.8096746581859
 20
1646.9524828886833
 10
687.7655067092442
 20
1647.1556512629902
 10
688.7331827108341
 20
1647.2916492559752
 10
689.7079882427463
 20
1647.3598142990868
 10
690.6851741504163
 20
1647.3598142990868
 10
691.6599796823284
 20
1647.2916492559752
 10
692.6276556839183
 20
1647.1556512629902
 10
693.5834877349766
 20
1646.9524828886833
 10
694.5228191178305
 20
1646.6831339489515
 10
695.441073504404
 20
1646.3489166847544
 10
696.3337772516284
 20
1645.9514593690076
 10
697.1965811965813
 20
1645.4926983738014
 10
698.0252818451717
 20
1644.97486873659
 10
698.8158418511405
 20
1644.4004932713133
 10
699.5644096856053
 20
1643.772370277503
 10
700.2673384013224
 20
1643.0935599072452
 10
700.9212034002469
 20
1642.3673692564307
 10
701.5228191178305
 20
1641.597336252914
 10
702.0692545427712
 20
1640.7872124200842
 10
702.5578474966062
 20
1639.9409445998217
 10
702.9862176035776
 20
1639.0626557238804
 10
703.3522778875839
 20
1638.1566247273786
 10
703.6542449397177
 20
1637.2272657022572
 10
703.8906476068545
 20
1636.2791063922677
 10
704.0603341589632
 20
1635.3167661342602
 10
704.1624779002187
 20
1634.344933353237
 10
704.1965811965812
 20
1633.3683427208193
  0
LWPOLYLINE
  5
D2
330
17
100
AcDbEntity
  8
HIDDEN
100
AcDbPolyline
 90
2
 70
0
 10
651.4965902333188
 20
1643.4832178779043
 10
630.1965811965812
 20
1561.9883754366936
  0
LWPOLYLINE
  5
D3
330
17
100
AcDbEntity
  8
HIDDEN
100
AcDbPolyline
 90
38
 70
0
 10
727.9420462996878
 20
1646.607672921028
 10
726.941319727414
 20
1649.174170453043
 10
725.7663228903551
 20
1651.6657052585788
 10
724.4226284777751
 20
1654.0704606681568
 10
722.91660926549
 20
1656.3770315832865
 10
721.2554078915314
 20
1658.5744785677325
 10
719.4469029805643
 20
1660.6523797302766
 10
717.4996717777212
 20
1662.600880152901
 10
715.422949469069
 20
1664.410738629976
 10
713.2265853816427
 20
1666.0733714967744
 10
710.9209962707764
 20
1667.5808933394514
 10
708.5171169162753
 20
1668.92615439341
 10
706.0263482617402
 20
1670.102774452681
 10
703.4605033430043
 20
1671.1051731295013
 10
700.8317512621286
 20
1671.9285963205675
 10
698.1525594726726
 20
1672.5691387544507
 10
695.4356346499651
 20
1673.0237625132334
 10
692.6938624268121
 20
1673.2903114405246
 10
689.9402462804571
 20
1673.3675213675212
 10
687.1878458606385
 20
1673.2550261086149
 10
684.4497150512357
 20
1672.9533591981115
 10
681.7388400592608
 20
1672.4639513598222
 10
679.0680778248238
 20
1671.7891237215329
 10
676.4500950441754
 20
1670.9320768065265
 10
673.8973080950235
 20
1669.8968753543763
 10
671.4218241490439
 20
1668.688429042995
 10
669.0353837508692
 20
1667.3124692033728
 10
666.7493051358906
 20
1665.7755216374385
 10
664.5744305509572
 20
1664.0848756679627
 10
662.5210748325583
 20
1662.24854956729
 10
660.5989764863698
 20
1660.2752525288606
 10
658.8172515001802
 20
1658.1743433618853
 10
657.1843501092484
 20
1655.9557861050657
 10
655.7080167191449
 20
1653.6301027698803
 10
654.3952531761502
 20
1651.208323437555
 10
653.2522855594086
 20
1648.7019339463998
 10
652.2845346523352
 20
1646.1228214176115
 10
651.4965902333188
 20
1643.4832178779043
  0
LWPOLYLINE
  5
D4
330
17
100
AcDbEntity
  8
HIDDEN
100
AcDbPolyline
 90
91
 70
0
 10
704.1965811965812
 20
1633.3683427208193
 10
704.1624779002187
 20
1632.3917520884015
 10
704.0603341589632
 20
1631.4199193073784
 10
703.8906476068545
 20
1630.4575790493707
 10
703.6542449397176
 20
1629.5094197393814
 10
703.3522778875839
 20
1628.58006071426
 10
702.9862176035776
 20
1627.674029717758
 10
702.5578474966062
 20
1626.795740841817
 10
702.0692545427712
 20
1625.9494730215545
 10
701.5228191178304
 20
1625.1393491887247
 10
700.9212034002469
 20
1624.3693161852077
 10
700.2673384013223
 20
1623.6431255343934
 10
699.5644096856051
 20
1622.9643151641358
 10
698.8158418511404
 20
1622.3361921703251
 10
698.0252818451717
 20
1621.7618167050487
 10
697.1965811965812
 20
1621.2439870678372
 10
696.3337772516282
 20
1620.785226072631
 10
695.4410735044039
 20
1620.3877687568843
 10
694.5228191178304
 20
1620.0535514926871
 10
693.5834877349765
 20
1619.7842025529553
 10
692.6276556839182
 20
1619.5810341786485
 10
691.6599796823283
 20
1619.4450361856634
 10
690.6851741504162
 20
1619.3768711425519
 10
689.7079882427462
 20
1619.3768711425519
 10
688.7331827108341
 20
1619.4450361856634
 10
687.7655067092442
 20
1619.5810341786485
 10
686.8096746581858
 20
1619.7842025529553
 10
685.8703432753318
 20
1620.0535514926871
 10
684.9520888887585
 20
1620.3877687568843
 10
684.0593851415341
 20
1620.785226072631
 10
683.1965811965812
 20
1621.2439870678372
 10
682.3678805479907
 20
1621.7618167050487
 10
681.5773205420219
 20
1622.3361921703251
 10
680.8287527075572
 20
1622.9643151641358
 10
680.12582399184
 20
1623.6431255343934
 10
679.4719589929155
 20
1624.3693161852077
 10
678.8703432753318
 20
1625.1393491887247
 10
678.3239078503912
 20
1625.9494730215545
 10
677.8353148965562
 20
1626.795740841817
 10
677.4069447895847
 20
1627.6740297177582
 10
677.0408845055784
 20
1628.58006071426
 10
676.7389174534447
 20
1629.5094197393814
 10
676.5025147863079
 20
1630.4575790493707
 10
676.3328282341992
 20
1631.4199193073784
 10
676.2306844929436
 20
1632.3917520884015
 10
676.1965811965812
 20
1633.3683427208193
 10
676.2306844929436
 20
1634.3449333532371
 10
676.3328282341993
 20
1635.3167661342602
 10
676.5025147863079
 20
1636.279106392268
 10
676.7389174534447
 20
1637.2272657022575
 10
677.0408845055784
 20
1638.1566247273788
 10
677.4069447895847
 20
1639.0626557238807
 10
677.8353148965562
 20
1639.940944599822
 10
678.3239078503913
 20
1640.7872124200842
 10
678.870343275332
 20
1641.597336252914
 10
679.4719589929155
 20
1642.367369256431
 10
680.1258239918401
 20
1643.0935599072454
 10
680.8287527075572
 20
1643.772370277503
 10
681.577320542022
 20
1644.4004932713135
 10
682.3678805479908
 20
1644.97486873659
 10
683.1965811965813
 20
1645.4926983738014
 10
684.0593851415341
 20
1645.9514593690078
 10
684.9520888887585
 20
1646.3489166847544
 10
685.870343275332
 20
1646.6831339489515
 10
686.8096746581859
 20
1646.9524828886833
 10
687.7655067092442
 20
1647.1556512629902
 10
688.7331827108341
 20
1647.2916492559752
 10
689.7079882427463
 20
1647.3598142990868
 10
690.6851741504163
 20
1647.3598142990868
 10
691.6599796823284
 20
1647.2916492559752
 10
692.6276556839183
 20
1647.1556512629902
 10
693.5834877349766
 20
1646.9524828886833
 10
694.5228191178305
 20
1646.6831339489515
 10
695.441073504404
 20
1646.3489166847544
 10
696.3337772516284
 20
1645.9514593690076
 10
697.1965811965813
 20
1645.4926983738014
 10
698.0252818451717
 20
1644.97486873659
 10
698.8158418511405
 20
1644.4004932713133
 10
699.5644096856053
 20
1643.772370277503
 10
700.2673384013224
 20
1643.0935599072452
 10
700.9212034002469
 20
1642.3673692564307
 10
701.5228191178305
 20
1641.597336252914
 10
702.0692545427712
 20
1640.7872124200842
 10
702.5578474966062
 20
1639.9409445998217
 10
702.9862176035776
 20
1639.0626557238804
 10
703.3522778875839
 20
1638.1566247273786
 10
703.6542449397177
 20
1637.2272657022572
 10
703.8906476068545
 20
1636.2791063922677
 10
704.0603341589632
 20
1635.3167661342602
 10
704.1624779002187
 20
1634.344933353237
 10
704.1965811965812
 20
1633.3683427208193
  0
LWPOLYLINE
  5
D5
330
17
100
AcDbEntity
  8
HIDDEN
100
AcDbPolyline
 90
91
 70
0
 10
264.1965811965812
 20
1538.3683427208193
 10
264.16247790021873
 20
1539.3449333532371
 10
264.06033415896314
 20
1540.3167661342602
 10
263.8906476068545
 20
1541.279106392268
 10
263.6542449397176
 20
1542.2272657022572
 10
263.3522778875839
 20
1543.1566247273786
 10
262.9862176035776
 20
1544.0626557238804
 10
262.55784749660614
 20
1544.9409445998217
 10
262.06925454277115
 20
1545.7872124200842
 10
261.52281911783047
 20
1546.597336252914
 10
260.9212034002469
 20
1547.367369256431
 10
260.2673384013223
 20
1548.0935599072452
 10
259.5644096856052
 20
1548.772370277503
 10
258.8158418511404
 20
1549.4004932713135
 10
258.02528184517166
 20
1549.97486873659
 10
257.1965811965812
 20
1550.4926983738014
 10
256.33377725162825
 20
1550.9514593690076
 10
255.44107350440396
 20
1551.3489166847544
 10
254.52281911783047
 20
1551.6831339489515
 10
253.58348773497653
 20
1551.9524828886833
 10
252.6276556839182
 20
1552.1556512629902
 10
251.6599796823283
 20
1552.2916492559752
 10
250.68517415041617
 20
1552.3598142990866
 10
249.70798824274618
 20
1552.3598142990866
 10
248.733182710834
 20
1552.2916492559752
 10
247.76550670924416
 20
1552.1556512629902
 10
246.80967465818583
 20
1551.9524828886833
 10
245.8703432753319
 20
1551.6831339489515
 10
244.9520888887584
 20
1551.3489166847544
 10
244.0593851415341
 20
1550.9514593690076
 10
243.19658119658118
 20
1550.4926983738014
 10
242.3678805479907
 20
1549.97486873659
 10
241.57732054202194
 20
1549.4004932713135
 10
240.82875270755716
 20
1548.772370277503
 10
240.12582399184004
 20
1548.0935599072452
 10
239.47195899291546
 20
1547.367369256431
 10
238.8703432753319
 20
1546.597336252914
 10
238.3239078503912
 20
1545.7872124200842
 10
237.8353148965562
 20
1544.9409445998217
 10
237.40694478958477
 20
1544.0626557238804
 10
237.04088450557845
 20
1543.1566247273786
 10
236.73891745344469
 20
1542.2272657022572
 10
236.50251478630787
 20
1541.279106392268
 10
236.3328282341992
 20
1540.3167661342602
 10
236.23068449294362
 20
1539.3449333532371
 10
236.19658119658118
 20
1538.3683427208193
 10
236.23068449294362
 20
1537.3917520884015
 10
236.3328282341992
 20
1536.4199193073784
 10
236.50251478630793
 20
1535.4575790493707
 10
236.73891745344474
 20
1534.5094197393812
 10
237.04088450557845
 20
1533.5800607142598
 10
237.40694478958477
 20
1532.674029717758
 10
237.8353148965562
 20
1531.7957408418167
 10
238.32390785039127
 20
1530.9494730215545
 10
238.87034327533195
 20
1530.1393491887247
 10
239.47195899291552
 20
1529.3693161852077
 10
240.1258239918401
 20
1528.6431255343932
 10
240.82875270755721
 20
1527.9643151641358
 10
241.577320542022
 20
1527.3361921703251
 10
242.36788054799075
 20
1526.7618167050487
 10
243.19658119658123
 20
1526.2439870678372
 10
244.05938514153416
 20
1525.7852260726308
 10
244.95208888875845
 20
1525.3877687568843
 10
245.87034327533195
 20
1525.0535514926871
 10
246.80967465818588
 20
1524.7842025529553
 10
247.76550670924422
 20
1524.5810341786485
 10
248.73318271083411
 20
1524.4450361856634
 10
249.70798824274624
 20
1524.376871142552
 10
250.68517415041623
 20
1524.376871142552
 10
251.6599796823284
 20
1524.4450361856634
 10
252.62765568391825
 20
1524.5810341786485
 10
253.5834877349766
 20
1524.7842025529553
 10
254.52281911783052
 20
1525.0535514926871
 10
255.44107350440402
 20
1525.3877687568843
 10
256.3337772516283
 20
1525.785226072631
 10
257.19658119658123
 20
1526.2439870678372
 10
258.0252818451717
 20
1526.761816705049
 10
258.8158418511405
 20
1527.3361921703254
 10
259.56440968560526
 20
1527.9643151641358
 10
260.2673384013224
 20
1528.6431255343934
 10
260.9212034002469
 20
1529.369316185208
 10
261.52281911783047
 20
1530.1393491887247
 10
262.0692545427712
 20
1530.9494730215545
 10
262.5578474966062
 20
1531.795740841817
 10
262.98621760357764
 20
1532.6740297177582
 10
263.3522778875839
 20
1533.58006071426
 10
263.65424493971767
 20
1534.5094197393814
 10
263.8906476068545
 20
1535.457579049371
 10
264.0603341589632
 20
1536.4199193073784
 10
264.16247790021873
 20
1537.3917520884017
 10
264.1965811965812
 20
1538.3683427208193
  0
LWPOLYLINE
  5
D6
330
17
100
AcDbEntity
  8
HIDDEN
100
AcDbPolyline
 90
91
 70
0
 10
570.1965811965812
 20
1468.3683427208193
 10
570.1235027043759
 20
1470.461036933143
 10
569.9046232588283
 20
1472.5435357496212
 10
569.5410092185954
 20
1474.605693445352
 10
569.0344320747307
 20
1476.6374633953294
 10
568.3873598201584
 20
1478.6289470205893
 10
567.6029449258592
 20
1480.5704420130933
 10
566.685008982349
 20
1482.452489604396
 10
565.638024081274
 20
1484.2659206478154
 10
564.4670910278296
 20
1486.0019002895936
 10
563.1779144901506
 20
1487.6519710114155
 10
561.7767752067407
 20
1489.2080938345891
 10
560.270499387347
 20
1490.662687485141
 10
558.6664254563509
 20
1492.008665329021
 10
556.9723683007036
 20
1493.2394698974706
 10
555.1965811965812
 20
1494.3491048343524
 10
553.3477156002535
 20
1495.3321641097943
 10
551.4347789990585
 20
1496.183858357823
 10
549.4670910278296
 20
1496.900038209674
 10
547.4542380645712
 20
1497.4772145090992
 10
545.4060265265891
 20
1497.9125753111855
 10
543.3324350946108
 20
1498.2039995818675
 10
541.2435660976562
 20
1498.3500675313921
 10
539.1495962955062
 20
1498.3500675313921
 10
537.0607272985516
 20
1498.2039995818675
 10
534.9871358665732
 20
1497.9125753111855
 10
532.9389243285912
 20
1497.4772145090992
 10
530.9260713653327
 20
1496.900038209674
 10
528.9583833941037
 20
1496.1838583578228
 10
527.0454467929088
 20
1495.3321641097943
 10
525.1965811965812
 20
1494.3491048343524
 10
523.4207940924588
 20
1493.2394698974706
 10
521.7267369368114
 20
1492.008665329021
 10
520.1226630058154
 20
1490.662687485141
 10
518.6163871864217
 20
1489.2080938345891
 10
517.2152479030118
 20
1487.6519710114155
 10
515.9260713653327
 20
1486.0019002895936
 10
514.7551383118883
 20
1484.2659206478154
 10
513.7081534108133
 20
1482.452489604396
 10
512.7902174673031
 20
1480.5704420130933
 10
512.0058025730038
 20
1478.6289470205893
 10
511.3587303184316
 20
1476.6374633953292
 10
510.852153174567
 20
1474.605693445352
 10
510.4885391343341
 20
1472.5435357496212
 10
510.2696596887864
 20
1470.461036933143
 10
510.1965811965812
 20
1468.3683427208193
 10
510.2696596887865
 20
1466.2756485084956
 10
510.4885391343341
 20
1464.1931496920172
 10
510.85215317456704
 20
1462.1309919962864
 10
511.35873031843164
 20
1460.0992220463093
 10
512.005802573004
 20
1458.1077384210491
 10
512.7902174673031
 20
1456.1662434285452
 10
513.7081534108135
 20
1454.2841958372426
 10
514.7551383118885
 20
1452.470764793823
 10
515.9260713653329
 20
1450.734785152045
 10
517.2152479030119
 20
1449.0847144302231
 10
518.6163871864217
 20
1447.5285916070493
 10
520.1226630058155
 20
1446.0739979564974
 10
521.7267369368116
 20
1444.7280201126175
 10
523.4207940924589
 20
1443.497215544168
 10
525.1965811965813
 20
1442.387580607286
 10
527.0454467929089
 20
1441.4045213318443
 10
528.958383394104
 20
1440.5528270838156
 10
530.9260713653329
 20
1439.8366472319647
 10
532.9389243285913
 20
1439.2594709325394
 10
534.9871358665735
 20
1438.8241101304532
 10
537.0607272985517
 20
1438.5326858597712
 10
539.1495962955063
 20
1438.3866179102465
 10
541.2435660976563
 20
1438.3866179102465
 10
543.3324350946109
 20
1438.5326858597712
 10
545.4060265265892
 20
1438.8241101304532
 10
547.4542380645713
 20
1439.2594709325394
 10
549.4670910278297
 20
1439.8366472319647
 10
551.4347789990587
 20
1440.5528270838158
 10
553.3477156002537
 20
1441.4045213318443
 10
555.1965811965813
 20
1442.3875806072863
 10
556.9723683007037
 20
1443.4972155441683
 10
558.666425456351
 20
1444.7280201126177
 10
560.2704993873471
 20
1446.0739979564976
 10
561.7767752067408
 20
1447.5285916070495
 10
563.1779144901507
 20
1449.0847144302234
 10
564.4670910278297
 20
1450.7347851520453
 10
565.638024081274
 20
1452.4707647938233
 10
566.685008982349
 20
1454.2841958372428
 10
567.6029449258593
 20
1456.1662434285454
 10
568.3873598201585
 20
1458.1077384210494
 10
569.0344320747308
 20
1460.0992220463095
 10
569.5410092185954
 20
1462.1309919962866
 10
569.9046232588283
 20
1464.1931496920176
 10
570.1235027043759
 20
1466.2756485084958
 10
570.1965811965812
 20
1468.3683427208193
  0
LWPOLYLINE
  5
D7
330
17
100
AcDbEntity
  8
HIDDEN
100
AcDbPolyline
 90
91
 70
0
 10
557.6965811965812
 20
1468.3683427208193
 10
557.6539520761281
 20
1469.5890810113415
 10
557.5262723995587
 20
1470.8038719876204
 10
557.3141642094228
 20
1472.0067973101302
 10
557.0186608755017
 20
1473.1919964476167
 10
556.6412020603345
 20
1474.3536952290185
 10
556.1836267053267
 20
1475.4862339746458
 10
555.6481640716124
 20
1476.5840950695724
 10
555.0374228793187
 20
1477.6419298449005
 10
554.3543785981427
 20
1478.6545846359377
 10
553.6023589511633
 20
1479.6171258903337
 10
552.7850277025076
 20
1480.5248642038518
 10
551.9063668078612
 20
1481.3733771666737
 10
550.9706570147802
 20
1482.1585309089369
 10
549.9824570073192
 20
1482.8765002405326
 10
548.9465811965812
 20
1483.523787287047
 10
547.8680762653901
 20
1484.0972385310547
 10
546.7521965813596
 20
1484.5940601757382
 10
545.6043785981427
 20
1485.0118317559845
 10
544.4302143695753
 20
1485.3485179306492
 10
543.2354243057524
 20
1485.6024783985329
 10
542.0258293037651
 20
1485.772475889764
 10
540.8073223888749
 20
1485.8576821936535
 10
539.5858400042874
 20
1485.8576821936535
 10
538.3673330893972
 20
1485.772475889764
 10
537.1577380874098
 20
1485.6024783985329
 10
535.9629480235869
 20
1485.3485179306492
 10
534.7887837950195
 20
1485.0118317559845
 10
533.6409658118027
 20
1484.5940601757382
 10
532.5250861277723
 20
1484.0972385310547
 10
531.4465811965812
 20
1483.523787287047
 10
530.4107053858431
 20
1482.8765002405326
 10
529.4225053783821
 20
1482.1585309089369
 10
528.4867955853011
 20
1481.3733771666737
 10
527.6081346906548
 20
1480.5248642038518
 10
526.7908034419991
 20
1479.6171258903337
 10
526.0387837950195
 20
1478.6545846359377
 10
525.3557395138437
 20
1477.6419298449005
 10
524.7449983215499
 20
1476.5840950695724
 10
524.2095356878357
 20
1475.4862339746458
 10
523.7519603328278
 20
1474.3536952290185
 10
523.3745015176606
 20
1473.1919964476167
 10
523.0789981837396
 20
1472.00679731013
 10
522.8668899936036
 20
1470.8038719876204
 10
522.7392103170342
 20
1469.5890810113415
 10
522.6965811965812
 20
1468.3683427208193
 10
522.7392103170342
 20
1467.1476044302972
 10
522.8668899936036
 20
1465.932813454018
 10
523.0789981837396
 20
1464.7298881315085
 10
523.3745015176606
 20
1463.5446889940217
 10
523.7519603328278
 20
1462.3829902126201
 10
524.2095356878357
 20
1461.2504514669927
 10
524.7449983215499
 20
1460.1525903720662
 10
525.3557395138438
 20
1459.0947555967382
 10
526.0387837950196
 20
1458.082100805701
 10
526.7908034419991
 20
1457.1195595513047
 10
527.6081346906549
 20
1456.2118212377868
 10
528.4867955853013
 20
1455.363308274965
 10
529.4225053783822
 20
1454.5781545327015
 10
530.4107053858431
 20
1453.860185201106
 10
531.4465811965813
 20
1453.2128981545916
 10
532.5250861277724
 20
1452.639446910584
 10
533.6409658118027
 20
1452.1426252659005
 10
534.7887837950196
 20
1451.7248536856541
 10
535.962948023587
 20
1451.3881675109894
 10
537.1577380874099
 20
1451.1342070431056
 10
538.3673330893973
 20
1450.9642095518745
 10
539.5858400042875
 20
1450.879003247985
 10
540.807322388875
 20
1450.879003247985
 10
542.0258293037652
 20
1450.9642095518745
 10
543.2354243057525
 20
1451.1342070431058
 10
544.4302143695754
 20
1451.3881675109894
 10
545.6043785981428
 20
1451.7248536856541
 10
546.7521965813597
 20
1452.1426252659005
 10
547.8680762653901
 20
1452.639446910584
 10
548.9465811965813
 20
1453.2128981545916
 10
549.9824570073193
 20
1453.860185201106
 10
550.9706570147803
 20
1454.5781545327018
 10
551.9063668078612
 20
1455.363308274965
 10
552.7850277025076
 20
1456.211821237787
 10
553.6023589511634
 20
1457.119559551305
 10
554.3543785981428
 20
1458.0821008057012
 10
555.0374228793187
 20
1459.0947555967384
 10
555.6481640716124
 20
1460.1525903720662
 10
556.1836267053268
 20
1461.250451466993
 10
556.6412020603346
 20
1462.3829902126201
 10
557.0186608755018
 20
1463.544688994022
 10
557.3141642094228
 20
1464.7298881315087
 10
557.5262723995587
 20
1465.9328134540183
 10
557.6539520761281
 20
1467.1476044302972
 10
557.6965811965812
 20
1468.3683427208193
  0
LWPOLYLINE
  5
D8
330
17
100
AcDbEntity
  8
HIDDEN
100
AcDbPolyline
 90
91
 70
0
 10
1515.196581196581
 20
1468.3683427208193
 10
1515.1356824530767
 20
1470.1122545644225
 10
1514.9532829151203
 20
1471.847670244821
 10
1514.6502712149263
 20
1473.5661349912634
 10
1514.228123595039
 20
1475.2592766162443
 10
1513.688896716229
 20
1476.9188463039611
 10
1513.0352176376462
 20
1478.5367587977144
 10
1512.2702710180542
 20
1480.1051317904667
 10
1511.397783600492
 20
1481.6163243266494
 10
1510.4220060559549
 20
1483.062974028131
 10
1509.3476922745556
 20
1484.4380329629828
 10
1508.1800762050475
 20
1485.7348019822944
 10
1506.9248463555527
 20
1486.9469633577542
 10
1505.5881180797228
 20
1488.0686115609874
 10
1504.17640378335
 20
1489.0942820346954
 10
1502.696581196581
 20
1490.0189778154304
 10
1501.1558598663082
 20
1490.8381938782984
 10
1499.561746031979
 20
1491.547939084989
 10
1497.9220060559549
 20
1492.1447556281983
 10
1496.2446285865728
 20
1492.6257358777193
 10
1494.5377856382543
 20
1492.9885365461246
 10
1492.8097927782724
 20
1493.231390105026
 10
1491.0690686141438
 20
1493.3531133962967
 10
1489.3240937790188
 20
1493.3531133962967
 10
1487.5833696148898
 20
1493.231390105026
 10
1485.8553767549079
 20
1492.9885365461246
 10
1484.1485338065895
 20
1492.6257358777193
 10
1482.4711563372075
 20
1492.1447556281983
 10
1480.8314163611833
 20
1491.547939084989
 10
1479.2373025268544
 20
1490.8381938782984
 10
1477.696581196581
 20
1490.0189778154304
 10
1476.2167586098126
 20
1489.0942820346954
 10
1474.8050443134398
 20
1488.0686115609874
 10
1473.4683160376098
 20
1486.9469633577542
 10
1472.2130861881149
 20
1485.7348019822941
 10
1471.0454701186068
 20
1484.4380329629828
 10
1469.9711563372075
 20
1483.062974028131
 10
1468.9953787926706
 20
1481.6163243266494
 10
1468.1228913751079
 20
1480.1051317904667
 10
1467.3579447555162
 20
1478.5367587977144
 10
1466.7042656769336
 20
1476.918846303961
 10
1466.165038798123
 20
1475.2592766162443
 10
1465.742891178236
 20
1473.5661349912632
 10
1465.4398794780418
 20
1471.8476702448208
 10
1465.2574799400854
 20
1470.1122545644223
 10
1465.196581196581
 20
1468.3683427208193
 10
1465.2574799400854
 20
1466.6244308772161
 10
1465.4398794780418
 20
1464.8890151968176
 10
1465.742891178236
 20
1463.1705504503752
 10
1466.165038798123
 20
1461.4774088253944
 10
1466.7042656769336
 20
1459.8178391376775
 10
1467.3579447555162
 20
1458.1999266439243
 10
1468.1228913751079
 20
1456.631553651172
 10
1468.9953787926706
 20
1455.1203611149892
 10
1469.9711563372075
 20
1453.6737114135074
 10
1471.0454701186068
 20
1452.2986524786559
 10
1472.213086188115
 20
1451.0018834593443
 10
1473.4683160376098
 20
1449.7897220838845
 10
1474.8050443134398
 20
1448.6680738806513
 10
1476.2167586098126
 20
1447.6424034069432
 10
1477.6965811965813
 20
1446.7177076262083
 10
1479.2373025268544
 20
1445.89849156334
 10
1480.8314163611835
 20
1445.1887463566495
 10
1482.4711563372075
 20
1444.5919298134404
 10
1484.1485338065895
 20
1444.1109495639193
 10
1485.8553767549079
 20
1443.748148895514
 10
1487.58336961489
 20
1443.5052953366126
 10
1489.3240937790188
 20
1443.383572045342
 10
1491.0690686141438
 20
1443.383572045342
 10
1492.8097927782726
 20
1443.5052953366126
 10
1494.5377856382547
 20
1443.748148895514
 10
1496.244628586573
 20
1444.1109495639193
 10
1497.922006055955
 20
1444.5919298134406
 10
1499.561746031979
 20
1445.1887463566497
 10
1501.1558598663082
 20
1445.8984915633403
 10
1502.6965811965813
 20
1446.7177076262085
 10
1504.17640378335
 20
1447.6424034069435
 10
1505.5881180797228
 20
1448.6680738806513
 10
1506.9248463555527
 20
1449.7897220838845
 10
1508.1800762050475
 20
1451.0018834593445
 10
1509.3476922745558
 20
1452.2986524786559
 10
1510.422006055955
 20
1453.6737114135076
 10
1511.397783600492
 20
1455.1203611149892
 10
1512.2702710180545
 20
1456.6315536511722
 10
1513.0352176376464
 20
1458.1999266439245
 10
1513.688896716229
 20
1459.8178391376778
 10
1514.228123595039
 20
1461.4774088253946
 10
1514.6502712149263
 20
1463.1705504503755
 10
1514.9532829151203
 20
1464.8890151968178
 10
1515.1356824530767
 20
1466.6244308772164
 10
1515.196581196581
 20
1468.3683427208193
  0
LWPOLYLINE
  5
D9
330
17
100
AcDbEntity
  8
HIDDEN
100
AcDbPolyline
 90
91
 70
0
 10
1505.196581196581
 20
1468.3683427208193
 10
1505.1600419504784
 20
1469.4146898269812
 10
1505.0506022277048
 20
1470.4559392352203
 10
1504.8687952075884
 20
1471.4870180830858
 10
1504.615506635656
 20
1472.5029030580743
 10
1504.2919705083698
 20
1473.4986448707043
 10
1503.8997630612203
 20
1474.4693923669563
 10
1503.4407950894652
 20
1475.4104161626076
 10
1502.9173026389276
 20
1476.3171316843175
 10
1502.3318361122053
 20
1477.1851215052063
 10
1501.6872478433659
 20
1478.0101568661173
 10
1500.986678201661
 20
1478.7882182777043
 10
1500.233540291964
 20
1479.5155151029803
 10
1499.431503326466
 20
1480.1885040249201
 10
1498.5844747486424
 20
1480.8039063091448
 10
1497.696581196581
 20
1481.358723777586
 10
1496.7721483984174
 20
1481.8502534153067
 10
1495.81568009782
 20
1482.276100539321
 10
1494.8318361122053
 20
1482.6341904652465
 10
1493.8254096305764
 20
1482.9227786149593
 10
1492.801303861585
 20
1483.1404590160025
 10
1491.764508145596
 20
1483.2861711513435
 10
1490.7200736471186
 20
1483.3592051261057
 10
1489.6730887460435
 20
1483.3592051261057
 10
1488.6286542475664
 20
1483.2861711513435
 10
1487.5918585315771
 20
1483.1404590160025
 10
1486.5677527625862
 20
1482.9227786149593
 10
1485.561326280957
 20
1482.6341904652465
 10
1484.5774822953426
 20
1482.276100539321
 10
1483.621013994745
 20
1481.8502534153067
 10
1482.696581196581
 20
1481.358723777586
 10
1481.80868764452
 20
1480.8039063091448
 10
1480.9616590666963
 20
1480.1885040249201
 10
1480.1596221011982
 20
1479.5155151029803
 10
1479.4064841915015
 20
1478.7882182777043
 10
1478.7059145497965
 20
1478.0101568661173
 10
1478.061326280957
 20
1477.1851215052063
 10
1477.4758597542348
 20
1476.3171316843175
 10
1476.9523673036974
 20
1475.4104161626076
 10
1476.493399331942
 20
1474.4693923669563
 10
1476.1011918847926
 20
1473.4986448707043
 10
1475.7776557575064
 20
1472.5029030580743
 10
1475.5243671855742
 20
1471.4870180830858
 10
1475.3425601654576
 20
1470.4559392352203
 10
1475.2331204426837
 20
1469.4146898269812
 10
1475.196581196581
 20
1468.3683427208193
 10
1475.2331204426837
 20
1467.3219956146575
 10
1475.3425601654576
 20
1466.2807462064184
 10
1475.5243671855742
 20
1465.2496673585529
 10
1475.7776557575064
 20
1464.2337823835644
 10
1476.1011918847926
 20
1463.2380405709343
 10
1476.4933993319423
 20
1462.2672930746824
 10
1476.9523673036974
 20
1461.3262692790308
 10
1477.4758597542348
 20
1460.4195537573212
 10
1478.061326280957
 20
1459.551563936432
 10
1478.7059145497965
 20
1458.7265285755211
 10
1479.4064841915015
 20
1457.9484671639343
 10
1480.1596221011982
 20
1457.2211703386583
 10
1480.9616590666965
 20
1456.5481814167185
 10
1481.80868764452
 20
1455.9327791324936
 10
1482.696581196581
 20
1455.3779616640527
 10
1483.6210139947452
 20
1454.8864320263317
 10
1484.5774822953426
 20
1454.4605849023176
 10
1485.561326280957
 20
1454.102494976392
 10
1486.5677527625862
 20
1453.8139068266794
 10
1487.5918585315771
 20
1453.5962264256361
 10
1488.6286542475664
 20
1453.4505142902951
 10
1489.6730887460437
 20
1453.377480315533
 10
1490.7200736471186
 20
1453.377480315533
 10
1491.7645081455962
 20
1453.4505142902951
 10
1492.8013038615852
 20
1453.5962264256361
 10
1493.8254096305764
 20
1453.8139068266794
 10
1494.8318361122056
 20
1454.102494976392
 10
1495.81568009782
 20
1454.4605849023176
 10
1496.7721483984174
 20
1454.886432026332
 10
1497.6965811965813
 20
1455.3779616640527
 10
1498.5844747486426
 20
1455.9327791324938
 10
1499.431503326466
 20
1456.5481814167185
 10
1500.2335402919641
 20
1457.2211703386586
 10
1500.986678201661
 20
1457.9484671639345
 10
1501.6872478433659
 20
1458.7265285755213
 10
1502.3318361122056
 20
1459.5515639364323
 10
1502.9173026389276
 20
1460.4195537573214
 10
1503.4407950894652
 20
1461.326269279031
 10
1503.8997630612203
 20
1462.2672930746824
 10
1504.2919705083698
 20
1463.2380405709343
 10
1504.615506635656
 20
1464.2337823835644
 10
1504.8687952075884
 20
1465.249667358553
 10
1505.0506022277048
 20
1466.2807462064184
 10
1505.1600419504784
 20
1467.3219956146575
 10
1505.196581196581
 20
1468.3683427208193
  0
LWPOLYLINE
  5
DA
330
17
100
AcDbEntity
  8
HIDDEN
100
AcDbPolyline
 90
91
 70
0
 10
1365.196581196581
 20
1480.3683427208193
 10
1365.1356824530767
 20
1482.1122545644225
 10
1364.9532829151203
 20
1483.847670244821
 10
1364.6502712149263
 20
1485.5661349912634
 10
1364.228123595039
 20
1487.2592766162443
 10
1363.688896716229
 20
1488.9188463039611
 10
1363.0352176376462
 20
1490.5367587977144
 10
1362.2702710180542
 20
1492.1051317904667
 10
1361.397783600492
 20
1493.6163243266494
 10
1360.4220060559549
 20
1495.062974028131
 10
1359.3476922745556
 20
1496.4380329629828
 10
1358.1800762050475
 20
1497.7348019822944
 10
1356.9248463555527
 20
1498.9469633577542
 10
1355.5881180797228
 20
1500.0686115609874
 10
1354.17640378335
 20
1501.0942820346954
 10
1352.696581196581
 20
1502.0189778154304
 10
1351.1558598663082
 20
1502.8381938782984
 10
1349.561746031979
 20
1503.547939084989
 10
1347.9220060559549
 20
1504.1447556281983
 10
1346.2446285865728
 20
1504.6257358777193
 10
1344.5377856382543
 20
1504.9885365461246
 10
1342.8097927782724
 20
1505.231390105026
 10
1341.0690686141438
 20
1505.3531133962967
 10
1339.3240937790188
 20
1505.3531133962967
 10
1337.5833696148898
 20
1505.231390105026
 10
1335.8553767549079
 20
1504.9885365461246
 10
1334.1485338065895
 20
1504.6257358777193
 10
1332.4711563372075
 20
1504.1447556281983
 10
1330.8314163611833
 20
1503.547939084989
 10
1329.2373025268544
 20
1502.8381938782984
 10
1327.696581196581
 20
1502.0189778154304
 10
1326.2167586098126
 20
1501.0942820346954
 10
1324.8050443134398
 20
1500.0686115609874
 10
1323.4683160376098
 20
1498.9469633577542
 10
1322.2130861881149
 20
1497.7348019822941
 10
1321.0454701186068
 20
1496.4380329629828
 10
1319.9711563372075
 20
1495.062974028131
 10
1318.9953787926706
 20
1493.6163243266494
 10
1318.1228913751079
 20
1492.1051317904667
 10
1317.3579447555162
 20
1490.5367587977144
 10
1316.7042656769336
 20
1488.918846303961
 10
1316.165038798123
 20
1487.2592766162443
 10
1315.742891178236
 20
1485.5661349912632
 10
1315.4398794780418
 20
1483.8476702448208
 10
1315.2574799400854
 20
1482.1122545644223
 10
1315.196581196581
 20
1480.3683427208193
 10
1315.2574799400854
 20
1478.6244308772161
 10
1315.4398794780418
 20
1476.8890151968176
 10
1315.742891178236
 20
1475.1705504503752
 10
1316.165038798123
 20
1473.4774088253944
 10
1316.7042656769336
 20
1471.8178391376775
 10
1317.3579447555162
 20
1470.1999266439243
 10
1318.1228913751079
 20
1468.631553651172
 10
1318.9953787926706
 20
1467.1203611149892
 10
1319.9711563372075
 20
1465.6737114135074
 10
1321.0454701186068
 20
1464.2986524786559
 10
1322.213086188115
 20
1463.0018834593443
 10
1323.4683160376098
 20
1461.7897220838845
 10
1324.8050443134398
 20
1460.6680738806513
 10
1326.2167586098126
 20
1459.6424034069432
 10
1327.6965811965813
 20
1458.7177076262083
 10
1329.2373025268544
 20
1457.89849156334
 10
1330.8314163611835
 20
1457.1887463566495
 10
1332.4711563372075
 20
1456.5919298134404
 10
1334.1485338065895
 20
1456.1109495639193
 10
1335.8553767549079
 20
1455.748148895514
 10
1337.58336961489
 20
1455.5052953366126
 10
1339.3240937790188
 20
1455.383572045342
 10
1341.0690686141438
 20
1455.383572045342
 10
1342.8097927782726
 20
1455.5052953366126
 10
1344.5377856382547
 20
1455.748148895514
 10
1346.244628586573
 20
1456.1109495639193
 10
1347.922006055955
 20
1456.5919298134406
 10
1349.561746031979
 20
1457.1887463566497
 10
1351.1558598663082
 20
1457.8984915633403
 10
1352.6965811965813
 20
1458.7177076262085
 10
1354.17640378335
 20
1459.6424034069435
 10
1355.5881180797228
 20
1460.6680738806513
 10
1356.9248463555527
 20
1461.7897220838845
 10
1358.1800762050475
 20
1463.0018834593445
 10
1359.3476922745558
 20
1464.2986524786559
 10
1360.422006055955
 20
1465.6737114135076
 10
1361.397783600492
 20
1467.1203611149892
 10
1362.2702710180545
 20
1468.6315536511722
 10
1363.0352176376464
 20
1470.1999266439245
 10
1363.688896716229
 20
1471.8178391376778
 10
1364.228123595039
 20
1473.4774088253946
 10
1364.6502712149263
 20
1475.1705504503755
 10
1364.9532829151203
 20
1476.8890151968178
 10
1365.1356824530767
 20
1478.6244308772164
 10
1365.196581196581
 20
1480.3683427208193
  0
LWPOLYLINE
  5
DB
330
17
100
AcDbEntity
  8
HIDDEN
100
AcDbPolyline
 90
91
 70
0
 10
1355.196581196581
 20
1480.3683427208193
 10
1355.1600419504784
 20
1481.4146898269812
 10
1355.0506022277048
 20
1482.4559392352203
 10
1354.8687952075884
 20
1483.4870180830858
 10
1354.615506635656
 20
1484.5029030580743
 10
1354.2919705083698
 20
1485.4986448707043
 10
1353.8997630612203
 20
1486.4693923669563
 10
1353.4407950894652
 20
1487.4104161626076
 10
1352.9173026389276
 20
1488.3171316843175
 10
1352.3318361122053
 20
1489.1851215052063
 10
1351.6872478433659
 20
1490.0101568661173
 10
1350.986678201661
 20
1490.7882182777043
 10
1350.233540291964
 20
1491.5155151029803
 10
1349.431503326466
 20
1492.1885040249201
 10
1348.5844747486424
 20
1492.8039063091448
 10
1347.696581196581
 20
1493.358723777586
 10
1346.7721483984174
 20
1493.8502534153067
 10
1345.81568009782
 20
1494.276100539321
 10
1344.8318361122053
 20
1494.6341904652465
 10
1343.8254096305764
 20
1494.9227786149593
 10
1342.801303861585
 20
1495.1404590160025
 10
1341.764508145596
 20
1495.2861711513435
 10
1340.7200736471186
 20
1495.3592051261057
 10
1339.6730887460435
 20
1495.3592051261057
 10
1338.6286542475664
 20
1495.2861711513435
 10
1337.5918585315771
 20
1495.1404590160025
 10
1336.5677527625862
 20
1494.9227786149593
 10
1335.561326280957
 20
1494.6341904652465
 10
1334.5774822953426
 20
1494.276100539321
 10
1333.621013994745
 20
1493.8502534153067
 10
1332.696581196581
 20
1493.358723777586
 10
1331.80868764452
 20
1492.8039063091448
 10
1330.9616590666963
 20
1492.1885040249201
 10
1330.1596221011982
 20
1491.5155151029803
 10
1329.4064841915015
 20
1490.7882182777043
 10
1328.7059145497965
 20
1490.0101568661173
 10
1328.061326280957
 20
1489.1851215052063
 10
1327.4758597542348
 20
1488.3171316843175
 10
1326.9523673036974
 20
1487.4104161626076
 10
1326.493399331942
 20
1486.4693923669563
 10
1326.1011918847926
 20
1485.4986448707043
 10
1325.7776557575064
 20
1484.5029030580743
 10
1325.5243671855742
 20
1483.4870180830858
 10
1325.3425601654576
 20
1482.4559392352203
 10
1325.2331204426837
 20
1481.4146898269812
 10
1325.196581196581
 20
1480.3683427208193
 10
1325.2331204426837
 20
1479.3219956146575
 10
1325.3425601654576
 20
1478.2807462064184
 10
1325.5243671855742
 20
1477.2496673585529
 10
1325.7776557575064
 20
1476.2337823835644
 10
1326.1011918847926
 20
1475.2380405709343
 10
1326.4933993319423
 20
1474.2672930746824
 10
1326.9523673036974
 20
1473.3262692790308
 10
1327.4758597542348
 20
1472.4195537573212
 10
1328.061326280957
 20
1471.551563936432
 10
1328.7059145497965
 20
1470.7265285755211
 10
1329.4064841915015
 20
1469.9484671639343
 10
1330.1596221011982
 20
1469.2211703386583
 10
1330.9616590666965
 20
1468.5481814167185
 10
1331.80868764452
 20
1467.9327791324936
 10
1332.696581196581
 20
1467.3779616640527
 10
1333.6210139947452
 20
1466.8864320263317
 10
1334.5774822953426
 20
1466.4605849023176
 10
1335.561326280957
 20
1466.102494976392
 10
1336.5677527625862
 20
1465.8139068266794
 10
1337.5918585315771
 20
1465.5962264256361
 10
1338.6286542475664
 20
1465.4505142902951
 10
1339.6730887460437
 20
1465.377480315533
 10
1340.7200736471186
 20
1465.377480315533
 10
1341.7645081455962
 20
1465.4505142902951
 10
1342.8013038615852
 20
1465.5962264256361
 10
1343.8254096305764
 20
1465.8139068266794
 10
1344.8318361122056
 20
1466.102494976392
 10
1345.81568009782
 20
1466.4605849023176
 10
1346.7721483984174
 20
1466.886432026332
 10
1347.6965811965813
 20
1467.3779616640527
 10
1348.5844747486426
 20
1467.9327791324938
 10
1349.431503326466
 20
1468.5481814167185
 10
1350.2335402919641
 20
1469.2211703386586
 10
1350.986678201661
 20
1469.9484671639345
 10
1351.6872478433659
 20
1470.7265285755213
 10
1352.3318361122056
 20
1471.5515639364323
 10
1352.9173026389276
 20
1472.4195537573214
 10
1353.4407950894652
 20
1473.326269279031
 10
1353.8997630612203
 20
1474.2672930746824
 10
1354.2919705083698
 20
1475.2380405709343
 10
1354.615506635656
 20
1476.2337823835644
 10
1354.8687952075884
 20
1477.249667358553
 10
1355.0506022277048
 20
1478.2807462064184
 10
1355.1600419504784
 20
1479.3219956146575
 10
1355.196581196581
 20
1480.3683427208193
  0
LWPOLYLINE
  5
DC
330
17
100
AcDbEntity
  8
OUTLINE
100
AcDbPolyline
 90
5
 70
0
 10
527.6515956720955
 20
1419.967688405093
 10
530.8080751131682
 20
1419.2576926179984
 10
534.0038640657756
 20
1418.7533222679583
 10
537.2255818172059
 20
1418.4566891448483
 10
540.459739091318
 20
1418.369035246391
  0
LWPOLYLINE
  5
DD
330
17
100
AcDbEntity
  8
OUTLINE
100
AcDbPolyline
 90
2
 70
0
 10
238.90609422454406
 20
1494.8077538366656
 10
527.6515956720955
 20
1419.967688405093
  0
LWPOLYLINE
  5
DE
330
17
100
AcDbEntity
  8
OUTLINE
100
AcDbPolyline
 90
2
 70
0
 10
540.459739091318
 20
1418.369035246391
 10
1490.4334233018444
 20
1423.3689659938336
  0
LWPOLYLINE
  5
DF
330
17
100
AcDbEntity
  8
OUTLINE
100
AcDbPolyline
 90
44
 70
0
 10
252.73286569560088
 20
1583.2968109891683
 10
249.652901168599
 20
1583.3650582901491
 10
246.57548477972637
 20
1583.2224134473413
 10
243.5150398692507
 20
1582.8695450134674
 10
240.48591023493475
 20
1582.3081068243582
 10
237.50229290503518
 20
1581.5407302476995
 10
234.57817159918545
 20
1580.5710118502475
 10
231.72725118902093
 20
1579.4034965413161
 10
228.96289346571825
 20
1578.0436562715427
 10
226.2980545154959
 20
1576.4978643867603
 10
223.74522399658673
 20
1574.7733657571848
 10
221.31636660228122
 20
1572.878242821909
 10
219.02286598439395
 20
1570.8213777078502
 10
216.87547139997554
 20
1568.6124106006953
 10
214.88424733132734
 20
1566.261694562949
 10
213.05852631544207
 20
1563.7802470108466
 10
211.4068652039506
 20
1561.1796980775503
 10
209.9370050585772
 20
1558.4722361046456
 10
208.65583487006722
 20
1555.6705505174045
 10
207.56935927062983
 20
1552.7877723515535
 10
206.6826703912226
 20
1549.8374127102863
 10
205.99992399557817
 20
1546.833299439966
 10
205.52432000282886
 20
1543.789512321299
 10
205.2580874900163
 20
1540.7203170797409
 10
205.20247424477708
 20
1537.6400985244052
 10
205.35774091716894
 20
1534.5632931288487
 10
205.72315979804722
 20
1531.5043213697147
 10
206.29701822971697
 20
1528.4775201403502
 10
207.07662663287533
 20
1525.4970755561637
 10
208.05833111222415
 20
1522.576956466656
 10
209.23753058167074
 20
1519.7308489857378
 10
210.6086983288559
 20
1516.9720923471848
 10
212.16540791793773
 20
1514.3136163858599
 10
213.900363309231
 20
1511.7678809377223
 10
215.80543305453523
 20
1509.3468174426428
 10
217.87168840788365
 20
1507.061773023722
 10
220.0894451730951
 20
1504.923457305209
 10
222.44830909199544
 20
1502.9418922182658
 10
224.93722456058174
 20
1501.1263650298401
 10
227.54452644480506
 20
1499.4853848147836
 10
230.2579947531192
 20
1498.0266425752307
 10
233.0649119095542
 20
1496.7569751941453
 10
235.95212235888653
 20
1495.6823333919863
 10
238.90609422454406
 20
1494.8077538366656
  0
LWPOLYLINE
  5
E0
330
17
100
AcDbEntity
  8
OUTLINE
100
AcDbPolyline
 90
46
 70
0
 10
1490.4334233018444
 20
1423.3689659938336
 10
1493.5103597917996
 20
1423.490521122374
 10
1496.5717791022269
 20
1423.8222222201084
 10
1499.603345757267
 20
1424.3625160554807
 10
1502.5908640698262
 20
1425.1088726355538
 10
1505.5203446146397
 20
1426.0577970530148
 10
1508.3780697354932
 20
1427.2048458515128
 10
1511.150657779851
 20
1428.5446478326944
 10
1513.8251257601032
 20
1430.0709292075069
 10
1516.388950148018
 20
1431.7765429739934
 10
1518.8301255177153
 20
1433.6535023840172
 10
1521.1372207625645
 20
1435.6930183422014
 10
1523.2994326227602
 20
1437.8855405619572
 10
1525.3066362729255
 20
1440.2208022858883
 10
1527.1494327328646
 20
1442.6878683611544
 10
1528.8191928794538
 20
1445.2751864446834
 10
1530.3080978535813
 20
1447.9706410984502
 10
1531.6091756729252
 20
1450.761610521519
 10
1532.7163338791263
 20
1453.6350256531935
 10
1533.6243880664802
 20
1456.5774313705144
 10
1534.3290861585606
 20
1459.5750494935432
 10
1534.827128319095
 20
1462.6138433034002
 10
1535.116182403857
 20
1465.6795832709408
 10
1535.1948948812217
 20
1468.757913688294
 10
1535.0628971702454
 20
1471.8344198912441
 10
1534.7208073665909
 20
1474.8946957576866
 10
1534.1702273482192
 20
1477.9244111660812
 10
1533.413735274396
 20
1480.9093790980255
 10
1532.4548735131414
 20
1483.8356220707292
 10
1531.298132053652
 20
1486.6894375883112
 10
1529.9489274813686
 20
1489.457462305438
 10
1528.4135776141447
 20
1492.1267346028458
 10
1526.6992719182776
 20
1494.6847552817324
 10
1524.814037842942
 20
1497.1195460928059
 10
1522.7667032306626
 20
1499.4197058259238
 10
1520.566854979846
 20
1501.5744636976744
 10
1518.224794152938
 20
1503.5737297869077
 10
1515.7514877404226
 20
1505.4081422820418
 10
1513.1585173065255
 20
1507.0691113189084
 10
1510.458024757104
 20
1508.548859203858
 10
1507.6626554836653
 20
1509.8404568337755
 10
1504.7854991497513
 20
1510.937856142465
 10
1501.840028396965
 20
1511.835918421471
 10
1498.8400357576534
 20
1512.5304383827179
 10
1495.7995690696641
 20
1513.018163850294
 10
1492.7328656956008
 20
1513.2968109891683
  0
LWPOLYLINE
  5
E1
330
17
100
AcDbEntity
  8
OUTLINE
100
AcDbPolyline
 90
2
 70
0
 10
1492.7328656956008
 20
1513.2968109891683
 10
252.73286569560082
 20
1583.2968109891683
  0
LWPOLYLINE
  5
E2
330
17
100
AcDbEntity
  8
OUTLINE
100
AcDbPolyline
 90
91
 70
0
 10
570.4465811965812
 20
1468.3683427208193
 10
570.3728937169409
 20
1466.2582093900596
 10
570.1521902760137
 20
1464.1583564167775
 10
569.7855461187788
 20
1462.0790140735821
 10
569.2747474987153
 20
1460.030312707355
 10
568.6222829753549
 20
1458.0222333852178
 10
567.8313312902699
 20
1456.0645592677763
 10
566.9057458805637
 20
1454.1668279465462
 10
565.850036105313
 20
1452.338284977765
 10
564.6693452764233
 20
1450.587838838972
 10
563.3694256009303
 20
1448.9240175278014
 10
561.9566101568254
 20
1447.3549270144347
 10
560.4377820389367
 20
1445.8882117501282
 10
558.8203408251824
 20
1444.531017424216
 10
557.1121665265713
 20
1443.2899561510294
 10
555.3215811965812
 20
1442.17107425634
 10
553.4573083869508
 20
1441.1798228202695
 10
551.5284306474125
 20
1440.321031120174
 10
549.5443452764233
 20
1439.598883102891
 10
547.5147185384711
 20
1439.0168970009704
 10
545.4494385710058
 20
1438.5779081922
 10
543.3585672104277
 20
1438.2840553859292
 10
541.2522909718318
 20
1438.1367702034918
 10
539.1408714213305
 20
1438.1367702034918
 10
537.0345951827346
 20
1438.2840553859292
 10
534.9437238221565
 20
1438.5779081922
 10
532.8784438546912
 20
1439.0168970009704
 10
530.848817116739
 20
1439.598883102891
 10
528.8647317457499
 20
1440.321031120174
 10
526.9358540062116
 20
1441.1798228202695
 10
525.0715811965812
 20
1442.17107425634
 10
523.2809958665911
 20
1443.2899561510294
 10
521.57282156798
 20
1444.531017424216
 10
519.9553803542257
 20
1445.8882117501282
 10
518.436552236337
 20
1447.3549270144347
 10
517.0237367922321
 20
1448.9240175278017
 10
515.723817116739
 20
1450.587838838972
 10
514.5431262878493
 20
1452.338284977765
 10
513.4874165125987
 20
1454.1668279465462
 10
512.5618311028925
 20
1456.0645592677765
 10
511.7708794178074
 20
1458.022233385218
 10
511.118414894447
 20
1460.0303127073553
 10
510.60761627438353
 20
1462.0790140735821
 10
510.24097211714866
 20
1464.1583564167775
 10
510.02026867622146
 20
1466.2582093900596
 10
509.9465811965812
 20
1468.3683427208193
 10
510.0202686762215
 20
1470.4784760515793
 10
510.24097211714866
 20
1472.5783290248614
 10
510.6076162743836
 20
1474.6576713680565
 10
511.1184148944471
 20
1476.7063727342836
 10
511.77087941780746
 20
1478.714452056421
 10
512.5618311028925
 20
1480.6721261738624
 10
513.4874165125987
 20
1482.5698574950927
 10
514.5431262878493
 20
1484.398400463874
 10
515.723817116739
 20
1486.1488466026667
 10
517.0237367922322
 20
1487.8126679138372
 10
518.4365522363371
 20
1489.381758427204
 10
519.9553803542258
 20
1490.8484736915107
 10
521.5728215679801
 20
1492.2056680174228
 10
523.2809958665912
 20
1493.4467292906095
 10
525.0715811965813
 20
1494.5656111852986
 10
526.9358540062117
 20
1495.5568626213692
 10
528.86473174575
 20
1496.4156543214647
 10
530.8488171167392
 20
1497.1378023387479
 10
532.8784438546913
 20
1497.7197884406683
 10
534.9437238221567
 20
1498.1587772494386
 10
537.0345951827348
 20
1498.4526300557095
 10
539.1408714213306
 20
1498.5999152381469
 10
541.2522909718319
 20
1498.5999152381469
 10
543.3585672104279
 20
1498.4526300557095
 10
545.449438571006
 20
1498.1587772494386
 10
547.5147185384712
 20
1497.7197884406683
 10
549.5443452764234
 20
1497.1378023387476
 10
551.5284306474126
 20
1496.4156543214647
 10
553.4573083869509
 20
1495.556862621369
 10
555.3215811965813
 20
1494.5656111852986
 10
557.1121665265714
 20
1493.4467292906093
 10
558.8203408251825
 20
1492.2056680174226
 10
560.4377820389368
 20
1490.8484736915104
 10
561.9566101568255
 20
1489.381758427204
 10
563.3694256009304
 20
1487.812667913837
 10
564.6693452764234
 20
1486.1488466026665
 10
565.8500361053132
 20
1484.3984004638737
 10
566.9057458805638
 20
1482.5698574950923
 10
567.83133129027
 20
1480.6721261738621
 10
568.622282975355
 20
1478.7144520564207
 10
569.2747474987153
 20
1476.7063727342834
 10
569.7855461187788
 20
1474.6576713680563
 10
570.1521902760137
 20
1472.5783290248612
 10
570.3728937169409
 20
1470.4784760515788
 10
570.4465811965812
 20
1468.3683427208193
  0
LWPOLYLINE
  5
E3
330
17
100
AcDbEntity
  8
OUTLINE
100
AcDbPolyline
 90
91
 70
0
 10
1515.446581196581
 20
1468.3683427208193
 10
1515.3850734656417
 20
1466.6069917587802
 10
1515.2008499323058
 20
1464.8542219215776
 10
1514.8948081151098
 20
1463.118572527671
 10
1514.4684390190237
 20
1461.4084994864402
 10
1513.9238198714254
 20
1459.7323341018462
 10
1513.2636040020568
 20
1458.0982424831554
 10
1512.4910079162692
 20
1456.5141857604756
 10
1511.6097956245308
 20
1454.987881298931
 10
1510.6242603045484
 20
1453.5267651004344
 10
1509.5392033853354
 20
1452.1379555762342
 10
1508.359911155132
 20
1450.8282188667297
 10
1507.0921290071424
 20
1449.6039358775151
 10
1505.7420334485541
 20
1448.4710711922496
 10
1504.3162020092177
 20
1447.4351440138046
 10
1502.821581196581
 20
1446.5012012752622
 10
1501.2654526530055
 20
1445.6737930517654
 10
1499.655397680333
 20
1444.956950393008
 10
1497.9992603045484
 20
1444.3541656843668
 10
1496.3051090604727
 20
1443.8683756323503
 10
1494.5811976826712
 20
1443.501946957261
 10
1492.8359248940894
 20
1443.2566648627703
 10
1491.0777934883195
 20
1443.1337243385872
 10
1489.3153689048431
 20
1443.1337243385872
 10
1487.557237499073
 20
1443.2566648627703
 10
1485.811964710491
 20
1443.501946957261
 10
1484.0880533326895
 20
1443.8683756323503
 10
1482.3939020886137
 20
1444.3541656843668
 10
1480.7377647128294
 20
1444.956950393008
 10
1479.1277097401571
 20
1445.6737930517654
 10
1477.571581196581
 20
1446.5012012752622
 10
1476.0769603839449
 20
1447.4351440138046
 10
1474.6511289446084
 20
1448.4710711922496
 10
1473.30103338602
 20
1449.6039358775151
 10
1472.03325123803
 20
1450.8282188667297
 10
1470.853959007827
 20
1452.1379555762342
 10
1469.7689020886137
 20
1453.5267651004344
 10
1468.7833667686314
 20
1454.987881298931
 10
1467.9021544768932
 20
1456.5141857604756
 10
1467.1295583911055
 20
1458.0982424831554
 10
1466.469342521737
 20
1459.7323341018462
 10
1465.9247233741385
 20
1461.4084994864402
 10
1465.4983542780526
 20
1463.118572527671
 10
1465.1923124608566
 20
1464.8542219215778
 10
1465.0080889275205
 20
1466.6069917587802
 10
1464.946581196581
 20
1468.3683427208193
 10
1465.0080889275205
 20
1470.1296936828585
 10
1465.1923124608566
 20
1471.882463520061
 10
1465.4983542780526
 20
1473.618112913968
 10
1465.9247233741387
 20
1475.3281859551987
 10
1466.469342521737
 20
1477.0043513397925
 10
1467.1295583911055
 20
1478.6384429584834
 10
1467.9021544768934
 20
1480.222499681163
 10
1468.7833667686314
 20
1481.7488041427077
 10
1469.7689020886137
 20
1483.2099203412045
 10
1470.8539590078271
 20
1484.5987298654045
 10
1472.0332512380303
 20
1485.908466574909
 10
1473.3010333860202
 20
1487.1327495641235
 10
1474.6511289446084
 20
1488.265614249389
 10
1476.0769603839449
 20
1489.301541427834
 10
1477.5715811965813
 20
1490.2354841663764
 10
1479.1277097401571
 20
1491.0628923898732
 10
1480.7377647128296
 20
1491.7797350486308
 10
1482.393902088614
 20
1492.382519757272
 10
1484.0880533326897
 20
1492.8683098092883
 10
1485.8119647104913
 20
1493.2347384843777
 10
1487.557237499073
 20
1493.4800205788683
 10
1489.3153689048431
 20
1493.6029611030515
 10
1491.0777934883195
 20
1493.6029611030515
 10
1492.8359248940897
 20
1493.480020578868
 10
1494.5811976826712
 20
1493.2347384843777
 10
1496.305109060473
 20
1492.8683098092881
 10
1497.9992603045487
 20
1492.382519757272
 10
1499.655397680333
 20
1491.7797350486308
 10
1501.2654526530055
 20
1491.0628923898732
 10
1502.8215811965813
 20
1490.2354841663764
 10
1504.3162020092177
 20
1489.301541427834
 10
1505.7420334485541
 20
1488.265614249389
 10
1507.0921290071424
 20
1487.1327495641235
 10
1508.359911155132
 20
1485.908466574909
 10
1509.5392033853354
 20
1484.5987298654043
 10
1510.6242603045487
 20
1483.2099203412042
 10
1511.609795624531
 20
1481.7488041427075
 10
1512.4910079162692
 20
1480.2224996811628
 10
1513.263604002057
 20
1478.6384429584832
 10
1513.9238198714254
 20
1477.0043513397923
 10
1514.4684390190237
 20
1475.3281859551985
 10
1514.8948081151098
 20
1473.6181129139675
 10
1515.2008499323058
 20
1471.8824635200608
 10
1515.3850734656417
 20
1470.1296936828583
 10
1515.446581196581
 20
1468.3683427208193
  0
LWPOLYLINE
  5
E4
330
17
100
AcDbEntity
  8
OUTLINE
100
AcDbPolyline
 90
91
 70
0
 10
1365.446581196581
 20
1480.3683427208193
 10
1365.3850734656417
 20
1478.6069917587802
 10
1365.2008499323058
 20
1476.8542219215776
 10
1364.8948081151098
 20
1475.118572527671
 10
1364.4684390190237
 20
1473.4084994864402
 10
1363.9238198714254
 20
1471.7323341018462
 10
1363.2636040020568
 20
1470.0982424831554
 10
1362.4910079162692
 20
1468.5141857604756
 10
1361.6097956245308
 20
1466.987881298931
 10
1360.6242603045484
 20
1465.5267651004344
 10
1359.5392033853354
 20
1464.1379555762342
 10
1358.359911155132
 20
1462.8282188667297
 10
1357.0921290071424
 20
1461.6039358775151
 10
1355.7420334485541
 20
1460.4710711922496
 10
1354.3162020092177
 20
1459.4351440138046
 10
1352.821581196581
 20
1458.5012012752622
 10
1351.2654526530055
 20
1457.6737930517654
 10
1349.655397680333
 20
1456.956950393008
 10
1347.9992603045484
 20
1456.3541656843668
 10
1346.3051090604727
 20
1455.8683756323503
 10
1344.5811976826712
 20
1455.501946957261
 10
1342.8359248940894
 20
1455.2566648627703
 10
1341.0777934883195
 20
1455.1337243385872
 10
1339.3153689048431
 20
1455.1337243385872
 10
1337.557237499073
 20
1455.2566648627703
 10
1335.811964710491
 20
1455.501946957261
 10
1334.0880533326895
 20
1455.8683756323503
 10
1332.3939020886137
 20
1456.3541656843668
 10
1330.7377647128294
 20
1456.956950393008
 10
1329.1277097401571
 20
1457.6737930517654
 10
1327.571581196581
 20
1458.5012012752622
 10
1326.0769603839449
 20
1459.4351440138046
 10
1324.6511289446084
 20
1460.4710711922496
 10
1323.30103338602
 20
1461.6039358775151
 10
1322.03325123803
 20
1462.8282188667297
 10
1320.853959007827
 20
1464.1379555762342
 10
1319.7689020886137
 20
1465.5267651004344
 10
1318.7833667686314
 20
1466.987881298931
 10
1317.9021544768932
 20
1468.5141857604756
 10
1317.1295583911055
 20
1470.0982424831554
 10
1316.469342521737
 20
1471.7323341018462
 10
1315.9247233741385
 20
1473.4084994864402
 10
1315.4983542780526
 20
1475.118572527671
 10
1315.1923124608566
 20
1476.8542219215778
 10
1315.0080889275205
 20
1478.6069917587802
 10
1314.946581196581
 20
1480.3683427208193
 10
1315.0080889275205
 20
1482.1296936828585
 10
1315.1923124608566
 20
1483.882463520061
 10
1315.4983542780526
 20
1485.6181129139677
 10
1315.9247233741387
 20
1487.3281859551987
 10
1316.469342521737
 20
1489.0043513397925
 10
1317.1295583911055
 20
1490.6384429584834
 10
1317.9021544768934
 20
1492.222499681163
 10
1318.7833667686314
 20
1493.7488041427077
 10
1319.7689020886137
 20
1495.2099203412045
 10
1320.8539590078271
 20
1496.5987298654045
 10
1322.0332512380303
 20
1497.908466574909
 10
1323.3010333860202
 20
1499.1327495641235
 10
1324.6511289446084
 20
1500.265614249389
 10
1326.0769603839449
 20
1501.301541427834
 10
1327.5715811965813
 20
1502.2354841663764
 10
1329.1277097401571
 20
1503.0628923898732
 10
1330.7377647128296
 20
1503.7797350486308
 10
1332.393902088614
 20
1504.382519757272
 10
1334.0880533326897
 20
1504.8683098092883
 10
1335.8119647104913
 20
1505.2347384843777
 10
1337.557237499073
 20
1505.4800205788683
 10
1339.3153689048431
 20
1505.6029611030515
 10
1341.0777934883195
 20
1505.6029611030515
 10
1342.8359248940897
 20
1505.4800205788683
 10
1344.5811976826712
 20
1505.2347384843777
 10
1346.305109060473
 20
1504.8683098092881
 10
1347.9992603045487
 20
1504.382519757272
 10
1349.655397680333
 20
1503.7797350486308
 10
1351.2654526530055
 20
1503.0628923898732
 10
1352.8215811965813
 20
1502.2354841663764
 10
1354.3162020092177
 20
1501.301541427834
 10
1355.7420334485541
 20
1500.265614249389
 10
1357.0921290071424
 20
1499.1327495641235
 10
1358.359911155132
 20
1497.908466574909
 10
1359.5392033853354
 20
1496.5987298654043
 10
1360.6242603045487
 20
1495.2099203412042
 10
1361.609795624531
 20
1493.7488041427075
 10
1362.4910079162692
 20
1492.2224996811628
 10
1363.263604002057
 20
1490.6384429584832
 10
1363.9238198714254
 20
1489.0043513397923
 10
1364.4684390190237
 20
1487.3281859551985
 10
1364.8948081151098
 20
1485.6181129139675
 10
1365.2008499323058
 20
1483.8824635200608
 10
1365.3850734656417
 20
1482.1296936828583
 10
1365.446581196581
 20
1480.3683427208193
  0
LWPOLYLINE
  5
E5
330
17
100
AcDbEntity
  8
OUTLINE
100
AcDbPolyline
 90
2
 70
0
 10
420.19658119658106
 20
1573.8432141463709
 10
252.73286569560082
 20
1583.2968109891683
  0
LWPOLYLINE
  5
E6
330
17
100
AcDbEntity
  8
OUTLINE
100
AcDbPolyline
 90
91
 70
0
 10
264.1965811965812
 20
1538.3683427208193
 10
264.16247790021873
 20
1539.3449333532371
 10
264.06033415896314
 20
1540.3167661342602
 10
263.8906476068545
 20
1541.279106392268
 10
263.6542449397176
 20
1542.2272657022572
 10
263.3522778875839
 20
1543.1566247273786
 10
262.9862176035776
 20
1544.0626557238804
 10
262.55784749660614
 20
1544.9409445998217
 10
262.06925454277115
 20
1545.7872124200842
 10
261.52281911783047
 20
1546.597336252914
 10
260.9212034002469
 20
1547.367369256431
 10
260.2673384013223
 20
1548.0935599072452
 10
259.5644096856052
 20
1548.772370277503
 10
258.8158418511404
 20
1549.4004932713135
 10
258.02528184517166
 20
1549.97486873659
 10
257.1965811965812
 20
1550.4926983738014
 10
256.33377725162825
 20
1550.9514593690076
 10
255.44107350440396
 20
1551.3489166847544
 10
254.52281911783047
 20
1551.6831339489515
 10
253.58348773497653
 20
1551.9524828886833
 10
252.6276556839182
 20
1552.1556512629902
 10
251.6599796823283
 20
1552.2916492559752
 10
250.68517415041617
 20
1552.3598142990866
 10
249.70798824274618
 20
1552.3598142990866
 10
248.733182710834
 20
1552.2916492559752
 10
247.76550670924416
 20
1552.1556512629902
 10
246.80967465818583
 20
1551.9524828886833
 10
245.8703432753319
 20
1551.6831339489515
 10
244.9520888887584
 20
1551.3489166847544
 10
244.0593851415341
 20
1550.9514593690076
 10
243.19658119658118
 20
1550.4926983738014
 10
242.3678805479907
 20
1549.97486873659
 10
241.57732054202194
 20
1549.4004932713135
 10
240.82875270755716
 20
1548.772370277503
 10
240.12582399184004
 20
1548.0935599072452
 10
239.47195899291546
 20
1547.367369256431
 10
238.8703432753319
 20
1546.597336252914
 10
238.3239078503912
 20
1545.7872124200842
 10
237.8353148965562
 20
1544.9409445998217
 10
237.40694478958477
 20
1544.0626557238804
 10
237.04088450557845
 20
1543.1566247273786
 10
236.73891745344469
 20
1542.2272657022572
 10
236.50251478630787
 20
1541.279106392268
 10
236.3328282341992
 20
1540.3167661342602
 10
236.23068449294362
 20
1539.3449333532371
 10
236.19658119658118
 20
1538.3683427208193
 10
236.23068449294362
 20
1537.3917520884015
 10
236.3328282341992
 20
1536.4199193073784
 10
236.50251478630793
 20
1535.4575790493707
 10
236.73891745344474
 20
1534.5094197393812
 10
237.04088450557845
 20
1533.5800607142598
 10
237.40694478958477
 20
1532.674029717758
 10
237.8353148965562
 20
1531.7957408418167
 10
238.32390785039127
 20
1530.9494730215545
 10
238.87034327533195
 20
1530.1393491887247
 10
239.47195899291552
 20
1529.3693161852077
 10
240.1258239918401
 20
1528.6431255343932
 10
240.82875270755721
 20
1527.9643151641358
 10
241.577320542022
 20
1527.3361921703251
 10
242.36788054799075
 20
1526.7618167050487
 10
243.19658119658123
 20
1526.2439870678372
 10
244.05938514153416
 20
1525.7852260726308
 10
244.95208888875845
 20
1525.3877687568843
 10
245.87034327533195
 20
1525.0535514926871
 10
246.80967465818588
 20
1524.7842025529553
 10
247.76550670924422
 20
1524.5810341786485
 10
248.73318271083411
 20
1524.4450361856634
 10
249.70798824274624
 20
1524.376871142552
 10
250.68517415041623
 20
1524.376871142552
 10
251.6599796823284
 20
1524.4450361856634
 10
252.62765568391825
 20
1524.5810341786485
 10
253.5834877349766
 20
1524.7842025529553
 10
254.52281911783052
 20
1525.0535514926871
 10
255.44107350440402
 20
1525.3877687568843
 10
256.3337772516283
 20
1525.785226072631
 10
257.19658119658123
 20
1526.2439870678372
 10
258.0252818451717
 20
1526.761816705049
 10
258.8158418511405
 20
1527.3361921703254
 10
259.56440968560526
 20
1527.9643151641358
 10
260.2673384013224
 20
1528.6431255343934
 10
260.9212034002469
 20
1529.369316185208
 10
261.52281911783047
 20
1530.1393491887247
 10
262.0692545427712
 20
1530.9494730215545
 10
262.5578474966062
 20
1531.795740841817
 10
262.98621760357764
 20
1532.6740297177582
 10
263.3522778875839
 20
1533.58006071426
 10
263.65424493971767
 20
1534.5094197393814
 10
263.8906476068545
 20
1535.457579049371
 10
264.0603341589632
 20
1536.4199193073784
 10
264.16247790021873
 20
1537.3917520884017
 10
264.1965811965812
 20
1538.3683427208193
  0
LWPOLYLINE
  5
E7
330
17
100
AcDbEntity
  8
OUTLINE
100
AcDbPolyline
 90
91
 70
0
 10
285.1965811965812
 20
1538.3683427208193
 10
285.11132295567506
 20
1540.8098193018636
 10
284.8559636025361
 20
1543.2394012544216
 10
284.4317472222644
 20
1545.6452518994408
 10
283.8407405544223
 20
1548.0156501744143
 10
283.08582292408795
 20
1550.3390477372177
 10
282.1706722140722
 20
1552.6041252284724
 10
281.0997469466436
 20
1554.7998474183255
 10
279.8782645620561
 20
1556.9155169689816
 10
278.51217599970437
 20
1558.9408265510558
 10
277.0081367057454
 20
1560.8659090598483
 10
275.37347420843395
 20
1562.6813856868841
 10
273.6161524191412
 20
1564.3784116125282
 10
271.7447328329792
 20
1565.9487190970547
 10
269.76833281805733
 20
1567.3846577602458
 10
267.6965811965812
 20
1568.6792318532746
 10
265.5395713341989
 20
1569.82613434129
 10
263.3078119661381
 20
1570.819777630657
 10
261.0121759997043
 20
1571.6553207911497
 10
258.66384754256956
 20
1572.3286931404791
 10
256.2742674149237
 20
1572.8366140762466
 10
253.85507741094904
 20
1573.176609058709
 10
251.41806358116867
 20
1573.3470216664878
 10
248.97509881199363
 20
1573.3470216664878
 10
246.53808498221326
 20
1573.176609058709
 10
244.1188949782386
 20
1572.8366140762466
 10
241.7293148505928
 20
1572.3286931404791
 10
239.380986393458
 20
1571.6553207911497
 10
237.0853504270242
 20
1570.819777630657
 10
234.85359105896345
 20
1569.82613434129
 10
232.69658119658112
 20
1568.6792318532746
 10
230.62482957510503
 20
1567.3846577602458
 10
228.6484295601831
 20
1565.9487190970547
 10
226.7770099740211
 20
1564.378411612528
 10
225.01968818472835
 20
1562.6813856868841
 10
223.38502568741694
 20
1560.8659090598483
 10
221.880986393458
 20
1558.9408265510558
 10
220.51489783110623
 20
1556.9155169689814
 10
219.29341544651868
 20
1554.7998474183255
 10
218.22249017909013
 20
1552.6041252284722
 10
217.30733946907435
 20
1550.3390477372177
 10
216.55242183873997
 20
1548.0156501744143
 10
215.96141517089796
 20
1545.6452518994408
 10
215.53719879062623
 20
1543.2394012544216
 10
215.2818394374873
 20
1540.8098193018636
 10
215.19658119658118
 20
1538.3683427208193
 10
215.28183943748735
 20
1535.9268661397748
 10
215.53719879062623
 20
1533.497284187217
 10
215.96141517089802
 20
1531.0914335421976
 10
216.55242183874003
 20
1528.7210352672244
 10
217.3073394690744
 20
1526.3976377044207
 10
218.2224901790902
 20
1524.1325602131662
 10
219.2934154465188
 20
1521.9368380233132
 10
220.51489783110634
 20
1519.821168472657
 10
221.8809863934581
 20
1517.7958588905826
 10
223.38502568741706
 20
1515.8707763817904
 10
225.01968818472847
 20
1514.0552997547543
 10
226.7770099740212
 20
1512.3582738291104
 10
228.64842956018322
 20
1510.787966344584
 10
230.62482957510514
 20
1509.3520276813929
 10
232.6965811965813
 20
1508.0574535883638
 10
234.85359105896362
 20
1506.9105511003484
 10
237.08535042702437
 20
1505.9169078109817
 10
239.38098639345816
 20
1505.081364650489
 10
241.72931485059297
 20
1504.4079923011593
 10
244.11889497823876
 20
1503.900071365392
 10
246.5380849822135
 20
1503.5600763829298
 10
248.9750988119938
 20
1503.389663775151
 10
251.4180635811689
 20
1503.389663775151
 10
253.8550774109492
 20
1503.5600763829298
 10
256.2742674149239
 20
1503.900071365392
 10
258.6638475425697
 20
1504.4079923011595
 10
261.0121759997045
 20
1505.081364650489
 10
263.3078119661383
 20
1505.916907810982
 10
265.5395713341991
 20
1506.9105511003486
 10
267.69658119658135
 20
1508.057453588364
 10
269.7683328180575
 20
1509.3520276813929
 10
271.74473283297937
 20
1510.7879663445842
 10
273.6161524191414
 20
1512.3582738291107
 10
275.3734742084341
 20
1514.0552997547545
 10
277.0081367057455
 20
1515.8707763817906
 10
278.5121759997045
 20
1517.7958588905828
 10
279.8782645620562
 20
1519.8211684726573
 10
281.09974694664373
 20
1521.9368380233134
 10
282.1706722140723
 20
1524.1325602131665
 10
283.08582292408806
 20
1526.3976377044212
 10
283.8407405544224
 20
1528.7210352672246
 10
284.43174722226445
 20
1531.091433542198
 10
284.8559636025362
 20
1533.4972841872172
 10
285.11132295567506
 20
1535.9268661397753
 10
285.1965811965812
 20
1538.3683427208193
  0
LWPOLYLINE
  5
E8
330
17
100
AcDbEntity
  8
OUTLINE
100
AcDbPolyline
 90
2
 70
0
 10
651.4965902333188
 20
1643.4832178779043
 10
630.1965811965812
 20
1561.9883754366936
  0
LWPOLYLINE
  5
E9
330
17
100
AcDbEntity
  8
OUTLINE
100
AcDbPolyline
 90
2
 70
0
 10
760.1965811965812
 20
1554.6496657592743
 10
727.9420462996878
 20
1646.607672921028
  0
LWPOLYLINE
  5
EA
330
17
100
AcDbEntity
  8
OUTLINE
100
AcDbPolyline
 90
38
 70
0
 10
727.9420462996878
 20
1646.607672921028
 10
726.941319727414
 20
1649.174170453043
 10
725.7663228903551
 20
1651.6657052585788
 10
724.4226284777751
 20
1654.0704606681568
 10
722.91660926549
 20
1656.3770315832865
 10
721.2554078915314
 20
1658.5744785677325
 10
719.4469029805643
 20
1660.6523797302766
 10
717.4996717777212
 20
1662.600880152901
 10
715.422949469069
 20
1664.410738629976
 10
713.2265853816427
 20
1666.0733714967744
 10
710.9209962707764
 20
1667.5808933394514
 10
708.5171169162753
 20
1668.92615439341
 10
706.0263482617402
 20
1670.102774452681
 10
703.4605033430043
 20
1671.1051731295013
 10
700.8317512621286
 20
1671.9285963205675
 10
698.1525594726726
 20
1672.5691387544507
 10
695.4356346499651
 20
1673.0237625132334
 10
692.6938624268121
 20
1673.2903114405246
 10
689.9402462804571
 20
1673.3675213675212
 10
687.1878458606385
 20
1673.2550261086149
 10
684.4497150512357
 20
1672.9533591981115
 10
681.7388400592608
 20
1672.4639513598222
 10
679.0680778248238
 20
1671.7891237215329
 10
676.4500950441754
 20
1670.9320768065265
 10
673.8973080950235
 20
1669.8968753543763
 10
671.4218241490439
 20
1668.688429042995
 10
669.0353837508692
 20
1667.3124692033728
 10
666.7493051358906
 20
1665.7755216374385
 10
664.5744305509572
 20
1664.0848756679627
 10
662.5210748325583
 20
1662.24854956729
 10
660.5989764863698
 20
1660.2752525288606
 10
658.8172515001802
 20
1658.1743433618853
 10
657.1843501092484
 20
1655.9557861050657
 10
655.7080167191449
 20
1653.6301027698803
 10
654.3952531761502
 20
1651.208323437555
 10
653.2522855594086
 20
1648.7019339463998
 10
652.2845346523352
 20
1646.1228214176115
 10
651.4965902333188
 20
1643.4832178779043
  0
LWPOLYLINE
  5
EB
330
17
100
AcDbEntity
  8
OUTLINE
100
AcDbPolyline
 90
91
 70
0
 10
704.1965811965812
 20
1633.3683427208193
 10
704.1624779002187
 20
1632.3917520884015
 10
704.0603341589632
 20
1631.4199193073784
 10
703.8906476068545
 20
1630.4575790493707
 10
703.6542449397176
 20
1629.5094197393814
 10
703.3522778875839
 20
1628.58006071426
 10
702.9862176035776
 20
1627.674029717758
 10
702.5578474966062
 20
1626.795740841817
 10
702.0692545427712
 20
1625.9494730215545
 10
701.5228191178304
 20
1625.1393491887247
 10
700.9212034002469
 20
1624.3693161852077
 10
700.2673384013223
 20
1623.6431255343934
 10
699.5644096856051
 20
1622.9643151641358
 10
698.8158418511404
 20
1622.3361921703251
 10
698.0252818451717
 20
1621.7618167050487
 10
697.1965811965812
 20
1621.2439870678372
 10
696.3337772516282
 20
1620.785226072631
 10
695.4410735044039
 20
1620.3877687568843
 10
694.5228191178304
 20
1620.0535514926871
 10
693.5834877349765
 20
1619.7842025529553
 10
692.6276556839182
 20
1619.5810341786485
 10
691.6599796823283
 20
1619.4450361856634
 10
690.6851741504162
 20
1619.3768711425519
 10
689.7079882427462
 20
1619.3768711425519
 10
688.7331827108341
 20
1619.4450361856634
 10
687.7655067092442
 20
1619.5810341786485
 10
686.8096746581858
 20
1619.7842025529553
 10
685.8703432753318
 20
1620.0535514926871
 10
684.9520888887585
 20
1620.3877687568843
 10
684.0593851415341
 20
1620.785226072631
 10
683.1965811965812
 20
1621.2439870678372
 10
682.3678805479907
 20
1621.7618167050487
 10
681.5773205420219
 20
1622.3361921703251
 10
680.8287527075572
 20
1622.9643151641358
 10
680.12582399184
 20
1623.6431255343934
 10
679.4719589929155
 20
1624.3693161852077
 10
678.8703432753318
 20
1625.1393491887247
 10
678.3239078503912
 20
1625.9494730215545
 10
677.8353148965562
 20
1626.795740841817
 10
677.4069447895847
 20
1627.6740297177582
 10
677.0408845055784
 20
1628.58006071426
 10
676.7389174534447
 20
1629.5094197393814
 10
676.5025147863079
 20
1630.4575790493707
 10
676.3328282341992
 20
1631.4199193073784
 10
676.2306844929436
 20
1632.3917520884015
 10
676.1965811965812
 20
1633.3683427208193
 10
676.2306844929436
 20
1634.3449333532371
 10
676.3328282341993
 20
1635.3167661342602
 10
676.5025147863079
 20
1636.279106392268
 10
676.7389174534447
 20
1637.2272657022575
 10
677.0408845055784
 20
1638.1566247273788
 10
677.4069447895847
 20
1639.0626557238807
 10
677.8353148965562
 20
1639.940944599822
 10
678.3239078503913
 20
1640.7872124200842
 10
678.870343275332
 20
1641.597336252914
 10
679.4719589929155
 20
1642.367369256431
 10
680.1258239918401
 20
1643.0935599072454
 10
680.8287527075572
 20
1643.772370277503
 10
681.577320542022
 20
1644.4004932713135
 10
682.3678805479908
 20
1644.97486873659
 10
683.1965811965813
 20
1645.4926983738014
 10
684.0593851415341
 20
1645.9514593690078
 10
684.9520888887585
 20
1646.3489166847544
 10
685.870343275332
 20
1646.6831339489515
 10
686.8096746581859
 20
1646.9524828886833
 10
687.7655067092442
 20
1647.1556512629902
 10
688.7331827108341
 20
1647.2916492559752
 10
689.7079882427463
 20
1647.3598142990868
 10
690.6851741504163
 20
1647.3598142990868
 10
691.6599796823284
 20
1647.2916492559752
 10
692.6276556839183
 20
1647.1556512629902
 10
693.5834877349766
 20
1646.9524828886833
 10
694.5228191178305
 20
1646.6831339489515
 10
695.441073504404
 20
1646.3489166847544
 10
696.3337772516284
 20
1645.9514593690076
 10
697.1965811965813
 20
1645.4926983738014
 10
698.0252818451717
 20
1644.97486873659
 10
698.8158418511405
 20
1644.4004932713133
 10
699.5644096856053
 20
1643.772370277503
 10
700.2673384013224
 20
1643.0935599072452
 10
700.9212034002469
 20
1642.3673692564307
 10
701.5228191178305
 20
1641.597336252914
 10
702.0692545427712
 20
1640.7872124200842
 10
702.5578474966062
 20
1639.9409445998217
 10
702.9862176035776
 20
1639.0626557238804
 10
703.3522778875839
 20
1638.1566247273786
 10
703.6542449397177
 20
1637.2272657022572
 10
703.8906476068545
 20
1636.2791063922677
 10
704.0603341589632
 20
1635.3167661342602
 10
704.1624779002187
 20
1634.344933353237
 10
704.1965811965812
 20
1633.3683427208193
  0
LWPOLYLINE
  5
EC
330
17
100
AcDbEntity
  8
OUTLINE
100
AcDbPolyline
 90
2
 70
0
 10
760.1965811965812
 20
1554.6496657592743
 10
727.9420462996878
 20
1646.607672921028
  0
LWPOLYLINE
  5
ED
330
17
100
AcDbEntity
  8
OUTLINE
100
AcDbPolyline
 90
91
 70
0
 10
570.1965811965812
 20
1468.3683427208193
 10
570.1235027043759
 20
1470.461036933143
 10
569.9046232588283
 20
1472.5435357496212
 10
569.5410092185954
 20
1474.605693445352
 10
569.0344320747307
 20
1476.6374633953294
 10
568.3873598201584
 20
1478.6289470205893
 10
567.6029449258592
 20
1480.5704420130933
 10
566.685008982349
 20
1482.452489604396
 10
565.638024081274
 20
1484.2659206478154
 10
564.4670910278296
 20
1486.0019002895936
 10
563.1779144901506
 20
1487.6519710114155
 10
561.7767752067407
 20
1489.2080938345891
 10
560.270499387347
 20
1490.662687485141
 10
558.6664254563509
 20
1492.008665329021
 10
556.9723683007036
 20
1493.2394698974706
 10
555.1965811965812
 20
1494.3491048343524
 10
553.3477156002535
 20
1495.3321641097943
 10
551.4347789990585
 20
1496.183858357823
 10
549.4670910278296
 20
1496.900038209674
 10
547.4542380645712
 20
1497.4772145090992
 10
545.4060265265891
 20
1497.9125753111855
 10
543.3324350946108
 20
1498.2039995818675
 10
541.2435660976562
 20
1498.3500675313921
 10
539.1495962955062
 20
1498.3500675313921
 10
537.0607272985516
 20
1498.2039995818675
 10
534.9871358665732
 20
1497.9125753111855
 10
532.9389243285912
 20
1497.4772145090992
 10
530.9260713653327
 20
1496.900038209674
 10
528.9583833941037
 20
1496.1838583578228
 10
527.0454467929088
 20
1495.3321641097943
 10
525.1965811965812
 20
1494.3491048343524
 10
523.4207940924588
 20
1493.2394698974706
 10
521.7267369368114
 20
1492.008665329021
 10
520.1226630058154
 20
1490.662687485141
 10
518.6163871864217
 20
1489.2080938345891
 10
517.2152479030118
 20
1487.6519710114155
 10
515.9260713653327
 20
1486.0019002895936
 10
514.7551383118883
 20
1484.2659206478154
 10
513.7081534108133
 20
1482.452489604396
 10
512.7902174673031
 20
1480.5704420130933
 10
512.0058025730038
 20
1478.6289470205893
 10
511.3587303184316
 20
1476.6374633953292
 10
510.852153174567
 20
1474.605693445352
 10
510.4885391343341
 20
1472.5435357496212
 10
510.2696596887864
 20
1470.461036933143
 10
510.1965811965812
 20
1468.3683427208193
 10
510.2696596887865
 20
1466.2756485084956
 10
510.4885391343341
 20
1464.1931496920172
 10
510.85215317456704
 20
1462.1309919962864
 10
511.35873031843164
 20
1460.0992220463093
 10
512.005802573004
 20
1458.1077384210491
 10
512.7902174673031
 20
1456.1662434285452
 10
513.7081534108135
 20
1454.2841958372426
 10
514.7551383118885
 20
1452.470764793823
 10
515.9260713653329
 20
1450.734785152045
 10
517.2152479030119
 20
1449.0847144302231
 10
518.6163871864217
 20
1447.5285916070493
 10
520.1226630058155
 20
1446.0739979564974
 10
521.7267369368116
 20
1444.7280201126175
 10
523.4207940924589
 20
1443.497215544168
 10
525.1965811965813
 20
1442.387580607286
 10
527.0454467929089
 20
1441.4045213318443
 10
528.958383394104
 20
1440.5528270838156
 10
530.9260713653329
 20
1439.8366472319647
 10
532.9389243285913
 20
1439.2594709325394
 10
534.9871358665735
 20
1438.8241101304532
 10
537.0607272985517
 20
1438.5326858597712
 10
539.1495962955063
 20
1438.3866179102465
 10
541.2435660976563
 20
1438.3866179102465
 10
543.3324350946109
 20
1438.5326858597712
 10
545.4060265265892
 20
1438.8241101304532
 10
547.4542380645713
 20
1439.2594709325394
 10
549.4670910278297
 20
1439.8366472319647
 10
551.4347789990587
 20
1440.5528270838158
 10
553.3477156002537
 20
1441.4045213318443
 10
555.1965811965813
 20
1442.3875806072863
 10
556.9723683007037
 20
1443.4972155441683
 10
558.666425456351
 20
1444.7280201126177
 10
560.2704993873471
 20
1446.0739979564976
 10
561.7767752067408
 20
1447.5285916070495
 10
563.1779144901507
 20
1449.0847144302234
 10
564.4670910278297
 20
1450.7347851520453
 10
565.638024081274
 20
1452.4707647938233
 10
566.685008982349
 20
1454.2841958372428
 10
567.6029449258593
 20
1456.1662434285454
 10
568.3873598201585
 20
1458.1077384210494
 10
569.0344320747308
 20
1460.0992220463095
 10
569.5410092185954
 20
1462.1309919962866
 10
569.9046232588283
 20
1464.1931496920176
 10
570.1235027043759
 20
1466.2756485084958
 10
570.1965811965812
 20
1468.3683427208193
  0
LWPOLYLINE
  5
EE
330
17
100
AcDbEntity
  8
OUTLINE
100
AcDbPolyline
 90
91
 70
0
 10
557.6965811965812
 20
1468.3683427208193
 10
557.6539520761281
 20
1469.5890810113415
 10
557.5262723995587
 20
1470.8038719876204
 10
557.3141642094228
 20
1472.0067973101302
 10
557.0186608755017
 20
1473.1919964476167
 10
556.6412020603345
 20
1474.3536952290185
 10
556.1836267053267
 20
1475.4862339746458
 10
555.6481640716124
 20
1476.5840950695724
 10
555.0374228793187
 20
1477.6419298449005
 10
554.3543785981427
 20
1478.6545846359377
 10
553.6023589511633
 20
1479.6171258903337
 10
552.7850277025076
 20
1480.5248642038518
 10
551.9063668078612
 20
1481.3733771666737
 10
550.9706570147802
 20
1482.1585309089369
 10
549.9824570073192
 20
1482.8765002405326
 10
548.9465811965812
 20
1483.523787287047
 10
547.8680762653901
 20
1484.0972385310547
 10
546.7521965813596
 20
1484.5940601757382
 10
545.6043785981427
 20
1485.0118317559845
 10
544.4302143695753
 20
1485.3485179306492
 10
543.2354243057524
 20
1485.6024783985329
 10
542.0258293037651
 20
1485.772475889764
 10
540.8073223888749
 20
1485.8576821936535
 10
539.5858400042874
 20
1485.8576821936535
 10
538.3673330893972
 20
1485.772475889764
 10
537.1577380874098
 20
1485.6024783985329
 10
535.9629480235869
 20
1485.3485179306492
 10
534.7887837950195
 20
1485.0118317559845
 10
533.6409658118027
 20
1484.5940601757382
 10
532.5250861277723
 20
1484.0972385310547
 10
531.4465811965812
 20
1483.523787287047
 10
530.4107053858431
 20
1482.8765002405326
 10
529.4225053783821
 20
1482.1585309089369
 10
528.4867955853011
 20
1481.3733771666737
 10
527.6081346906548
 20
1480.5248642038518
 10
526.7908034419991
 20
1479.6171258903337
 10
526.0387837950195
 20
1478.6545846359377
 10
525.3557395138437
 20
1477.6419298449005
 10
524.7449983215499
 20
1476.5840950695724
 10
524.2095356878357
 20
1475.4862339746458
 10
523.7519603328278
 20
1474.3536952290185
 10
523.3745015176606
 20
1473.1919964476167
 10
523.0789981837396
 20
1472.00679731013
 10
522.8668899936036
 20
1470.8038719876204
 10
522.7392103170342
 20
1469.5890810113415
 10
522.6965811965812
 20
1468.3683427208193
 10
522.7392103170342
 20
1467.1476044302972
 10
522.8668899936036
 20
1465.932813454018
 10
523.0789981837396
 20
1464.7298881315085
 10
523.3745015176606
 20
1463.5446889940217
 10
523.7519603328278
 20
1462.3829902126201
 10
524.2095356878357
 20
1461.2504514669927
 10
524.7449983215499
 20
1460.1525903720662
 10
525.3557395138438
 20
1459.0947555967382
 10
526.0387837950196
 20
1458.082100805701
 10
526.7908034419991
 20
1457.1195595513047
 10
527.6081346906549
 20
1456.2118212377868
 10
528.4867955853013
 20
1455.363308274965
 10
529.4225053783822
 20
1454.5781545327015
 10
530.4107053858431
 20
1453.860185201106
 10
531.4465811965813
 20
1453.2128981545916
 10
532.5250861277724
 20
1452.639446910584
 10
533.6409658118027
 20
1452.1426252659005
 10
534.7887837950196
 20
1451.7248536856541
 10
535.962948023587
 20
1451.3881675109894
 10
537.1577380874099
 20
1451.1342070431056
 10
538.3673330893973
 20
1450.9642095518745
 10
539.5858400042875
 20
1450.879003247985
 10
540.807322388875
 20
1450.879003247985
 10
542.0258293037652
 20
1450.9642095518745
 10
543.2354243057525
 20
1451.1342070431058
 10
544.4302143695754
 20
1451.3881675109894
 10
545.6043785981428
 20
1451.7248536856541
 10
546.7521965813597
 20
1452.1426252659005
 10
547.8680762653901
 20
1452.639446910584
 10
548.9465811965813
 20
1453.2128981545916
 10
549.9824570073193
 20
1453.860185201106
 10
550.9706570147803
 20
1454.5781545327018
 10
551.9063668078612
 20
1455.363308274965
 10
552.7850277025076
 20
1456.211821237787
 10
553.6023589511634
 20
1457.119559551305
 10
554.3543785981428
 20
1458.0821008057012
 10
555.0374228793187
 20
1459.0947555967384
 10
555.6481640716124
 20
1460.1525903720662
 10
556.1836267053268
 20
1461.250451466993
 10
556.6412020603346
 20
1462.3829902126201
 10
557.0186608755018
 20
1463.544688994022
 10
557.3141642094228
 20
1464.7298881315087
 10
557.5262723995587
 20
1465.9328134540183
 10
557.6539520761281
 20
1467.1476044302972
 10
557.6965811965812
 20
1468.3683427208193
  0
LWPOLYLINE
  5
EF
330
17
100
AcDbEntity
  8
OUTLINE
100
AcDbPolyline
 90
91
 70
0
 10
1515.196581196581
 20
1468.3683427208193
 10
1515.1356824530767
 20
1470.1122545644225
 10
1514.9532829151203
 20
1471.847670244821
 10
1514.6502712149263
 20
1473.5661349912634
 10
1514.228123595039
 20
1475.2592766162443
 10
1513.688896716229
 20
1476.9188463039611
 10
1513.0352176376462
 20
1478.5367587977144
 10
1512.2702710180542
 20
1480.1051317904667
 10
1511.397783600492
 20
1481.6163243266494
 10
1510.4220060559549
 20
1483.062974028131
 10
1509.3476922745556
 20
1484.4380329629828
 10
1508.1800762050475
 20
1485.7348019822944
 10
1506.9248463555527
 20
1486.9469633577542
 10
1505.5881180797228
 20
1488.0686115609874
 10
1504.17640378335
 20
1489.0942820346954
 10
1502.696581196581
 20
1490.0189778154304
 10
1501.1558598663082
 20
1490.8381938782984
 10
1499.561746031979
 20
1491.547939084989
 10
1497.9220060559549
 20
1492.1447556281983
 10
1496.2446285865728
 20
1492.6257358777193
 10
1494.5377856382543
 20
1492.9885365461246
 10
1492.8097927782724
 20
1493.231390105026
 10
1491.0690686141438
 20
1493.3531133962967
 10
1489.3240937790188
 20
1493.3531133962967
 10
1487.5833696148898
 20
1493.231390105026
 10
1485.8553767549079
 20
1492.9885365461246
 10
1484.1485338065895
 20
1492.6257358777193
 10
1482.4711563372075
 20
1492.1447556281983
 10
1480.8314163611833
 20
1491.547939084989
 10
1479.2373025268544
 20
1490.8381938782984
 10
1477.696581196581
 20
1490.0189778154304
 10
1476.2167586098126
 20
1489.0942820346954
 10
1474.8050443134398
 20
1488.0686115609874
 10
1473.4683160376098
 20
1486.9469633577542
 10
1472.2130861881149
 20
1485.7348019822941
 10
1471.0454701186068
 20
1484.4380329629828
 10
1469.9711563372075
 20
1483.062974028131
 10
1468.9953787926706
 20
1481.6163243266494
 10
1468.1228913751079
 20
1480.1051317904667
 10
1467.3579447555162
 20
1478.5367587977144
 10
1466.7042656769336
 20
1476.918846303961
 10
1466.165038798123
 20
1475.2592766162443
 10
1465.742891178236
 20
1473.5661349912632
 10
1465.4398794780418
 20
1471.8476702448208
 10
1465.2574799400854
 20
1470.1122545644223
 10
1465.196581196581
 20
1468.3683427208193
 10
1465.2574799400854
 20
1466.6244308772161
 10
1465.4398794780418
 20
1464.8890151968176
 10
1465.742891178236
 20
1463.1705504503752
 10
1466.165038798123
 20
1461.4774088253944
 10
1466.7042656769336
 20
1459.8178391376775
 10
1467.3579447555162
 20
1458.1999266439243
 10
1468.1228913751079
 20
1456.631553651172
 10
1468.9953787926706
 20
1455.1203611149892
 10
1469.9711563372075
 20
1453.6737114135074
 10
1471.0454701186068
 20
1452.2986524786559
 10
1472.213086188115
 20
1451.0018834593443
 10
1473.4683160376098
 20
1449.7897220838845
 10
1474.8050443134398
 20
1448.6680738806513
 10
1476.2167586098126
 20
1447.6424034069432
 10
1477.6965811965813
 20
1446.7177076262083
 10
1479.2373025268544
 20
1445.89849156334
 10
1480.8314163611835
 20
1445.1887463566495
 10
1482.4711563372075
 20
1444.5919298134404
 10
1484.1485338065895
 20
1444.1109495639193
 10
1485.8553767549079
 20
1443.748148895514
 10
1487.58336961489
 20
1443.5052953366126
 10
1489.3240937790188
 20
1443.383572045342
 10
1491.0690686141438
 20
1443.383572045342
 10
1492.8097927782726
 20
1443.5052953366126
 10
1494.5377856382547
 20
1443.748148895514
 10
1496.244628586573
 20
1444.1109495639193
 10
1497.922006055955
 20
1444.5919298134406
 10
1499.561746031979
 20
1445.1887463566497
 10
1501.1558598663082
 20
1445.8984915633403
 10
1502.6965811965813
 20
1446.7177076262085
 10
1504.17640378335
 20
1447.6424034069435
 10
1505.5881180797228
 20
1448.6680738806513
 10
1506.9248463555527
 20
1449.7897220838845
 10
1508.1800762050475
 20
1451.0018834593445
 10
1509.3476922745558
 20
1452.2986524786559
 10
1510.422006055955
 20
1453.6737114135076
 10
1511.397783600492
 20
1455.1203611149892
 10
1512.2702710180545
 20
1456.6315536511722
 10
1513.0352176376464
 20
1458.1999266439245
 10
1513.688896716229
 20
1459.8178391376778
 10
1514.228123595039
 20
1461.4774088253946
 10
1514.6502712149263
 20
1463.1705504503755
 10
1514.9532829151203
 20
1464.8890151968178
 10
1515.1356824530767
 20
1466.6244308772164
 10
1515.196581196581
 20
1468.3683427208193
  0
LWPOLYLINE
  5
F0
330
17
100
AcDbEntity
  8
OUTLINE
100
AcDbPolyline
 90
91
 70
0
 10
1505.196581196581
 20
1468.3683427208193
 10
1505.1600419504784
 20
1469.4146898269812
 10
1505.0506022277048
 20
1470.4559392352203
 10
1504.8687952075884
 20
1471.4870180830858
 10
1504.615506635656
 20
1472.5029030580743
 10
1504.2919705083698
 20
1473.4986448707043
 10
1503.8997630612203
 20
1474.4693923669563
 10
1503.4407950894652
 20
1475.4104161626076
 10
1502.9173026389276
 20
1476.3171316843175
 10
1502.3318361122053
 20
1477.1851215052063
 10
1501.6872478433659
 20
1478.0101568661173
 10
1500.986678201661
 20
1478.7882182777043
 10
1500.233540291964
 20
1479.5155151029803
 10
1499.431503326466
 20
1480.1885040249201
 10
1498.5844747486424
 20
1480.8039063091448
 10
1497.696581196581
 20
1481.358723777586
 10
1496.7721483984174
 20
1481.8502534153067
 10
1495.81568009782
 20
1482.276100539321
 10
1494.8318361122053
 20
1482.6341904652465
 10
1493.8254096305764
 20
1482.9227786149593
 10
1492.801303861585
 20
1483.1404590160025
 10
1491.764508145596
 20
1483.2861711513435
 10
1490.7200736471186
 20
1483.3592051261057
 10
1489.6730887460435
 20
1483.3592051261057
 10
1488.6286542475664
 20
1483.2861711513435
 10
1487.5918585315771
 20
1483.1404590160025
 10
1486.5677527625862
 20
1482.9227786149593
 10
1485.561326280957
 20
1482.6341904652465
 10
1484.5774822953426
 20
1482.276100539321
 10
1483.621013994745
 20
1481.8502534153067
 10
1482.696581196581
 20
1481.358723777586
 10
1481.80868764452
 20
1480.8039063091448
 10
1480.9616590666963
 20
1480.1885040249201
 10
1480.1596221011982
 20
1479.5155151029803
 10
1479.4064841915015
 20
1478.7882182777043
 10
1478.7059145497965
 20
1478.0101568661173
 10
1478.061326280957
 20
1477.1851215052063
 10
1477.4758597542348
 20
1476.3171316843175
 10
1476.9523673036974
 20
1475.4104161626076
 10
1476.493399331942
 20
1474.4693923669563
 10
1476.1011918847926
 20
1473.4986448707043
 10
1475.7776557575064
 20
1472.5029030580743
 10
1475.5243671855742
 20
1471.4870180830858
 10
1475.3425601654576
 20
1470.4559392352203
 10
1475.2331204426837
 20
1469.4146898269812
 10
1475.196581196581
 20
1468.3683427208193
 10
1475.2331204426837
 20
1467.3219956146575
 10
1475.3425601654576
 20
1466.2807462064184
 10
1475.5243671855742
 20
1465.2496673585529
 10
1475.7776557575064
 20
1464.2337823835644
 10
1476.1011918847926
 20
1463.2380405709343
 10
1476.4933993319423
 20
1462.2672930746824
 10
1476.9523673036974
 20
1461.3262692790308
 10
1477.4758597542348
 20
1460.4195537573212
 10
1478.061326280957
 20
1459.551563936432
 10
1478.7059145497965
 20
1458.7265285755211
 10
1479.4064841915015
 20
1457.9484671639343
 10
1480.1596221011982
 20
1457.2211703386583
 10
1480.9616590666965
 20
1456.5481814167185
 10
1481.80868764452
 20
1455.9327791324936
 10
1482.696581196581
 20
1455.3779616640527
 10
1483.6210139947452
 20
1454.8864320263317
 10
1484.5774822953426
 20
1454.4605849023176
 10
1485.561326280957
 20
1454.102494976392
 10
1486.5677527625862
 20
1453.8139068266794
 10
1487.5918585315771
 20
1453.5962264256361
 10
1488.6286542475664
 20
1453.4505142902951
 10
1489.6730887460437
 20
1453.377480315533
 10
1490.7200736471186
 20
1453.377480315533
 10
1491.7645081455962
 20
1453.4505142902951
 10
1492.8013038615852
 20
1453.5962264256361
 10
1493.8254096305764
 20
1453.8139068266794
 10
1494.8318361122056
 20
1454.102494976392
 10
1495.81568009782
 20
1454.4605849023176
 10
1496.7721483984174
 20
1454.886432026332
 10
1497.6965811965813
 20
1455.3779616640527
 10
1498.5844747486426
 20
1455.9327791324938
 10
1499.431503326466
 20
1456.5481814167185
 10
1500.2335402919641
 20
1457.2211703386586
 10
1500.986678201661
 20
1457.9484671639345
 10
1501.6872478433659
 20
1458.7265285755213
 10
1502.3318361122056
 20
1459.5515639364323
 10
1502.9173026389276
 20
1460.4195537573214
 10
1503.4407950894652
 20
1461.326269279031
 10
1503.8997630612203
 20
1462.2672930746824
 10
1504.2919705083698
 20
1463.2380405709343
 10
1504.615506635656
 20
1464.2337823835644
 10
1504.8687952075884
 20
1465.249667358553
 10
1505.0506022277048
 20
1466.2807462064184
 10
1505.1600419504784
 20
1467.3219956146575
 10
1505.196581196581
 20
1468.3683427208193
  0
LWPOLYLINE
  5
F1
330
17
100
AcDbEntity
  8
OUTLINE
100
AcDbPolyline
 90
91
 70
0
 10
1365.196581196581
 20
1480.3683427208193
 10
1365.1356824530767
 20
1482.1122545644225
 10
1364.9532829151203
 20
1483.847670244821
 10
1364.6502712149263
 20
1485.5661349912634
 10
1364.228123595039
 20
1487.2592766162443
 10
1363.688896716229
 20
1488.9188463039611
 10
1363.0352176376462
 20
1490.5367587977144
 10
1362.2702710180542
 20
1492.1051317904667
 10
1361.397783600492
 20
1493.6163243266494
 10
1360.4220060559549
 20
1495.062974028131
 10
1359.3476922745556
 20
1496.4380329629828
 10
1358.1800762050475
 20
1497.7348019822944
 10
1356.9248463555527
 20
1498.9469633577542
 10
1355.5881180797228
 20
1500.0686115609874
 10
1354.17640378335
 20
1501.0942820346954
 10
1352.696581196581
 20
1502.0189778154304
 10
1351.1558598663082
 20
1502.8381938782984
 10
1349.561746031979
 20
1503.547939084989
 10
1347.9220060559549
 20
1504.1447556281983
 10
1346.2446285865728
 20
1504.6257358777193
 10
1344.5377856382543
 20
1504.9885365461246
 10
1342.8097927782724
 20
1505.231390105026
 10
1341.0690686141438
 20
1505.3531133962967
 10
1339.3240937790188
 20
1505.3531133962967
 10
1337.5833696148898
 20
1505.231390105026
 10
1335.8553767549079
 20
1504.9885365461246
 10
1334.1485338065895
 20
1504.6257358777193
 10
1332.4711563372075
 20
1504.1447556281983
 10
1330.8314163611833
 20
1503.547939084989
 10
1329.2373025268544
 20
1502.8381938782984
 10
1327.696581196581
 20
1502.0189778154304
 10
1326.2167586098126
 20
1501.0942820346954
 10
1324.8050443134398
 20
1500.0686115609874
 10
1323.4683160376098
 20
1498.9469633577542
 10
1322.2130861881149
 20
1497.7348019822941
 10
1321.0454701186068
 20
1496.4380329629828
 10
1319.9711563372075
 20
1495.062974028131
 10
1318.9953787926706
 20
1493.6163243266494
 10
1318.1228913751079
 20
1492.1051317904667
 10
1317.3579447555162
 20
1490.5367587977144
 10
1316.7042656769336
 20
1488.918846303961
 10
1316.165038798123
 20
1487.2592766162443
 10
1315.742891178236
 20
1485.5661349912632
 10
1315.4398794780418
 20
1483.8476702448208
 10
1315.2574799400854
 20
1482.1122545644223
 10
1315.196581196581
 20
1480.3683427208193
 10
1315.2574799400854
 20
1478.6244308772161
 10
1315.4398794780418
 20
1476.8890151968176
 10
1315.742891178236
 20
1475.1705504503752
 10
1316.165038798123
 20
1473.4774088253944
 10
1316.7042656769336
 20
1471.8178391376775
 10
1317.3579447555162
 20
1470.1999266439243
 10
1318.1228913751079
 20
1468.631553651172
 10
1318.9953787926706
 20
1467.1203611149892
 10
1319.9711563372075
 20
1465.6737114135074
 10
1321.0454701186068
 20
1464.2986524786559
 10
1322.213086188115
 20
1463.0018834593443
 10
1323.4683160376098
 20
1461.7897220838845
 10
1324.8050443134398
 20
1460.6680738806513
 10
1326.2167586098126
 20
1459.6424034069432
 10
1327.6965811965813
 20
1458.7177076262083
 10
1329.2373025268544
 20
1457.89849156334
 10
1330.8314163611835
 20
1457.1887463566495
 10
1332.4711563372075
 20
1456.5919298134404
 10
1334.1485338065895
 20
1456.1109495639193
 10
1335.8553767549079
 20
1455.748148895514
 10
1337.58336961489
 20
1455.5052953366126
 10
1339.3240937790188
 20
1455.383572045342
 10
1341.0690686141438
 20
1455.383572045342
 10
1342.8097927782726
 20
1455.5052953366126
 10
1344.5377856382547
 20
1455.748148895514
 10
1346.244628586573
 20
1456.1109495639193
 10
1347.922006055955
 20
1456.5919298134406
 10
1349.561746031979
 20
1457.1887463566497
 10
1351.1558598663082
 20
1457.8984915633403
 10
1352.6965811965813
 20
1458.7177076262085
 10
1354.17640378335
 20
1459.6424034069435
 10
1355.5881180797228
 20
1460.6680738806513
 10
1356.9248463555527
 20
1461.7897220838845
 10
1358.1800762050475
 20
1463.0018834593445
 10
1359.3476922745558
 20
1464.2986524786559
 10
1360.422006055955
 20
1465.6737114135076
 10
1361.397783600492
 20
1467.1203611149892
 10
1362.2702710180545
 20
1468.6315536511722
 10
1363.0352176376464
 20
1470.1999266439245
 10
1363.688896716229
 20
1471.8178391376778
 10
1364.228123595039
 20
1473.4774088253946
 10
1364.6502712149263
 20
1475.1705504503755
 10
1364.9532829151203
 20
1476.8890151968178
 10
1365.1356824530767
 20
1478.6244308772164
 10
1365.196581196581
 20
1480.3683427208193
  0
LWPOLYLINE
  5
F2
330
17
100
AcDbEntity
  8
OUTLINE
100
AcDbPolyline
 90
91
 70
0
 10
1355.196581196581
 20
1480.3683427208193
 10
1355.1600419504784
 20
1481.4146898269812
 10
1355.0506022277048
 20
1482.4559392352203
 10
1354.8687952075884
 20
1483.4870180830858
 10
1354.615506635656
 20
1484.5029030580743
 10
1354.2919705083698
 20
1485.4986448707043
 10
1353.8997630612203
 20
1486.4693923669563
 10
1353.4407950894652
 20
1487.4104161626076
 10
1352.9173026389276
 20
1488.3171316843175
 10
1352.3318361122053
 20
1489.1851215052063
 10
1351.6872478433659
 20
1490.0101568661173
 10
1350.986678201661
 20
1490.7882182777043
 10
1350.233540291964
 20
1491.5155151029803
 10
1349.431503326466
 20
1492.1885040249201
 10
1348.5844747486424
 20
1492.8039063091448
 10
1347.696581196581
 20
1493.358723777586
 10
1346.7721483984174
 20
1493.8502534153067
 10
1345.81568009782
 20
1494.276100539321
 10
1344.8318361122053
 20
1494.6341904652465
 10
1343.8254096305764
 20
1494.9227786149593
 10
1342.801303861585
 20
1495.1404590160025
 10
1341.764508145596
 20
1495.2861711513435
 10
1340.7200736471186
 20
1495.3592051261057
 10
1339.6730887460435
 20
1495.3592051261057
 10
1338.6286542475664
 20
1495.2861711513435
 10
1337.5918585315771
 20
1495.1404590160025
 10
1336.5677527625862
 20
1494.9227786149593
 10
1335.561326280957
 20
1494.6341904652465
 10
1334.5774822953426
 20
1494.276100539321
 10
1333.621013994745
 20
1493.8502534153067
 10
1332.696581196581
 20
1493.358723777586
 10
1331.80868764452
 20
1492.8039063091448
 10
1330.9616590666963
 20
1492.1885040249201
 10
1330.1596221011982
 20
1491.5155151029803
 10
1329.4064841915015
 20
1490.7882182777043
 10
1328.7059145497965
 20
1490.0101568661173
 10
1328.061326280957
 20
1489.1851215052063
 10
1327.4758597542348
 20
1488.3171316843175
 10
1326.9523673036974
 20
1487.4104161626076
 10
1326.493399331942
 20
1486.4693923669563
 10
1326.1011918847926
 20
1485.4986448707043
 10
1325.7776557575064
 20
1484.5029030580743
 10
1325.5243671855742
 20
1483.4870180830858
 10
1325.3425601654576
 20
1482.4559392352203
 10
1325.2331204426837
 20
1481.4146898269812
 10
1325.196581196581
 20
1480.3683427208193
 10
1325.2331204426837
 20
1479.3219956146575
 10
1325.3425601654576
 20
1478.2807462064184
 10
1325.5243671855742
 20
1477.2496673585529
 10
1325.7776557575064
 20
1476.2337823835644
 10
1326.1011918847926
 20
1475.2380405709343
 10
1326.4933993319423
 20
1474.2672930746824
 10
1326.9523673036974
 20
1473.3262692790308
 10
1327.4758597542348
 20
1472.4195537573212
 10
1328.061326280957
 20
1471.551563936432
 10
1328.7059145497965
 20
1470.7265285755211
 10
1329.4064841915015
 20
1469.9484671639343
 10
1330.1596221011982
 20
1469.2211703386583
 10
1330.9616590666965
 20
1468.5481814167185
 10
1331.80868764452
 20
1467.9327791324936
 10
1332.696581196581
 20
1467.3779616640527
 10
1333.6210139947452
 20
1466.8864320263317
 10
1334.5774822953426
 20
1466.4605849023176
 10
1335.561326280957
 20
1466.102494976392
 10
1336.5677527625862
 20
1465.8139068266794
 10
1337.5918585315771
 20
1465.5962264256361
 10
1338.6286542475664
 20
1465.4505142902951
 10
1339.6730887460437
 20
1465.377480315533
 10
1340.7200736471186
 20
1465.377480315533
 10
1341.7645081455962
 20
1465.4505142902951
 10
1342.8013038615852
 20
1465.5962264256361
 10
1343.8254096305764
 20
1465.8139068266794
 10
1344.8318361122056
 20
1466.102494976392
 10
1345.81568009782
 20
1466.4605849023176
 10
1346.7721483984174
 20
1466.886432026332
 10
1347.6965811965813
 20
1467.3779616640527
 10
1348.5844747486426
 20
1467.9327791324938
 10
1349.431503326466
 20
1468.5481814167185
 10
1350.2335402919641
 20
1469.2211703386586
 10
1350.986678201661
 20
1469.9484671639345
 10
1351.6872478433659
 20
1470.7265285755213
 10
1352.3318361122056
 20
1471.5515639364323
 10
1352.9173026389276
 20
1472.4195537573214
 10
1353.4407950894652
 20
1473.326269279031
 10
1353.8997630612203
 20
1474.2672930746824
 10
1354.2919705083698
 20
1475.2380405709343
 10
1354.615506635656
 20
1476.2337823835644
 10
1354.8687952075884
 20
1477.249667358553
 10
1355.0506022277048
 20
1478.2807462064184
 10
1355.1600419504784
 20
1479.3219956146575
 10
1355.196581196581
 20
1480.3683427208193
  0
LINE
  5
F3
330
17
100
AcDbEntity
  8
CENTER
100
AcDbLine
 10
501.1965811965812
 20
1468.3683427208193
 30
0.0
 11
579.1965811965812
 21
1468.3683427208193
 31
0.0
  0
LINE
  5
F4
330
17
100
AcDbEntity
  8
CENTER
100
AcDbLine
 10
540.1965811965812
 20
1429.3683427208193
 30
0.0
 11
540.1965811965812
 21
1507.3683427208193
 31
0.0
  0
LINE
  5
F5
330
17
100
AcDbEntity
  8
CENTER
100
AcDbLine
 10
226.19658119658118
 20
1538.3683427208193
 30
0.0
 11
274.1965811965812
 21
1538.3683427208193
 31
0.0
  0
LINE
  5
F6
330
17
100
AcDbEntity
  8
CENTER
100
AcDbLine
 10
250.19658119658118
 20
1514.3683427208193
 30
0.0
 11
250.19658119658118
 21
1562.3683427208193
 31
0.0
  0
LINE
  5
F7
330
17
100
AcDbEntity
  8
CENTER
100
AcDbLine
 10
666.1965811965812
 20
1633.3683427208193
 30
0.0
 11
714.1965811965812
 21
1633.3683427208193
 31
0.0
  0
LINE
  5
F8
330
17
100
AcDbEntity
  8
CENTER
100
AcDbLine
 10
690.1965811965812
 20
1609.3683427208193
 30
0.0
 11
690.1965811965812
 21
1657.3683427208193
 31
0.0
  0
LINE
  5
F9
330
17
100
AcDbEntity
  8
CENTER
100
AcDbLine
 10
1306.196581196581
 20
1480.3683427208193
 30
0.0
 11
1374.196581196581
 21
1480.3683427208193
 31
0.0
  0
LINE
  5
FA
330
17
100
AcDbEntity
  8
CENTER
100
AcDbLine
 10
1340.196581196581
 20
1446.3683427208193
 30
0.0
 11
1340.196581196581
 21
1514.3683427208193
 31
0.0
  0
LINE
  5
FB
330
17
100
AcDbEntity
  8
CENTER
100
AcDbLine
 10
1456.196581196581
 20
1468.3683427208193
 30
0.0
 11
1524.196581196581
 21
1468.3683427208193
 31
0.0
  0
LINE
  5
FC
330
17
100
AcDbEntity
  8
CENTER
100
AcDbLine
 10
1490.196581196581
 20
1434.3683427208193
 30
0.0
 11
1490.196581196581
 21
1502.3683427208193
 31
0.0
  0
DIMENSION
  5
FD
330
17
100
AcDbEntity
  8
DIM
100
AcDbDimension
280
0
  2
*D1
  3
GB
 10
205.20247424477708
 20
1388.369035246391
 30
0.0
 11
227.69952772067913
 21
1394.519035246391
 31
0.0
 70
32
 71
5
  1
<>
100
AcDbAlignedDimension
 13
205.20247424477708
 23
1538.3683427208193
 33
0.0
 14
250.19658119658118
 24
1538.3683427208193
 34
0.0
 50
0.0
100
AcDbRotatedDimension
  0
DIMENSION
  5
10C
330
17
100
AcDbEntity
  8
DIM
100
AcDbDimension
280
0
  2
*D2
  3
GB
 10
250.19658119658118
 20
1388.369035246391
 30
0.0
 11
395.1965811965812
 21
1394.519035246391
 31
0.0
 70
32
 71
5
  1
<>
100
AcDbAlignedDimension
 13
250.19658119658118
 23
1538.3683427208193
 33
0.0
 14
540.1965811965812
 24
1468.3683427208193
 34
0.0
 50
0.0
100
AcDbRotatedDimension
  0
DIMENSION
  5
11B
330
17
100
AcDbEntity
  8
DIM
100
AcDbDimension
280
0
  2
*D3
  3
GB
 10
540.1965811965812
 20
1388.369035246391
 30
0.0
 11
615.1965811965812
 21
1394.519035246391
 31
0.0
 70
32
 71
5
  1
<>
100
AcDbAlignedDimension
 13
540.1965811965812
 23
1468.3683427208193
 33
0.0
 14
690.1965811965812
 24
1633.3683427208193
 34
0.0
 50
0.0
100
AcDbRotatedDimension
  0
DIMENSION
  5
12A
330
17
100
AcDbEntity
  8
DIM
100
AcDbDimension
280
0
  2
*D4
  3
GB
 10
690.1965811965812
 20
1388.369035246391
 30
0.0
 11
1015.1965811965811
 21
1394.519035246391
 31
0.0
 70
32
 71
5
  1
<>
100
AcDbAlignedDimension
 13
690.1965811965812
 23
1633.3683427208193
 33
0.0
 14
1340.196581196581
 24
1480.3683427208193
 34
0.0
 50
0.0
100
AcDbRotatedDimension
  0
DIMENSION
  5
139
330
17
100
AcDbEntity
  8
DIM
100
AcDbDimension
280
0
  2
*D5
  3
GB
 10
1340.196581196581
 20
1388.369035246391
 30
0.0
 11
1415.196581196581
 21
1394.519035246391
 31
0.0
 70
32
 71
5
  1
<>
100
AcDbAlignedDimension
 13
1340.196581196581
 23
1480.3683427208193
 33
0.0
 14
1490.196581196581
 24
1468.3683427208193
 34
0.0
 50
0.0
100
AcDbRotatedDimension
  0
DIMENSION
  5
148
330
17
100
AcDbEntity
  8
DIM
100
AcDbDimension
280
0
  2
*D6
  3
GB
 10
1490.196581196581
 20
1388.369035246391
 30
0.0
 11
1512.6957380389013
 21
1394.519035246391
 31
0.0
 70
32
 71
5
  1
<>
100
AcDbAlignedDimension
 13
1490.196581196581
 23
1468.3683427208193
 33
0.0
 14
1535.1948948812217
 24
1468.3683427208193
 34
0.0
 50
0.0
100
AcDbRotatedDimension
  0
DIMENSION
  5
157
330
17
100
AcDbEntity
  8
DIM
100
AcDbDimension
280
0
  2
*D7
  3
GB
 10
205.20247424477708
 20
1367.369035246391
 30
0.0
 11
870.1986845629995
 21
1373.519035246391
 31
0.0
 70
32
 71
5
  1
<>
100
AcDbAlignedDimension
 13
205.20247424477708
 23
1538.3683427208193
 33
0.0
 14
1535.1948948812217
 24
1468.3683427208193
 34
0.0
 50
0.0
100
AcDbRotatedDimension
  0
DIMENSION
  5
166
330
17
100
AcDbEntity
  8
DIM
100
AcDbDimension
280
0
  2
*D8
  3
GB
 10
175.20247424477708
 20
1418.369035246391
 30
0.0
 11
169.05247424477707
 21
1443.3686889836051
 31
0.0
 70
32
 71
5
  1
<>
100
AcDbAlignedDimension
 13
540.1965811965812
 23
1418.369035246391
 33
0.0
 14
540.1965811965812
 24
1468.3683427208193
 34
0.0
 50
90.0
100
AcDbRotatedDimension
  0
DIMENSION
  5
175
330
17
100
AcDbEntity
  8
DIM
100
AcDbDimension
280
0
  2
*D9
  3
GB
 10
175.20247424477708
 20
1468.3683427208193
 30
0.0
 11
164.55247424477707
 21
1474.3683427208193
 31
0.0
 70
32
 71
5
  1
<>
100
AcDbAlignedDimension
 13
540.1965811965812
 23
1468.3683427208193
 33
0.0
 14
1340.196581196581
 24
1480.3683427208193
 34
0.0
 50
90.0
100
AcDbRotatedDimension
  0
DIMENSION
  5
186
330
17
100
AcDbEntity
  8
DIM
100
AcDbDimension
280
0
  2
*D10
  3
GB
 10
175.20247424477708
 20
1480.3683427208193
 30
0.0
 11
169.05247424477707
 21
1509.3683427208193
 31
0.0
 70
32
 71
5
  1
<>
100
AcDbAlignedDimension
 13
1340.196581196581
 23
1480.3683427208193
 33
0.0
 14
250.19658119658118
 24
1538.3683427208193
 34
0.0
 50
90.0
100
AcDbRotatedDimension
  0
DIMENSION
  5
195
330
17
100
AcDbEntity
  8
DIM
100
AcDbDimension
280
0
  2
*D11
  3
GB
 10
175.20247424477708
 20
1538.3683427208193
 30
0.0
 11
169.05247424477707
 21
1585.8683427208193
 31
0.0
 70
32
 71
5
  1
<>
100
AcDbAlignedDimension
 13
250.19658119658118
 23
1538.3683427208193
 33
0.0
 14
690.1965811965812
 24
1633.3683427208193
 34
0.0
 50
90.0
100
AcDbRotatedDimension
  0
DIMENSION
  5
1A4
330
17
100
AcDbEntity
  8
DIM
100
AcDbDimension
280
0
  2
*D12
  3
GB
 10
175.20247424477708
 20
1633.3683427208193
 30
0.0
 11
169.05247424477707
 21
1653.3683427208193
 31
0.0
 70
32
 71
5
  1
<>
100
AcDbAlignedDimension
 13
690.1965811965812
 23
1633.3683427208193
 33
0.0
 14
690.1965811965812
 24
1673.3683427208193
 34
0.0
 50
90.0
100
AcDbRotatedDimension
  0
DIMENSION
  5
1B3
330
17
100
AcDbEntity
  8
DIM
100
AcDbDimension
280
0
  2
*D13
  3
GB
 10
154.20247424477708
 20
1418.369035246391
 30
0.0
 11
148.05247424477707
 21
1545.8686889836051
 31
0.0
 70
32
 71
5
  1
<>
100
AcDbAlignedDimension
 13
540.1965811965812
 23
1418.369035246391
 33
0.0
 14
690.1965811965812
 24
1673.3683427208193
 34
0.0
 50
90.0
100
AcDbRotatedDimension
  0
DIMENSION
  5
1C2
330
17
100
AcDbEntity
  8
DIM
100
AcDbDimension
280
0
  2
*D14
  3
GB
 10
234.710306011724
 20
1474.2109169549824
 30
0.0
 11
381.153345290313
 21
1445.189222537708
 31
0.0
 70
32
 71
5
  1
<>
100
AcDbAlignedDimension
 13
250.19658119658118
 23
1538.3683427208193
 33
0.0
 14
540.1965811965812
 24
1468.3683427208193
 34
0.0
 50
-13.570434385161485
100
AcDbRotatedDimension
  0
DIMENSION
  5
1D1
330
17
100
AcDbEntity
  8
DIM
100
AcDbDimension
280
0
  2
*D15
  3
GB
 10
571.274064279211
 20
1440.1160853729743
 30
0.0
 11
641.723432827826
 21
1526.7530230560517
 31
0.0
 70
32
 71
5
  1
<>
100
AcDbAlignedDimension
 13
540.1965811965812
 23
1468.3683427208193
 33
0.0
 14
690.1965811965812
 24
1633.3683427208193
 34
0.0
 50
47.72631099390627
100
AcDbRotatedDimension
  0
DIMENSION
  5
1E0
330
17
100
AcDbEntity
  8
DIM
100
AcDbDimension
280
0
  2
*D16
  3
GB
 10
1344.9812945335545
 20
1540.1772594329868
 30
0.0
 11
1420.4717276505944
 21
1540.307673395984
 31
0.0
 70
32
 71
5
  1
<>
100
AcDbAlignedDimension
 13
1340.196581196581
 23
1480.3683427208193
 33
0.0
 14
1490.196581196581
 24
1468.3683427208193
 34
0.0
 50
-4.573921259900861
100
AcDbRotatedDimension
  0
LWPOLYLINE
  5
1EF
330
17
100
AcDbEntity
  8
DIM
100
AcDbPolyline
 90
3
 70
0
 10
561.4095811965811
 20
1447.1553427208194
 10
612.1965811965812
 20
1402.3683427208193
 10
734.4465811965812
 20
1402.3683427208193
  0
CIRCLE
  5
1F0
330
17
100
AcDbEntity
  8
DIM
100
AcDbCircle
 10
561.4095811965811
 20
1447.1553427208194
 30
0.0
 40
1.7999999999999998
  0
TEXT
  5
1F1
330
17
100
AcDbEntity
  8
DIM
100
AcDbText
 10
615.1965811965812
 20
1404.7683427208194
 30
0.0
 40
7.5
  1
A 动臂铰点 Ø35H8（焊后镗）
  7
CJK
 11
615.1965811965812
 21
1404.7683427208194
 31
0.0
100
AcDbText
 73
1
  0
LWPOLYLINE
  5
1F2
330
17
100
AcDbEntity
  8
DIM
100
AcDbPolyline
 90
3
 70
0
 10
1507.8740811965813
 20
1450.6908427208193
 10
1557.196581196581
 20
1407.3683427208193
 10
1645.696581196581
 20
1407.3683427208193
  0
CIRCLE
  5
1F3
330
17
100
AcDbEntity
  8
DIM
100
AcDbCircle
 10
1507.8740811965813
 20
1450.6908427208193
 30
0.0
 40
1.7999999999999998
  0
TEXT
  5
1F4
330
17
100
AcDbEntity
  8
DIM
100
AcDbText
 10
1560.196581196581
 20
1409.7683427208194
 30
0.0
 40
7.5
  1
D 铲斗铰点 Ø30H8
  7
CJK
 11
1560.196581196581
 21
1409.7683427208194
 31
0.0
100
AcDbText
 73
1
  0
LWPOLYLINE
  5
1F5
330
17
100
AcDbEntity
  8
DIM
100
AcDbPolyline
 90
3
 70
0
 10
1322.5190811965813
 20
1462.6908427208193
 10
1273.196581196581
 20
1419.3683427208193
 10
1184.696581196581
 20
1419.3683427208193
  0
CIRCLE
  5
1F6
330
17
100
AcDbEntity
  8
DIM
100
AcDbCircle
 10
1322.5190811965813
 20
1462.6908427208193
 30
0.0
 40
1.7999999999999998
  0
TEXT
  5
1F7
330
17
100
AcDbEntity
  8
DIM
100
AcDbText
 10
1270.196581196581
 20
1421.7683427208194
 30
0.0
 40
7.5
  1
E 连杆铰点 Ø30H8
  7
CJK
 72
2
 11
1270.196581196581
 21
1421.7683427208194
 31
0.0
100
AcDbText
 73
1
  0
LWPOLYLINE
  5
1F8
330
17
100
AcDbEntity
  8
DIM
100
AcDbPolyline
 90
3
 70
0
 10
239.5900811965812
 20
1548.9748427208194
 10
193.19658119658118
 20
1589.3683427208193
 10
104.69658119658118
 20
1589.3683427208193
  0
CIRCLE
  5
1F9
330
17
100
AcDbEntity
  8
DIM
100
AcDbCircle
 10
239.5900811965812
 20
1548.9748427208194
 30
0.0
 40
1.7999999999999998
  0
TEXT
  5
1FA
330
17
100
AcDbEntity
  8
DIM
100
AcDbText
 10
190.19658119658118
 20
1591.7683427208194
 30
0.0
 40
7.5
  1
B 斗杆缸杆 Ø30H9
  7
CJK
 72
2
 11
190.19658119658118
 21
1591.7683427208194
 31
0.0
100
AcDbText
 73
1
  0
LWPOLYLINE
  5
1FB
330
17
100
AcDbEntity
  8
DIM
100
AcDbPolyline
 90
3
 70
0
 10
700.8030811965812
 20
1643.9748427208194
 10
747.1965811965812
 20
1684.3683427208193
 10
835.6965811965812
 20
1684.3683427208193
  0
CIRCLE
  5
1FC
330
17
100
AcDbEntity
  8
DIM
100
AcDbCircle
 10
700.8030811965812
 20
1643.9748427208194
 30
0.0
 40
1.7999999999999998
  0
TEXT
  5
1FD
330
17
100
AcDbEntity
  8
DIM
100
AcDbText
 10
750.1965811965812
 20
1686.7683427208194
 30
0.0
 40
7.5
  1
C 斗缸缸底 Ø30H9
  7
CJK
 11
750.1965811965812
 21
1686.7683427208194
 31
0.0
100
AcDbText
 73
1
  0
TEXT
  5
1FE
330
17
100
AcDbEntity
  8
TEXT
100
AcDbText
 10
870.1986845629993
 20
1709.3675213675212
 30
0.0
 40
15.0
  1
主视图
  7
CJK
 72
1
 11
870.1986845629993
 21
1709.3675213675212
 31
0.0
100
AcDbText
 73
1
  0
LWPOLYLINE
  5
1FF
330
17
100
AcDbEntity
  8
OUTLINE
100
AcDbPolyline
 90
2
 70
0
 10
1801.3311965811968
 20
1419.967688405093
 10
1811.3311965811968
 20
1419.967688405093
  0
LWPOLYLINE
  5
200
330
17
100
AcDbEntity
  8
OUTLINE
100
AcDbPolyline
 90
2
 70
0
 10
1801.3311965811968
 20
1418.369035246391
 10
1811.3311965811968
 20
1418.369035246391
  0
LWPOLYLINE
  5
201
330
17
100
AcDbEntity
  8
OUTLINE
100
AcDbPolyline
 90
2
 70
0
 10
1801.3311965811968
 20
1419.967688405093
 10
1801.3311965811968
 20
1418.3683427208193
  0
LWPOLYLINE
  5
202
330
17
100
AcDbEntity
  8
OUTLINE
100
AcDbPolyline
 90
2
 70
0
 10
1811.3311965811968
 20
1419.967688405093
 10
1811.3311965811968
 20
1418.3683427208193
  0
LWPOLYLINE
  5
203
330
17
100
AcDbEntity
  8
OUTLINE
100
AcDbPolyline
 90
2
 70
0
 10
1801.3311965811968
 20
1494.8077538366656
 10
1811.3311965811968
 20
1494.8077538366656
  0
LWPOLYLINE
  5
204
330
17
100
AcDbEntity
  8
OUTLINE
100
AcDbPolyline
 90
2
 70
0
 10
1811.3311965811968
 20
1494.8077538366656
 10
1811.3311965811968
 20
1419.967688405093
  0
LWPOLYLINE
  5
205
330
17
100
AcDbEntity
  8
OUTLINE
100
AcDbPolyline
 90
2
 70
0
 10
1726.3311965811968
 20
1419.967688405093
 10
1801.3311965811968
 20
1419.967688405093
  0
LWPOLYLINE
  5
206
330
17
100
AcDbEntity
  8
OUTLINE
100
AcDbPolyline
 90
2
 70
0
 10
1716.3311965811968
 20
1419.967688405093
 10
1726.3311965811968
 20
1419.967688405093
  0
LWPOLYLINE
  5
207
330
17
100
AcDbEntity
  8
OUTLINE
100
AcDbPolyline
 90
2
 70
0
 10
1716.3311965811968
 20
1494.8077538366656
 10
1716.3311965811968
 20
1419.967688405093
  0
LWPOLYLINE
  5
208
330
17
100
AcDbEntity
  8
OUTLINE
100
AcDbPolyline
 90
2
 70
0
 10
1716.3311965811968
 20
1494.8077538366656
 10
1726.3311965811968
 20
1494.8077538366656
  0
LWPOLYLINE
  5
209
330
17
100
AcDbEntity
  8
OUTLINE
100
AcDbPolyline
 90
2
 70
0
 10
1726.3311965811968
 20
1494.8077538366656
 10
1801.3311965811968
 20
1494.8077538366656
  0
LWPOLYLINE
  5
20A
330
17
100
AcDbEntity
  8
OUTLINE
100
AcDbPolyline
 90
2
 70
0
 10
1716.3311965811968
 20
1418.369035246391
 10
1726.3311965811968
 20
1418.369035246391
  0
LWPOLYLINE
  5
20B
330
17
100
AcDbEntity
  8
OUTLINE
100
AcDbPolyline
 90
2
 70
0
 10
1726.3311965811968
 20
1418.369035246391
 10
1801.3311965811968
 20
1418.369035246391
  0
LWPOLYLINE
  5
20C
330
17
100
AcDbEntity
  8
OUTLINE
100
AcDbPolyline
 90
2
 70
0
 10
1801.3311965811968
 20
1583.3683427208193
 10
1801.3311965811968
 20
1494.8077538366656
  0
LWPOLYLINE
  5
20D
330
17
100
AcDbEntity
  8
OUTLINE
100
AcDbPolyline
 90
2
 70
0
 10
1811.3311965811968
 20
1583.3683427208193
 10
1811.3311965811968
 20
1494.8077538366656
  0
LWPOLYLINE
  5
20E
330
17
100
AcDbEntity
  8
OUTLINE
100
AcDbPolyline
 90
2
 70
0
 10
1716.3311965811968
 20
1419.967688405093
 10
1716.3311965811968
 20
1418.3683427208193
  0
LWPOLYLINE
  5
20F
330
17
100
AcDbEntity
  8
OUTLINE
100
AcDbPolyline
 90
2
 70
0
 10
1726.3311965811968
 20
1419.967688405093
 10
1726.3311965811968
 20
1418.3683427208193
  0
LWPOLYLINE
  5
210
330
17
100
AcDbEntity
  8
OUTLINE
100
AcDbPolyline
 90
2
 70
0
 10
1716.3311965811968
 20
1583.3683427208193
 10
1716.3311965811968
 20
1494.8077538366656
  0
LWPOLYLINE
  5
211
330
17
100
AcDbEntity
  8
OUTLINE
100
AcDbPolyline
 90
2
 70
0
 10
1726.3311965811968
 20
1583.3683427208193
 10
1726.3311965811968
 20
1494.8077538366656
  0
LWPOLYLINE
  5
212
330
17
100
AcDbEntity
  8
OUTLINE
100
AcDbPolyline
 90
2
 70
0
 10
1726.3311965811968
 20
1504.4878846998108
 10
1801.3311965811968
 20
1504.4878846998108
  0
LWPOLYLINE
  5
213
330
17
100
AcDbEntity
  8
OUTLINE
100
AcDbPolyline
 90
2
 70
0
 10
1726.3311965811968
 20
1573.8432141463709
 10
1801.3311965811968
 20
1573.8432141463709
  0
LWPOLYLINE
  5
214
330
17
100
AcDbEntity
  8
OUTLINE
100
AcDbPolyline
 90
2
 70
0
 10
1726.3311965811968
 20
1563.859110086738
 10
1801.3311965811968
 20
1563.859110086738
  0
LWPOLYLINE
  5
215
330
17
100
AcDbEntity
  8
OUTLINE
100
AcDbPolyline
 90
2
 70
0
 10
1821.3311965811968
 20
1573.3683427208193
 10
1821.3311965811968
 20
1503.3683427208193
  0
LWPOLYLINE
  5
216
330
17
100
AcDbEntity
  8
OUTLINE
100
AcDbPolyline
 90
2
 70
0
 10
1706.3311965811968
 20
1573.3683427208193
 10
1706.3311965811968
 20
1503.3683427208193
  0
LWPOLYLINE
  5
217
330
17
100
AcDbEntity
  8
OUTLINE
100
AcDbPolyline
 90
2
 70
0
 10
1794.8311965811968
 20
1643.4832178779043
 10
1794.8311965811968
 20
1573.8432141463709
  0
LWPOLYLINE
  5
218
330
17
100
AcDbEntity
  8
OUTLINE
100
AcDbPolyline
 90
2
 70
0
 10
1794.8311965811968
 20
1673.3683427208193
 10
1794.8311965811968
 20
1643.4832178779043
  0
LWPOLYLINE
  5
219
330
17
100
AcDbEntity
  8
OUTLINE
100
AcDbPolyline
 90
2
 70
0
 10
1806.8311965811968
 20
1643.4832178779043
 10
1806.8311965811968
 20
1583.3683427208193
  0
LWPOLYLINE
  5
21A
330
17
100
AcDbEntity
  8
OUTLINE
100
AcDbPolyline
 90
2
 70
0
 10
1806.8311965811968
 20
1673.3683427208193
 10
1806.8311965811968
 20
1643.4832178779043
  0
LWPOLYLINE
  5
21B
330
17
100
AcDbEntity
  8
OUTLINE
100
AcDbPolyline
 90
2
 70
0
 10
1720.8311965811968
 20
1643.4832178779043
 10
1720.8311965811968
 20
1583.3683427208193
  0
LWPOLYLINE
  5
21C
330
17
100
AcDbEntity
  8
OUTLINE
100
AcDbPolyline
 90
2
 70
0
 10
1720.8311965811968
 20
1673.3683427208193
 10
1720.8311965811968
 20
1643.4832178779043
  0
LWPOLYLINE
  5
21D
330
17
100
AcDbEntity
  8
OUTLINE
100
AcDbPolyline
 90
2
 70
0
 10
1732.8311965811968
 20
1643.4832178779043
 10
1732.8311965811968
 20
1573.8432141463709
  0
LWPOLYLINE
  5
21E
330
17
100
AcDbEntity
  8
OUTLINE
100
AcDbPolyline
 90
2
 70
0
 10
1732.8311965811968
 20
1673.3683427208193
 10
1732.8311965811968
 20
1643.4832178779043
  0
LWPOLYLINE
  5
21F
330
17
100
AcDbEntity
  8
OUTLINE
100
AcDbPolyline
 90
2
 70
0
 10
1811.3311965811968
 20
1418.3683427208193
 10
1801.3311965811968
 20
1418.3683427208193
  0
LWPOLYLINE
  5
220
330
17
100
AcDbEntity
  8
OUTLINE
100
AcDbPolyline
 90
2
 70
0
 10
1811.3311965811968
 20
1583.3683427208193
 10
1801.3311965811968
 20
1583.3683427208193
  0
LWPOLYLINE
  5
221
330
17
100
AcDbEntity
  8
OUTLINE
100
AcDbPolyline
 90
2
 70
0
 10
1726.3311965811968
 20
1418.3683427208193
 10
1716.3311965811968
 20
1418.3683427208193
  0
LWPOLYLINE
  5
222
330
17
100
AcDbEntity
  8
OUTLINE
100
AcDbPolyline
 90
2
 70
0
 10
1726.3311965811968
 20
1583.3683427208193
 10
1716.3311965811968
 20
1583.3683427208193
  0
LWPOLYLINE
  5
223
330
17
100
AcDbEntity
  8
OUTLINE
100
AcDbPolyline
 90
2
 70
0
 10
1821.3311965811968
 20
1573.3683427208193
 10
1811.3311965811968
 20
1573.3683427208193
  0
LWPOLYLINE
  5
224
330
17
100
AcDbEntity
  8
OUTLINE
100
AcDbPolyline
 90
2
 70
0
 10
1821.3311965811968
 20
1503.3683427208193
 10
1811.3311965811968
 20
1503.3683427208193
  0
LWPOLYLINE
  5
225
330
17
100
AcDbEntity
  8
OUTLINE
100
AcDbPolyline
 90
2
 70
0
 10
1716.3311965811968
 20
1573.3683427208193
 10
1706.3311965811968
 20
1573.3683427208193
  0
LWPOLYLINE
  5
226
330
17
100
AcDbEntity
  8
OUTLINE
100
AcDbPolyline
 90
2
 70
0
 10
1716.3311965811968
 20
1503.3683427208193
 10
1706.3311965811968
 20
1503.3683427208193
  0
LWPOLYLINE
  5
227
330
17
100
AcDbEntity
  8
OUTLINE
100
AcDbPolyline
 90
2
 70
0
 10
1806.8311965811968
 20
1673.3683427208193
 10
1794.8311965811968
 20
1673.3683427208193
  0
LWPOLYLINE
  5
228
330
17
100
AcDbEntity
  8
OUTLINE
100
AcDbPolyline
 90
2
 70
0
 10
1732.8311965811968
 20
1673.3683427208193
 10
1720.8311965811968
 20
1673.3683427208193
  0
LWPOLYLINE
  5
229
330
17
100
AcDbEntity
  8
OUTLINE
100
AcDbPolyline
 90
2
 70
0
 10
1801.3311965811968
 20
1505.3683427208193
 10
1726.3311965811968
 20
1505.3683427208193
  0
LINE
  5
22A
330
17
100
AcDbEntity
  8
CENTER
100
AcDbLine
 10
1693.8311965811968
 20
1468.3683427208193
 30
0.0
 11
1833.8311965811968
 21
1468.3683427208193
 31
0.0
  0
LINE
  5
22B
330
17
100
AcDbEntity
  8
CENTER
100
AcDbLine
 10
1693.8311965811968
 20
1538.3683427208193
 30
0.0
 11
1833.8311965811968
 21
1538.3683427208193
 31
0.0
  0
LINE
  5
22C
330
17
100
AcDbEntity
  8
CENTER
100
AcDbLine
 10
1693.8311965811968
 20
1633.3683427208193
 30
0.0
 11
1833.8311965811968
 21
1633.3683427208193
 31
0.0
  0
LINE
  5
22D
330
17
100
AcDbEntity
  8
CENTER
100
AcDbLine
 10
1693.8311965811968
 20
1480.3683427208193
 30
0.0
 11
1833.8311965811968
 21
1480.3683427208193
 31
0.0
  0
LINE
  5
22E
330
17
100
AcDbEntity
  8
CENTER
100
AcDbLine
 10
1693.8311965811968
 20
1468.3683427208193
 30
0.0
 11
1833.8311965811968
 21
1468.3683427208193
 31
0.0
  0
DIMENSION
  5
22F
330
17
100
AcDbEntity
  8
DIM
100
AcDbDimension
280
0
  2
*D17
  3
GB
 10
1716.3311965811968
 20
1388.3683427208193
 30
0.0
 11
1763.8311965811968
 21
1394.5183427208194
 31
0.0
 70
32
 71
5
  1
<>
100
AcDbAlignedDimension
 13
1716.3311965811968
 23
1418.3683427208193
 33
0.0
 14
1811.3311965811968
 24
1418.3683427208193
 34
0.0
 50
0.0
100
AcDbRotatedDimension
  0
DIMENSION
  5
23E
330
17
100
AcDbEntity
  8
DIM
100
AcDbDimension
280
0
  2
*D18
  3
GB
 10
1706.3311965811968
 20
1367.3683427208193
 30
0.0
 11
1763.8311965811968
 21
1373.5183427208194
 31
0.0
 70
32
 71
5
  1
<>
100
AcDbAlignedDimension
 13
1706.3311965811968
 23
1538.3683427208193
 33
0.0
 14
1821.3311965811968
 24
1538.3683427208193
 34
0.0
 50
0.0
100
AcDbRotatedDimension
  0
DIMENSION
  5
24D
330
17
100
AcDbEntity
  8
DIM
100
AcDbDimension
280
0
  2
*D19
  3
GB
 10
1732.8311965811968
 20
1346.3683427208193
 30
0.0
 11
1763.8311965811968
 21
1352.5183427208194
 31
0.0
 70
32
 71
5
  1
<>
100
AcDbAlignedDimension
 13
1732.8311965811968
 23
1633.3683427208193
 33
0.0
 14
1794.8311965811968
 24
1633.3683427208193
 34
0.0
 50
0.0
100
AcDbRotatedDimension
  0
DIMENSION
  5
25C
330
17
100
AcDbEntity
  8
DIM
100
AcDbDimension
280
0
  2
*D20
  3
GB
 10
1720.8311965811968
 20
1325.3683427208193
 30
0.0
 11
1763.8311965811968
 21
1331.5183427208194
 31
0.0
 70
32
 71
5
  1
<>
100
AcDbAlignedDimension
 13
1720.8311965811968
 23
1633.3683427208193
 33
0.0
 14
1806.8311965811968
 24
1633.3683427208193
 34
0.0
 50
0.0
100
AcDbRotatedDimension
  0
DIMENSION
  5
26B
330
17
100
AcDbEntity
  8
DIM
100
AcDbDimension
280
0
  2
*D21
  3
GB
 10
1851.3311965811968
 20
1418.3683427208193
 30
0.0
 11
1845.1811965811967
 21
1545.8683427208193
 31
0.0
 70
32
 71
5
  1
<>
100
AcDbAlignedDimension
 13
1811.3311965811968
 23
1418.3683427208193
 33
0.0
 14
1806.8311965811968
 24
1673.3683427208193
 34
0.0
 50
90.0
100
AcDbRotatedDimension
  0
TEXT
  5
27A
330
17
100
AcDbEntity
  8
TEXT
100
AcDbText
 10
1763.8311965811968
 20
1709.3683427208193
 30
0.0
 40
15.0
  1
左视图
  7
CJK
 72
1
 11
1763.8311965811968
 21
1709.3683427208193
 31
0.0
100
AcDbText
 73
1
  0
LWPOLYLINE
  5
27B
330
17
100
AcDbEntity
  8
OUTLINE
100
AcDbPolyline
 90
2
 70
0
 10
238.90609422454406
 20
1246.2365566139124
 10
238.90609422454406
 20
1171.2365566139124
  0
LWPOLYLINE
  5
27C
330
17
100
AcDbEntity
  8
OUTLINE
100
AcDbPolyline
 90
2
 70
0
 10
420.19658119658106
 20
1171.2365566139124
 10
252.73286569560082
 20
1171.2365566139124
  0
LWPOLYLINE
  5
27D
330
17
100
AcDbEntity
  8
OUTLINE
100
AcDbPolyline
 90
2
 70
0
 10
1535.196581196581
 20
1171.2365566139124
 10
1492.7328656956008
 20
1171.2365566139124
  0
LWPOLYLINE
  5
27E
330
17
100
AcDbEntity
  8
OUTLINE
100
AcDbPolyline
 90
2
 70
0
 10
252.73286569560088
 20
1171.2365566139124
 10
205.19658119658118
 20
1171.2365566139124
  0
LWPOLYLINE
  5
27F
330
17
100
AcDbEntity
  8
OUTLINE
100
AcDbPolyline
 90
2
 70
0
 10
252.73286569560088
 20
1161.2365566139124
 10
205.19658119658118
 20
1161.2365566139124
  0
LWPOLYLINE
  5
280
330
17
100
AcDbEntity
  8
OUTLINE
100
AcDbPolyline
 90
2
 70
0
 10
1535.196581196581
 20
1161.2365566139124
 10
1492.7328656956008
 20
1161.2365566139124
  0
LWPOLYLINE
  5
281
330
17
100
AcDbEntity
  8
OUTLINE
100
AcDbPolyline
 90
2
 70
0
 10
1492.7328656956008
 20
1161.2365566139124
 10
252.73286569560082
 20
1161.2365566139124
  0
LWPOLYLINE
  5
282
330
17
100
AcDbEntity
  8
OUTLINE
100
AcDbPolyline
 90
2
 70
0
 10
252.73286569560088
 20
1171.2365566139124
 10
252.73286569560088
 20
1161.2365566139124
  0
LWPOLYLINE
  5
283
330
17
100
AcDbEntity
  8
OUTLINE
100
AcDbPolyline
 90
2
 70
0
 10
252.73286569560088
 20
1256.2365566139124
 10
205.19658119658118
 20
1256.2365566139124
  0
LWPOLYLINE
  5
284
330
17
100
AcDbEntity
  8
OUTLINE
100
AcDbPolyline
 90
2
 70
0
 10
1535.196581196581
 20
1256.2365566139124
 10
1492.7328656956008
 20
1256.2365566139124
  0
LWPOLYLINE
  5
285
330
17
100
AcDbEntity
  8
OUTLINE
100
AcDbPolyline
 90
2
 70
0
 10
1492.7328656956008
 20
1256.2365566139124
 10
252.73286569560082
 20
1256.2365566139124
  0
LWPOLYLINE
  5
286
330
17
100
AcDbEntity
  8
OUTLINE
100
AcDbPolyline
 90
2
 70
0
 10
252.73286569560088
 20
1256.2365566139124
 10
252.73286569560088
 20
1246.2365566139124
  0
LWPOLYLINE
  5
287
330
17
100
AcDbEntity
  8
OUTLINE
100
AcDbPolyline
 90
2
 70
0
 10
252.73286569560088
 20
1246.2365566139124
 10
205.19658119658118
 20
1246.2365566139124
  0
LWPOLYLINE
  5
288
330
17
100
AcDbEntity
  8
OUTLINE
100
AcDbPolyline
 90
2
 70
0
 10
241.41509132944122
 20
1246.2365566139124
 10
241.41509132944122
 20
1171.2365566139124
  0
LWPOLYLINE
  5
289
330
17
100
AcDbEntity
  8
OUTLINE
100
AcDbPolyline
 90
2
 70
0
 10
1492.7328656956008
 20
1171.2365566139124
 10
1492.7328656956008
 20
1161.2365566139124
  0
LWPOLYLINE
  5
28A
330
17
100
AcDbEntity
  8
OUTLINE
100
AcDbPolyline
 90
2
 70
0
 10
1492.7328656956008
 20
1256.2365566139124
 10
1492.7328656956008
 20
1246.2365566139124
  0
LWPOLYLINE
  5
28B
330
17
100
AcDbEntity
  8
OUTLINE
100
AcDbPolyline
 90
2
 70
0
 10
1535.196581196581
 20
1246.2365566139124
 10
1492.7328656956008
 20
1246.2365566139124
  0
LWPOLYLINE
  5
28C
330
17
100
AcDbEntity
  8
OUTLINE
100
AcDbPolyline
 90
2
 70
0
 10
1492.7328656956008
 20
1246.2365566139124
 10
1492.7328656956008
 20
1171.2365566139124
  0
LWPOLYLINE
  5
28D
330
17
100
AcDbEntity
  8
OUTLINE
100
AcDbPolyline
 90
2
 70
0
 10
420.1965811965812
 20
1246.2365566139124
 10
420.1965811965812
 20
1171.2365566139124
  0
LWPOLYLINE
  5
28E
330
17
100
AcDbEntity
  8
OUTLINE
100
AcDbPolyline
 90
2
 70
0
 10
420.19658119658106
 20
1246.2365566139124
 10
252.73286569560082
 20
1246.2365566139124
  0
LWPOLYLINE
  5
28F
330
17
100
AcDbEntity
  8
OUTLINE
100
AcDbPolyline
 90
2
 70
0
 10
630.1965811965812
 20
1177.7365566139124
 10
630.1965811965812
 20
1165.7365566139124
  0
LWPOLYLINE
  5
290
330
17
100
AcDbEntity
  8
OUTLINE
100
AcDbPolyline
 90
2
 70
0
 10
760.1965811965812
 20
1177.7365566139124
 10
760.1965811965812
 20
1165.7365566139124
  0
LWPOLYLINE
  5
291
330
17
100
AcDbEntity
  8
OUTLINE
100
AcDbPolyline
 90
2
 70
0
 10
760.1965811965812
 20
1251.7365566139124
 10
760.1965811965812
 20
1239.7365566139124
  0
LWPOLYLINE
  5
292
330
17
100
AcDbEntity
  8
OUTLINE
100
AcDbPolyline
 90
2
 70
0
 10
630.1965811965812
 20
1251.7365566139124
 10
630.1965811965812
 20
1239.7365566139124
  0
LWPOLYLINE
  5
293
330
17
100
AcDbEntity
  8
OUTLINE
100
AcDbPolyline
 90
2
 70
0
 10
419.6329624190212
 20
1246.2365566139124
 10
419.6329624190212
 20
1171.2365566139124
  0
LWPOLYLINE
  5
294
330
17
100
AcDbEntity
  8
OUTLINE
100
AcDbPolyline
 90
2
 70
0
 10
285.1965811965812
 20
1161.2365566139124
 10
285.1965811965812
 20
1151.2365566139124
  0
LWPOLYLINE
  5
295
330
17
100
AcDbEntity
  8
OUTLINE
100
AcDbPolyline
 90
2
 70
0
 10
285.1965811965812
 20
1151.2365566139124
 10
215.19658119658118
 20
1151.2365566139124
  0
LWPOLYLINE
  5
296
330
17
100
AcDbEntity
  8
OUTLINE
100
AcDbPolyline
 90
2
 70
0
 10
285.1965811965812
 20
1266.2365566139124
 10
285.1965811965812
 20
1256.2365566139124
  0
LWPOLYLINE
  5
297
330
17
100
AcDbEntity
  8
OUTLINE
100
AcDbPolyline
 90
2
 70
0
 10
285.1965811965812
 20
1266.2365566139124
 10
215.19658119658118
 20
1266.2365566139124
  0
LWPOLYLINE
  5
298
330
17
100
AcDbEntity
  8
OUTLINE
100
AcDbPolyline
 90
2
 70
0
 10
651.4965902333188
 20
1177.7365566139124
 10
630.1965811965812
 20
1177.7365566139124
  0
LWPOLYLINE
  5
299
330
17
100
AcDbEntity
  8
OUTLINE
100
AcDbPolyline
 90
2
 70
0
 10
760.1965811965812
 20
1177.7365566139124
 10
727.9420462996878
 20
1177.7365566139124
  0
LWPOLYLINE
  5
29A
330
17
100
AcDbEntity
  8
OUTLINE
100
AcDbPolyline
 90
2
 70
0
 10
727.9420462996878
 20
1177.7365566139124
 10
651.4965902333188
 20
1177.7365566139124
  0
LWPOLYLINE
  5
29B
330
17
100
AcDbEntity
  8
OUTLINE
100
AcDbPolyline
 90
2
 70
0
 10
651.4965902333188
 20
1165.7365566139124
 10
630.1965811965812
 20
1165.7365566139124
  0
LWPOLYLINE
  5
29C
330
17
100
AcDbEntity
  8
OUTLINE
100
AcDbPolyline
 90
2
 70
0
 10
760.1965811965812
 20
1165.7365566139124
 10
727.9420462996878
 20
1165.7365566139124
  0
LWPOLYLINE
  5
29D
330
17
100
AcDbEntity
  8
OUTLINE
100
AcDbPolyline
 90
2
 70
0
 10
727.9420462996878
 20
1165.7365566139124
 10
651.4965902333188
 20
1165.7365566139124
  0
LWPOLYLINE
  5
29E
330
17
100
AcDbEntity
  8
OUTLINE
100
AcDbPolyline
 90
2
 70
0
 10
651.4965902333188
 20
1251.7365566139124
 10
630.1965811965812
 20
1251.7365566139124
  0
LWPOLYLINE
  5
29F
330
17
100
AcDbEntity
  8
OUTLINE
100
AcDbPolyline
 90
2
 70
0
 10
760.1965811965812
 20
1251.7365566139124
 10
727.9420462996878
 20
1251.7365566139124
  0
LWPOLYLINE
  5
2A0
330
17
100
AcDbEntity
  8
OUTLINE
100
AcDbPolyline
 90
2
 70
0
 10
727.9420462996878
 20
1251.7365566139124
 10
651.4965902333188
 20
1251.7365566139124
  0
LWPOLYLINE
  5
2A1
330
17
100
AcDbEntity
  8
OUTLINE
100
AcDbPolyline
 90
2
 70
0
 10
760.1965811965812
 20
1239.7365566139124
 10
727.9420462996878
 20
1239.7365566139124
  0
LWPOLYLINE
  5
2A2
330
17
100
AcDbEntity
  8
OUTLINE
100
AcDbPolyline
 90
2
 70
0
 10
651.4965902333188
 20
1239.7365566139124
 10
630.1965811965812
 20
1239.7365566139124
  0
LWPOLYLINE
  5
2A3
330
17
100
AcDbEntity
  8
OUTLINE
100
AcDbPolyline
 90
2
 70
0
 10
727.9420462996878
 20
1239.7365566139124
 10
651.4965902333188
 20
1239.7365566139124
  0
LWPOLYLINE
  5
2A4
330
17
100
AcDbEntity
  8
OUTLINE
100
AcDbPolyline
 90
2
 70
0
 10
1515.196581196581
 20
1246.2365566139124
 10
1515.196581196581
 20
1171.2365566139124
  0
LWPOLYLINE
  5
2A5
330
17
100
AcDbEntity
  8
OUTLINE
100
AcDbPolyline
 90
2
 70
0
 10
205.19658119658123
 20
1161.2365566139124
 10
205.19658119658123
 20
1171.2365566139124
  0
LWPOLYLINE
  5
2A6
330
17
100
AcDbEntity
  8
OUTLINE
100
AcDbPolyline
 90
2
 70
0
 10
205.19658119658123
 20
1246.2365566139124
 10
205.19658119658123
 20
1256.2365566139124
  0
LWPOLYLINE
  5
2A7
330
17
100
AcDbEntity
  8
OUTLINE
100
AcDbPolyline
 90
2
 70
0
 10
1535.196581196581
 20
1161.2365566139124
 10
1535.196581196581
 20
1171.2365566139124
  0
LWPOLYLINE
  5
2A8
330
17
100
AcDbEntity
  8
OUTLINE
100
AcDbPolyline
 90
2
 70
0
 10
1535.196581196581
 20
1246.2365566139124
 10
1535.196581196581
 20
1256.2365566139124
  0
LWPOLYLINE
  5
2A9
330
17
100
AcDbEntity
  8
OUTLINE
100
AcDbPolyline
 90
2
 70
0
 10
215.19658119658118
 20
1151.2365566139124
 10
215.19658119658118
 20
1161.2365566139124
  0
LWPOLYLINE
  5
2AA
330
17
100
AcDbEntity
  8
OUTLINE
100
AcDbPolyline
 90
2
 70
0
 10
215.19658119658118
 20
1256.2365566139124
 10
215.19658119658118
 20
1266.2365566139124
  0
LINE
  5
2AB
330
17
100
AcDbEntity
  8
CENTER
100
AcDbLine
 10
540.1965811965812
 20
1138.7365566139124
 30
0.0
 11
540.1965811965812
 21
1278.7365566139124
 31
0.0
  0
LINE
  5
2AC
330
17
100
AcDbEntity
  8
CENTER
100
AcDbLine
 10
250.19658119658118
 20
1138.7365566139124
 30
0.0
 11
250.19658119658118
 21
1278.7365566139124
 31
0.0
  0
LINE
  5
2AD
330
17
100
AcDbEntity
  8
CENTER
100
AcDbLine
 10
690.1965811965812
 20
1138.7365566139124
 30
0.0
 11
690.1965811965812
 21
1278.7365566139124
 31
0.0
  0
LINE
  5
2AE
330
17
100
AcDbEntity
  8
CENTER
100
AcDbLine
 10
1340.196581196581
 20
1138.7365566139124
 30
0.0
 11
1340.196581196581
 21
1278.7365566139124
 31
0.0
  0
LINE
  5
2AF
330
17
100
AcDbEntity
  8
CENTER
100
AcDbLine
 10
1490.196581196581
 20
1138.7365566139124
 30
0.0
 11
1490.196581196581
 21
1278.7365566139124
 31
0.0
  0
DIMENSION
  5
2B0
330
17
100
AcDbEntity
  8
DIM
100
AcDbDimension
280
0
  2
*D22
  3
GB
 10
1565.196581196581
 20
1161.2365566139124
 30
0.0
 11
1559.046581196581
 21
1208.7365566139124
 31
0.0
 70
32
 71
5
  1
<>
100
AcDbAlignedDimension
 13
1515.196581196581
 23
1161.2365566139124
 33
0.0
 14
1515.196581196581
 24
1256.2365566139124
 34
0.0
 50
90.0
100
AcDbRotatedDimension
  0
DIMENSION
  5
2BF
330
17
100
AcDbEntity
  8
DIM
100
AcDbDimension
280
0
  2
*D23
  3
GB
 10
175.19658119658118
 20
1151.2365566139124
 30
0.0
 11
169.04658119658117
 21
1208.7365566139124
 31
0.0
 70
32
 71
5
  1
<>
100
AcDbAlignedDimension
 13
250.19658119658118
 23
1151.2365566139124
 33
0.0
 14
250.19658119658118
 24
1266.2365566139124
 34
0.0
 50
90.0
100
AcDbRotatedDimension
  0
DIMENSION
  5
2CE
330
17
100
AcDbEntity
  8
DIM
100
AcDbDimension
280
0
  2
*D24
  3
GB
 10
154.19658119658118
 20
1161.2365566139124
 30
0.0
 11
148.04658119658117
 21
1208.7365566139124
 31
0.0
 70
32
 71
5
  1
<>
100
AcDbAlignedDimension
 13
205.19658119658118
 23
1161.2365566139124
 33
0.0
 14
205.19658119658118
 24
1256.2365566139124
 34
0.0
 50
90.0
100
AcDbRotatedDimension
  0
DIMENSION
  5
2DD
330
17
100
AcDbEntity
  8
DIM
100
AcDbDimension
280
0
  2
*D25
  3
GB
 10
800.1965811965812
 20
1177.7365566139124
 30
0.0
 11
794.0465811965812
 21
1208.7365566139124
 31
0.0
 70
32
 71
5
  1
<>
100
AcDbAlignedDimension
 13
690.1965811965812
 23
1177.7365566139124
 33
0.0
 14
690.1965811965812
 24
1239.7365566139124
 34
0.0
 50
90.0
100
AcDbRotatedDimension
  0
DIMENSION
  5
2EC
330
17
100
AcDbEntity
  8
DIM
100
AcDbDimension
280
0
  2
*D26
  3
GB
 10
821.1965811965812
 20
1165.7365566139124
 30
0.0
 11
815.0465811965812
 21
1208.7365566139124
 31
0.0
 70
32
 71
5
  1
<>
100
AcDbAlignedDimension
 13
690.1965811965812
 23
1165.7365566139124
 33
0.0
 14
690.1965811965812
 24
1251.7365566139124
 34
0.0
 50
90.0
100
AcDbRotatedDimension
  0
DIMENSION
  5
2FB
330
17
100
AcDbEntity
  8
DIM
100
AcDbDimension
280
0
  2
*D27
  3
GB
 10
205.19658119658118
 20
1121.2365566139124
 30
0.0
 11
870.1965811965812
 21
1127.3865566139125
 31
0.0
 70
32
 71
5
  1
<>
100
AcDbAlignedDimension
 13
205.19658119658118
 23
1266.2365566139124
 33
0.0
 14
1535.196581196581
 24
1256.2365566139124
 34
0.0
 50
0.0
100
AcDbRotatedDimension
  0
TEXT
  5
30A
330
17
100
AcDbEntity
  8
TEXT
100
AcDbText
 10
870.1965811965812
 20
1302.2365566139124
 30
0.0
 40
15.0
  1
俯视图
  7
CJK
 72
1
 11
870.1965811965812
 21
1302.2365566139124
 31
0.0
100
AcDbText
 73
1
  0
LWPOLYLINE
  5
30B
330
17
100
AcDbEntity
  8
OUTLINE
100
AcDbPolyline
 90
6
 70
1
 10
480.2631270806744
 20
853.2931830378006
 42
0.06480869930934695
 10
493.0712704998969
 20
851.6945298790986
 10
1443.044954710423
 20
856.6944606265414
 42
0.9696381139986778
 10
1445.3443971041797
 20
946.6223056218759
 10
205.3443971041798
 20
1016.6223056218759
 42
0.9059518604287322
 10
191.51762563312298
 20
928.1332484693733
  0
CIRCLE
  5
30C
330
17
100
AcDbEntity
  8
OUTLINE
100
AcDbCircle
 10
492.8081126051601
 20
901.693837353527
 30
0.0
 40
30.25
  0
LINE
  5
30D
330
17
100
AcDbEntity
  8
CENTER
100
AcDbLine
 10
453.5581126051601
 20
901.693837353527
 30
0.0
 11
532.0581126051601
 21
901.693837353527
 31
0.0
  0
LINE
  5
30E
330
17
100
AcDbEntity
  8
CENTER
100
AcDbLine
 10
492.8081126051601
 20
862.443837353527
 30
0.0
 11
492.8081126051601
 21
940.943837353527
 31
0.0
  0
CIRCLE
  5
30F
330
17
100
AcDbEntity
  8
OUTLINE
100
AcDbCircle
 10
1442.8081126051602
 20
901.693837353527
 30
0.0
 40
25.25
  0
LINE
  5
310
330
17
100
AcDbEntity
  8
CENTER
100
AcDbLine
 10
1408.5581126051602
 20
901.693837353527
 30
0.0
 11
1477.0581126051602
 21
901.693837353527
 31
0.0
  0
LINE
  5
311
330
17
100
AcDbEntity
  8
CENTER
100
AcDbLine
 10
1442.8081126051602
 20
867.443837353527
 30
0.0
 11
1442.8081126051602
 21
935.943837353527
 31
0.0
  0
CIRCLE
  5
312
330
17
100
AcDbEntity
  8
OUTLINE
100
AcDbCircle
 10
1292.8081126051602
 20
913.693837353527
 30
0.0
 40
25.25
  0
LINE
  5
313
330
17
100
AcDbEntity
  8
CENTER
100
AcDbLine
 10
1258.5581126051602
 20
913.693837353527
 30
0.0
 11
1327.0581126051602
 21
913.693837353527
 31
0.0
  0
LINE
  5
314
330
17
100
AcDbEntity
  8
CENTER
100
AcDbLine
 10
1292.8081126051602
 20
879.443837353527
 30
0.0
 11
1292.8081126051602
 21
947.943837353527
 31
0.0
  0
CIRCLE
  5
315
330
17
100
AcDbEntity
  8
OUTLINE
100
AcDbCircle
 10
202.8081126051601
 20
971.693837353527
 30
0.0
 40
14.0
  0
LINE
  5
316
330
17
100
AcDbEntity
  8
CENTER
100
AcDbLine
 10
179.8081126051601
 20
971.693837353527
 30
0.0
 11
225.8081126051601
 21
971.693837353527
 31
0.0
  0
LINE
  5
317
330
17
100
AcDbEntity
  8
CENTER
100
AcDbLine
 10
202.8081126051601
 20
948.693837353527
 30
0.0
 11
202.8081126051601
 21
994.693837353527
 31
0.0
  0
DIMENSION
  5
318
330
17
100
AcDbEntity
  8
DIM
100
AcDbDimension
280
0
  2
*D28
  3
GB
 10
157.80811965811967
 20
824.69384998461
 30
0.0
 11
180.30811613163988
 21
830.84384998461
 31
0.0
 70
32
 71
5
  1
<>
100
AcDbAlignedDimension
 13
157.80811965811967
 23
851.69384998461
 33
0.0
 14
202.8081126051601
 24
971.693837353527
 34
0.0
 50
0.0
100
AcDbRotatedDimension
  0
DIMENSION
  5
327
330
17
100
AcDbEntity
  8
DIM
100
AcDbDimension
280
0
  2
*D29
  3
GB
 10
202.8081126051601
 20
824.69384998461
 30
0.0
 11
347.8081126051601
 21
830.84384998461
 31
0.0
 70
32
 71
5
  1
<>
100
AcDbAlignedDimension
 13
202.8081126051601
 23
971.693837353527
 33
0.0
 14
492.8081126051601
 24
901.693837353527
 34
0.0
 50
0.0
100
AcDbRotatedDimension
  0
DIMENSION
  5
336
330
17
100
AcDbEntity
  8
DIM
100
AcDbDimension
280
0
  2
*D30
  3
GB
 10
492.8081126051601
 20
824.69384998461
 30
0.0
 11
892.8081126051602
 21
830.84384998461
 31
0.0
 70
32
 71
5
  1
<>
100
AcDbAlignedDimension
 13
492.8081126051601
 23
901.693837353527
 33
0.0
 14
1292.8081126051602
 24
913.693837353527
 34
0.0
 50
0.0
100
AcDbRotatedDimension
  0
DIMENSION
  5
345
330
17
100
AcDbEntity
  8
DIM
100
AcDbDimension
280
0
  2
*D31
  3
GB
 10
1292.8081126051602
 20
824.69384998461
 30
0.0
 11
1367.8081126051602
 21
830.84384998461
 31
0.0
 70
32
 71
5
  1
<>
100
AcDbAlignedDimension
 13
1292.8081126051602
 23
913.693837353527
 33
0.0
 14
1442.8081126051602
 24
901.693837353527
 34
0.0
 50
0.0
100
AcDbRotatedDimension
  0
DIMENSION
  5
354
330
17
100
AcDbEntity
  8
DIM
100
AcDbDimension
280
0
  2
*D32
  3
GB
 10
1442.8081126051602
 20
824.69384998461
 30
0.0
 11
1465.3080989471332
 21
830.84384998461
 31
0.0
 70
32
 71
5
  1
<>
100
AcDbAlignedDimension
 13
1442.8081126051602
 23
901.693837353527
 33
0.0
 14
1487.8080852891062
 24
851.69384998461
 34
0.0
 50
0.0
100
AcDbRotatedDimension
  0
DIMENSION
  5
363
330
17
100
AcDbEntity
  8
DIM
100
AcDbDimension
280
0
  2
*D33
  3
GB
 10
157.80811965811967
 20
803.69384998461
 30
0.0
 11
822.808102473613
 21
809.84384998461
 31
0.0
 70
32
 71
5
  1
<>
100
AcDbAlignedDimension
 13
157.80811965811967
 23
851.69384998461
 33
0.0
 14
1487.8080852891062
 24
851.69384998461
 34
0.0
 50
0.0
100
AcDbRotatedDimension
  0
DIMENSION
  5
372
330
17
100
AcDbEntity
  8
DIM
100
AcDbDimension
280
0
  2
*D34
  3
GB
 10
130.80811965811967
 20
851.69384998461
 30
0.0
 11
124.65811965811966
 21
876.6938436690684
 31
0.0
 70
32
 71
5
  1
<>
100
AcDbAlignedDimension
 13
157.80811965811967
 23
851.69384998461
 33
0.0
 14
492.8081126051601
 24
901.693837353527
 34
0.0
 50
90.0
100
AcDbRotatedDimension
  0
DIMENSION
  5
381
330
17
100
AcDbEntity
  8
DIM
100
AcDbDimension
280
0
  2
*D35
  3
GB
 10
130.80811965811967
 20
901.693837353527
 30
0.0
 11
120.15811965811966
 21
907.693837353527
 31
0.0
 70
32
 71
5
  1
<>
100
AcDbAlignedDimension
 13
492.8081126051601
 23
901.693837353527
 33
0.0
 14
1292.8081126051602
 24
913.693837353527
 34
0.0
 50
90.0
100
AcDbRotatedDimension
  0
DIMENSION
  5
392
330
17
100
AcDbEntity
  8
DIM
100
AcDbDimension
280
0
  2
*D36
  3
GB
 10
130.80811965811967
 20
913.693837353527
 30
0.0
 11
124.65811965811966
 21
942.693837353527
 31
0.0
 70
32
 71
5
  1
<>
100
AcDbAlignedDimension
 13
1292.8081126051602
 23
913.693837353527
 33
0.0
 14
202.8081126051601
 24
971.693837353527
 34
0.0
 50
90.0
100
AcDbRotatedDimension
  0
DIMENSION
  5
3A1
330
17
100
AcDbEntity
  8
DIM
100
AcDbDimension
280
0
  2
*D37
  3
GB
 10
130.80811965811967
 20
971.693837353527
 30
0.0
 11
124.65811965811966
 21
994.1938294623521
 31
0.0
 70
32
 71
5
  1
<>
100
AcDbAlignedDimension
 13
202.8081126051601
 23
971.693837353527
 33
0.0
 14
157.80811965811967
 24
1016.6938215711774
 34
0.0
 50
90.0
100
AcDbRotatedDimension
  0
DIMENSION
  5
3B0
330
17
100
AcDbEntity
  8
DIM
100
AcDbDimension
280
0
  2
*D38
  3
GB
 10
109.80811965811967
 20
851.69384998461
 30
0.0
 11
103.65811965811966
 21
934.1938357778937
 31
0.0
 70
32
 71
5
  1
<>
100
AcDbAlignedDimension
 13
157.80811965811967
 23
851.69384998461
 33
0.0
 14
157.80811965811967
 24
1016.6938215711774
 34
0.0
 50
90.0
100
AcDbRotatedDimension
  0
TEXT
  5
3BF
330
17
100
AcDbEntity
  8
DIM
100
AcDbText
 10
530.5581126051601
 20
901.693837353527
 30
0.0
 40
7.5
  1
Ø60.5 装轴套A
  7
CJK
 11
530.5581126051601
 21
901.693837353527
 31
0.0
100
AcDbText
 73
2
  0
TEXT
  5
3C0
330
17
100
AcDbEntity
  8
DIM
100
AcDbText
 10
1410.0581126051602
 20
901.693837353527
 30
0.0
 40
7.5
  1
2×Ø50.5 装轴套D/E
  7
CJK
 72
2
 11
1410.0581126051602
 21
901.693837353527
 31
0.0
100
AcDbText
 73
2
  0
TEXT
  5
3C1
330
17
100
AcDbEntity
  8
DIM
100
AcDbText
 10
224.3081126051601
 20
971.693837353527
 30
0.0
 40
7.5
  1
Ø28 焊后镗Ø30H9
  7
CJK
 11
224.3081126051601
 21
971.693837353527
 31
0.0
100
AcDbText
 73
2
  0
DIMENSION
  5
3C2
330
17
100
AcDbEntity
  8
DIM
100
AcDbDimension
280
0
  2
*D39
  3
GB
 10
492.8081126051601
 20
901.693837353527
 30
0.0
 11
482.15663914017455
 21
816.3560021746059
 31
0.0
 70
164
 71
5
  1
<>
100
AcDbRadialDimension
 15
486.61539547435456
 25
852.0788169006659
 35
0.0
  0
DIMENSION
  5
3CD
330
17
100
AcDbEntity
  8
DIM
100
AcDbDimension
280
0
  2
*D40
  3
GB
 10
1442.8081126051602
 20
901.693837353527
 30
0.0
 11
1523.781645964532
 21
899.6233554534164
 31
0.0
 70
164
 71
5
  1
<>
100
AcDbRadialDimension
 15
1487.7934089159223
 25
900.5435696312433
 35
0.0
  0
DIMENSION
  5
3D8
330
17
100
AcDbEntity
  8
DIM
100
AcDbDimension
280
0
  2
*D41
  3
GB
 10
202.80811260516003
 20
971.693837353527
 30
0.0
 11
156.34842126072527
 21
1038.0451529409354
 31
0.0
 70
164
 71
5
  1
<>
100
AcDbRadialDimension
 15
176.99717296936296
 25
1008.5556793465316
 35
0.0
  0
DIMENSION
  5
3E3
330
17
100
AcDbEntity
  8
DIM
100
AcDbDimension
280
0
  2
*D42
  3
GB
 10
492.8081126051601
 20
979.693837353527
 30
0.0
 11
967.8081126051602
 21
985.843837353527
 31
0.0
 70
32
 71
5
  1
<>
100
AcDbAlignedDimension
 13
492.8081126051601
 23
901.693837353527
 33
0.0
 14
1442.8081126051602
 24
901.693837353527
 34
0.0
 50
0.0
100
AcDbRotatedDimension
  0
DIMENSION
  5
3F2
330
17
100
AcDbEntity
  8
DIM
100
AcDbDimension
280
0
  2
*D43
  3
GB
 10
216.8865445913939
 20
1030.0187698679242
 30
0.0
 11
363.32958386998286
 21
1000.99707545065
 31
0.0
 70
32
 71
5
  1
<>
100
AcDbAlignedDimension
 13
202.8081126051601
 23
971.693837353527
 33
0.0
 14
492.8081126051601
 24
901.693837353527
 34
0.0
 50
-13.570434385161485
100
AcDbRotatedDimension
  0
CIRCLE
  5
401
330
17
100
AcDbEntity
  8
THIN
100
AcDbCircle
 10
480.2631270806744
 20
853.2931830378006
 30
0.0
 40
2.4000000000000004
  0
TEXT
  5
402
330
17
100
AcDbEntity
  8
DIM
100
AcDbText
 10
468.5630085827848
 20
850.627244716057
 30
0.0
 40
6.6000000000000005
  1
T1
  7
CJK
 72
1
 11
468.5630085827848
 21
850.627244716057
 31
0.0
100
AcDbText
 73
2
  0
CIRCLE
  5
403
330
17
100
AcDbEntity
  8
THIN
100
AcDbCircle
 10
493.0712704998969
 20
851.6945298790986
 30
0.0
 40
2.4000000000000004
  0
TEXT
  5
404
330
17
100
AcDbEntity
  8
DIM
100
AcDbText
 10
481.4110087037208
 20
848.8593412002562
 30
0.0
 40
6.6000000000000005
  1
T2
  7
CJK
 72
1
 11
481.4110087037208
 21
848.8593412002562
 31
0.0
100
AcDbText
 73
2
  0
CIRCLE
  5
405
330
17
100
AcDbEntity
  8
THIN
100
AcDbCircle
 10
1443.044954710423
 20
856.6944606265414
 30
0.0
 40
2.4000000000000004
  0
TEXT
  5
406
330
17
100
AcDbEntity
  8
DIM
100
AcDbText
 10
1454.9829357597
 20
855.476015524328
 30
0.0
 40
6.6000000000000005
  1
T3
  7
CJK
 72
1
 11
1454.9829357597
 21
855.476015524328
 31
0.0
100
AcDbText
 73
2
  0
CIRCLE
  5
407
330
17
100
AcDbEntity
  8
THIN
100
AcDbCircle
 10
1445.3443971041797
 20
946.6223056218759
 30
0.0
 40
2.4000000000000004
  0
TEXT
  5
408
330
17
100
AcDbEntity
  8
DIM
100
AcDbText
 10
1457.3369761269805
 20
947.0442634182031
 30
0.0
 40
6.6000000000000005
  1
T4
  7
CJK
 72
1
 11
1457.3369761269805
 21
947.0442634182031
 31
0.0
100
AcDbText
 73
2
  0
CIRCLE
  5
409
330
17
100
AcDbEntity
  8
THIN
100
AcDbCircle
 10
205.3443971041798
 20
1016.6223056218759
 30
0.0
 40
2.4000000000000004
  0
TEXT
  5
40A
330
17
100
AcDbEntity
  8
DIM
100
AcDbText
 10
193.49454481073474
 20
1018.5146588192298
 30
0.0
 40
6.6000000000000005
  1
T5
  7
CJK
 72
1
 11
193.49454481073474
 21
1018.5146588192298
 31
0.0
100
AcDbText
 73
2
  0
CIRCLE
  5
40B
330
17
100
AcDbEntity
  8
THIN
100
AcDbCircle
 10
191.51762563312298
 20
928.1332484693733
 30
0.0
 40
2.4000000000000004
  0
TEXT
  5
40C
330
17
100
AcDbEntity
  8
DIM
100
AcDbText
 10
179.51798580070255
 20
928.2262210039661
 30
0.0
 40
6.6000000000000005
  1
T6
  7
CJK
 72
1
 11
179.51798580070255
 21
928.2262210039661
 31
0.0
100
AcDbText
 73
2
  0
TEXT
  5
40D
330
17
100
AcDbEntity
  8
TEXT
100
AcDbText
 10
157.80811965811967
 20
1061.6938215711773
 30
0.0
 40
10.5
  1
A1 臂侧板  t10 ×2  Q355B  11.57kg/件
  7
CJK
 11
157.80811965811967
 21
1061.6938215711773
 31
0.0
100
AcDbText
 73
1
  0
TEXT
  5
40E
330
17
100
AcDbEntity
  8
TEXT
100
AcDbText
 10
1631.8080852891062
 20
1021.1938215711774
 30
0.0
 40
7.5
  1
坐标表（原点 Ø60.5孔中心，单位mm）
  7
CJK
 11
1631.8080852891062
 21
1021.1938215711774
 31
0.0
100
AcDbText
 73
1
  0
LINE
  5
40F
330
17
100
AcDbEntity
  8
THIN
100
AcDbLine
 10
1631.8080852891062
 20
1016.6938215711774
 30
0.0
 11
1892.8080852891062
 21
1016.6938215711774
 31
0.0
  0
TEXT
  5
410
330
17
100
AcDbEntity
  8
TEXT
100
AcDbText
 10
1635.408085289106
 20
1008.4438215711774
 30
0.0
 40
7.5
  1
点
  7
CJK
 11
1635.408085289106
 21
1008.4438215711774
 31
0.0
100
AcDbText
 73
2
  0
TEXT
  5
411
330
17
100
AcDbEntity
  8
TEXT
100
AcDbText
 10
1662.408085289106
 20
1008.4438215711774
 30
0.0
 40
7.5
  1
X
  7
CJK
 11
1662.408085289106
 21
1008.4438215711774
 31
0.0
100
AcDbText
 73
2
  0
TEXT
  5
412
330
17
100
AcDbEntity
  8
TEXT
100
AcDbText
 10
1713.408085289106
 20
1008.4438215711774
 30
0.0
 40
7.5
  1
Y
  7
CJK
 11
1713.408085289106
 21
1008.4438215711774
 31
0.0
100
AcDbText
 73
2
  0
TEXT
  5
413
330
17
100
AcDbEntity
  8
TEXT
100
AcDbText
 10
1764.408085289106
 20
1008.4438215711774
 30
0.0
 40
7.5
  1
说明
  7
CJK
 11
1764.408085289106
 21
1008.4438215711774
 31
0.0
100
AcDbText
 73
2
  0
LINE
  5
414
330
17
100
AcDbEntity
  8
THIN
100
AcDbLine
 10
1631.8080852891062
 20
1000.1938215711774
 30
0.0
 11
1892.8080852891062
 21
1000.1938215711774
 31
0.0
  0
TEXT
  5
415
330
17
100
AcDbEntity
  8
TEXT
100
AcDbText
 10
1635.408085289106
 20
991.9438215711774
 30
0.0
 40
7.5
  1
T1
  7
CJK
 11
1635.408085289106
 21
991.9438215711774
 31
0.0
100
AcDbText
 73
2
  0
TEXT
  5
416
330
17
100
AcDbEntity
  8
TEXT
100
AcDbText
 10
1662.408085289106
 20
991.9438215711774
 30
0.0
 40
7.5
  1
-12.5
  7
CJK
 11
1662.408085289106
 21
991.9438215711774
 31
0.0
100
AcDbText
 73
2
  0
TEXT
  5
417
330
17
100
AcDbEntity
  8
TEXT
100
AcDbText
 10
1713.408085289106
 20
991.9438215711774
 30
0.0
 40
7.5
  1
-48.4
  7
CJK
 11
1713.408085289106
 21
991.9438215711774
 31
0.0
100
AcDbText
 73
2
  0
TEXT
  5
418
330
17
100
AcDbEntity
  8
TEXT
100
AcDbText
 10
1764.408085289106
 20
991.9438215711774
 30
0.0
 40
7.5
  1
切点/交点
  7
CJK
 11
1764.408085289106
 21
991.9438215711774
 31
0.0
100
AcDbText
 73
2
  0
LINE
  5
419
330
17
100
AcDbEntity
  8
THIN
100
AcDbLine
 10
1631.8080852891062
 20
983.6938215711774
 30
0.0
 11
1892.8080852891062
 21
983.6938215711774
 31
0.0
  0
TEXT
  5
41A
330
17
100
AcDbEntity
  8
TEXT
100
AcDbText
 10
1635.408085289106
 20
975.4438215711774
 30
0.0
 40
7.5
  1
T2
  7
CJK
 11
1635.408085289106
 21
975.4438215711774
 31
0.0
100
AcDbText
 73
2
  0
TEXT
  5
41B
330
17
100
AcDbEntity
  8
TEXT
100
AcDbText
 10
1662.408085289106
 20
975.4438215711774
 30
0.0
 40
7.5
  1
0.3
  7
CJK
 11
1662.408085289106
 21
975.4438215711774
 31
0.0
100
AcDbText
 73
2
  0
TEXT
  5
41C
330
17
100
AcDbEntity
  8
TEXT
100
AcDbText
 10
1713.408085289106
 20
975.4438215711774
 30
0.0
 40
7.5
  1
-50
  7
CJK
 11
1713.408085289106
 21
975.4438215711774
 31
0.0
100
AcDbText
 73
2
  0
TEXT
  5
41D
330
17
100
AcDbEntity
  8
TEXT
100
AcDbText
 10
1764.408085289106
 20
975.4438215711774
 30
0.0
 40
7.5
  1
切点/交点
  7
CJK
 11
1764.408085289106
 21
975.4438215711774
 31
0.0
100
AcDbText
 73
2
  0
LINE
  5
41E
330
17
100
AcDbEntity
  8
THIN
100
AcDbLine
 10
1631.8080852891062
 20
967.1938215711774
 30
0.0
 11
1892.8080852891062
 21
967.1938215711774
 31
0.0
  0
TEXT
  5
41F
330
17
100
AcDbEntity
  8
TEXT
100
AcDbText
 10
1635.408085289106
 20
958.9438215711774
 30
0.0
 40
7.5
  1
T3
  7
CJK
 11
1635.408085289106
 21
958.9438215711774
 31
0.0
100
AcDbText
 73
2
  0
TEXT
  5
420
330
17
100
AcDbEntity
  8
TEXT
100
AcDbText
 10
1662.408085289106
 20
958.9438215711774
 30
0.0
 40
7.5
  1
950.2
  7
CJK
 11
1662.408085289106
 21
958.9438215711774
 31
0.0
100
AcDbText
 73
2
  0
TEXT
  5
421
330
17
100
AcDbEntity
  8
TEXT
100
AcDbText
 10
1713.408085289106
 20
958.9438215711774
 30
0.0
 40
7.5
  1
-45
  7
CJK
 11
1713.408085289106
 21
958.9438215711774
 31
0.0
100
AcDbText
 73
2
  0
TEXT
  5
422
330
17
100
AcDbEntity
  8
TEXT
100
AcDbText
 10
1764.408085289106
 20
958.9438215711774
 30
0.0
 40
7.5
  1
切点/交点
  7
CJK
 11
1764.408085289106
 21
958.9438215711774
 31
0.0
100
AcDbText
 73
2
  0
LINE
  5
423
330
17
100
AcDbEntity
  8
THIN
100
AcDbLine
 10
1631.8080852891062
 20
950.6938215711774
 30
0.0
 11
1892.8080852891062
 21
950.6938215711774
 31
0.0
  0
TEXT
  5
424
330
17
100
AcDbEntity
  8
TEXT
100
AcDbText
 10
1635.408085289106
 20
942.4438215711774
 30
0.0
 40
7.5
  1
T4
  7
CJK
 11
1635.408085289106
 21
942.4438215711774
 31
0.0
100
AcDbText
 73
2
  0
TEXT
  5
425
330
17
100
AcDbEntity
  8
TEXT
100
AcDbText
 10
1662.408085289106
 20
942.4438215711774
 30
0.0
 40
7.5
  1
952.5
  7
CJK
 11
1662.408085289106
 21
942.4438215711774
 31
0.0
100
AcDbText
 73
2
  0
TEXT
  5
426
330
17
100
AcDbEntity
  8
TEXT
100
AcDbText
 10
1713.408085289106
 20
942.4438215711774
 30
0.0
 40
7.5
  1
44.9
  7
CJK
 11
1713.408085289106
 21
942.4438215711774
 31
0.0
100
AcDbText
 73
2
  0
TEXT
  5
427
330
17
100
AcDbEntity
  8
TEXT
100
AcDbText
 10
1764.408085289106
 20
942.4438215711774
 30
0.0
 40
7.5
  1
切点/交点
  7
CJK
 11
1764.408085289106
 21
942.4438215711774
 31
0.0
100
AcDbText
 73
2
  0
LINE
  5
428
330
17
100
AcDbEntity
  8
THIN
100
AcDbLine
 10
1631.8080852891062
 20
934.1938215711774
 30
0.0
 11
1892.8080852891062
 21
934.1938215711774
 31
0.0
  0
TEXT
  5
429
330
17
100
AcDbEntity
  8
TEXT
100
AcDbText
 10
1635.408085289106
 20
925.9438215711774
 30
0.0
 40
7.5
  1
T5
  7
CJK
 11
1635.408085289106
 21
925.9438215711774
 31
0.0
100
AcDbText
 73
2
  0
TEXT
  5
42A
330
17
100
AcDbEntity
  8
TEXT
100
AcDbText
 10
1662.408085289106
 20
925.9438215711774
 30
0.0
 40
7.5
  1
-287.5
  7
CJK
 11
1662.408085289106
 21
925.9438215711774
 31
0.0
100
AcDbText
 73
2
  0
TEXT
  5
42B
330
17
100
AcDbEntity
  8
TEXT
100
AcDbText
 10
1713.408085289106
 20
925.9438215711774
 30
0.0
 40
7.5
  1
114.9
  7
CJK
 11
1713.408085289106
 21
925.9438215711774
 31
0.0
100
AcDbText
 73
2
  0
TEXT
  5
42C
330
17
100
AcDbEntity
  8
TEXT
100
AcDbText
 10
1764.408085289106
 20
925.9438215711774
 30
0.0
 40
7.5
  1
切点/交点
  7
CJK
 11
1764.408085289106
 21
925.9438215711774
 31
0.0
100
AcDbText
 73
2
  0
LINE
  5
42D
330
17
100
AcDbEntity
  8
THIN
100
AcDbLine
 10
1631.8080852891062
 20
917.6938215711774
 30
0.0
 11
1892.8080852891062
 21
917.6938215711774
 31
0.0
  0
TEXT
  5
42E
330
17
100
AcDbEntity
  8
TEXT
100
AcDbText
 10
1635.408085289106
 20
909.4438215711774
 30
0.0
 40
7.5
  1
T6
  7
CJK
 11
1635.408085289106
 21
909.4438215711774
 31
0.0
100
AcDbText
 73
2
  0
TEXT
  5
42F
330
17
100
AcDbEntity
  8
TEXT
100
AcDbText
 10
1662.408085289106
 20
909.4438215711774
 30
0.0
 40
7.5
  1
-301.3
  7
CJK
 11
1662.408085289106
 21
909.4438215711774
 31
0.0
100
AcDbText
 73
2
  0
TEXT
  5
430
330
17
100
AcDbEntity
  8
TEXT
100
AcDbText
 10
1713.408085289106
 20
909.4438215711774
 30
0.0
 40
7.5
  1
26.4
  7
CJK
 11
1713.408085289106
 21
909.4438215711774
 31
0.0
100
AcDbText
 73
2
  0
TEXT
  5
431
330
17
100
AcDbEntity
  8
TEXT
100
AcDbText
 10
1764.408085289106
 20
909.4438215711774
 30
0.0
 40
7.5
  1
切点/交点
  7
CJK
 11
1764.408085289106
 21
909.4438215711774
 31
0.0
100
AcDbText
 73
2
  0
LINE
  5
432
330
17
100
AcDbEntity
  8
THIN
100
AcDbLine
 10
1631.8080852891062
 20
901.1938215711774
 30
0.0
 11
1892.8080852891062
 21
901.1938215711774
 31
0.0
  0
LINE
  5
433
330
17
100
AcDbEntity
  8
THIN
100
AcDbLine
 10
1631.8080852891062
 20
1016.6938215711774
 30
0.0
 11
1631.8080852891062
 21
901.1938215711774
 31
0.0
  0
LINE
  5
434
330
17
100
AcDbEntity
  8
THIN
100
AcDbLine
 10
1658.8080852891062
 20
1016.6938215711774
 30
0.0
 11
1658.8080852891062
 21
901.1938215711774
 31
0.0
  0
LINE
  5
435
330
17
100
AcDbEntity
  8
THIN
100
AcDbLine
 10
1709.8080852891062
 20
1016.6938215711774
 30
0.0
 11
1709.8080852891062
 21
901.1938215711774
 31
0.0
  0
LINE
  5
436
330
17
100
AcDbEntity
  8
THIN
100
AcDbLine
 10
1760.8080852891062
 20
1016.6938215711774
 30
0.0
 11
1760.8080852891062
 21
901.1938215711774
 31
0.0
  0
LINE
  5
437
330
17
100
AcDbEntity
  8
THIN
100
AcDbLine
 10
1892.8080852891062
 20
1016.6938215711774
 30
0.0
 11
1892.8080852891062
 21
901.1938215711774
 31
0.0
  0
LWPOLYLINE
  5
438
330
17
100
AcDbEntity
  8
OUTLINE
100
AcDbPolyline
 90
4
 70
1
 10
136.80811965811967
 20
638.5511149418749
 10
1086.7949616722603
 20
638.5511149418749
 10
1086.7949616722603
 20
713.5511149418749
 10
136.80811965811967
 20
713.5511149418749
  0
DIMENSION
  5
439
330
17
100
AcDbEntity
  8
DIM
100
AcDbDimension
280
0
  2
*D44
  3
GB
 10
136.80811965811967
 20
611.5511149418749
 30
0.0
 11
611.80154066519
 21
617.7011149418748
 31
0.0
 70
32
 71
5
  1
<>
100
AcDbAlignedDimension
 13
136.80811965811967
 23
638.5511149418749
 33
0.0
 14
1086.7949616722603
 24
638.5511149418749
 34
0.0
 50
0.0
100
AcDbRotatedDimension
  0
DIMENSION
  5
448
330
17
100
AcDbEntity
  8
DIM
100
AcDbDimension
280
0
  2
*D45
  3
GB
 10
109.80811965811967
 20
638.5511149418749
 30
0.0
 11
103.65811965811966
 21
676.0511149418749
 31
0.0
 70
32
 71
5
  1
<>
100
AcDbAlignedDimension
 13
136.80811965811967
 23
638.5511149418749
 33
0.0
 14
136.80811965811967
 24
713.5511149418749
 34
0.0
 50
90.0
100
AcDbRotatedDimension
  0
TEXT
  5
457
330
17
100
AcDbEntity
  8
TEXT
100
AcDbText
 10
136.80811965811967
 20
728.5511149418749
 30
0.0
 40
7.5
  1
长度按实物修配 ±2（A→D 底边）
  7
CJK
 11
136.80811965811967
 21
728.5511149418749
 31
0.0
100
AcDbText
 73
1
  0
TEXT
  5
458
330
17
100
AcDbEntity
  8
TEXT
100
AcDbText
 10
136.80811965811967
 20
744.1511149418749
 30
0.0
 40
10.5
  1
A2 臂底板  t12 ×1  Q355B  6.71kg/件
  7
CJK
 11
136.80811965811967
 21
744.1511149418749
 31
0.0
100
AcDbText
 73
1
  0
LWPOLYLINE
  5
459
330
17
100
AcDbEntity
  8
OUTLINE
100
AcDbPolyline
 90
4
 70
1
 10
1166.60308133038
 20
625.9511149418748
 10
2240.846977520736
 20
625.9511149418748
 10
2240.846977520736
 20
700.9511149418748
 10
1166.60308133038
 20
700.9511149418748
  0
DIMENSION
  5
45A
330
17
100
AcDbEntity
  8
DIM
100
AcDbDimension
280
0
  2
*D46
  3
GB
 10
1166.60308133038
 20
598.9511149418748
 30
0.0
 11
1703.725029425558
 21
605.1011149418748
 31
0.0
 70
32
 71
5
  1
<>
100
AcDbAlignedDimension
 13
1166.60308133038
 23
625.9511149418748
 33
0.0
 14
2240.846977520736
 24
625.9511149418748
 34
0.0
 50
0.0
100
AcDbRotatedDimension
  0
DIMENSION
  5
469
330
17
100
AcDbEntity
  8
DIM
100
AcDbDimension
280
0
  2
*D47
  3
GB
 10
1139.60308133038
 20
625.9511149418748
 30
0.0
 11
1133.45308133038
 21
663.4511149418748
 31
0.0
 70
32
 71
5
  1
<>
100
AcDbAlignedDimension
 13
1166.60308133038
 23
625.9511149418748
 33
0.0
 14
1166.60308133038
 24
700.9511149418748
 34
0.0
 50
90.0
100
AcDbRotatedDimension
  0
TEXT
  5
478
330
17
100
AcDbEntity
  8
TEXT
100
AcDbText
 10
1166.60308133038
 20
715.9511149418748
 30
0.0
 40
7.5
  1
其后为斗杆缸杆头窗口，勿封闭
  7
CJK
 11
1166.60308133038
 21
715.9511149418748
 31
0.0
100
AcDbText
 73
1
  0
TEXT
  5
479
330
17
100
AcDbEntity
  8
TEXT
100
AcDbText
 10
1166.60308133038
 20
728.5511149418749
 30
0.0
 40
7.5
  1
自 D 端切点起，止于 x=-120；
  7
CJK
 11
1166.60308133038
 21
728.5511149418749
 31
0.0
100
AcDbText
 73
1
  0
TEXT
  5
47A
330
17
100
AcDbEntity
  8
TEXT
100
AcDbText
 10
1166.60308133038
 20
744.1511149418749
 30
0.0
 40
10.5
  1
A3 臂顶板  t10 ×1  Q355B  6.32kg/件
  7
CJK
 11
1166.60308133038
 21
744.1511149418749
 31
0.0
100
AcDbText
 73
1
  0
LWPOLYLINE
  5
47B
330
17
100
AcDbEntity
  8
OUTLINE
100
AcDbPolyline
 90
4
 70
1
 10
136.80811965811967
 20
433.8083798991398
 10
435.09489442361274
 20
433.8083798991398
 10
435.09489442361274
 20
508.8083798991398
 10
136.80811965811967
 20
508.8083798991398
  0
DIMENSION
  5
47C
330
17
100
AcDbEntity
  8
DIM
100
AcDbDimension
280
0
  2
*D48
  3
GB
 10
136.80811965811967
 20
406.8083798991398
 30
0.0
 11
285.9515070408662
 21
412.9583798991398
 31
0.0
 70
32
 71
5
  1
<>
100
AcDbAlignedDimension
 13
136.80811965811967
 23
433.8083798991398
 33
0.0
 14
435.09489442361274
 24
433.8083798991398
 34
0.0
 50
0.0
100
AcDbRotatedDimension
  0
DIMENSION
  5
48B
330
17
100
AcDbEntity
  8
DIM
100
AcDbDimension
280
0
  2
*D49
  3
GB
 10
109.80811965811967
 20
433.8083798991398
 30
0.0
 11
103.65811965811966
 21
471.3083798991398
 31
0.0
 70
32
 71
5
  1
<>
100
AcDbAlignedDimension
 13
136.80811965811967
 23
433.8083798991398
 33
0.0
 14
136.80811965811967
 24
508.8083798991398
 34
0.0
 50
90.0
100
AcDbRotatedDimension
  0
TEXT
  5
49A
330
17
100
AcDbEntity
  8
TEXT
100
AcDbText
 10
136.80811965811967
 20
523.8083798991398
 30
0.0
 40
7.5
  1
B→A 后边全长
  7
CJK
 11
136.80811965811967
 21
523.8083798991398
 31
0.0
100
AcDbText
 73
1
  0
TEXT
  5
49B
330
17
100
AcDbEntity
  8
TEXT
100
AcDbText
 10
136.80811965811967
 20
539.4083798991398
 30
0.0
 40
10.5
  1
A4 臂后板  t10 ×1  Q355B  1.76kg/件
  7
CJK
 11
136.80811965811967
 21
539.4083798991398
 31
0.0
100
AcDbText
 73
1
  0
LWPOLYLINE
  5
49C
330
17
100
AcDbEntity
  8
OUTLINE
100
AcDbPolyline
 90
4
 70
1
 10
535.9030140817324
 20
370.4284277849928
 10
665.9030140817324
 20
363.08971810757345
 10
633.6484791848391
 20
455.0477252693274
 42
0.740123237534098
 10
557.2030231184701
 20
451.9232702262035
  0
CIRCLE
  5
49D
330
17
100
AcDbEntity
  8
OUTLINE
100
AcDbCircle
 10
595.9030140817324
 20
441.8083950691186
 30
0.0
 40
14.0
  0
LINE
  5
49E
330
17
100
AcDbEntity
  8
CENTER
100
AcDbLine
 10
572.9030140817324
 20
441.8083950691186
 30
0.0
 11
618.9030140817324
 21
441.8083950691186
 31
0.0
  0
LINE
  5
49F
330
17
100
AcDbEntity
  8
CENTER
100
AcDbLine
 10
595.9030140817324
 20
418.8083950691186
 30
0.0
 11
595.9030140817324
 21
464.8083950691186
 31
0.0
  0
DIMENSION
  5
4A0
330
17
100
AcDbEntity
  8
DIM
100
AcDbDimension
280
0
  2
*D50
  3
GB
 10
535.9030140817324
 20
336.08971810757345
 30
0.0
 11
565.9030140817324
 21
342.2397181075734
 31
0.0
 70
32
 71
5
  1
<>
100
AcDbAlignedDimension
 13
535.9030140817324
 23
370.4284277849928
 33
0.0
 14
595.9030140817324
 24
441.8083950691186
 34
0.0
 50
0.0
100
AcDbRotatedDimension
  0
DIMENSION
  5
4AF
330
17
100
AcDbEntity
  8
DIM
100
AcDbDimension
280
0
  2
*D51
  3
GB
 10
595.9030140817324
 20
336.08971810757345
 30
0.0
 11
630.9030140817324
 21
342.2397181075734
 31
0.0
 70
32
 71
5
  1
<>
100
AcDbAlignedDimension
 13
595.9030140817324
 23
441.8083950691186
 33
0.0
 14
665.9030140817324
 24
363.08971810757345
 34
0.0
 50
0.0
100
AcDbRotatedDimension
  0
DIMENSION
  5
4BE
330
17
100
AcDbEntity
  8
DIM
100
AcDbDimension
280
0
  2
*D52
  3
GB
 10
535.9030140817324
 20
315.08971810757345
 30
0.0
 11
600.9030140817324
 21
321.2397181075734
 31
0.0
 70
32
 71
5
  1
<>
100
AcDbAlignedDimension
 13
535.9030140817324
 23
370.4284277849928
 33
0.0
 14
665.9030140817324
 24
363.08971810757345
 34
0.0
 50
0.0
100
AcDbRotatedDimension
  0
DIMENSION
  5
4CD
330
17
100
AcDbEntity
  8
DIM
100
AcDbDimension
280
0
  2
*D53
  3
GB
 10
508.9030140817324
 20
363.08971810757345
 30
0.0
 11
502.75301408173243
 21
402.449056588346
 31
0.0
 70
32
 71
5
  1
<>
100
AcDbAlignedDimension
 13
665.9030140817324
 23
363.08971810757345
 33
0.0
 14
595.9030140817324
 24
441.8083950691186
 34
0.0
 50
90.0
100
AcDbRotatedDimension
  0
DIMENSION
  5
4DC
330
17
100
AcDbEntity
  8
DIM
100
AcDbDimension
280
0
  2
*D54
  3
GB
 10
508.9030140817324
 20
441.8083950691186
 30
0.0
 11
502.75301408173243
 21
461.8083874841292
 31
0.0
 70
32
 71
5
  1
<>
100
AcDbAlignedDimension
 13
595.9030140817324
 23
441.8083950691186
 33
0.0
 14
535.9030140817324
 24
481.8083798991398
 34
0.0
 50
90.0
100
AcDbRotatedDimension
  0
DIMENSION
  5
4EB
330
17
100
AcDbEntity
  8
DIM
100
AcDbDimension
280
0
  2
*D55
  3
GB
 10
487.9030140817324
 20
363.08971810757345
 30
0.0
 11
481.75301408173243
 21
422.44904900335666
 31
0.0
 70
32
 71
5
  1
<>
100
AcDbAlignedDimension
 13
665.9030140817324
 23
363.08971810757345
 33
0.0
 14
535.9030140817324
 24
481.8083798991398
 34
0.0
 50
90.0
100
AcDbRotatedDimension
  0
TEXT
  5
4FA
330
17
100
AcDbEntity
  8
DIM
100
AcDbText
 10
595.9030140817324
 20
412.8083950691186
 30
0.0
 40
7.5
  1
Ø28 焊后镗Ø30H9
  7
CJK
 72
1
 11
595.9030140817324
 21
412.8083950691186
 31
0.0
100
AcDbText
 73
1
  0
CIRCLE
  5
4FB
330
17
100
AcDbEntity
  8
THIN
100
AcDbCircle
 10
595.9030140817324
 20
441.8083950691186
 30
0.0
 40
2.4000000000000004
  0
TEXT
  5
4FC
330
17
100
AcDbEntity
  8
DIM
100
AcDbText
 10
594.6592780926032
 20
453.7437677398543
 30
0.0
 40
6.6000000000000005
  1
C
  7
CJK
 72
1
 11
594.6592780926032
 21
453.7437677398543
 31
0.0
100
AcDbText
 73
2
  0
CIRCLE
  5
4FD
330
17
100
AcDbEntity
  8
THIN
100
AcDbCircle
 10
633.6484791848391
 20
455.0477252693274
 30
0.0
 40
2.4000000000000004
  0
TEXT
  5
4FE
330
17
100
AcDbEntity
  8
DIM
100
AcDbText
 10
641.3705156531598
 20
464.2330479518423
 30
0.0
 40
6.6000000000000005
  1
T1
  7
CJK
 72
1
 11
641.3705156531598
 21
464.2330479518423
 31
0.0
100
AcDbText
 73
2
  0
CIRCLE
  5
4FF
330
17
100
AcDbEntity
  8
THIN
100
AcDbCircle
 10
557.2030231184701
 20
451.9232702262035
 30
0.0
 40
2.4000000000000004
  0
TEXT
  5
500
330
17
100
AcDbEntity
  8
DIM
100
AcDbText
 10
548.3695048770159
 20
460.04539774785053
 30
0.0
 40
6.6000000000000005
  1
T2
  7
CJK
 72
1
 11
548.3695048770159
 21
460.04539774785053
 31
0.0
100
AcDbText
 73
2
  0
CIRCLE
  5
501
330
17
100
AcDbEntity
  8
THIN
100
AcDbCircle
 10
535.9030140817324
 20
370.4284277849928
 30
0.0
 40
2.4000000000000004
  0
TEXT
  5
502
330
17
100
AcDbEntity
  8
DIM
100
AcDbText
 10
526.01045588442
 20
363.63598401910207
 30
0.0
 40
6.6000000000000005
  1
E1
  7
CJK
 72
1
 11
526.01045588442
 21
363.63598401910207
 31
0.0
100
AcDbText
 73
2
  0
CIRCLE
  5
503
330
17
100
AcDbEntity
  8
THIN
100
AcDbCircle
 10
665.9030140817324
 20
363.08971810757345
 30
0.0
 40
2.4000000000000004
  0
TEXT
  5
504
330
17
100
AcDbEntity
  8
DIM
100
AcDbText
 10
675.4856497243378
 20
355.86662360860225
 30
0.0
 40
6.6000000000000005
  1
E2
  7
CJK
 72
1
 11
675.4856497243378
 21
355.86662360860225
 31
0.0
100
AcDbText
 73
2
  0
DIMENSION
  5
505
330
17
100
AcDbEntity
  8
DIM
100
AcDbDimension
280
0
  2
*D56
  3
GB
 10
595.9030140817324
 20
441.8083950691186
 30
0.0
 11
524.4863749020034
 21
467.8019259618694
 31
0.0
 70
164
 71
5
  1
<>
100
AcDbRadialDimension
 15
558.3153092502961
 25
455.4892008021453
 35
0.0
  0
TEXT
  5
510
330
17
100
AcDbEntity
  8
TEXT
100
AcDbText
 10
535.9030140817324
 20
523.8083798991398
 30
0.0
 40
7.5
  1
底边随斗杆顶面，按实物修配；两耳内距 62
  7
CJK
 11
535.9030140817324
 21
523.8083798991398
 31
0.0
100
AcDbText
 73
1
  0
TEXT
  5
511
330
17
100
AcDbEntity
  8
TEXT
100
AcDbText
 10
535.9030140817324
 20
539.4083798991398
 30
0.0
 40
10.5
  1
A5 斗缸耳板  t12 ×2  Q355B  0.93kg/件
  7
CJK
 11
535.9030140817324
 21
539.4083798991398
 31
0.0
100
AcDbText
 73
1
  0
TEXT
  5
512
330
17
100
AcDbEntity
  8
TEXT
100
AcDbText
 10
809.9030140817324
 20
486.3083798991398
 30
0.0
 40
7.5
  1
坐标表（原点 Ø28孔中心，单位mm）
  7
CJK
 11
809.9030140817324
 21
486.3083798991398
 31
0.0
100
AcDbText
 73
1
  0
LINE
  5
513
330
17
100
AcDbEntity
  8
THIN
100
AcDbLine
 10
809.9030140817324
 20
481.8083798991398
 30
0.0
 11
1070.9030140817324
 21
481.8083798991398
 31
0.0
  0
TEXT
  5
514
330
17
100
AcDbEntity
  8
TEXT
100
AcDbText
 10
813.5030140817324
 20
473.5583798991398
 30
0.0
 40
7.5
  1
点
  7
CJK
 11
813.5030140817324
 21
473.5583798991398
 31
0.0
100
AcDbText
 73
2
  0
TEXT
  5
515
330
17
100
AcDbEntity
  8
TEXT
100
AcDbText
 10
840.5030140817324
 20
473.5583798991398
 30
0.0
 40
7.5
  1
X
  7
CJK
 11
840.5030140817324
 21
473.5583798991398
 31
0.0
100
AcDbText
 73
2
  0
TEXT
  5
516
330
17
100
AcDbEntity
  8
TEXT
100
AcDbText
 10
891.5030140817324
 20
473.5583798991398
 30
0.0
 40
7.5
  1
Y
  7
CJK
 11
891.5030140817324
 21
473.5583798991398
 31
0.0
100
AcDbText
 73
2
  0
TEXT
  5
517
330
17
100
AcDbEntity
  8
TEXT
100
AcDbText
 10
942.5030140817324
 20
473.5583798991398
 30
0.0
 40
7.5
  1
说明
  7
CJK
 11
942.5030140817324
 21
473.5583798991398
 31
0.0
100
AcDbText
 73
2
  0
LINE
  5
518
330
17
100
AcDbEntity
  8
THIN
100
AcDbLine
 10
809.9030140817324
 20
465.3083798991398
 30
0.0
 11
1070.9030140817324
 21
465.3083798991398
 31
0.0
  0
TEXT
  5
519
330
17
100
AcDbEntity
  8
TEXT
100
AcDbText
 10
813.5030140817324
 20
457.0583798991398
 30
0.0
 40
7.5
  1
C
  7
CJK
 11
813.5030140817324
 21
457.0583798991398
 31
0.0
100
AcDbText
 73
2
  0
TEXT
  5
51A
330
17
100
AcDbEntity
  8
TEXT
100
AcDbText
 10
840.5030140817324
 20
457.0583798991398
 30
0.0
 40
7.5
  1
0
  7
CJK
 11
840.5030140817324
 21
457.0583798991398
 31
0.0
100
AcDbText
 73
2
  0
TEXT
  5
51B
330
17
100
AcDbEntity
  8
TEXT
100
AcDbText
 10
891.5030140817324
 20
457.0583798991398
 30
0.0
 40
7.5
  1
0
  7
CJK
 11
891.5030140817324
 21
457.0583798991398
 31
0.0
100
AcDbText
 73
2
  0
TEXT
  5
51C
330
17
100
AcDbEntity
  8
TEXT
100
AcDbText
 10
942.5030140817324
 20
457.0583798991398
 30
0.0
 40
7.5
  1
孔心 / R40 圆心
  7
CJK
 11
942.5030140817324
 21
457.0583798991398
 31
0.0
100
AcDbText
 73
2
  0
LINE
  5
51D
330
17
100
AcDbEntity
  8
THIN
100
AcDbLine
 10
809.9030140817324
 20
448.8083798991398
 30
0.0
 11
1070.9030140817324
 21
448.8083798991398
 31
0.0
  0
TEXT
  5
51E
330
17
100
AcDbEntity
  8
TEXT
100
AcDbText
 10
813.5030140817324
 20
440.5583798991398
 30
0.0
 40
7.5
  1
T1
  7
CJK
 11
813.5030140817324
 21
440.5583798991398
 31
0.0
100
AcDbText
 73
2
  0
TEXT
  5
51F
330
17
100
AcDbEntity
  8
TEXT
100
AcDbText
 10
840.5030140817324
 20
440.5583798991398
 30
0.0
 40
7.5
  1
37.7
  7
CJK
 11
840.5030140817324
 21
440.5583798991398
 31
0.0
100
AcDbText
 73
2
  0
TEXT
  5
520
330
17
100
AcDbEntity
  8
TEXT
100
AcDbText
 10
891.5030140817324
 20
440.5583798991398
 30
0.0
 40
7.5
  1
13.2
  7
CJK
 11
891.5030140817324
 21
440.5583798991398
 31
0.0
100
AcDbText
 73
2
  0
TEXT
  5
521
330
17
100
AcDbEntity
  8
TEXT
100
AcDbText
 10
942.5030140817324
 20
440.5583798991398
 30
0.0
 40
7.5
  1
R弧切点
  7
CJK
 11
942.5030140817324
 21
440.5583798991398
 31
0.0
100
AcDbText
 73
2
  0
LINE
  5
522
330
17
100
AcDbEntity
  8
THIN
100
AcDbLine
 10
809.9030140817324
 20
432.3083798991398
 30
0.0
 11
1070.9030140817324
 21
432.3083798991398
 31
0.0
  0
TEXT
  5
523
330
17
100
AcDbEntity
  8
TEXT
100
AcDbText
 10
813.5030140817324
 20
424.0583798991398
 30
0.0
 40
7.5
  1
T2
  7
CJK
 11
813.5030140817324
 21
424.0583798991398
 31
0.0
100
AcDbText
 73
2
  0
TEXT
  5
524
330
17
100
AcDbEntity
  8
TEXT
100
AcDbText
 10
840.5030140817324
 20
424.0583798991398
 30
0.0
 40
7.5
  1
-38.7
  7
CJK
 11
840.5030140817324
 21
424.0583798991398
 31
0.0
100
AcDbText
 73
2
  0
TEXT
  5
525
330
17
100
AcDbEntity
  8
TEXT
100
AcDbText
 10
891.5030140817324
 20
424.0583798991398
 30
0.0
 40
7.5
  1
10.1
  7
CJK
 11
891.5030140817324
 21
424.0583798991398
 31
0.0
100
AcDbText
 73
2
  0
TEXT
  5
526
330
17
100
AcDbEntity
  8
TEXT
100
AcDbText
 10
942.5030140817324
 20
424.0583798991398
 30
0.0
 40
7.5
  1
R弧切点
  7
CJK
 11
942.5030140817324
 21
424.0583798991398
 31
0.0
100
AcDbText
 73
2
  0
LINE
  5
527
330
17
100
AcDbEntity
  8
THIN
100
AcDbLine
 10
809.9030140817324
 20
415.8083798991398
 30
0.0
 11
1070.9030140817324
 21
415.8083798991398
 31
0.0
  0
TEXT
  5
528
330
17
100
AcDbEntity
  8
TEXT
100
AcDbText
 10
813.5030140817324
 20
407.5583798991398
 30
0.0
 40
7.5
  1
E1
  7
CJK
 11
813.5030140817324
 21
407.5583798991398
 31
0.0
100
AcDbText
 73
2
  0
TEXT
  5
529
330
17
100
AcDbEntity
  8
TEXT
100
AcDbText
 10
840.5030140817324
 20
407.5583798991398
 30
0.0
 40
7.5
  1
-60
  7
CJK
 11
840.5030140817324
 21
407.5583798991398
 31
0.0
100
AcDbText
 73
2
  0
TEXT
  5
52A
330
17
100
AcDbEntity
  8
TEXT
100
AcDbText
 10
891.5030140817324
 20
407.5583798991398
 30
0.0
 40
7.5
  1
-71.4
  7
CJK
 11
891.5030140817324
 21
407.5583798991398
 31
0.0
100
AcDbText
 73
2
  0
TEXT
  5
52B
330
17
100
AcDbEntity
  8
TEXT
100
AcDbText
 10
942.5030140817324
 20
407.5583798991398
 30
0.0
 40
7.5
  1
底边端点
  7
CJK
 11
942.5030140817324
 21
407.5583798991398
 31
0.0
100
AcDbText
 73
2
  0
LINE
  5
52C
330
17
100
AcDbEntity
  8
THIN
100
AcDbLine
 10
809.9030140817324
 20
399.3083798991398
 30
0.0
 11
1070.9030140817324
 21
399.3083798991398
 31
0.0
  0
TEXT
  5
52D
330
17
100
AcDbEntity
  8
TEXT
100
AcDbText
 10
813.5030140817324
 20
391.0583798991398
 30
0.0
 40
7.5
  1
E2
  7
CJK
 11
813.5030140817324
 21
391.0583798991398
 31
0.0
100
AcDbText
 73
2
  0
TEXT
  5
52E
330
17
100
AcDbEntity
  8
TEXT
100
AcDbText
 10
840.5030140817324
 20
391.0583798991398
 30
0.0
 40
7.5
  1
70
  7
CJK
 11
840.5030140817324
 21
391.0583798991398
 31
0.0
100
AcDbText
 73
2
  0
TEXT
  5
52F
330
17
100
AcDbEntity
  8
TEXT
100
AcDbText
 10
891.5030140817324
 20
391.0583798991398
 30
0.0
 40
7.5
  1
-78.7
  7
CJK
 11
891.5030140817324
 21
391.0583798991398
 31
0.0
100
AcDbText
 73
2
  0
TEXT
  5
530
330
17
100
AcDbEntity
  8
TEXT
100
AcDbText
 10
942.5030140817324
 20
391.0583798991398
 30
0.0
 40
7.5
  1
底边端点
  7
CJK
 11
942.5030140817324
 21
391.0583798991398
 31
0.0
100
AcDbText
 73
2
  0
LINE
  5
531
330
17
100
AcDbEntity
  8
THIN
100
AcDbLine
 10
809.9030140817324
 20
382.8083798991398
 30
0.0
 11
1070.9030140817324
 21
382.8083798991398
 31
0.0
  0
LINE
  5
532
330
17
100
AcDbEntity
  8
THIN
100
AcDbLine
 10
809.9030140817324
 20
481.8083798991398
 30
0.0
 11
809.9030140817324
 21
382.8083798991398
 31
0.0
  0
LINE
  5
533
330
17
100
AcDbEntity
  8
THIN
100
AcDbLine
 10
836.9030140817324
 20
481.8083798991398
 30
0.0
 11
836.9030140817324
 21
382.8083798991398
 31
0.0
  0
LINE
  5
534
330
17
100
AcDbEntity
  8
THIN
100
AcDbLine
 10
887.9030140817324
 20
481.8083798991398
 30
0.0
 11
887.9030140817324
 21
382.8083798991398
 31
0.0
  0
LINE
  5
535
330
17
100
AcDbEntity
  8
THIN
100
AcDbLine
 10
938.9030140817324
 20
481.8083798991398
 30
0.0
 11
938.9030140817324
 21
382.8083798991398
 31
0.0
  0
LINE
  5
536
330
17
100
AcDbEntity
  8
THIN
100
AcDbLine
 10
1070.9030140817324
 20
481.8083798991398
 30
0.0
 11
1070.9030140817324
 21
382.8083798991398
 31
0.0
  0
LWPOLYLINE
  5
537
330
17
100
AcDbEntity
  8
OUTLINE
100
AcDbPolyline
 90
2
 70
1
 10
1140.7380666976142
 20
468.4083798991398
 42
1.0
 10
1210.7380666976142
 20
468.4083798991398
 42
1.0
  0
CIRCLE
  5
538
330
17
100
AcDbEntity
  8
OUTLINE
100
AcDbCircle
 10
1175.7380666976142
 20
468.4083798991398
 30
0.0
 40
14.0
  0
LINE
  5
539
330
17
100
AcDbEntity
  8
CENTER
100
AcDbLine
 10
1152.7380666976142
 20
468.4083798991398
 30
0.0
 11
1198.7380666976142
 21
468.4083798991398
 31
0.0
  0
LINE
  5
53A
330
17
100
AcDbEntity
  8
CENTER
100
AcDbLine
 10
1175.7380666976142
 20
445.4083798991398
 30
0.0
 11
1175.7380666976142
 21
491.4083798991398
 31
0.0
  0
DIMENSION
  5
53B
330
17
100
AcDbEntity
  8
DIM
100
AcDbDimension
280
0
  2
*D57
  3
GB
 10
1206.0489558300694
 20
485.9083798991398
 30
0.0
 11
1124.035740275118
 21
445.65943613241404
 31
0.0
 70
35
 71
5
  1
<>
100
AcDbDiametricDimension
 15
1145.427177565159
 25
450.9083798991398
 35
0.0
1001
ACAD
1000
DSTYLE
1002
{
1070
172
1070
1
1002
}
  0
DIMENSION
  5
548
330
17
100
AcDbEntity
  8
DIM
100
AcDbDimension
280
0
  2
*D58
  3
GB
 10
1161.7380666976142
 20
406.4083798991398
 30
0.0
 11
1175.7380666976142
 21
417.05837989913977
 31
0.0
 70
32
 71
5
  1
Ø28 随侧板镗Ø30H9
100
AcDbAlignedDimension
 13
1161.7380666976142
 23
468.4083798991398
 33
0.0
 14
1189.7380666976142
 24
468.4083798991398
 34
0.0
 50
0.0
100
AcDbRotatedDimension
  0
TEXT
  5
557
330
17
100
AcDbEntity
  8
TEXT
100
AcDbText
 10
1140.7380666976142
 20
539.4083798991398
 30
0.0
 40
10.5
  1
A6 B处加强环  t10 ×2  Q355B  0.25kg/件
  7
CJK
 11
1140.7380666976142
 21
539.4083798991398
 31
0.0
100
AcDbText
 73
1
  0
LWPOLYLINE
  5
558
330
17
100
AcDbEntity
  8
OUTLINE
100
AcDbPolyline
 90
4
 70
1
 10
1561.2726820822297
 20
481.8083798991398
 42
0.9999999999999999
 10
1561.2726820822297
 20
411.8083798991398
 10
1791.2726820822297
 20
411.8083798991398
 42
0.9999999999999999
 10
1791.2726820822297
 20
481.8083798991398
  0
CIRCLE
  5
559
330
17
100
AcDbEntity
  8
OUTLINE
100
AcDbCircle
 10
1561.2726820822297
 20
446.8083798991398
 30
0.0
 40
14.0
  0
LINE
  5
55A
330
17
100
AcDbEntity
  8
CENTER
100
AcDbLine
 10
1538.2726820822297
 20
446.8083798991398
 30
0.0
 11
1584.2726820822297
 21
446.8083798991398
 31
0.0
  0
LINE
  5
55B
330
17
100
AcDbEntity
  8
CENTER
100
AcDbLine
 10
1561.2726820822297
 20
423.8083798991398
 30
0.0
 11
1561.2726820822297
 21
469.8083798991398
 31
0.0
  0
CIRCLE
  5
55C
330
17
100
AcDbEntity
  8
OUTLINE
100
AcDbCircle
 10
1791.2726820822297
 20
446.8083798991398
 30
0.0
 40
14.0
  0
LINE
  5
55D
330
17
100
AcDbEntity
  8
CENTER
100
AcDbLine
 10
1768.2726820822297
 20
446.8083798991398
 30
0.0
 11
1814.2726820822297
 21
446.8083798991398
 31
0.0
  0
LINE
  5
55E
330
17
100
AcDbEntity
  8
CENTER
100
AcDbLine
 10
1791.2726820822297
 20
423.8083798991398
 30
0.0
 11
1791.2726820822297
 21
469.8083798991398
 31
0.0
  0
DIMENSION
  5
55F
330
17
100
AcDbEntity
  8
DIM
100
AcDbDimension
280
0
  2
*D59
  3
GB
 10
1526.2726820822297
 20
384.8083798991398
 30
0.0
 11
1543.7726820822297
 21
390.9583798991398
 31
0.0
 70
32
 71
5
  1
<>
100
AcDbAlignedDimension
 13
1526.2726820822297
 23
411.8083798991398
 33
0.0
 14
1561.2726820822297
 24
446.8083798991398
 34
0.0
 50
0.0
100
AcDbRotatedDimension
  0
DIMENSION
  5
56E
330
17
100
AcDbEntity
  8
DIM
100
AcDbDimension
280
0
  2
*D60
  3
GB
 10
1561.2726820822297
 20
384.8083798991398
 30
0.0
 11
1676.2726820822297
 21
390.9583798991398
 31
0.0
 70
32
 71
5
  1
<>
100
AcDbAlignedDimension
 13
1561.2726820822297
 23
446.8083798991398
 33
0.0
 14
1791.2726820822297
 24
446.8083798991398
 34
0.0
 50
0.0
100
AcDbRotatedDimension
  0
DIMENSION
  5
57D
330
17
100
AcDbEntity
  8
DIM
100
AcDbDimension
280
0
  2
*D61
  3
GB
 10
1791.2726820822297
 20
384.8083798991398
 30
0.0
 11
1808.7726820822297
 21
390.9583798991398
 31
0.0
 70
32
 71
5
  1
<>
100
AcDbAlignedDimension
 13
1791.2726820822297
 23
446.8083798991398
 33
0.0
 14
1826.2726820822297
 24
411.8083798991398
 34
0.0
 50
0.0
100
AcDbRotatedDimension
  0
DIMENSION
  5
58C
330
17
100
AcDbEntity
  8
DIM
100
AcDbDimension
280
0
  2
*D62
  3
GB
 10
1526.2726820822297
 20
363.8083798991398
 30
0.0
 11
1676.2726820822297
 21
369.9583798991398
 31
0.0
 70
32
 71
5
  1
<>
100
AcDbAlignedDimension
 13
1526.2726820822297
 23
411.8083798991398
 33
0.0
 14
1826.2726820822297
 24
411.8083798991398
 34
0.0
 50
0.0
100
AcDbRotatedDimension
  0
DIMENSION
  5
59B
330
17
100
AcDbEntity
  8
DIM
100
AcDbDimension
280
0
  2
*D63
  3
GB
 10
1499.2726820822297
 20
411.8083798991398
 30
0.0
 11
1493.1226820822296
 21
429.3083798991398
 31
0.0
 70
32
 71
5
  1
<>
100
AcDbAlignedDimension
 13
1526.2726820822297
 23
411.8083798991398
 33
0.0
 14
1561.2726820822297
 24
446.8083798991398
 34
0.0
 50
90.0
100
AcDbRotatedDimension
  0
DIMENSION
  5
5AA
330
17
100
AcDbEntity
  8
DIM
100
AcDbDimension
280
0
  2
*D64
  3
GB
 10
1499.2726820822297
 20
446.8083798991398
 30
0.0
 11
1493.1226820822296
 21
464.3083798991398
 31
0.0
 70
32
 71
5
  1
<>
100
AcDbAlignedDimension
 13
1561.2726820822297
 23
446.8083798991398
 33
0.0
 14
1526.2726820822297
 24
481.8083798991398
 34
0.0
 50
90.0
100
AcDbRotatedDimension
  0
DIMENSION
  5
5B9
330
17
100
AcDbEntity
  8
DIM
100
AcDbDimension
280
0
  2
*D65
  3
GB
 10
1478.2726820822297
 20
411.8083798991398
 30
0.0
 11
1472.1226820822296
 21
446.8083798991398
 31
0.0
 70
32
 71
5
  1
<>
100
AcDbAlignedDimension
 13
1526.2726820822297
 23
411.8083798991398
 33
0.0
 14
1526.2726820822297
 24
481.8083798991398
 34
0.0
 50
90.0
100
AcDbRotatedDimension
  0
TEXT
  5
5C8
330
17
100
AcDbEntity
  8
DIM
100
AcDbText
 10
1582.7726820822297
 20
446.8083798991398
 30
0.0
 40
7.5
  1
2×Ø28 铰Ø30H9
  7
CJK
 11
1582.7726820822297
 21
446.8083798991398
 31
0.0
100
AcDbText
 73
2
  0
DIMENSION
  5
5C9
330
17
100
AcDbEntity
  8
DIM
100
AcDbDimension
280
0
  2
*D66
  3
GB
 10
1561.2726820822297
 20
446.8083798991398
 30
0.0
 11
1520.5487551013055
 21
504.9681750436582
 31
0.0
 70
164
 71
5
  1
<>
100
AcDbRadialDimension
 15
1541.1975068099432
 25
475.4787014492545
 35
0.0
  0
DIMENSION
  5
5D4
330
17
100
AcDbEntity
  8
DIM
100
AcDbDimension
280
0
  2
*D67
  3
GB
 10
1791.2726820822297
 20
446.8083798991398
 30
0.0
 11
1862.2726820822297
 21
446.8083798991398
 31
0.0
 70
164
 71
5
  1
<>
100
AcDbRadialDimension
 15
1826.2726820822297
 25
446.8083798991398
 35
0.0
  0
TEXT
  5
5DF
330
17
100
AcDbEntity
  8
TEXT
100
AcDbText
 10
1526.2726820822297
 20
523.8083798991398
 30
0.0
 40
7.5
  1
装于斗杆外侧，内距 97
  7
CJK
 11
1526.2726820822297
 21
523.8083798991398
 31
0.0
100
AcDbText
 73
1
  0
TEXT
  5
5E0
330
17
100
AcDbEntity
  8
TEXT
100
AcDbText
 10
1526.2726820822297
 20
539.4083798991398
 30
0.0
 40
10.5
  1
L1 斗杆连杆  t10 ×2  Q355B  1.47kg/件
  7
CJK
 11
1526.2726820822297
 21
539.4083798991398
 31
0.0
100
AcDbText
 73
1
  0
LWPOLYLINE
  5
5E1
330
17
100
AcDbEntity
  8
OUTLINE
100
AcDbPolyline
 90
4
 70
1
 10
2009.3308017403494
 20
481.8083798991398
 42
0.9999999999999999
 10
2009.3308017403494
 20
411.8083798991398
 10
2219.3308017403497
 20
411.8083798991398
 42
0.9999999999999999
 10
2219.3308017403497
 20
481.8083798991398
  0
CIRCLE
  5
5E2
330
17
100
AcDbEntity
  8
OUTLINE
100
AcDbCircle
 10
2009.3308017403494
 20
446.8083798991398
 30
0.0
 40
14.0
  0
LINE
  5
5E3
330
17
100
AcDbEntity
  8
CENTER
100
AcDbLine
 10
1986.3308017403494
 20
446.8083798991398
 30
0.0
 11
2032.3308017403494
 21
446.8083798991398
 31
0.0
  0
LINE
  5
5E4
330
17
100
AcDbEntity
  8
CENTER
100
AcDbLine
 10
2009.3308017403494
 20
423.8083798991398
 30
0.0
 11
2009.3308017403494
 21
469.8083798991398
 31
0.0
  0
CIRCLE
  5
5E5
330
17
100
AcDbEntity
  8
OUTLINE
100
AcDbCircle
 10
2219.3308017403497
 20
446.8083798991398
 30
0.0
 40
14.0
  0
LINE
  5
5E6
330
17
100
AcDbEntity
  8
CENTER
100
AcDbLine
 10
2196.3308017403497
 20
446.8083798991398
 30
0.0
 11
2242.3308017403497
 21
446.8083798991398
 31
0.0
  0
LINE
  5
5E7
330
17
100
AcDbEntity
  8
CENTER
100
AcDbLine
 10
2219.3308017403497
 20
423.8083798991398
 30
0.0
 11
2219.3308017403497
 21
469.8083798991398
 31
0.0
  0
DIMENSION
  5
5E8
330
17
100
AcDbEntity
  8
DIM
100
AcDbDimension
280
0
  2
*D68
  3
GB
 10
1974.3308017403494
 20
384.8083798991398
 30
0.0
 11
1991.8308017403494
 21
390.9583798991398
 31
0.0
 70
32
 71
5
  1
<>
100
AcDbAlignedDimension
 13
1974.3308017403494
 23
411.8083798991398
 33
0.0
 14
2009.3308017403494
 24
446.8083798991398
 34
0.0
 50
0.0
100
AcDbRotatedDimension
  0
DIMENSION
  5
5F7
330
17
100
AcDbEntity
  8
DIM
100
AcDbDimension
280
0
  2
*D69
  3
GB
 10
2009.3308017403494
 20
384.8083798991398
 30
0.0
 11
2114.3308017403497
 21
390.9583798991398
 31
0.0
 70
32
 71
5
  1
<>
100
AcDbAlignedDimension
 13
2009.3308017403494
 23
446.8083798991398
 33
0.0
 14
2219.3308017403497
 24
446.8083798991398
 34
0.0
 50
0.0
100
AcDbRotatedDimension
  0
DIMENSION
  5
606
330
17
100
AcDbEntity
  8
DIM
100
AcDbDimension
280
0
  2
*D70
  3
GB
 10
2219.3308017403497
 20
384.8083798991398
 30
0.0
 11
2236.8308017403497
 21
390.9583798991398
 31
0.0
 70
32
 71
5
  1
<>
100
AcDbAlignedDimension
 13
2219.3308017403497
 23
446.8083798991398
 33
0.0
 14
2254.3308017403497
 24
411.8083798991398
 34
0.0
 50
0.0
100
AcDbRotatedDimension
  0
DIMENSION
  5
615
330
17
100
AcDbEntity
  8
DIM
100
AcDbDimension
280
0
  2
*D71
  3
GB
 10
1974.3308017403494
 20
363.8083798991398
 30
0.0
 11
2114.3308017403497
 21
369.9583798991398
 31
0.0
 70
32
 71
5
  1
<>
100
AcDbAlignedDimension
 13
1974.3308017403494
 23
411.8083798991398
 33
0.0
 14
2254.3308017403497
 24
411.8083798991398
 34
0.0
 50
0.0
100
AcDbRotatedDimension
  0
DIMENSION
  5
624
330
17
100
AcDbEntity
  8
DIM
100
AcDbDimension
280
0
  2
*D72
  3
GB
 10
1947.3308017403494
 20
411.8083798991398
 30
0.0
 11
1941.1808017403494
 21
429.3083798991398
 31
0.0
 70
32
 71
5
  1
<>
100
AcDbAlignedDimension
 13
1974.3308017403494
 23
411.8083798991398
 33
0.0
 14
2009.3308017403494
 24
446.8083798991398
 34
0.0
 50
90.0
100
AcDbRotatedDimension
  0
DIMENSION
  5
633
330
17
100
AcDbEntity
  8
DIM
100
AcDbDimension
280
0
  2
*D73
  3
GB
 10
1947.3308017403494
 20
446.8083798991398
 30
0.0
 11
1941.1808017403494
 21
464.3083798991398
 31
0.0
 70
32
 71
5
  1
<>
100
AcDbAlignedDimension
 13
2009.3308017403494
 23
446.8083798991398
 33
0.0
 14
1974.3308017403494
 24
481.8083798991398
 34
0.0
 50
90.0
100
AcDbRotatedDimension
  0
DIMENSION
  5
642
330
17
100
AcDbEntity
  8
DIM
100
AcDbDimension
280
0
  2
*D74
  3
GB
 10
1926.3308017403494
 20
411.8083798991398
 30
0.0
 11
1920.1808017403494
 21
446.8083798991398
 31
0.0
 70
32
 71
5
  1
<>
100
AcDbAlignedDimension
 13
1974.3308017403494
 23
411.8083798991398
 33
0.0
 14
1974.3308017403494
 24
481.8083798991398
 34
0.0
 50
90.0
100
AcDbRotatedDimension
  0
TEXT
  5
651
330
17
100
AcDbEntity
  8
DIM
100
AcDbText
 10
2030.8308017403494
 20
446.8083798991398
 30
0.0
 40
7.5
  1
2×Ø28 铰Ø30H9
  7
CJK
 11
2030.8308017403494
 21
446.8083798991398
 31
0.0
100
AcDbText
 73
2
  0
DIMENSION
  5
652
330
17
100
AcDbEntity
  8
DIM
100
AcDbDimension
280
0
  2
*D75
  3
GB
 10
2009.3308017403494
 20
446.8083798991398
 30
0.0
 11
1968.6068747594252
 21
504.9681750436582
 31
0.0
 70
164
 71
5
  1
<>
100
AcDbRadialDimension
 15
1989.255626468063
 25
475.4787014492545
 35
0.0
  0
DIMENSION
  5
65D
330
17
100
AcDbEntity
  8
DIM
100
AcDbDimension
280
0
  2
*D76
  3
GB
 10
2219.3308017403497
 20
446.8083798991398
 30
0.0
 11
2290.3308017403497
 21
446.8083798991398
 31
0.0
 70
164
 71
5
  1
<>
100
AcDbRadialDimension
 15
2254.3308017403497
 25
446.8083798991398
 35
0.0
  0
TEXT
  5
668
330
17
100
AcDbEntity
  8
TEXT
100
AcDbText
 10
1974.3308017403494
 20
523.8083798991398
 30
0.0
 40
7.5
  1
装于斗耳之间，外宽 95
  7
CJK
 11
1974.3308017403494
 21
523.8083798991398
 31
0.0
100
AcDbText
 73
1
  0
TEXT
  5
669
330
17
100
AcDbEntity
  8
TEXT
100
AcDbText
 10
1974.3308017403494
 20
539.4083798991398
 30
0.0
 40
10.5
  1
L2 铲斗连杆  t10 ×2  Q355B  1.36kg/件
  7
CJK
 11
1974.3308017403494
 21
539.4083798991398
 31
0.0
100
AcDbText
 73
1
  0
LINE
  5
66A
330
17
100
AcDbEntity
  8
THIN
100
AcDbLine
 10
1953.0
 20
150.0
 30
0.0
 11
2493.0
 21
150.0
 31
0.0
  0
TEXT
  5
66B
330
17
100
AcDbEntity
  8
TEXT
100
AcDbText
 10
1957.5
 20
138.0
 30
0.0
 40
9.0
  1
图名
  7
CJK
 11
1957.5
 21
138.0
 31
0.0
100
AcDbText
 73
2
  0
TEXT
  5
66C
330
17
100
AcDbEntity
  8
TEXT
100
AcDbText
 10
2032.5
 20
138.0
 30
0.0
 40
10.5
  1
斗杆焊接总成 + 连杆
  7
CJK
 11
2032.5
 21
138.0
 31
0.0
100
AcDbText
 73
2
  0
TEXT
  5
66D
330
17
100
AcDbEntity
  8
TEXT
100
AcDbText
 10
2197.5
 20
138.0
 30
0.0
 40
9.0
  1
图号
  7
CJK
 11
2197.5
 21
138.0
 31
0.0
100
AcDbText
 73
2
  0
TEXT
  5
66E
330
17
100
AcDbEntity
  8
TEXT
100
AcDbText
 10
2272.5
 20
138.0
 30
0.0
 40
10.5
  1
U17C-02
  7
CJK
 11
2272.5
 21
138.0
 31
0.0
100
AcDbText
 73
2
  0
LINE
  5
66F
330
17
100
AcDbEntity
  8
THIN
100
AcDbLine
 10
1953.0
 20
126.0
 30
0.0
 11
2493.0
 21
126.0
 31
0.0
  0
TEXT
  5
670
330
17
100
AcDbEntity
  8
TEXT
100
AcDbText
 10
1957.5
 20
114.0
 30
0.0
 40
9.0
  1
材料
  7
CJK
 11
1957.5
 21
114.0
 31
0.0
100
AcDbText
 73
2
  0
TEXT
  5
671
330
17
100
AcDbEntity
  8
TEXT
100
AcDbText
 10
2032.5
 20
114.0
 30
0.0
 40
10.5
  1
Q355B（刃板 NM400）
  7
CJK
 11
2032.5
 21
114.0
 31
0.0
100
AcDbText
 73
2
  0
TEXT
  5
672
330
17
100
AcDbEntity
  8
TEXT
100
AcDbText
 10
2197.5
 20
114.0
 30
0.0
 40
9.0
  1
比例
  7
CJK
 11
2197.5
 21
114.0
 31
0.0
100
AcDbText
 73
2
  0
TEXT
  5
673
330
17
100
AcDbEntity
  8
TEXT
100
AcDbText
 10
2272.5
 20
114.0
 30
0.0
 40
10.5
  1
1:3
  7
CJK
 11
2272.5
 21
114.0
 31
0.0
100
AcDbText
 73
2
  0
LINE
  5
674
330
17
100
AcDbEntity
  8
THIN
100
AcDbLine
 10
1953.0
 20
102.0
 30
0.0
 11
2493.0
 21
102.0
 31
0.0
  0
TEXT
  5
675
330
17
100
AcDbEntity
  8
TEXT
100
AcDbText
 10
1957.5
 20
90.0
 30
0.0
 40
9.0
  1
焊接件重
  7
CJK
 11
1957.5
 21
90.0
 31
0.0
100
AcDbText
 73
2
  0
TEXT
  5
676
330
17
100
AcDbEntity
  8
TEXT
100
AcDbText
 10
2032.5
 20
90.0
 30
0.0
 40
10.5
  1
43.6 kg（不含外购件）
  7
CJK
 11
2032.5
 21
90.0
 31
0.0
100
AcDbText
 73
2
  0
TEXT
  5
677
330
17
100
AcDbEntity
  8
TEXT
100
AcDbText
 10
2197.5
 20
90.0
 30
0.0
 40
9.0
  1
图幅
  7
CJK
 11
2197.5
 21
90.0
 31
0.0
100
AcDbText
 73
2
  0
TEXT
  5
678
330
17
100
AcDbEntity
  8
TEXT
100
AcDbText
 10
2272.5
 20
90.0
 30
0.0
 40
10.5
  1
A1
  7
CJK
 11
2272.5
 21
90.0
 31
0.0
100
AcDbText
 73
2
  0
LINE
  5
679
330
17
100
AcDbEntity
  8
THIN
100
AcDbLine
 10
1953.0
 20
78.0
 30
0.0
 11
2493.0
 21
78.0
 31
0.0
  0
TEXT
  5
67A
330
17
100
AcDbEntity
  8
TEXT
100
AcDbText
 10
1957.5
 20
66.0
 30
0.0
 40
9.0
  1
设计
  7
CJK
 11
1957.5
 21
66.0
 31
0.0
100
AcDbText
 73
2
  0
TEXT
  5
67B
330
17
100
AcDbEntity
  8
TEXT
100
AcDbText
 10
2032.5
 20
66.0
 30
0.0
 40
10.5
  1
Claude 自主设计
  7
CJK
 11
2032.5
 21
66.0
 31
0.0
100
AcDbText
 73
2
  0
TEXT
  5
67C
330
17
100
AcDbEntity
  8
TEXT
100
AcDbText
 10
2197.5
 20
66.0
 30
0.0
 40
9.0
  1
日期
  7
CJK
 11
2197.5
 21
66.0
 31
0.0
100
AcDbText
 73
2
  0
TEXT
  5
67D
330
17
100
AcDbEntity
  8
TEXT
100
AcDbText
 10
2272.5
 20
66.0
 30
0.0
 40
10.5
  1
2026-09-24
  7
CJK
 11
2272.5
 21
66.0
 31
0.0
100
AcDbText
 73
2
  0
LINE
  5
67E
330
17
100
AcDbEntity
  8
THIN
100
AcDbLine
 10
1953.0
 20
54.0
 30
0.0
 11
2493.0
 21
54.0
 31
0.0
  0
TEXT
  5
67F
330
17
100
AcDbEntity
  8
TEXT
100
AcDbText
 10
1957.5
 20
42.0
 30
0.0
 40
9.0
  1
投影
  7
CJK
 11
1957.5
 21
42.0
 31
0.0
100
AcDbText
 73
2
  0
TEXT
  5
680
330
17
100
AcDbEntity
  8
TEXT
100
AcDbText
 10
2032.5
 20
42.0
 30
0.0
 40
10.5
  1
第一角画法
  7
CJK
 11
2032.5
 21
42.0
 31
0.0
100
AcDbText
 73
2
  0
TEXT
  5
681
330
17
100
AcDbEntity
  8
TEXT
100
AcDbText
 10
2197.5
 20
42.0
 30
0.0
 40
9.0
  1
张次
  7
CJK
 11
2197.5
 21
42.0
 31
0.0
100
AcDbText
 73
2
  0
TEXT
  5
682
330
17
100
AcDbEntity
  8
TEXT
100
AcDbText
 10
2272.5
 20
42.0
 30
0.0
 40
10.5
  1
第 2 张 共 3 张
  7
CJK
 11
2272.5
 21
42.0
 31
0.0
100
AcDbText
 73
2
  0
LINE
  5
683
330
17
100
AcDbEntity
  8
THIN
100
AcDbLine
 10
1953.0
 20
150.0
 30
0.0
 11
1953.0
 21
30.0
 31
0.0
  0
LINE
  5
684
330
17
100
AcDbEntity
  8
THIN
100
AcDbLine
 10
2028.0
 20
150.0
 30
0.0
 11
2028.0
 21
30.0
 31
0.0
  0
LINE
  5
685
330
17
100
AcDbEntity
  8
THIN
100
AcDbLine
 10
2193.0
 20
150.0
 30
0.0
 11
2193.0
 21
30.0
 31
0.0
  0
LINE
  5
686
330
17
100
AcDbEntity
  8
THIN
100
AcDbLine
 10
2268.0
 20
150.0
 30
0.0
 11
2268.0
 21
30.0
 31
0.0
  0
LINE
  5
687
330
17
100
AcDbEntity
  8
THIN
100
AcDbLine
 10
2493.0
 20
150.0
 30
0.0
 11
2493.0
 21
30.0
 31
0.0
  0
LWPOLYLINE
  5
688
330
17
100
AcDbEntity
  8
FRAME
100
AcDbPolyline
 90
4
 70
1
 10
1953.0
 20
30.0
 10
2493.0
 20
30.0
 10
2493.0
 20
150.0
 10
1953.0
 20
150.0
  0
LINE
  5
689
330
17
100
AcDbEntity
  8
THIN
100
AcDbLine
 10
1401.0
 20
244.5
 30
0.0
 11
1935.0
 21
244.5
 31
0.0
  0
TEXT
  5
68A
330
17
100
AcDbEntity
  8
TEXT
100
AcDbText
 10
1404.0
 20
234.75
 30
0.0
 40
7.5
  1
10
  7
CJK
 11
1404.0
 21
234.75
 31
0.0
100
AcDbText
 73
2
  0
TEXT
  5
68B
330
17
100
AcDbEntity
  8
TEXT
100
AcDbText
 10
1431.0
 20
234.75
 30
0.0
 40
7.5
  1
AT2
  7
CJK
 11
1431.0
 21
234.75
 31
0.0
100
AcDbText
 73
2
  0
TEXT
  5
68C
330
17
100
AcDbEntity
  8
TEXT
100
AcDbText
 10
1467.0
 20
234.75
 30
0.0
 40
7.5
  1
轴套D/E Ø50×95
  7
CJK
 11
1467.0
 21
234.75
 31
0.0
100
AcDbText
 73
2
  0
TEXT
  5
68D
330
17
100
AcDbEntity
  8
TEXT
100
AcDbText
 10
1575.0
 20
234.75
 30
0.0
 40
7.5
  1
2
  7
CJK
 11
1575.0
 21
234.75
 31
0.0
100
AcDbText
 73
2
  0
TEXT
  5
68E
330
17
100
AcDbEntity
  8
TEXT
100
AcDbText
 10
1602.0
 20
234.75
 30
0.0
 40
7.5
  1
45#无缝管
  7
CJK
 11
1602.0
 21
234.75
 31
0.0
100
AcDbText
 73
2
  0
TEXT
  5
68F
330
17
100
AcDbEntity
  8
TEXT
100
AcDbText
 10
1680.0
 20
234.75
 30
0.0
 40
7.5
  1
OD50 L95
  7
CJK
 11
1680.0
 21
234.75
 31
0.0
100
AcDbText
 73
2
  0
TEXT
  5
690
330
17
100
AcDbEntity
  8
TEXT
100
AcDbText
 10
1740.0
 20
234.75
 30
0.0
 40
7.5
  1
0.94
  7
CJK
 11
1740.0
 21
234.75
 31
0.0
100
AcDbText
 73
2
  0
TEXT
  5
691
330
17
100
AcDbEntity
  8
TEXT
100
AcDbText
 10
1785.0
 20
234.75
 30
0.0
 40
7.5
  1
1.87
  7
CJK
 11
1785.0
 21
234.75
 31
0.0
100
AcDbText
 73
2
  0
TEXT
  5
692
330
17
100
AcDbEntity
  8
TEXT
100
AcDbText
 10
1830.0
 20
234.75
 30
0.0
 40
7.5
  1
焊后镗Ø30H8
  7
CJK
 11
1830.0
 21
234.75
 31
0.0
100
AcDbText
 73
2
  0
LINE
  5
693
330
17
100
AcDbEntity
  8
THIN
100
AcDbLine
 10
1401.0
 20
225.0
 30
0.0
 11
1935.0
 21
225.0
 31
0.0
  0
TEXT
  5
694
330
17
100
AcDbEntity
  8
TEXT
100
AcDbText
 10
1404.0
 20
215.25
 30
0.0
 40
7.5
  1
9
  7
CJK
 11
1404.0
 21
215.25
 31
0.0
100
AcDbText
 73
2
  0
TEXT
  5
695
330
17
100
AcDbEntity
  8
TEXT
100
AcDbText
 10
1431.0
 20
215.25
 30
0.0
 40
7.5
  1
AT1
  7
CJK
 11
1431.0
 21
215.25
 31
0.0
100
AcDbText
 73
2
  0
TEXT
  5
696
330
17
100
AcDbEntity
  8
TEXT
100
AcDbText
 10
1467.0
 20
215.25
 30
0.0
 40
7.5
  1
轴套A Ø60×95
  7
CJK
 11
1467.0
 21
215.25
 31
0.0
100
AcDbText
 73
2
  0
TEXT
  5
697
330
17
100
AcDbEntity
  8
TEXT
100
AcDbText
 10
1575.0
 20
215.25
 30
0.0
 40
7.5
  1
1
  7
CJK
 11
1575.0
 21
215.25
 31
0.0
100
AcDbText
 73
2
  0
TEXT
  5
698
330
17
100
AcDbEntity
  8
TEXT
100
AcDbText
 10
1602.0
 20
215.25
 30
0.0
 40
7.5
  1
45#无缝管
  7
CJK
 11
1602.0
 21
215.25
 31
0.0
100
AcDbText
 73
2
  0
TEXT
  5
699
330
17
100
AcDbEntity
  8
TEXT
100
AcDbText
 10
1680.0
 20
215.25
 30
0.0
 40
7.5
  1
OD60 L95
  7
CJK
 11
1680.0
 21
215.25
 31
0.0
100
AcDbText
 73
2
  0
TEXT
  5
69A
330
17
100
AcDbEntity
  8
TEXT
100
AcDbText
 10
1740.0
 20
215.25
 30
0.0
 40
7.5
  1
1.39
  7
CJK
 11
1740.0
 21
215.25
 31
0.0
100
AcDbText
 73
2
  0
TEXT
  5
69B
330
17
100
AcDbEntity
  8
TEXT
100
AcDbText
 10
1785.0
 20
215.25
 30
0.0
 40
7.5
  1
1.39
  7
CJK
 11
1785.0
 21
215.25
 31
0.0
100
AcDbText
 73
2
  0
TEXT
  5
69C
330
17
100
AcDbEntity
  8
TEXT
100
AcDbText
 10
1830.0
 20
215.25
 30
0.0
 40
7.5
  1
焊后镗Ø35H8
  7
CJK
 11
1830.0
 21
215.25
 31
0.0
100
AcDbText
 73
2
  0
LINE
  5
69D
330
17
100
AcDbEntity
  8
THIN
100
AcDbLine
 10
1401.0
 20
205.5
 30
0.0
 11
1935.0
 21
205.5
 31
0.0
  0
TEXT
  5
69E
330
17
100
AcDbEntity
  8
TEXT
100
AcDbText
 10
1404.0
 20
195.75
 30
0.0
 40
7.5
  1
8
  7
CJK
 11
1404.0
 21
195.75
 31
0.0
100
AcDbText
 73
2
  0
TEXT
  5
69F
330
17
100
AcDbEntity
  8
TEXT
100
AcDbText
 10
1431.0
 20
195.75
 30
0.0
 40
7.5
  1
L2
  7
CJK
 11
1431.0
 21
195.75
 31
0.0
100
AcDbText
 73
2
  0
TEXT
  5
6A0
330
17
100
AcDbEntity
  8
TEXT
100
AcDbText
 10
1467.0
 20
195.75
 30
0.0
 40
7.5
  1
铲斗连杆
  7
CJK
 11
1467.0
 21
195.75
 31
0.0
100
AcDbText
 73
2
  0
TEXT
  5
6A1
330
17
100
AcDbEntity
  8
TEXT
100
AcDbText
 10
1575.0
 20
195.75
 30
0.0
 40
7.5
  1
2
  7
CJK
 11
1575.0
 21
195.75
 31
0.0
100
AcDbText
 73
2
  0
TEXT
  5
6A2
330
17
100
AcDbEntity
  8
TEXT
100
AcDbText
 10
1602.0
 20
195.75
 30
0.0
 40
7.5
  1
Q355B
  7
CJK
 11
1602.0
 21
195.75
 31
0.0
100
AcDbText
 73
2
  0
TEXT
  5
6A3
330
17
100
AcDbEntity
  8
TEXT
100
AcDbText
 10
1680.0
 20
195.75
 30
0.0
 40
7.5
  1
t10
  7
CJK
 11
1680.0
 21
195.75
 31
0.0
100
AcDbText
 73
2
  0
TEXT
  5
6A4
330
17
100
AcDbEntity
  8
TEXT
100
AcDbText
 10
1740.0
 20
195.75
 30
0.0
 40
7.5
  1
1.36
  7
CJK
 11
1740.0
 21
195.75
 31
0.0
100
AcDbText
 73
2
  0
TEXT
  5
6A5
330
17
100
AcDbEntity
  8
TEXT
100
AcDbText
 10
1785.0
 20
195.75
 30
0.0
 40
7.5
  1
2.72
  7
CJK
 11
1785.0
 21
195.75
 31
0.0
100
AcDbText
 73
2
  0
TEXT
  5
6A6
330
17
100
AcDbEntity
  8
TEXT
100
AcDbText
 10
1830.0
 20
195.75
 30
0.0
 40
7.5
  1
激光切割
  7
CJK
 11
1830.0
 21
195.75
 31
0.0
100
AcDbText
 73
2
  0
LINE
  5
6A7
330
17
100
AcDbEntity
  8
THIN
100
AcDbLine
 10
1401.0
 20
186.0
 30
0.0
 11
1935.0
 21
186.0
 31
0.0
  0
TEXT
  5
6A8
330
17
100
AcDbEntity
  8
TEXT
100
AcDbText
 10
1404.0
 20
176.25
 30
0.0
 40
7.5
  1
7
  7
CJK
 11
1404.0
 21
176.25
 31
0.0
100
AcDbText
 73
2
  0
TEXT
  5
6A9
330
17
100
AcDbEntity
  8
TEXT
100
AcDbText
 10
1431.0
 20
176.25
 30
0.0
 40
7.5
  1
L1
  7
CJK
 11
1431.0
 21
176.25
 31
0.0
100
AcDbText
 73
2
  0
TEXT
  5
6AA
330
17
100
AcDbEntity
  8
TEXT
100
AcDbText
 10
1467.0
 20
176.25
 30
0.0
 40
7.5
  1
斗杆连杆
  7
CJK
 11
1467.0
 21
176.25
 31
0.0
100
AcDbText
 73
2
  0
TEXT
  5
6AB
330
17
100
AcDbEntity
  8
TEXT
100
AcDbText
 10
1575.0
 20
176.25
 30
0.0
 40
7.5
  1
2
  7
CJK
 11
1575.0
 21
176.25
 31
0.0
100
AcDbText
 73
2
  0
TEXT
  5
6AC
330
17
100
AcDbEntity
  8
TEXT
100
AcDbText
 10
1602.0
 20
176.25
 30
0.0
 40
7.5
  1
Q355B
  7
CJK
 11
1602.0
 21
176.25
 31
0.0
100
AcDbText
 73
2
  0
TEXT
  5
6AD
330
17
100
AcDbEntity
  8
TEXT
100
AcDbText
 10
1680.0
 20
176.25
 30
0.0
 40
7.5
  1
t10
  7
CJK
 11
1680.0
 21
176.25
 31
0.0
100
AcDbText
 73
2
  0
TEXT
  5
6AE
330
17
100
AcDbEntity
  8
TEXT
100
AcDbText
 10
1740.0
 20
176.25
 30
0.0
 40
7.5
  1
1.47
  7
CJK
 11
1740.0
 21
176.25
 31
0.0
100
AcDbText
 73
2
  0
TEXT
  5
6AF
330
17
100
AcDbEntity
  8
TEXT
100
AcDbText
 10
1785.0
 20
176.25
 30
0.0
 40
7.5
  1
2.94
  7
CJK
 11
1785.0
 21
176.25
 31
0.0
100
AcDbText
 73
2
  0
TEXT
  5
6B0
330
17
100
AcDbEntity
  8
TEXT
100
AcDbText
 10
1830.0
 20
176.25
 30
0.0
 40
7.5
  1
激光切割
  7
CJK
 11
1830.0
 21
176.25
 31
0.0
100
AcDbText
 73
2
  0
LINE
  5
6B1
330
17
100
AcDbEntity
  8
THIN
100
AcDbLine
 10
1401.0
 20
166.5
 30
0.0
 11
1935.0
 21
166.5
 31
0.0
  0
TEXT
  5
6B2
330
17
100
AcDbEntity
  8
TEXT
100
AcDbText
 10
1404.0
 20
156.75
 30
0.0
 40
7.5
  1
6
  7
CJK
 11
1404.0
 21
156.75
 31
0.0
100
AcDbText
 73
2
  0
TEXT
  5
6B3
330
17
100
AcDbEntity
  8
TEXT
100
AcDbText
 10
1431.0
 20
156.75
 30
0.0
 40
7.5
  1
A6
  7
CJK
 11
1431.0
 21
156.75
 31
0.0
100
AcDbText
 73
2
  0
TEXT
  5
6B4
330
17
100
AcDbEntity
  8
TEXT
100
AcDbText
 10
1467.0
 20
156.75
 30
0.0
 40
7.5
  1
B处加强环
  7
CJK
 11
1467.0
 21
156.75
 31
0.0
100
AcDbText
 73
2
  0
TEXT
  5
6B5
330
17
100
AcDbEntity
  8
TEXT
100
AcDbText
 10
1575.0
 20
156.75
 30
0.0
 40
7.5
  1
2
  7
CJK
 11
1575.0
 21
156.75
 31
0.0
100
AcDbText
 73
2
  0
TEXT
  5
6B6
330
17
100
AcDbEntity
  8
TEXT
100
AcDbText
 10
1602.0
 20
156.75
 30
0.0
 40
7.5
  1
Q355B
  7
CJK
 11
1602.0
 21
156.75
 31
0.0
100
AcDbText
 73
2
  0
TEXT
  5
6B7
330
17
100
AcDbEntity
  8
TEXT
100
AcDbText
 10
1680.0
 20
156.75
 30
0.0
 40
7.5
  1
t10
  7
CJK
 11
1680.0
 21
156.75
 31
0.0
100
AcDbText
 73
2
  0
TEXT
  5
6B8
330
17
100
AcDbEntity
  8
TEXT
100
AcDbText
 10
1740.0
 20
156.75
 30
0.0
 40
7.5
  1
0.25
  7
CJK
 11
1740.0
 21
156.75
 31
0.0
100
AcDbText
 73
2
  0
TEXT
  5
6B9
330
17
100
AcDbEntity
  8
TEXT
100
AcDbText
 10
1785.0
 20
156.75
 30
0.0
 40
7.5
  1
0.51
  7
CJK
 11
1785.0
 21
156.75
 31
0.0
100
AcDbText
 73
2
  0
TEXT
  5
6BA
330
17
100
AcDbEntity
  8
TEXT
100
AcDbText
 10
1830.0
 20
156.75
 30
0.0
 40
7.5
  1
激光切割
  7
CJK
 11
1830.0
 21
156.75
 31
0.0
100
AcDbText
 73
2
  0
LINE
  5
6BB
330
17
100
AcDbEntity
  8
THIN
100
AcDbLine
 10
1401.0
 20
147.0
 30
0.0
 11
1935.0
 21
147.0
 31
0.0
  0
TEXT
  5
6BC
330
17
100
AcDbEntity
  8
TEXT
100
AcDbText
 10
1404.0
 20
137.25
 30
0.0
 40
7.5
  1
5
  7
CJK
 11
1404.0
 21
137.25
 31
0.0
100
AcDbText
 73
2
  0
TEXT
  5
6BD
330
17
100
AcDbEntity
  8
TEXT
100
AcDbText
 10
1431.0
 20
137.25
 30
0.0
 40
7.5
  1
A5
  7
CJK
 11
1431.0
 21
137.25
 31
0.0
100
AcDbText
 73
2
  0
TEXT
  5
6BE
330
17
100
AcDbEntity
  8
TEXT
100
AcDbText
 10
1467.0
 20
137.25
 30
0.0
 40
7.5
  1
斗缸耳板
  7
CJK
 11
1467.0
 21
137.25
 31
0.0
100
AcDbText
 73
2
  0
TEXT
  5
6BF
330
17
100
AcDbEntity
  8
TEXT
100
AcDbText
 10
1575.0
 20
137.25
 30
0.0
 40
7.5
  1
2
  7
CJK
 11
1575.0
 21
137.25
 31
0.0
100
AcDbText
 73
2
  0
TEXT
  5
6C0
330
17
100
AcDbEntity
  8
TEXT
100
AcDbText
 10
1602.0
 20
137.25
 30
0.0
 40
7.5
  1
Q355B
  7
CJK
 11
1602.0
 21
137.25
 31
0.0
100
AcDbText
 73
2
  0
TEXT
  5
6C1
330
17
100
AcDbEntity
  8
TEXT
100
AcDbText
 10
1680.0
 20
137.25
 30
0.0
 40
7.5
  1
t12
  7
CJK
 11
1680.0
 21
137.25
 31
0.0
100
AcDbText
 73
2
  0
TEXT
  5
6C2
330
17
100
AcDbEntity
  8
TEXT
100
AcDbText
 10
1740.0
 20
137.25
 30
0.0
 40
7.5
  1
0.93
  7
CJK
 11
1740.0
 21
137.25
 31
0.0
100
AcDbText
 73
2
  0
TEXT
  5
6C3
330
17
100
AcDbEntity
  8
TEXT
100
AcDbText
 10
1785.0
 20
137.25
 30
0.0
 40
7.5
  1
1.87
  7
CJK
 11
1785.0
 21
137.25
 31
0.0
100
AcDbText
 73
2
  0
TEXT
  5
6C4
330
17
100
AcDbEntity
  8
TEXT
100
AcDbText
 10
1830.0
 20
137.25
 30
0.0
 40
7.5
  1
激光切割
  7
CJK
 11
1830.0
 21
137.25
 31
0.0
100
AcDbText
 73
2
  0
LINE
  5
6C5
330
17
100
AcDbEntity
  8
THIN
100
AcDbLine
 10
1401.0
 20
127.5
 30
0.0
 11
1935.0
 21
127.5
 31
0.0
  0
TEXT
  5
6C6
330
17
100
AcDbEntity
  8
TEXT
100
AcDbText
 10
1404.0
 20
117.75
 30
0.0
 40
7.5
  1
4
  7
CJK
 11
1404.0
 21
117.75
 31
0.0
100
AcDbText
 73
2
  0
TEXT
  5
6C7
330
17
100
AcDbEntity
  8
TEXT
100
AcDbText
 10
1431.0
 20
117.75
 30
0.0
 40
7.5
  1
A4
  7
CJK
 11
1431.0
 21
117.75
 31
0.0
100
AcDbText
 73
2
  0
TEXT
  5
6C8
330
17
100
AcDbEntity
  8
TEXT
100
AcDbText
 10
1467.0
 20
117.75
 30
0.0
 40
7.5
  1
臂后板
  7
CJK
 11
1467.0
 21
117.75
 31
0.0
100
AcDbText
 73
2
  0
TEXT
  5
6C9
330
17
100
AcDbEntity
  8
TEXT
100
AcDbText
 10
1575.0
 20
117.75
 30
0.0
 40
7.5
  1
1
  7
CJK
 11
1575.0
 21
117.75
 31
0.0
100
AcDbText
 73
2
  0
TEXT
  5
6CA
330
17
100
AcDbEntity
  8
TEXT
100
AcDbText
 10
1602.0
 20
117.75
 30
0.0
 40
7.5
  1
Q355B
  7
CJK
 11
1602.0
 21
117.75
 31
0.0
100
AcDbText
 73
2
  0
TEXT
  5
6CB
330
17
100
AcDbEntity
  8
TEXT
100
AcDbText
 10
1680.0
 20
117.75
 30
0.0
 40
7.5
  1
t10
  7
CJK
 11
1680.0
 21
117.75
 31
0.0
100
AcDbText
 73
2
  0
TEXT
  5
6CC
330
17
100
AcDbEntity
  8
TEXT
100
AcDbText
 10
1740.0
 20
117.75
 30
0.0
 40
7.5
  1
1.76
  7
CJK
 11
1740.0
 21
117.75
 31
0.0
100
AcDbText
 73
2
  0
TEXT
  5
6CD
330
17
100
AcDbEntity
  8
TEXT
100
AcDbText
 10
1785.0
 20
117.75
 30
0.0
 40
7.5
  1
1.76
  7
CJK
 11
1785.0
 21
117.75
 31
0.0
100
AcDbText
 73
2
  0
TEXT
  5
6CE
330
17
100
AcDbEntity
  8
TEXT
100
AcDbText
 10
1830.0
 20
117.75
 30
0.0
 40
7.5
  1
激光切割
  7
CJK
 11
1830.0
 21
117.75
 31
0.0
100
AcDbText
 73
2
  0
LINE
  5
6CF
330
17
100
AcDbEntity
  8
THIN
100
AcDbLine
 10
1401.0
 20
108.0
 30
0.0
 11
1935.0
 21
108.0
 31
0.0
  0
TEXT
  5
6D0
330
17
100
AcDbEntity
  8
TEXT
100
AcDbText
 10
1404.0
 20
98.25
 30
0.0
 40
7.5
  1
3
  7
CJK
 11
1404.0
 21
98.25
 31
0.0
100
AcDbText
 73
2
  0
TEXT
  5
6D1
330
17
100
AcDbEntity
  8
TEXT
100
AcDbText
 10
1431.0
 20
98.25
 30
0.0
 40
7.5
  1
A3
  7
CJK
 11
1431.0
 21
98.25
 31
0.0
100
AcDbText
 73
2
  0
TEXT
  5
6D2
330
17
100
AcDbEntity
  8
TEXT
100
AcDbText
 10
1467.0
 20
98.25
 30
0.0
 40
7.5
  1
臂顶板
  7
CJK
 11
1467.0
 21
98.25
 31
0.0
100
AcDbText
 73
2
  0
TEXT
  5
6D3
330
17
100
AcDbEntity
  8
TEXT
100
AcDbText
 10
1575.0
 20
98.25
 30
0.0
 40
7.5
  1
1
  7
CJK
 11
1575.0
 21
98.25
 31
0.0
100
AcDbText
 73
2
  0
TEXT
  5
6D4
330
17
100
AcDbEntity
  8
TEXT
100
AcDbText
 10
1602.0
 20
98.25
 30
0.0
 40
7.5
  1
Q355B
  7
CJK
 11
1602.0
 21
98.25
 31
0.0
100
AcDbText
 73
2
  0
TEXT
  5
6D5
330
17
100
AcDbEntity
  8
TEXT
100
AcDbText
 10
1680.0
 20
98.25
 30
0.0
 40
7.5
  1
t10
  7
CJK
 11
1680.0
 21
98.25
 31
0.0
100
AcDbText
 73
2
  0
TEXT
  5
6D6
330
17
100
AcDbEntity
  8
TEXT
100
AcDbText
 10
1740.0
 20
98.25
 30
0.0
 40
7.5
  1
6.32
  7
CJK
 11
1740.0
 21
98.25
 31
0.0
100
AcDbText
 73
2
  0
TEXT
  5
6D7
330
17
100
AcDbEntity
  8
TEXT
100
AcDbText
 10
1785.0
 20
98.25
 30
0.0
 40
7.5
  1
6.32
  7
CJK
 11
1785.0
 21
98.25
 31
0.0
100
AcDbText
 73
2
  0
TEXT
  5
6D8
330
17
100
AcDbEntity
  8
TEXT
100
AcDbText
 10
1830.0
 20
98.25
 30
0.0
 40
7.5
  1
激光切割
  7
CJK
 11
1830.0
 21
98.25
 31
0.0
100
AcDbText
 73
2
  0
LINE
  5
6D9
330
17
100
AcDbEntity
  8
THIN
100
AcDbLine
 10
1401.0
 20
88.5
 30
0.0
 11
1935.0
 21
88.5
 31
0.0
  0
TEXT
  5
6DA
330
17
100
AcDbEntity
  8
TEXT
100
AcDbText
 10
1404.0
 20
78.75
 30
0.0
 40
7.5
  1
2
  7
CJK
 11
1404.0
 21
78.75
 31
0.0
100
AcDbText
 73
2
  0
TEXT
  5
6DB
330
17
100
AcDbEntity
  8
TEXT
100
AcDbText
 10
1431.0
 20
78.75
 30
0.0
 40
7.5
  1
A2
  7
CJK
 11
1431.0
 21
78.75
 31
0.0
100
AcDbText
 73
2
  0
TEXT
  5
6DC
330
17
100
AcDbEntity
  8
TEXT
100
AcDbText
 10
1467.0
 20
78.75
 30
0.0
 40
7.5
  1
臂底板
  7
CJK
 11
1467.0
 21
78.75
 31
0.0
100
AcDbText
 73
2
  0
TEXT
  5
6DD
330
17
100
AcDbEntity
  8
TEXT
100
AcDbText
 10
1575.0
 20
78.75
 30
0.0
 40
7.5
  1
1
  7
CJK
 11
1575.0
 21
78.75
 31
0.0
100
AcDbText
 73
2
  0
TEXT
  5
6DE
330
17
100
AcDbEntity
  8
TEXT
100
AcDbText
 10
1602.0
 20
78.75
 30
0.0
 40
7.5
  1
Q355B
  7
CJK
 11
1602.0
 21
78.75
 31
0.0
100
AcDbText
 73
2
  0
TEXT
  5
6DF
330
17
100
AcDbEntity
  8
TEXT
100
AcDbText
 10
1680.0
 20
78.75
 30
0.0
 40
7.5
  1
t12
  7
CJK
 11
1680.0
 21
78.75
 31
0.0
100
AcDbText
 73
2
  0
TEXT
  5
6E0
330
17
100
AcDbEntity
  8
TEXT
100
AcDbText
 10
1740.0
 20
78.75
 30
0.0
 40
7.5
  1
6.71
  7
CJK
 11
1740.0
 21
78.75
 31
0.0
100
AcDbText
 73
2
  0
TEXT
  5
6E1
330
17
100
AcDbEntity
  8
TEXT
100
AcDbText
 10
1785.0
 20
78.75
 30
0.0
 40
7.5
  1
6.71
  7
CJK
 11
1785.0
 21
78.75
 31
0.0
100
AcDbText
 73
2
  0
TEXT
  5
6E2
330
17
100
AcDbEntity
  8
TEXT
100
AcDbText
 10
1830.0
 20
78.75
 30
0.0
 40
7.5
  1
激光切割
  7
CJK
 11
1830.0
 21
78.75
 31
0.0
100
AcDbText
 73
2
  0
LINE
  5
6E3
330
17
100
AcDbEntity
  8
THIN
100
AcDbLine
 10
1401.0
 20
69.0
 30
0.0
 11
1935.0
 21
69.0
 31
0.0
  0
TEXT
  5
6E4
330
17
100
AcDbEntity
  8
TEXT
100
AcDbText
 10
1404.0
 20
59.25
 30
0.0
 40
7.5
  1
1
  7
CJK
 11
1404.0
 21
59.25
 31
0.0
100
AcDbText
 73
2
  0
TEXT
  5
6E5
330
17
100
AcDbEntity
  8
TEXT
100
AcDbText
 10
1431.0
 20
59.25
 30
0.0
 40
7.5
  1
A1
  7
CJK
 11
1431.0
 21
59.25
 31
0.0
100
AcDbText
 73
2
  0
TEXT
  5
6E6
330
17
100
AcDbEntity
  8
TEXT
100
AcDbText
 10
1467.0
 20
59.25
 30
0.0
 40
7.5
  1
臂侧板
  7
CJK
 11
1467.0
 21
59.25
 31
0.0
100
AcDbText
 73
2
  0
TEXT
  5
6E7
330
17
100
AcDbEntity
  8
TEXT
100
AcDbText
 10
1575.0
 20
59.25
 30
0.0
 40
7.5
  1
2
  7
CJK
 11
1575.0
 21
59.25
 31
0.0
100
AcDbText
 73
2
  0
TEXT
  5
6E8
330
17
100
AcDbEntity
  8
TEXT
100
AcDbText
 10
1602.0
 20
59.25
 30
0.0
 40
7.5
  1
Q355B
  7
CJK
 11
1602.0
 21
59.25
 31
0.0
100
AcDbText
 73
2
  0
TEXT
  5
6E9
330
17
100
AcDbEntity
  8
TEXT
100
AcDbText
 10
1680.0
 20
59.25
 30
0.0
 40
7.5
  1
t10
  7
CJK
 11
1680.0
 21
59.25
 31
0.0
100
AcDbText
 73
2
  0
TEXT
  5
6EA
330
17
100
AcDbEntity
  8
TEXT
100
AcDbText
 10
1740.0
 20
59.25
 30
0.0
 40
7.5
  1
11.57
  7
CJK
 11
1740.0
 21
59.25
 31
0.0
100
AcDbText
 73
2
  0
TEXT
  5
6EB
330
17
100
AcDbEntity
  8
TEXT
100
AcDbText
 10
1785.0
 20
59.25
 30
0.0
 40
7.5
  1
23.14
  7
CJK
 11
1785.0
 21
59.25
 31
0.0
100
AcDbText
 73
2
  0
TEXT
  5
6EC
330
17
100
AcDbEntity
  8
TEXT
100
AcDbText
 10
1830.0
 20
59.25
 30
0.0
 40
7.5
  1
激光切割
  7
CJK
 11
1830.0
 21
59.25
 31
0.0
100
AcDbText
 73
2
  0
LINE
  5
6ED
330
17
100
AcDbEntity
  8
THIN
100
AcDbLine
 10
1401.0
 20
49.5
 30
0.0
 11
1935.0
 21
49.5
 31
0.0
  0
TEXT
  5
6EE
330
17
100
AcDbEntity
  8
TEXT
100
AcDbText
 10
1404.0
 20
39.75
 30
0.0
 40
7.5
  1
序号
  7
CJK
 11
1404.0
 21
39.75
 31
0.0
100
AcDbText
 73
2
  0
TEXT
  5
6EF
330
17
100
AcDbEntity
  8
TEXT
100
AcDbText
 10
1431.0
 20
39.75
 30
0.0
 40
7.5
  1
代号
  7
CJK
 11
1431.0
 21
39.75
 31
0.0
100
AcDbText
 73
2
  0
TEXT
  5
6F0
330
17
100
AcDbEntity
  8
TEXT
100
AcDbText
 10
1467.0
 20
39.75
 30
0.0
 40
7.5
  1
名称
  7
CJK
 11
1467.0
 21
39.75
 31
0.0
100
AcDbText
 73
2
  0
TEXT
  5
6F1
330
17
100
AcDbEntity
  8
TEXT
100
AcDbText
 10
1575.0
 20
39.75
 30
0.0
 40
7.5
  1
数量
  7
CJK
 11
1575.0
 21
39.75
 31
0.0
100
AcDbText
 73
2
  0
TEXT
  5
6F2
330
17
100
AcDbEntity
  8
TEXT
100
AcDbText
 10
1602.0
 20
39.75
 30
0.0
 40
7.5
  1
材料
  7
CJK
 11
1602.0
 21
39.75
 31
0.0
100
AcDbText
 73
2
  0
TEXT
  5
6F3
330
17
100
AcDbEntity
  8
TEXT
100
AcDbText
 10
1680.0
 20
39.75
 30
0.0
 40
7.5
  1
厚度
  7
CJK
 11
1680.0
 21
39.75
 31
0.0
100
AcDbText
 73
2
  0
TEXT
  5
6F4
330
17
100
AcDbEntity
  8
TEXT
100
AcDbText
 10
1740.0
 20
39.75
 30
0.0
 40
7.5
  1
单重kg
  7
CJK
 11
1740.0
 21
39.75
 31
0.0
100
AcDbText
 73
2
  0
TEXT
  5
6F5
330
17
100
AcDbEntity
  8
TEXT
100
AcDbText
 10
1785.0
 20
39.75
 30
0.0
 40
7.5
  1
总重kg
  7
CJK
 11
1785.0
 21
39.75
 31
0.0
100
AcDbText
 73
2
  0
TEXT
  5
6F6
330
17
100
AcDbEntity
  8
TEXT
100
AcDbText
 10
1830.0
 20
39.75
 30
0.0
 40
7.5
  1
备注
  7
CJK
 11
1830.0
 21
39.75
 31
0.0
100
AcDbText
 73
2
  0
LINE
  5
6F7
330
17
100
AcDbEntity
  8
THIN
100
AcDbLine
 10
1401.0
 20
30.0
 30
0.0
 11
1935.0
 21
30.0
 31
0.0
  0
LINE
  5
6F8
330
17
100
AcDbEntity
  8
THIN
100
AcDbLine
 10
1401.0
 20
244.5
 30
0.0
 11
1401.0
 21
30.0
 31
0.0
  0
LINE
  5
6F9
330
17
100
AcDbEntity
  8
THIN
100
AcDbLine
 10
1428.0
 20
244.5
 30
0.0
 11
1428.0
 21
30.0
 31
0.0
  0
LINE
  5
6FA
330
17
100
AcDbEntity
  8
THIN
100
AcDbLine
 10
1464.0
 20
244.5
 30
0.0
 11
1464.0
 21
30.0
 31
0.0
  0
LINE
  5
6FB
330
17
100
AcDbEntity
  8
THIN
100
AcDbLine
 10
1572.0
 20
244.5
 30
0.0
 11
1572.0
 21
30.0
 31
0.0
  0
LINE
  5
6FC
330
17
100
AcDbEntity
  8
THIN
100
AcDbLine
 10
1599.0
 20
244.5
 30
0.0
 11
1599.0
 21
30.0
 31
0.0
  0
LINE
  5
6FD
330
17
100
AcDbEntity
  8
THIN
100
AcDbLine
 10
1677.0
 20
244.5
 30
0.0
 11
1677.0
 21
30.0
 31
0.0
  0
LINE
  5
6FE
330
17
100
AcDbEntity
  8
THIN
100
AcDbLine
 10
1737.0
 20
244.5
 30
0.0
 11
1737.0
 21
30.0
 31
0.0
  0
LINE
  5
6FF
330
17
100
AcDbEntity
  8
THIN
100
AcDbLine
 10
1782.0
 20
244.5
 30
0.0
 11
1782.0
 21
30.0
 31
0.0
  0
LINE
  5
700
330
17
100
AcDbEntity
  8
THIN
100
AcDbLine
 10
1827.0
 20
244.5
 30
0.0
 11
1827.0
 21
30.0
 31
0.0
  0
LINE
  5
701
330
17
100
AcDbEntity
  8
THIN
100
AcDbLine
 10
1935.0
 20
244.5
 30
0.0
 11
1935.0
 21
30.0
 31
0.0
  0
TEXT
  5
702
330
17
100
AcDbEntity
  8
TEXT
100
AcDbText
 10
1401.0
 20
249.0
 30
0.0
 40
10.5
  1
明细栏
  7
CJK
 11
1401.0
 21
249.0
 31
0.0
100
AcDbText
 73
1
  0
TEXT
  5
703
330
17
100
AcDbEntity
  8
TEXT
100
AcDbText
 10
99.0
 20
246.9
 30
0.0
 40
9.600000000000001
  1
技术要求：
  7
CJK
 11
99.0
 21
246.9
 31
0.0
100
AcDbText
 73
1
  0
TEXT
  5
704
330
17
100
AcDbEntity
  8
TEXT
100
AcDbText
 10
99.0
 20
231.3
 30
0.0
 40
8.399999999999999
  1
1. 材料 Q355B（刃板推荐 NM400）；激光切割，切割面去毛刺、锐边倒钝 C1。
  7
CJK
 11
99.0
 21
231.3
 31
0.0
100
AcDbText
 73
1
  0
TEXT
  5
705
330
17
100
AcDbEntity
  8
TEXT
100
AcDbText
 10
99.0
 20
215.7
 30
0.0
 40
8.399999999999999
  1
2. 组焊前先点焊定位，检查销孔同轴、两侧板平行后再满焊；焊脚高 ≥ 0.7×较薄板厚，连续焊，无咬边气孔。
  7
CJK
 11
99.0
 21
215.7
 31
0.0
100
AcDbText
 73
1
  0
TEXT
  5
706
330
17
100
AcDbEntity
  8
TEXT
100
AcDbText
 10
99.0
 20
200.1
 30
0.0
 40
8.399999999999999
  1
3. 所有销孔（标注“焊后镗”者）预留余量，整体焊接、消应力后一次线镗至图示精度，保证两侧同轴。
  7
CJK
 11
99.0
 21
200.1
 31
0.0
100
AcDbText
 73
1
  0
TEXT
  5
707
330
17
100
AcDbEntity
  8
TEXT
100
AcDbText
 10
99.0
 20
184.5
 30
0.0
 40
8.399999999999999
  1
4. 未注线性尺寸公差按 GB/T 1804-m；未注形位公差按 GB/T 1184-K。
  7
CJK
 11
99.0
 21
184.5
 31
0.0
100
AcDbText
 73
1
  0
TEXT
  5
708
330
17
100
AcDbEntity
  8
TEXT
100
AcDbText
 10
99.0
 20
168.89999999999998
 30
0.0
 40
8.399999999999999
  1
5. 本图为按公开参数推算的自主设计，非原厂图纸；承力件上机前须由结构工程师复核强度与焊缝。
  7
CJK
 11
99.0
 21
168.89999999999998
 31
0.0
100
AcDbText
 73
1
  0
TEXT
  5
709
330
17
100
AcDbEntity
  8
TEXT
100
AcDbText
 10
99.0
 20
153.3
 30
0.0
 40
8.399999999999999
  1
6. 顶板 A3 止于 x=-120，后段为斗杆缸杆头进出窗口；连杆 L1、L2 为单件，不与斗杆焊接。
  7
CJK
 11
99.0
 21
153.3
 31
0.0
100
AcDbText
 73
1
  0
ENDSEC
  0
SECTION
  2
OBJECTS
  0
DICTIONARY
  5
A
330
0
100
AcDbDictionary
281
1
  3
ACAD_COLOR
350
B
  3
ACAD_GROUP
350
C
  3
ACAD_LAYOUT
350
D
  3
ACAD_MATERIAL
350
E
  3
ACAD_MLEADERSTYLE
350
F
  3
ACAD_MLINESTYLE
350
10
  3
ACAD_PLOTSETTINGS
350
11
  3
ACAD_PLOTSTYLENAME
350
12
  3
ACAD_SCALELIST
350
14
  3
ACAD_TABLESTYLE
350
15
  3
ACAD_VISUALSTYLE
350
16
  3
EZDXF_META
350
2D
  0
DICTIONARY
  5
B
330
A
100
AcDbDictionary
281
1
  0
DICTIONARY
  5
C
330
A
100
AcDbDictionary
281
1
  0
DICTIONARY
  5
D
330
A
100
AcDbDictionary
281
1
  3
Model
350
1A
  3
Layout1
350
1E
  0
DICTIONARY
  5
E
330
A
100
AcDbDictionary
281
1
  3
ByBlock
350
1F
  3
ByLayer
350
20
  3
Global
350
21
  0
DICTIONARY
  5
F
330
A
100
AcDbDictionary
281
1
  3
Standard
350
2C
  0
DICTIONARY
  5
10
330
A
100
AcDbDictionary
281
1
  3
Standard
350
22
  0
DICTIONARY
  5
11
330
A
100
AcDbDictionary
281
1
  0
ACDBDICTIONARYWDFLT
  5
12
330
A
100
AcDbDictionary
281
1
  3
Normal
350
13
100
AcDbDictionaryWithDefault
340
13
  0
ACDBPLACEHOLDER
  5
13
330
12
  0
DICTIONARY
  5
14
330
A
100
AcDbDictionary
281
1
  0
DICTIONARY
  5
15
330
A
100
AcDbDictionary
281
1
  0
DICTIONARY
  5
16
330
A
100
AcDbDictionary
281
1
  3
2dWireframe
350
5A
  3
Basic
350
5B
  3
Brighten
350
5C
  3
ColorChange
350
5D
  3
Conceptual
350
5E
  3
Dim
350
5F
  3
EdgeColorOff
350
60
  3
Facepattern
350
61
  3
Flat
350
62
  3
FlatWithEdges
350
63
  3
Gouraud
350
64
  3
GouraudWithEdges
350
65
  3
Hidden
350
66
  3
JitterOff
350
67
  3
Linepattern
350
68
  3
Modeling
350
69
  3
OverhangOff
350
6A
  3
Realistic
350
6B
  3
Shaded
350
6C
  3
Shaded with edges
350
6D
  3
Shades of Gray
350
6E
  3
Sketchy
350
6F
  3
Thicken
350
70
  3
Wireframe
350
71
  3
X-Ray
350
72
  0
LAYOUT
  5
1A
330
D
100
AcDbPlotSettings
  1

  4
A3
  6

 40
7.5
 41
20.0
 42
7.5
 43
20.0
 44
420.0
 45
297.0
 46
0.0
 47
0.0
 48
0.0
 49
0.0
140
0.0
141
0.0
142
1.0
143
1.0
 70
1024
 72
1
 73
0
 74
5
  7

 75
16
 76
0
 77
2
 78
300
147
1.0
148
0.0
149
0.0
100
AcDbLayout
  1
Model
 70
1
 71
0
 10
0.0
 20
0.0
 11
420.0
 21
297.0
 12
0.0
 22
0.0
 32
0.0
 14
1e+20
 24
1e+20
 34
1e+20
 15
-1e+20
 25
-1e+20
 35
-1e+20
146
0.0
 13
0.0
 23
0.0
 33
0.0
 16
1.0
 26
0.0
 36
0.0
 17
0.0
 27
1.0
 37
0.0
 76
1
330
17
  0
LAYOUT
  5
1E
330
D
100
AcDbPlotSettings
  1

  4
A3
  6

 40
7.5
 41
20.0
 42
7.5
 43
20.0
 44
420.0
 45
297.0
 46
0.0
 47
0.0
 48
0.0
 49
0.0
140
0.0
141
0.0
142
1.0
143
1.0
 70
0
 72
1
 73
0
 74
5
  7

 75
16
 76
0
 77
2
 78
300
147
1.0
148
0.0
149
0.0
100
AcDbLayout
  1
Layout1
 70
1
 71
1
 10
0.0
 20
0.0
 11
420.0
 21
297.0
 12
0.0
 22
0.0
 32
0.0
 14
1e+20
 24
1e+20
 34
1e+20
 15
-1e+20
 25
-1e+20
 35
-1e+20
146
0.0
 13
0.0
 23
0.0
 33
0.0
 16
1.0
 26
0.0
 36
0.0
 17
0.0
 27
1.0
 37
0.0
 76
1
330
1B
  0
MATERIAL
  5
1F
102
{ACAD_REACTORS
330
E
102
}
330
E
100
AcDbMaterial
  1
ByBlock
  2

 70
0
 40
1.0
 71
1
 41
1.0
 91
-1023410177
 42
1.0
 72
1
  3

 73
1
 74
1
 75
1
 44
0.5
 73
0
 45
1.0
 46
1.0
 77
1
  4

 78
1
 79
1
170
1
 48
1.0
171
1
  6

172
1
173
1
174
1
140
1.0
141
1.0
175
1
  7

176
1
177
1
178
1
143
1.0
179
1
  8

270
1
271
1
272
1
145
1.0
146
1.0
273
1
  9

274
1
275
1
276
1
 42
1.0
 72
1
  3

 73
1
 74
1
 75
1
 94
63
  0
MATERIAL
  5
20
102
{ACAD_REACTORS
330
E
102
}
330
E
100
AcDbMaterial
  1
ByLayer
  2

 70
0
 40
1.0
 71
1
 41
1.0
 91
-1023410177
 42
1.0
 72
1
  3

 73
1
 74
1
 75
1
 44
0.5
 73
0
 45
1.0
 46
1.0
 77
1
  4

 78
1
 79
1
170
1
 48
1.0
171
1
  6

172
1
173
1
174
1
140
1.0
141
1.0
175
1
  7

176
1
177
1
178
1
143
1.0
179
1
  8

270
1
271
1
272
1
145
1.0
146
1.0
273
1
  9

274
1
275
1
276
1
 42
1.0
 72
1
  3

 73
1
 74
1
 75
1
 94
63
  0
MATERIAL
  5
21
102
{ACAD_REACTORS
330
E
102
}
330
E
100
AcDbMaterial
  1
Global
  2

 70
0
 40
1.0
 71
1
 41
1.0
 91
-1023410177
 42
1.0
 72
1
  3

 73
1
 74
1
 75
1
 44
0.5
 73
0
 45
1.0
 46
1.0
 77
1
  4

 78
1
 79
1
170
1
 48
1.0
171
1
  6

172
1
173
1
174
1
140
1.0
141
1.0
175
1
  7

176
1
177
1
178
1
143
1.0
179
1
  8

270
1
271
1
272
1
145
1.0
146
1.0
273
1
  9

274
1
275
1
276
1
 42
1.0
 72
1
  3

 73
1
 74
1
 75
1
 94
63
  0
MLINESTYLE
  5
22
102
{ACAD_REACTORS
330
10
102
}
330
10
100
AcDbMlineStyle
  2
Standard
 70
0
  3

 62
256
 51
90.0
 52
90.0
 71
2
 49
0.5
 62
256
  6
BYLAYER
 49
-0.5
 62
256
  6
BYLAYER
  0
MLEADERSTYLE
  5
2C
102
{ACAD_REACTORS
330
F
102
}
330
F
100
AcDbMLeaderStyle
179
2
170
2
171
1
172
0
 90
2
 40
0.0
 41
0.0
173
1
 91
-1056964608
 92
-2
290
1
 42
2.0
291
1
 43
8.0
  3
Standard
 44
4.0
300

342
29
174
1
175
1
176
0
178
1
 93
-1056964608
 45
4.0
292
0
297
0
 46
4.0
 94
-1056964608
 47
1.0
 49
1.0
140
1.0
294
1
141
0.0
177
0
142
1.0
295
0
296
0
143
3.75
271
0
272
9
273
9
  0
DICTIONARY
  5
2D
330
A
100
AcDbDictionary
280
1
281
1
  3
CREATED_BY_EZDXF
350
2E
  3
WRITTEN_BY_EZDXF
350
70C
  0
DICTIONARYVAR
  5
2E
330
2D
100
DictionaryVariables
280
0
  1
1.4.4 @ 2026-09-24T23:08:13.696228+00:00
  0
VISUALSTYLE
  5
5A
102
{ACAD_REACTORS
330
16
102
}
330
16
100
AcDbVisualStyle
  2
2dWireframe
 70
4
 90
0
 40
0.6
 62
7
290
0
291
0
  0
VISUALSTYLE
  5
5B
102
{ACAD_REACTORS
330
16
102
}
330
16
100
AcDbVisualStyle
  2
Basic
 70
7
 90
1
 40
0.6
 62
7
290
0
291
1
  0
VISUALSTYLE
  5
5C
102
{ACAD_REACTORS
330
16
102
}
330
16
100
AcDbVisualStyle
  2
Brighten
 70
12
 90
2
 40
0.6
 62
7
290
0
291
1
  0
VISUALSTYLE
  5
5D
102
{ACAD_REACTORS
330
16
102
}
330
16
100
AcDbVisualStyle
  2
ColorChange
 70
16
 90
2
 40
0.6
 62
8
290
0
291
1
  0
VISUALSTYLE
  5
5E
102
{ACAD_REACTORS
330
16
102
}
330
16
100
AcDbVisualStyle
  2
Conceptual
 70
9
 90
3
 40
0.6
 62
7
290
0
291
0
  0
VISUALSTYLE
  5
5F
102
{ACAD_REACTORS
330
16
102
}
330
16
100
AcDbVisualStyle
  2
Dim
 70
11
 90
2
 40
0.6
 62
7
290
0
291
1
  0
VISUALSTYLE
  5
60
102
{ACAD_REACTORS
330
16
102
}
330
16
100
AcDbVisualStyle
  2
EdgeColorOff
 70
22
 90
2
 40
0.6
 62
7
290
0
291
1
  0
VISUALSTYLE
  5
61
102
{ACAD_REACTORS
330
16
102
}
330
16
100
AcDbVisualStyle
  2
Facepattern
 70
15
 90
2
 40
0.6
 62
7
290
0
291
1
  0
VISUALSTYLE
  5
62
102
{ACAD_REACTORS
330
16
102
}
330
16
100
AcDbVisualStyle
  2
Flat
 70
0
 90
2
 40
0.6
 62
7
290
0
291
1
  0
VISUALSTYLE
  5
63
102
{ACAD_REACTORS
330
16
102
}
330
16
100
AcDbVisualStyle
  2
FlatWithEdges
 70
1
 90
2
 40
0.6
 62
7
290
0
291
1
  0
VISUALSTYLE
  5
64
102
{ACAD_REACTORS
330
16
102
}
330
16
100
AcDbVisualStyle
  2
Gouraud
 70
2
 90
2
 40
0.6
 62
7
290
0
291
1
  0
VISUALSTYLE
  5
65
102
{ACAD_REACTORS
330
16
102
}
330
16
100
AcDbVisualStyle
  2
GouraudWithEdges
 70
3
 90
2
 40
0.6
 62
7
290
0
291
1
  0
VISUALSTYLE
  5
66
102
{ACAD_REACTORS
330
16
102
}
330
16
100
AcDbVisualStyle
  2
Hidden
 70
6
 90
1
 40
0.6
 62
7
290
0
291
0
  0
VISUALSTYLE
  5
67
102
{ACAD_REACTORS
330
16
102
}
330
16
100
AcDbVisualStyle
  2
JitterOff
 70
20
 90
2
 40
0.6
 62
7
290
0
291
1
  0
VISUALSTYLE
  5
68
102
{ACAD_REACTORS
330
16
102
}
330
16
100
AcDbVisualStyle
  2
Linepattern
 70
14
 90
2
 40
0.6
 62
7
290
0
291
1
  0
VISUALSTYLE
  5
69
102
{ACAD_REACTORS
330
16
102
}
330
16
100
AcDbVisualStyle
  2
Modeling
 70
10
 90
2
 40
0.6
 62
7
290
0
291
0
  0
VISUALSTYLE
  5
6A
102
{ACAD_REACTORS
330
16
102
}
330
16
100
AcDbVisualStyle
  2
OverhangOff
 70
21
 90
2
 40
0.6
 62
7
290
0
291
1
  0
VISUALSTYLE
  5
6B
102
{ACAD_REACTORS
330
16
102
}
330
16
100
AcDbVisualStyle
  2
Realistic
 70
8
 90
2
 40
0.6
 62
7
290
0
291
0
  0
VISUALSTYLE
  5
6C
102
{ACAD_REACTORS
330
16
102
}
330
16
100
AcDbVisualStyle
  2
Shaded
 70
27
 90
2
 40
0.6
 62
7
290
0
291
0
  0
VISUALSTYLE
  5
6D
102
{ACAD_REACTORS
330
16
102
}
330
16
100
AcDbVisualStyle
  2
Shaded with edges
 70
26
 90
2
 40
0.6
 62
7
290
0
291
0
  0
VISUALSTYLE
  5
6E
102
{ACAD_REACTORS
330
16
102
}
330
16
100
AcDbVisualStyle
  2
Shades of Gray
 70
23
 90
2
 40
0.6
 62
7
290
0
291
0
  0
VISUALSTYLE
  5
6F
102
{ACAD_REACTORS
330
16
102
}
330
16
100
AcDbVisualStyle
  2
Sketchy
 70
24
 90
1
 40
0.6
 62
7
290
0
291
0
  0
VISUALSTYLE
  5
70
102
{ACAD_REACTORS
330
16
102
}
330
16
100
AcDbVisualStyle
  2
Thicken
 70
13
 90
2
 40
0.6
 62
7
290
0
291
1
  0
VISUALSTYLE
  5
71
102
{ACAD_REACTORS
330
16
102
}
330
16
100
AcDbVisualStyle
  2
Wireframe
 70
5
 90
0
 40
0.6
 62
7
290
0
291
0
  0
VISUALSTYLE
  5
72
102
{ACAD_REACTORS
330
16
102
}
330
16
100
AcDbVisualStyle
  2
X-Ray
 70
25
 90
2
 40
0.5
 62
7
290
0
291
0
  0
DICTIONARYVAR
  5
70C
330
2D
100
DictionaryVariables
280
0
  1
1.4.4 @ 2026-09-24T23:08:13.888949+00:00
  0
ENDSEC
  0
EOF
