  0
SECTION
  2
HEADER
  9
$ACADVER
  1
AC1024
  9
$ACADMAINTVER
 70
6
  9
$DWGCODEPAGE
  3
ANSI_1252
  9
$LASTSAVEDBY
  1
ezdxf
  9
$INSBASE
 10
0.0
 20
0.0
 30
0.0
  9
$EXTMIN
 10
1e+20
 20
1e+20
 30
1e+20
  9
$EXTMAX
 10
-1e+20
 20
-1e+20
 30
-1e+20
  9
$LIMMIN
 10
0.0
 20
0.0
  9
$LIMMAX
 10
420.0
 20
297.0
  9
$ORTHOMODE
 70
0
  9
$REGENMODE
 70
1
  9
$FILLMODE
 70
1
  9
$QTEXTMODE
 70
0
  9
$MIRRTEXT
 70
1
  9
$LTSCALE
 40
4.0
  9
$ATTMODE
 70
1
  9
$TEXTSIZE
 40
2.5
  9
$TRACEWID
 40
1.0
  9
$TEXTSTYLE
  7
OpenSans
  9
$CLAYER
  8
0
  9
$CELTYPE
  6
ByLayer
  9
$CECOLOR
 62
256
  9
$CELTSCALE
 40
1.0
  9
$DISPSILH
 70
0
  9
$DIMSCALE
 40
1.0
  9
$DIMASZ
 40
0.175
  9
$DIMEXO
 40
0.125
  9
$DIMDLI
 40
3.75
  9
$DIMRND
 40
0.0
  9
$DIMDLE
 40
0.0
  9
$DIMEXE
 40
0.375
  9
$DIMTP
 40
0.0
  9
$DIMTM
 40
0.0
  9
$DIMTXT
 40
0.25
  9
$DIMCEN
 40
2.5
  9
$DIMTSZ
 40
0.0
  9
$DIMTOL
 70
0
  9
$DIMLIM
 70
0
  9
$DIMTIH
 70
0
  9
$DIMTOH
 70
0
  9
$DIMSE1
 70
0
  9
$DIMSE2
 70
0
  9
$DIMTAD
 70
1
  9
$DIMZIN
 70
12
  9
$DIMBLK
  1
ARCHTICK
  9
$DIMASO
 70
1
  9
$DIMSHO
 70
1
  9
$DIMPOST
  1

  9
$DIMAPOST
  1

  9
$DIMALT
 70
0
  9
$DIMALTD
 70
3
  9
$DIMALTF
 40
0.03937007874
  9
$DIMLFAC
 40
100.0
  9
$DIMTOFL
 70
1
  9
$DIMTVP
 40
0.0
  9
$DIMTIX
 70
0
  9
$DIMSOXD
 70
0
  9
$DIMSAH
 70
0
  9
$DIMBLK1
  1

  9
$DIMBLK2
  1

  9
$DIMSTYLE
  2
EZDXF
  9
$DIMCLRD
 70
0
  9
$DIMCLRE
 70
0
  9
$DIMCLRT
 70
0
  9
$DIMTFAC
 40
0.5
  9
$DIMGAP
 40
0.1
  9
$DIMJUST
 70
0
  9
$DIMSD1
 70
0
  9
$DIMSD2
 70
0
  9
$DIMTOLJ
 70
0
  9
$DIMTZIN
 70
8
  9
$DIMALTZ
 70
0
  9
$DIMALTTZ
 70
0
  9
$DIMUPT
 70
1
  9
$DIMDEC
 70
2
  9
$DIMTDEC
 70
2
  9
$DIMALTU
 70
2
  9
$DIMALTTD
 70
3
  9
$DIMTXSTY
  7
OpenSansCondensed-Light
  9
$DIMAUNIT
 70
0
  9
$DIMADEC
 70
2
  9
$DIMALTRND
 40
0.0
  9
$DIMAZIN
 70
3
  9
$DIMDSEP
 70
46
  9
$DIMATFIT
 70
3
  9
$DIMFRAC
 70
0
  9
$DIMLDRBLK
  1

  9
$DIMLUNIT
 70
2
  9
$DIMLWD
 70
-2
  9
$DIMLWE
 70
-2
  9
$DIMTMOVE
 70
2
  9
$DIMFXL
 40
1.0
  9
$DIMFXLON
 70
0
  9
$DIMJOGANG
 40
0.785398163397
  9
$DIMTFILL
 70
0
  9
$DIMTFILLCLR
 70
0
  9
$DIMARCSYM
 70
0
  9
$DIMLTYPE
  6

  9
$DIMLTEX1
  6

  9
$DIMLTEX2
  6

  9
$DIMTXTDIRECTION
 70
0
  9
$LUNITS
 70
2
  9
$LUPREC
 70
4
  9
$SKETCHINC
 40
1.0
  9
$FILLETRAD
 40
10.0
  9
$AUNITS
 70
0
  9
$AUPREC
 70
2
  9
$MENU
  1
.
  9
$ELEVATION
 40
0.0
  9
$PELEVATION
 40
0.0
  9
$THICKNESS
 40
0.0
  9
$LIMCHECK
 70
0
  9
$CHAMFERA
 40
0.0
  9
$CHAMFERB
 40
0.0
  9
$CHAMFERC
 40
0.0
  9
$CHAMFERD
 40
0.0
  9
$SKPOLY
 70
0
  9
$TDCREATE
 40
2461308.9641550924
  9
$TDUCREATE
 40
2458532.153996898
  9
$TDUPDATE
 40
2461308.9641550924
  9
$TDUUPDATE
 40
2458532.1544311
  9
$TDINDWG
 40
0.0
  9
$TDUSRTIMER
 40
0.0
  9
$USRTIMER
 70
1
  9
$ANGBASE
 50
0.0
  9
$ANGDIR
 70
0
  9
$PDMODE
 70
0
  9
$PDSIZE
 40
0.0
  9
$PLINEWID
 40
0.0
  9
$SPLFRAME
 70
0
  9
$SPLINETYPE
 70
6
  9
$SPLINESEGS
 70
8
  9
$HANDSEED
  5
69F
  9
$SURFTAB1
 70
6
  9
$SURFTAB2
 70
6
  9
$SURFTYPE
 70
6
  9
$SURFU
 70
6
  9
$SURFV
 70
6
  9
$UCSBASE
  2

  9
$UCSNAME
  2

  9
$UCSORG
 10
0.0
 20
0.0
 30
0.0
  9
$UCSXDIR
 10
1.0
 20
0.0
 30
0.0
  9
$UCSYDIR
 10
0.0
 20
1.0
 30
0.0
  9
$UCSORTHOREF
  2

  9
$UCSORTHOVIEW
 70
0
  9
$UCSORGTOP
 10
0.0
 20
0.0
 30
0.0
  9
$UCSORGBOTTOM
 10
0.0
 20
0.0
 30
0.0
  9
$UCSORGLEFT
 10
0.0
 20
0.0
 30
0.0
  9
$UCSORGRIGHT
 10
0.0
 20
0.0
 30
0.0
  9
$UCSORGFRONT
 10
0.0
 20
0.0
 30
0.0
  9
$UCSORGBACK
 10
0.0
 20
0.0
 30
0.0
  9
$PUCSBASE
  2

  9
$PUCSNAME
  2

  9
$PUCSORG
 10
0.0
 20
0.0
 30
0.0
  9
$PUCSXDIR
 10
1.0
 20
0.0
 30
0.0
  9
$PUCSYDIR
 10
0.0
 20
1.0
 30
0.0
  9
$PUCSORTHOREF
  2

  9
$PUCSORTHOVIEW
 70
0
  9
$PUCSORGTOP
 10
0.0
 20
0.0
 30
0.0
  9
$PUCSORGBOTTOM
 10
0.0
 20
0.0
 30
0.0
  9
$PUCSORGLEFT
 10
0.0
 20
0.0
 30
0.0
  9
$PUCSORGRIGHT
 10
0.0
 20
0.0
 30
0.0
  9
$PUCSORGFRONT
 10
0.0
 20
0.0
 30
0.0
  9
$PUCSORGBACK
 10
0.0
 20
0.0
 30
0.0
  9
$USERI1
 70
0
  9
$USERI2
 70
0
  9
$USERI3
 70
0
  9
$USERI4
 70
0
  9
$USERI5
 70
0
  9
$USERR1
 40
0.0
  9
$USERR2
 40
0.0
  9
$USERR3
 40
0.0
  9
$USERR4
 40
0.0
  9
$USERR5
 40
0.0
  9
$WORLDVIEW
 70
1
  9
$SHADEDGE
 70
3
  9
$SHADEDIF
 70
70
  9
$TILEMODE
 70
1
  9
$MAXACTVP
 70
64
  9
$PINSBASE
 10
0.0
 20
0.0
 30
0.0
  9
$PLIMCHECK
 70
0
  9
$PEXTMIN
 10
1e+20
 20
1e+20
 30
1e+20
  9
$PEXTMAX
 10
-1e+20
 20
-1e+20
 30
-1e+20
  9
$PLIMMIN
 10
0.0
 20
0.0
  9
$PLIMMAX
 10
420.0
 20
297.0
  9
$UNITMODE
 70
0
  9
$VISRETAIN
 70
1
  9
$PLINEGEN
 70
0
  9
$PSLTSCALE
 70
1
  9
$TREEDEPTH
 70
3020
  9
$CMLSTYLE
  2
Standard
  9
$CMLJUST
 70
0
  9
$CMLSCALE
 40
20.0
  9
$PROXYGRAPHICS
 70
1
  9
$MEASUREMENT
 70
1
  9
$CELWEIGHT
370
-1
  9
$ENDCAPS
280
0
  9
$JOINSTYLE
280
0
  9
$LWDISPLAY
290
1
  9
$INSUNITS
 70
4
  9
$HYPERLINKBASE
  1

  9
$STYLESHEET
  1

  9
$XEDIT
290
1
  9
$CEPSNTYPE
380
0
  9
$PSTYLEMODE
290
1
  9
$FINGERPRINTGUID
  2
{BFCCCB1B-28CC-42C7-9F42-FAABFD7565D5}
  9
$VERSIONGUID
  2
{B2CF9954-6020-491D-8DB9-5161525E23E1}
  9
$EXTNAMES
290
1
  9
$PSVPSCALE
 40
0.0
  9
$OLESTARTUP
290
0
  9
$SORTENTS
280
127
  9
$INDEXCTL
280
0
  9
$HIDETEXT
280
1
  9
$XCLIPFRAME
280
1
  9
$HALOGAP
280
0
  9
$OBSCOLOR
 70
257
  9
$OBSLTYPE
280
0
  9
$INTERSECTIONDISPLAY
280
0
  9
$INTERSECTIONCOLOR
 70
257
  9
$DIMASSOC
280
2
  9
$PROJECTNAME
  1

  9
$CAMERADISPLAY
290
0
  9
$LENSLENGTH
 40
50.0
  9
$CAMERAHEIGHT
 40
0.0
  9
$STEPSPERSEC
 40
24.0
  9
$STEPSIZE
 40
100.0
  9
$3DDWFPREC
 40
2.0
  9
$PSOLWIDTH
 40
0.005
  9
$PSOLHEIGHT
 40
0.08
  9
$LOFTANG1
 40
1.570796326795
  9
$LOFTANG2
 40
1.570796326795
  9
$LOFTMAG1
 40
0.0
  9
$LOFTMAG2
 40
0.0
  9
$LOFTPARAM
 70
7
  9
$LOFTNORMALS
280
1
  9
$LATITUDE
 40
37.795
  9
$LONGITUDE
 40
-122.394
  9
$NORTHDIRECTION
 40
0.0
  9
$TIMEZONE
 70
-8000
  9
$LIGHTGLYPHDISPLAY
280
1
  9
$TILEMODELIGHTSYNCH
280
1
  9
$CMATERIAL
347
20
  9
$SOLIDHIST
280
0
  9
$SHOWHIST
280
1
  9
$DWFFRAME
280
2
  9
$DGNFRAME
280
2
  9
$REALWORLDSCALE
290
1
  9
$INTERFERECOLOR
 62
256
  9
$CSHADOW
280
0
  9
$SHADOWPLANELOCATION
 40
0.0
  0
ENDSEC
  0
SECTION
  2
CLASSES
  0
CLASS
  1
ACDBDICTIONARYWDFLT
  2
AcDbDictionaryWithDefault
  3
ObjectDBX Classes
 90
0
 91
0
280
0
281
0
  0
CLASS
  1
SUN
  2
AcDbSun
  3
SCENEOE
 90
1153
 91
0
280
0
281
0
  0
CLASS
  1
VISUALSTYLE
  2
AcDbVisualStyle
  3
ObjectDBX Classes
 90
4095
 91
0
280
0
281
0
  0
CLASS
  1
MATERIAL
  2
AcDbMaterial
  3
ObjectDBX Classes
 90
1153
 91
0
280
0
281
0
  0
CLASS
  1
SCALE
  2
AcDbScale
  3
ObjectDBX Classes
 90
1153
 91
0
280
0
281
0
  0
CLASS
  1
TABLESTYLE
  2
AcDbTableStyle
  3
ObjectDBX Classes
 90
4095
 91
0
280
0
281
0
  0
CLASS
  1
MLEADERSTYLE
  2
AcDbMLeaderStyle
  3
ACDB_MLEADERSTYLE_CLASS
 90
4095
 91
0
280
0
281
0
  0
CLASS
  1
DICTIONARYVAR
  2
AcDbDictionaryVar
  3
ObjectDBX Classes
 90
0
 91
0
280
0
281
0
  0
CLASS
  1
CELLSTYLEMAP
  2
AcDbCellStyleMap
  3
ObjectDBX Classes
 90
1152
 91
0
280
0
281
0
  0
CLASS
  1
MENTALRAYRENDERSETTINGS
  2
AcDbMentalRayRenderSettings
  3
SCENEOE
 90
1024
 91
0
280
0
281
0
  0
CLASS
  1
ACDBDETAILVIEWSTYLE
  2
AcDbDetailViewStyle
  3
ObjectDBX Classes
 90
1025
 91
0
280
0
281
0
  0
CLASS
  1
ACDBSECTIONVIEWSTYLE
  2
AcDbSectionViewStyle
  3
ObjectDBX Classes
 90
1025
 91
0
280
0
281
0
  0
CLASS
  1
RASTERVARIABLES
  2
AcDbRasterVariables
  3
ISM
 90
0
 91
0
280
0
281
0
  0
CLASS
  1
LAYOUT
  2
AcDbLayout
  3
ObjectDBX Classes
 90
0
 91
0
280
0
281
0
  0
CLASS
  1
ACDBPLACEHOLDER
  2
AcDbPlaceHolder
  3
ObjectDBX Classes
 90
0
 91
0
280
0
281
0
  0
ENDSEC
  0
SECTION
  2
TABLES
  0
TABLE
  2
VPORT
  5
8
330
0
100
AcDbSymbolTable
 70
1
  0
VPORT
  5
23
330
8
100
AcDbSymbolTableRecord
100
AcDbViewportTableRecord
  2
*Active
 70
0
 10
0.0
 20
0.0
 11
1.0
 21
1.0
 12
0.0
 22
0.0
 13
0.0
 23
0.0
 14
0.5
 24
0.5
 15
0.5
 25
0.5
 16
0.0
 26
0.0
 36
1.0
 17
0.0
 27
0.0
 37
0.0
 40
1000.0
 41
1.34
 42
50.0
 43
0.0
 44
0.0
 50
0.0
 51
0.0
 71
0
 72
1000
 73
1
 74
3
 75
0
 76
0
 77
0
 78
0
281
0
 65
0
146
0.0
  0
ENDTAB
  0
TABLE
  2
LTYPE
  5
2
330
0
100
AcDbSymbolTable
 70
24
  0
LTYPE
  5
24
330
2
100
AcDbSymbolTableRecord
100
AcDbLinetypeTableRecord
  2
ByBlock
 70
0
  3

 72
65
 73
0
 40
0.0
  0
LTYPE
  5
25
330
2
100
AcDbSymbolTableRecord
100
AcDbLinetypeTableRecord
  2
ByLayer
 70
0
  3

 72
65
 73
0
 40
0.0
  0
LTYPE
  5
26
330
2
100
AcDbSymbolTableRecord
100
AcDbLinetypeTableRecord
  2
Continuous
 70
0
  3

 72
65
 73
0
 40
0.0
  0
LTYPE
  5
2F
330
2
100
AcDbSymbolTableRecord
100
AcDbLinetypeTableRecord
  2
CENTER
 70
0
  3
Center ____ _ ____ _ ____ _ ____ _ ____ _ ____
 72
65
 73
4
 40
5.08
 49
3.175
 74
0
 49
-0.635
 74
0
 49
0.635
 74
0
 49
-0.635
 74
0
  0
LTYPE
  5
30
330
2
100
AcDbSymbolTableRecord
100
AcDbLinetypeTableRecord
  2
CENTERX2
 70
0
  3
Center (2x) ________  __  ________  __  ________
 72
65
 73
4
 40
8.89
 49
6.35
 74
0
 49
-0.635
 74
0
 49
1.27
 74
0
 49
-0.635
 74
0
  0
LTYPE
  5
31
330
2
100
AcDbSymbolTableRecord
100
AcDbLinetypeTableRecord
  2
CENTER2
 70
0
  3
Center (.5x) ____ _ ____ _ ____ _ ____ _ ____
 72
65
 73
4
 40
2.54
 49
1.587
 74
0
 49
-0.318
 74
0
 49
0.318
 74
0
 49
-0.318
 74
0
  0
LTYPE
  5
32
330
2
100
AcDbSymbolTableRecord
100
AcDbLinetypeTableRecord
  2
DASHED
 70
0
  3
Dashed __ __ __ __ __ __ __ __ __ __ __ __ __ _
 72
65
 73
2
 40
1.524
 49
1.27
 74
0
 49
-0.254
 74
0
  0
LTYPE
  5
33
330
2
100
AcDbSymbolTableRecord
100
AcDbLinetypeTableRecord
  2
DASHEDX2
 70
0
  3
Dashed (2x) ____  ____  ____  ____  ____  ____
 72
65
 73
2
 40
3.048
 49
2.54
 74
0
 49
-0.508
 74
0
  0
LTYPE
  5
34
330
2
100
AcDbSymbolTableRecord
100
AcDbLinetypeTableRecord
  2
DASHED2
 70
0
  3
Dashed (.5x) _ _ _ _ _ _ _ _ _ _ _ _ _ _
 72
65
 73
2
 40
0.762
 49
0.635
 74
0
 49
-0.127
 74
0
  0
LTYPE
  5
35
330
2
100
AcDbSymbolTableRecord
100
AcDbLinetypeTableRecord
  2
PHANTOM
 70
0
  3
Phantom ______  __  __  ______  __  __  ______
 72
65
 73
6
 40
6.35
 49
3.175
 74
0
 49
-0.635
 74
0
 49
0.635
 74
0
 49
-0.635
 74
0
 49
0.635
 74
0
 49
-0.635
 74
0
  0
LTYPE
  5
36
330
2
100
AcDbSymbolTableRecord
100
AcDbLinetypeTableRecord
  2
PHANTOMX2
 70
0
  3
Phantom (2x)____________    ____    ____    ____________
 72
65
 73
6
 40
10.795
 49
6.35
 74
0
 49
-0.635
 74
0
 49
1.27
 74
0
 49
-0.635
 74
0
 49
1.27
 74
0
 49
-0.635
 74
0
  0
LTYPE
  5
37
330
2
100
AcDbSymbolTableRecord
100
AcDbLinetypeTableRecord
  2
PHANTOM2
 70
0
  3
Phantom (.5x) ___ _ _ ___ _ _ ___ _ _ ___ _ _ ___
 72
65
 73
6
 40
3.175
 49
1.587
 74
0
 49
-0.318
 74
0
 49
0.318
 74
0
 49
-0.318
 74
0
 49
0.318
 74
0
 49
-0.318
 74
0
  0
LTYPE
  5
38
330
2
100
AcDbSymbolTableRecord
100
AcDbLinetypeTableRecord
  2
DASHDOT
 70
0
  3
Dash dot __ . __ . __ . __ . __ . __ . __ . __
 72
65
 73
4
 40
3.556
 49
2.54
 74
0
 49
-0.508
 74
0
 49
0.0
 74
0
 49
-0.508
 74
0
  0
LTYPE
  5
39
330
2
100
AcDbSymbolTableRecord
100
AcDbLinetypeTableRecord
  2
DASHDOTX2
 70
0
  3
Dash dot (2x) ____  .  ____  .  ____  .  ____
 72
65
 73
4
 40
6.096
 49
5.08
 74
0
 49
-0.508
 74
0
 49
0.0
 74
0
 49
-0.508
 74
0
  0
LTYPE
  5
3A
330
2
100
AcDbSymbolTableRecord
100
AcDbLinetypeTableRecord
  2
DASHDOT2
 70
0
  3
Dash dot (.5x) _ . _ . _ . _ . _ . _ . _ . _
 72
65
 73
4
 40
1.778
 49
1.27
 74
0
 49
-0.254
 74
0
 49
0.0
 74
0
 49
-0.254
 74
0
  0
LTYPE
  5
3B
330
2
100
AcDbSymbolTableRecord
100
AcDbLinetypeTableRecord
  2
DOT
 70
0
  3
Dot .  .  .  .  .  .  .  .  .  .  .  .  .  .  .  .
 72
65
 73
2
 40
0.508
 49
0.0
 74
0
 49
-0.508
 74
0
  0
LTYPE
  5
3C
330
2
100
AcDbSymbolTableRecord
100
AcDbLinetypeTableRecord
  2
DOTX2
 70
0
  3
Dot (2x) .    .    .    .    .    .    .    . 
 72
65
 73
2
 40
1.016
 49
0.0
 74
0
 49
-1.016
 74
0
  0
LTYPE
  5
3D
330
2
100
AcDbSymbolTableRecord
100
AcDbLinetypeTableRecord
  2
DOT2
 70
0
  3
Dot (.5) . . . . . . . . . . . . . . . . . . . 
 72
65
 73
2
 40
0.254
 49
0.0
 74
0
 49
-0.254
 74
0
  0
LTYPE
  5
3E
330
2
100
AcDbSymbolTableRecord
100
AcDbLinetypeTableRecord
  2
DIVIDE
 70
0
  3
Divide __ . . __ . . __ . . __ . . __ . . __
 72
65
 73
6
 40
4.064
 49
2.54
 74
0
 49
-0.508
 74
0
 49
0.0
 74
0
 49
-0.508
 74
0
 49
0.0
 74
0
 49
-0.508
 74
0
  0
LTYPE
  5
3F
330
2
100
AcDbSymbolTableRecord
100
AcDbLinetypeTableRecord
  2
DIVIDEX2
 70
0
  3
Divide (2x) ____  . .  ____  . .  ____  . .  ____
 72
65
 73
6
 40
6.604
 49
5.08
 74
0
 49
-0.508
 74
0
 49
0.0
 74
0
 49
-0.508
 74
0
 49
0.0
 74
0
 49
-0.508
 74
0
  0
LTYPE
  5
40
330
2
100
AcDbSymbolTableRecord
100
AcDbLinetypeTableRecord
  2
DIVIDE2
 70
0
  3
Divide(.5x) _ . _ . _ . _ . _ . _ . _ . _
 72
65
 73
6
 40
2.032
 49
1.27
 74
0
 49
-0.254
 74
0
 49
0.0
 74
0
 49
-0.254
 74
0
 49
0.0
 74
0
 49
-0.254
 74
0
  0
LTYPE
  5
8A
330
2
100
AcDbSymbolTableRecord
100
AcDbLinetypeTableRecord
  2
GB_HIDDEN
 70
0
  3
虚线 __ __
 72
65
 73
2
 40
5.0
 49
4.0
 74
0
 49
-1.0
 74
0
  0
LTYPE
  5
8B
330
2
100
AcDbSymbolTableRecord
100
AcDbLinetypeTableRecord
  2
GB_CENTER
 70
0
  3
点划线 ___ . ___
 72
65
 73
4
 40
20.0
 49
15.0
 74
0
 49
-2.0
 74
0
 49
1.0
 74
0
 49
-2.0
 74
0
  0
LTYPE
  5
8C
330
2
100
AcDbSymbolTableRecord
100
AcDbLinetypeTableRecord
  2
GB_PHANTOM
 70
0
  3
双点划线 ___ . . ___
 72
65
 73
6
 40
23.0
 49
15.0
 74
0
 49
-2.0
 74
0
 49
1.0
 74
0
 49
-2.0
 74
0
 49
1.0
 74
0
 49
-2.0
 74
0
  0
ENDTAB
  0
TABLE
  2
LAYER
  5
1
330
0
100
AcDbSymbolTable
 70
10
  0
LAYER
  5
27
330
1
100
AcDbSymbolTableRecord
100
AcDbLayerTableRecord
  2
0
 70
0
 62
7
  6
Continuous
370
-3
390
13
347
21
  0
LAYER
  5
28
330
1
100
AcDbSymbolTableRecord
100
AcDbLayerTableRecord
  2
Defpoints
 70
0
 62
7
  6
Continuous
290
0
370
-3
390
13
347
21
  0
LAYER
  5
8E
330
1
100
AcDbSymbolTableRecord
100
AcDbLayerTableRecord
  2
OUTLINE
 70
0
 62
7
  6
Continuous
370
50
390
13
347
21
  0
LAYER
  5
8F
330
1
100
AcDbSymbolTableRecord
100
AcDbLayerTableRecord
  2
HIDDEN
 70
0
 62
7
  6
GB_HIDDEN
370
25
390
13
347
21
  0
LAYER
  5
90
330
1
100
AcDbSymbolTableRecord
100
AcDbLayerTableRecord
  2
CENTER
 70
0
 62
7
  6
GB_CENTER
370
18
390
13
347
21
  0
LAYER
  5
91
330
1
100
AcDbSymbolTableRecord
100
AcDbLayerTableRecord
  2
DIM
 70
0
 62
7
  6
Continuous
370
18
390
13
347
21
  0
LAYER
  5
92
330
1
100
AcDbSymbolTableRecord
100
AcDbLayerTableRecord
  2
TEXT
 70
0
 62
7
  6
Continuous
370
25
390
13
347
21
  0
LAYER
  5
93
330
1
100
AcDbSymbolTableRecord
100
AcDbLayerTableRecord
  2
MARK
 70
0
 62
7
  6
GB_PHANTOM
370
25
390
13
347
21
  0
LAYER
  5
94
330
1
100
AcDbSymbolTableRecord
100
AcDbLayerTableRecord
  2
THIN
 70
0
 62
7
  6
Continuous
370
18
390
13
347
21
  0
LAYER
  5
95
330
1
100
AcDbSymbolTableRecord
100
AcDbLayerTableRecord
  2
FRAME
 70
0
 62
7
  6
Continuous
370
70
390
13
347
21
  0
ENDTAB
  0
TABLE
  2
STYLE
  5
5
330
0
100
AcDbSymbolTable
 70
27
  0
STYLE
  5
29
330
5
100
AcDbSymbolTableRecord
100
AcDbTextStyleTableRecord
  2
Standard
 70
0
 40
0.0
 41
1.0
 50
0.0
 71
0
 42
2.5
  3
txt
  4

  0
STYLE
  5
41
330
5
100
AcDbSymbolTableRecord
100
AcDbTextStyleTableRecord
  2
OpenSans-Light
 70
0
 40
0.0
 41
1.0
 50
0.0
 71
0
 42
2.5
  3
OpenSans-Light.ttf
  4

  0
STYLE
  5
42
330
5
100
AcDbSymbolTableRecord
100
AcDbTextStyleTableRecord
  2
OpenSans-Light-Italic
 70
0
 40
0.0
 41
1.0
 50
0.0
 71
0
 42
2.5
  3
OpenSans-LightItalic.ttf
  4

  0
STYLE
  5
43
330
5
100
AcDbSymbolTableRecord
100
AcDbTextStyleTableRecord
  2
OpenSans
 70
0
 40
0.0
 41
1.0
 50
0.0
 71
0
 42
2.5
  3
OpenSans-Regular.ttf
  4

  0
STYLE
  5
44
330
5
100
AcDbSymbolTableRecord
100
AcDbTextStyleTableRecord
  2
OpenSans-Italic
 70
0
 40
0.0
 41
1.0
 50
0.0
 71
0
 42
2.5
  3
OpenSans-Italic.ttf
  4

  0
STYLE
  5
45
330
5
100
AcDbSymbolTableRecord
100
AcDbTextStyleTableRecord
  2
OpenSans-SemiBold
 70
0
 40
0.0
 41
1.0
 50
0.0
 71
0
 42
2.5
  3
OpenSans-SemiBold.ttf
  4

  0
STYLE
  5
46
330
5
100
AcDbSymbolTableRecord
100
AcDbTextStyleTableRecord
  2
OpenSans-SemiBoldItalic
 70
0
 40
0.0
 41
1.0
 50
0.0
 71
0
 42
2.5
  3
OpenSans-SemiBoldItalic.ttf
  4

  0
STYLE
  5
47
330
5
100
AcDbSymbolTableRecord
100
AcDbTextStyleTableRecord
  2
OpenSans-Bold
 70
0
 40
0.0
 41
1.0
 50
0.0
 71
0
 42
2.5
  3
OpenSans-Bold.ttf
  4

  0
STYLE
  5
48
330
5
100
AcDbSymbolTableRecord
100
AcDbTextStyleTableRecord
  2
OpenSans-BoldItalic
 70
0
 40
0.0
 41
1.0
 50
0.0
 71
0
 42
2.5
  3
OpenSans-BoldItalic.ttf
  4

  0
STYLE
  5
49
330
5
100
AcDbSymbolTableRecord
100
AcDbTextStyleTableRecord
  2
OpenSans-ExtraBold
 70
0
 40
0.0
 41
1.0
 50
0.0
 71
0
 42
2.5
  3
OpenSans-ExtraBold.ttf
  4

  0
STYLE
  5
4A
330
5
100
AcDbSymbolTableRecord
100
AcDbTextStyleTableRecord
  2
OpenSans-ExtraBoldItalic
 70
0
 40
0.0
 41
1.0
 50
0.0
 71
0
 42
2.5
  3
OpenSans-ExtraBoldItalic.ttf
  4

  0
STYLE
  5
4B
330
5
100
AcDbSymbolTableRecord
100
AcDbTextStyleTableRecord
  2
OpenSansCondensed-Bold
 70
0
 40
0.0
 41
1.0
 50
0.0
 71
0
 42
2.5
  3
OpenSansCondensed-Bold.ttf
  4

  0
STYLE
  5
4C
330
5
100
AcDbSymbolTableRecord
100
AcDbTextStyleTableRecord
  2
OpenSansCondensed-Light
 70
0
 40
0.0
 41
1.0
 50
0.0
 71
0
 42
2.5
  3
OpenSansCondensed-Light.ttf
  4

  0
STYLE
  5
4D
330
5
100
AcDbSymbolTableRecord
100
AcDbTextStyleTableRecord
  2
OpenSansCondensed-Italic
 70
0
 40
0.0
 41
1.0
 50
0.0
 71
0
 42
2.5
  3
OpenSansCondensed-LightItalic.ttf
  4

  0
STYLE
  5
4E
330
5
100
AcDbSymbolTableRecord
100
AcDbTextStyleTableRecord
  2
LiberationSans
 70
0
 40
0.0
 41
1.0
 50
0.0
 71
0
 42
2.5
  3
LiberationSans-Regular.ttf
  4

  0
STYLE
  5
4F
330
5
100
AcDbSymbolTableRecord
100
AcDbTextStyleTableRecord
  2
LiberationSans-Bold
 70
0
 40
0.0
 41
1.0
 50
0.0
 71
0
 42
2.5
  3
LiberationSans-Bold.ttf
  4

  0
STYLE
  5
50
330
5
100
AcDbSymbolTableRecord
100
AcDbTextStyleTableRecord
  2
LiberationSans-BoldItalic
 70
0
 40
0.0
 41
1.0
 50
0.0
 71
0
 42
2.5
  3
LiberationSans-BoldItalic.ttf
  4

  0
STYLE
  5
51
330
5
100
AcDbSymbolTableRecord
100
AcDbTextStyleTableRecord
  2
LiberationSans-Italic
 70
0
 40
0.0
 41
1.0
 50
0.0
 71
0
 42
2.5
  3
LiberationSans-Italic.ttf
  4

  0
STYLE
  5
52
330
5
100
AcDbSymbolTableRecord
100
AcDbTextStyleTableRecord
  2
LiberationSerif
 70
0
 40
0.0
 41
1.0
 50
0.0
 71
0
 42
2.5
  3
LiberationSerif-Regular.ttf
  4

  0
STYLE
  5
53
330
5
100
AcDbSymbolTableRecord
100
AcDbTextStyleTableRecord
  2
LiberationSerif-Bold
 70
0
 40
0.0
 41
1.0
 50
0.0
 71
0
 42
2.5
  3
LiberationSerif-Bold.ttf
  4

  0
STYLE
  5
54
330
5
100
AcDbSymbolTableRecord
100
AcDbTextStyleTableRecord
  2
LiberationSerif-BoldItalic
 70
0
 40
0.0
 41
1.0
 50
0.0
 71
0
 42
2.5
  3
LiberationSerif-BoldItalic.ttf
  4

  0
STYLE
  5
55
330
5
100
AcDbSymbolTableRecord
100
AcDbTextStyleTableRecord
  2
LiberationSerif-Italic
 70
0
 40
0.0
 41
1.0
 50
0.0
 71
0
 42
2.5
  3
LiberationSerif-Italic.ttf
  4

  0
STYLE
  5
56
330
5
100
AcDbSymbolTableRecord
100
AcDbTextStyleTableRecord
  2
LiberationMono
 70
0
 40
0.0
 41
1.0
 50
0.0
 71
0
 42
2.5
  3
LiberationMono-Regular.ttf
  4

  0
STYLE
  5
57
330
5
100
AcDbSymbolTableRecord
100
AcDbTextStyleTableRecord
  2
LiberationMono-Bold
 70
0
 40
0.0
 41
1.0
 50
0.0
 71
0
 42
2.5
  3
LiberationMono-Bold.ttf
  4

  0
STYLE
  5
58
330
5
100
AcDbSymbolTableRecord
100
AcDbTextStyleTableRecord
  2
LiberationMono-BoldItalic
 70
0
 40
0.0
 41
1.0
 50
0.0
 71
0
 42
2.5
  3
LiberationMono-BoldItalic.ttf
  4

  0
STYLE
  5
59
330
5
100
AcDbSymbolTableRecord
100
AcDbTextStyleTableRecord
  2
LiberationMono-Italic
 70
0
 40
0.0
 41
1.0
 50
0.0
 71
0
 42
2.5
  3
LiberationMono-Italic.ttf
  4

  0
STYLE
  5
8D
330
5
100
AcDbSymbolTableRecord
100
AcDbTextStyleTableRecord
  2
CJK
 70
0
 40
0.0
 41
1.0
 50
0.0
 71
0
 42
2.5
  3
wqy-zenhei.ttc
  4

  0
ENDTAB
  0
TABLE
  2
VIEW
  5
7
330
0
100
AcDbSymbolTable
 70
0
  0
ENDTAB
  0
TABLE
  2
UCS
  5
6
330
0
100
AcDbSymbolTable
 70
0
  0
ENDTAB
  0
TABLE
  2
APPID
  5
3
330
0
100
AcDbSymbolTable
 70
3
  0
APPID
  5
2A
330
3
100
AcDbSymbolTableRecord
100
AcDbRegAppTableRecord
  2
ACAD
 70
0
  0
APPID
  5
69C
330
3
100
AcDbSymbolTableRecord
100
AcDbRegAppTableRecord
  2
HATCHBACKGROUNDCOLOR
 70
0
  0
APPID
  5
69D
330
3
100
AcDbSymbolTableRecord
100
AcDbRegAppTableRecord
  2
EZDXF
 70
0
  0
ENDTAB
  0
TABLE
  2
DIMSTYLE
  5
4
330
0
100
AcDbSymbolTable
 70
13
100
AcDbDimStyleTable
  0
DIMSTYLE
105
2B
330
4
100
AcDbSymbolTableRecord
100
AcDbDimStyleTableRecord
  2
Standard
 70
0
 40
1.0
 41
2.5
 42
0.625
 43
3.75
 44
1.25
 45
0.0
 46
0.0
 47
0.0
 48
0.0
 49
2.5
140
2.5
141
2.5
142
0.0
143
0.03937007874
144
1.0
145
0.0
146
1.0
147
0.625
148
0.0
 69
0
 70
0
 71
0
 72
0
 73
0
 74
0
 75
0
 76
0
 77
1
 78
8
 79
3
170
0
171
3
172
1
173
0
174
0
175
0
176
0
177
0
178
0
179
2
271
2
272
2
273
2
274
3
275
0
276
0
277
2
278
44
279
0
280
0
281
0
282
0
283
0
284
8
285
0
286
0
288
0
289
3
290
0
371
-2
372
-2
  0
DIMSTYLE
105
73
330
4
100
AcDbSymbolTableRecord
100
AcDbDimStyleTableRecord
  2
EZDXF
 70
0
 40
1.0
 41
0.175
 42
0.125
 43
3.75
 44
0.375
 45
0.0
 46
0.0
 47
0.0
 48
0.0
 49
2.5
140
0.25
141
2.5
142
0.0
143
0.03937007874
144
100.0
145
0.0
146
0.5
147
0.1
148
0.0
 69
0
 70
0
 71
0
 72
0
 73
0
 74
0
 75
0
 76
0
 77
1
 78
12
 79
3
170
0
171
3
172
1
173
0
174
0
175
0
176
0
177
0
178
0
179
2
271
2
272
2
273
2
274
3
275
0
276
0
277
2
278
46
279
2
280
0
281
0
282
0
283
0
284
8
285
0
286
0
288
1
289
3
290
0
340
4C
342
74
371
-2
372
-2
  0
DIMSTYLE
105
7C
330
4
100
AcDbSymbolTableRecord
100
AcDbDimStyleTableRecord
  2
EZ_M_100_H25_CM
 70
0
 40
1.0
 41
0.25
 42
0.125
 43
3.75
 44
0.375
 45
0.0
 46
0.0
 47
0.0
 48
0.0
 49
2.5
140
0.25
141
2.5
142
0.125
143
0.03937007874
144
100.0
145
0.0
146
0.5
147
0.1
148
0.0
 69
0
 70
0
 71
0
 72
0
 73
0
 74
0
 75
0
 76
0
 77
1
 78
12
 79
3
170
0
171
3
172
1
173
0
174
0
175
0
176
0
177
0
178
0
179
2
271
2
272
2
273
2
274
3
275
0
276
0
277
2
278
46
279
2
280
0
281
0
282
0
283
0
284
8
285
0
286
0
288
1
289
3
290
0
340
4C
371
-2
372
-2
  0
DIMSTYLE
105
7D
330
4
100
AcDbSymbolTableRecord
100
AcDbDimStyleTableRecord
  2
EZ_M_50_H25_CM
 70
0
 40
1.0
 41
0.125
 42
0.0625
 43
3.75
 44
0.1875
 45
0.0
 46
0.0
 47
0.0
 48
0.0
 49
2.5
140
0.125
141
2.5
142
0.0625
143
0.03937007874
144
100.0
145
0.0
146
0.5
147
0.05
148
0.0
 69
0
 70
0
 71
0
 72
0
 73
0
 74
0
 75
0
 76
0
 77
1
 78
12
 79
3
170
0
171
3
172
1
173
0
174
0
175
0
176
0
177
0
178
0
179
2
271
2
272
2
273
2
274
3
275
0
276
0
277
2
278
46
279
2
280
0
281
0
282
0
283
0
284
8
285
0
286
0
288
1
289
3
290
0
340
4C
371
-2
372
-2
  0
DIMSTYLE
105
7E
330
4
100
AcDbSymbolTableRecord
100
AcDbDimStyleTableRecord
  2
EZ_M_25_H25_CM
 70
0
 40
1.0
 41
0.0625
 42
0.03125
 43
3.75
 44
0.09375
 45
0.0
 46
0.0
 47
0.0
 48
0.0
 49
2.5
140
0.0625
141
2.5
142
0.03125
143
0.03937007874
144
100.0
145
0.0
146
0.5
147
0.025
148
0.0
 69
0
 70
0
 71
0
 72
0
 73
0
 74
0
 75
0
 76
0
 77
1
 78
12
 79
3
170
0
171
3
172
1
173
0
174
0
175
0
176
0
177
0
178
0
179
2
271
2
272
2
273
2
274
3
275
0
276
0
277
2
278
46
279
2
280
0
281
0
282
0
283
0
284
8
285
0
286
0
288
1
289
3
290
0
340
4C
371
-2
372
-2
  0
DIMSTYLE
105
7F
330
4
100
AcDbSymbolTableRecord
100
AcDbDimStyleTableRecord
  2
EZ_M_20_H25_CM
 70
0
 40
1.0
 41
0.05
 42
0.025
 43
3.75
 44
0.07500000000000001
 45
0.0
 46
0.0
 47
0.0
 48
0.0
 49
2.5
140
0.05
141
2.5
142
0.025
143
0.03937007874
144
100.0
145
0.0
146
0.5
147
0.020000000000000004
148
0.0
 69
0
 70
0
 71
0
 72
0
 73
0
 74
0
 75
0
 76
0
 77
1
 78
12
 79
3
170
0
171
3
172
1
173
0
174
0
175
0
176
0
177
0
178
0
179
2
271
2
272
2
273
2
274
3
275
0
276
0
277
2
278
46
279
2
280
0
281
0
282
0
283
0
284
8
285
0
286
0
288
1
289
3
290
0
340
4C
371
-2
372
-2
  0
DIMSTYLE
105
80
330
4
100
AcDbSymbolTableRecord
100
AcDbDimStyleTableRecord
  2
EZ_M_10_H25_CM
 70
0
 40
1.0
 41
0.025
 42
0.0125
 43
3.75
 44
0.037500000000000006
 45
0.0
 46
0.0
 47
0.0
 48
0.0
 49
2.5
140
0.025
141
2.5
142
0.0125
143
0.03937007874
144
100.0
145
0.0
146
0.5
147
0.010000000000000002
148
0.0
 69
0
 70
0
 71
0
 72
0
 73
0
 74
0
 75
0
 76
0
 77
1
 78
12
 79
3
170
0
171
3
172
1
173
0
174
0
175
0
176
0
177
0
178
0
179
2
271
2
272
2
273
2
274
3
275
0
276
0
277
2
278
46
279
2
280
0
281
0
282
0
283
0
284
8
285
0
286
0
288
1
289
3
290
0
340
4C
371
-2
372
-2
  0
DIMSTYLE
105
81
330
4
100
AcDbSymbolTableRecord
100
AcDbDimStyleTableRecord
  2
EZ_M_5_H25_CM
 70
0
 40
1.0
 41
0.0125
 42
0.00625
 43
3.75
 44
0.018750000000000003
 45
0.0
 46
0.0
 47
0.0
 48
0.0
 49
2.5
140
0.0125
141
2.5
142
0.00625
143
0.03937007874
144
100.0
145
0.0
146
0.5
147
0.005000000000000001
148
0.0
 69
0
 70
0
 71
0
 72
0
 73
0
 74
0
 75
0
 76
0
 77
1
 78
12
 79
3
170
0
171
3
172
1
173
0
174
0
175
0
176
0
177
0
178
0
179
2
271
2
272
2
273
2
274
3
275
0
276
0
277
2
278
46
279
2
280
0
281
0
282
0
283
0
284
8
285
0
286
0
288
1
289
3
290
0
340
4C
371
-2
372
-2
  0
DIMSTYLE
105
82
330
4
100
AcDbSymbolTableRecord
100
AcDbDimStyleTableRecord
  2
EZ_M_1_H25_CM
 70
0
 40
1.0
 41
0.0025
 42
0.00125
 43
3.75
 44
0.00375
 45
0.0
 46
0.0
 47
0.0
 48
0.0
 49
2.5
140
0.0025
141
2.5
142
0.00125
143
0.03937007874
144
100.0
145
0.0
146
0.5
147
0.001
148
0.0
 69
0
 70
0
 71
0
 72
0
 73
0
 74
0
 75
0
 76
0
 77
1
 78
12
 79
3
170
0
171
3
172
1
173
0
174
0
175
0
176
0
177
0
178
0
179
2
271
2
272
2
273
2
274
3
275
0
276
0
277
2
278
46
279
2
280
0
281
0
282
0
283
0
284
8
285
0
286
0
288
1
289
3
290
0
340
4C
371
-2
372
-2
  0
DIMSTYLE
105
83
330
4
100
AcDbSymbolTableRecord
100
AcDbDimStyleTableRecord
  2
EZ_RADIUS
 70
0
 40
1.0
 41
0.25
 42
0.125
 43
3.75
 44
0.375
 45
0.0
 46
0.0
 47
0.0
 48
0.0
 49
2.5
140
0.25
141
0.0
142
0.0
143
0.03937007874
144
100.0
145
0.0
146
0.5
147
0.1
148
0.0
 69
0
 70
0
 71
0
 72
0
 73
0
 74
0
 75
0
 76
0
 77
1
 78
12
 79
3
170
0
171
3
172
0
173
0
174
0
175
0
176
0
177
0
178
0
179
2
271
2
272
2
273
2
274
3
275
0
276
0
277
2
278
46
279
1
280
0
281
0
282
0
283
0
284
8
285
0
286
0
288
1
289
3
290
0
340
4C
342
84
371
-2
372
-2
  0
DIMSTYLE
105
88
330
4
100
AcDbSymbolTableRecord
100
AcDbDimStyleTableRecord
  2
EZ_RADIUS_INSIDE
 70
0
 40
1.0
 41
0.25
 42
0.125
 43
3.75
 44
0.375
 45
0.0
 46
0.0
 47
0.0
 48
0.0
 49
2.5
140
0.25
141
0.0
142
0.0
143
0.03937007874
144
100.0
145
0.0
146
0.5
147
0.1
148
0.0
 69
0
 70
0
 71
0
 72
0
 73
0
 74
0
 75
0
 76
0
 77
0
 78
12
 79
3
170
0
171
3
172
0
173
0
174
1
175
0
176
0
177
0
178
0
179
2
271
2
272
2
273
2
274
3
275
0
276
0
277
2
278
46
279
0
280
0
281
0
282
0
283
0
284
8
285
0
286
0
288
1
289
0
290
0
340
4C
342
84
371
-2
372
-2
  0
DIMSTYLE
105
89
330
4
100
AcDbSymbolTableRecord
100
AcDbDimStyleTableRecord
  2
EZ_CURVED
 70
0
 40
1.0
 41
0.25
 42
0.125
 43
3.75
 44
0.375
 45
0.0
 46
0.0
 47
0.0
 48
0.0
 49
2.5
140
0.25
141
2.5
142
0.0
143
0.03937007874
144
100.0
145
0.0
146
0.5
147
0.1
148
0.0
 69
0
 70
0
 71
0
 72
0
 73
0
 74
0
 75
0
 76
0
 77
1
 78
12
 79
2
 90
2
170
0
171
3
172
1
173
0
174
0
175
0
176
0
177
0
178
0
179
2
271
2
272
2
273
2
274
3
275
0
276
0
277
2
278
46
279
2
280
0
281
0
282
0
283
0
284
8
285
0
286
0
288
1
289
3
290
0
340
4C
371
-2
372
-2
  0
DIMSTYLE
105
96
330
4
100
AcDbSymbolTableRecord
100
AcDbDimStyleTableRecord
  2
GB
 70
0
 40
4.0
 41
2.5
 42
1.0
 43
3.75
 44
1.5
 45
0.0
 46
0.0
 47
0.0
 48
0.0
 49
2.5
140
2.5
141
2.5
142
0.0
143
0.03937007874
144
1.0
145
0.0
146
1.0
147
0.8
148
0.0
 69
0
 70
0
 71
0
 72
0
 73
0
 74
0
 75
0
 76
0
 77
1
 78
8
 79
3
170
0
171
3
172
1
173
0
174
0
175
0
176
0
177
0
178
0
179
2
271
1
272
2
273
2
274
3
275
0
276
0
277
2
278
46
279
0
280
0
281
0
282
0
283
0
284
8
285
0
286
0
288
0
289
3
290
0
340
8D
371
18
372
18
  0
ENDTAB
  0
TABLE
  2
BLOCK_RECORD
  5
9
330
0
100
AcDbSymbolTable
 70
71
  0
BLOCK_RECORD
  5
17
330
9
100
AcDbSymbolTableRecord
100
AcDbBlockTableRecord
  2
*Model_Space
340
1A
 70
0
280
1
281
0
  0
BLOCK_RECORD
  5
1B
330
9
100
AcDbSymbolTableRecord
100
AcDbBlockTableRecord
  2
*Paper_Space
340
1E
 70
0
280
1
281
0
  0
BLOCK_RECORD
  5
74
330
9
100
AcDbSymbolTableRecord
100
AcDbBlockTableRecord
  2
_ARCHTICK
340
0
 70
0
280
1
281
0
  0
BLOCK_RECORD
  5
78
330
9
100
AcDbSymbolTableRecord
100
AcDbBlockTableRecord
  2
_CLOSEDFILLED
340
0
 70
0
280
1
281
0
  0
BLOCK_RECORD
  5
84
330
9
100
AcDbSymbolTableRecord
100
AcDbBlockTableRecord
  2
_CLOSEDBLANK
340
0
 70
0
280
1
281
0
  0
BLOCK_RECORD
  5
112
330
9
100
AcDbSymbolTableRecord
100
AcDbBlockTableRecord
  2
*D1
340
0
 70
0
280
1
281
0
  0
BLOCK_RECORD
  5
121
330
9
100
AcDbSymbolTableRecord
100
AcDbBlockTableRecord
  2
*D2
340
0
 70
0
280
1
281
0
  0
BLOCK_RECORD
  5
130
330
9
100
AcDbSymbolTableRecord
100
AcDbBlockTableRecord
  2
*D3
340
0
 70
0
280
1
281
0
  0
BLOCK_RECORD
  5
13F
330
9
100
AcDbSymbolTableRecord
100
AcDbBlockTableRecord
  2
*D4
340
0
 70
0
280
1
281
0
  0
BLOCK_RECORD
  5
14E
330
9
100
AcDbSymbolTableRecord
100
AcDbBlockTableRecord
  2
*D5
340
0
 70
0
280
1
281
0
  0
BLOCK_RECORD
  5
15D
330
9
100
AcDbSymbolTableRecord
100
AcDbBlockTableRecord
  2
*D6
340
0
 70
0
280
1
281
0
  0
BLOCK_RECORD
  5
16C
330
9
100
AcDbSymbolTableRecord
100
AcDbBlockTableRecord
  2
*D7
340
0
 70
0
280
1
281
0
  0
BLOCK_RECORD
  5
17B
330
9
100
AcDbSymbolTableRecord
100
AcDbBlockTableRecord
  2
*D8
340
0
 70
0
280
1
281
0
  0
BLOCK_RECORD
  5
18A
330
9
100
AcDbSymbolTableRecord
100
AcDbBlockTableRecord
  2
*D9
340
0
 70
0
280
1
281
0
  0
BLOCK_RECORD
  5
199
330
9
100
AcDbSymbolTableRecord
100
AcDbBlockTableRecord
  2
*D10
340
0
 70
0
280
1
281
0
  0
BLOCK_RECORD
  5
1A8
330
9
100
AcDbSymbolTableRecord
100
AcDbBlockTableRecord
  2
*D11
340
0
 70
0
280
1
281
0
  0
BLOCK_RECORD
  5
1B7
330
9
100
AcDbSymbolTableRecord
100
AcDbBlockTableRecord
  2
*D12
340
0
 70
0
280
1
281
0
  0
BLOCK_RECORD
  5
1C6
330
9
100
AcDbSymbolTableRecord
100
AcDbBlockTableRecord
  2
*D13
340
0
 70
0
280
1
281
0
  0
BLOCK_RECORD
  5
1D5
330
9
100
AcDbSymbolTableRecord
100
AcDbBlockTableRecord
  2
*D14
340
0
 70
0
280
1
281
0
  0
BLOCK_RECORD
  5
1E4
330
9
100
AcDbSymbolTableRecord
100
AcDbBlockTableRecord
  2
*D15
340
0
 70
0
280
1
281
0
  0
BLOCK_RECORD
  5
1F4
330
9
100
AcDbSymbolTableRecord
100
AcDbBlockTableRecord
  2
*D16
340
0
 70
0
280
1
281
0
  0
BLOCK_RECORD
  5
203
330
9
100
AcDbSymbolTableRecord
100
AcDbBlockTableRecord
  2
*D17
340
0
 70
0
280
1
281
0
  0
BLOCK_RECORD
  5
212
330
9
100
AcDbSymbolTableRecord
100
AcDbBlockTableRecord
  2
*D18
340
0
 70
0
280
1
281
0
  0
BLOCK_RECORD
  5
25D
330
9
100
AcDbSymbolTableRecord
100
AcDbBlockTableRecord
  2
*D19
340
0
 70
0
280
1
281
0
  0
BLOCK_RECORD
  5
26C
330
9
100
AcDbSymbolTableRecord
100
AcDbBlockTableRecord
  2
*D20
340
0
 70
0
280
1
281
0
  0
BLOCK_RECORD
  5
27B
330
9
100
AcDbSymbolTableRecord
100
AcDbBlockTableRecord
  2
*D21
340
0
 70
0
280
1
281
0
  0
BLOCK_RECORD
  5
28A
330
9
100
AcDbSymbolTableRecord
100
AcDbBlockTableRecord
  2
*D22
340
0
 70
0
280
1
281
0
  0
BLOCK_RECORD
  5
299
330
9
100
AcDbSymbolTableRecord
100
AcDbBlockTableRecord
  2
*D23
340
0
 70
0
280
1
281
0
  0
BLOCK_RECORD
  5
2E2
330
9
100
AcDbSymbolTableRecord
100
AcDbBlockTableRecord
  2
*D24
340
0
 70
0
280
1
281
0
  0
BLOCK_RECORD
  5
2F1
330
9
100
AcDbSymbolTableRecord
100
AcDbBlockTableRecord
  2
*D25
340
0
 70
0
280
1
281
0
  0
BLOCK_RECORD
  5
300
330
9
100
AcDbSymbolTableRecord
100
AcDbBlockTableRecord
  2
*D26
340
0
 70
0
280
1
281
0
  0
BLOCK_RECORD
  5
30F
330
9
100
AcDbSymbolTableRecord
100
AcDbBlockTableRecord
  2
*D27
340
0
 70
0
280
1
281
0
  0
BLOCK_RECORD
  5
31E
330
9
100
AcDbSymbolTableRecord
100
AcDbBlockTableRecord
  2
*D28
340
0
 70
0
280
1
281
0
  0
BLOCK_RECORD
  5
32D
330
9
100
AcDbSymbolTableRecord
100
AcDbBlockTableRecord
  2
*D29
340
0
 70
0
280
1
281
0
  0
BLOCK_RECORD
  5
344
330
9
100
AcDbSymbolTableRecord
100
AcDbBlockTableRecord
  2
*D30
340
0
 70
0
280
1
281
0
  0
BLOCK_RECORD
  5
353
330
9
100
AcDbSymbolTableRecord
100
AcDbBlockTableRecord
  2
*D31
340
0
 70
0
280
1
281
0
  0
BLOCK_RECORD
  5
362
330
9
100
AcDbSymbolTableRecord
100
AcDbBlockTableRecord
  2
*D32
340
0
 70
0
280
1
281
0
  0
BLOCK_RECORD
  5
371
330
9
100
AcDbSymbolTableRecord
100
AcDbBlockTableRecord
  2
*D33
340
0
 70
0
280
1
281
0
  0
BLOCK_RECORD
  5
380
330
9
100
AcDbSymbolTableRecord
100
AcDbBlockTableRecord
  2
*D34
340
0
 70
0
280
1
281
0
  0
BLOCK_RECORD
  5
38F
330
9
100
AcDbSymbolTableRecord
100
AcDbBlockTableRecord
  2
*D35
340
0
 70
0
280
1
281
0
  0
BLOCK_RECORD
  5
39E
330
9
100
AcDbSymbolTableRecord
100
AcDbBlockTableRecord
  2
*D36
340
0
 70
0
280
1
281
0
  0
BLOCK_RECORD
  5
3AF
330
9
100
AcDbSymbolTableRecord
100
AcDbBlockTableRecord
  2
*D37
340
0
 70
0
280
1
281
0
  0
BLOCK_RECORD
  5
3BA
330
9
100
AcDbSymbolTableRecord
100
AcDbBlockTableRecord
  2
*D38
340
0
 70
0
280
1
281
0
  0
BLOCK_RECORD
  5
3C5
330
9
100
AcDbSymbolTableRecord
100
AcDbBlockTableRecord
  2
*D39
340
0
 70
0
280
1
281
0
  0
BLOCK_RECORD
  5
3D0
330
9
100
AcDbSymbolTableRecord
100
AcDbBlockTableRecord
  2
*D40
340
0
 70
0
280
1
281
0
  0
BLOCK_RECORD
  5
423
330
9
100
AcDbSymbolTableRecord
100
AcDbBlockTableRecord
  2
*D41
340
0
 70
0
280
1
281
0
  0
BLOCK_RECORD
  5
432
330
9
100
AcDbSymbolTableRecord
100
AcDbBlockTableRecord
  2
*D42
340
0
 70
0
280
1
281
0
  0
BLOCK_RECORD
  5
441
330
9
100
AcDbSymbolTableRecord
100
AcDbBlockTableRecord
  2
*D43
340
0
 70
0
280
1
281
0
  0
BLOCK_RECORD
  5
450
330
9
100
AcDbSymbolTableRecord
100
AcDbBlockTableRecord
  2
*D44
340
0
 70
0
280
1
281
0
  0
BLOCK_RECORD
  5
45F
330
9
100
AcDbSymbolTableRecord
100
AcDbBlockTableRecord
  2
*D45
340
0
 70
0
280
1
281
0
  0
BLOCK_RECORD
  5
474
330
9
100
AcDbSymbolTableRecord
100
AcDbBlockTableRecord
  2
*D46
340
0
 70
0
280
1
281
0
  0
BLOCK_RECORD
  5
483
330
9
100
AcDbSymbolTableRecord
100
AcDbBlockTableRecord
  2
*D47
340
0
 70
0
280
1
281
0
  0
BLOCK_RECORD
  5
494
330
9
100
AcDbSymbolTableRecord
100
AcDbBlockTableRecord
  2
*D48
340
0
 70
0
280
1
281
0
  0
BLOCK_RECORD
  5
4A3
330
9
100
AcDbSymbolTableRecord
100
AcDbBlockTableRecord
  2
*D49
340
0
 70
0
280
1
281
0
  0
BLOCK_RECORD
  5
4B2
330
9
100
AcDbSymbolTableRecord
100
AcDbBlockTableRecord
  2
*D50
340
0
 70
0
280
1
281
0
  0
BLOCK_RECORD
  5
4C8
330
9
100
AcDbSymbolTableRecord
100
AcDbBlockTableRecord
  2
*D51
340
0
 70
0
280
1
281
0
  0
BLOCK_RECORD
  5
4D7
330
9
100
AcDbSymbolTableRecord
100
AcDbBlockTableRecord
  2
*D52
340
0
 70
0
280
1
281
0
  0
BLOCK_RECORD
  5
4E6
330
9
100
AcDbSymbolTableRecord
100
AcDbBlockTableRecord
  2
*D53
340
0
 70
0
280
1
281
0
  0
BLOCK_RECORD
  5
4F5
330
9
100
AcDbSymbolTableRecord
100
AcDbBlockTableRecord
  2
*D54
340
0
 70
0
280
1
281
0
  0
BLOCK_RECORD
  5
504
330
9
100
AcDbSymbolTableRecord
100
AcDbBlockTableRecord
  2
*D55
340
0
 70
0
280
1
281
0
  0
BLOCK_RECORD
  5
513
330
9
100
AcDbSymbolTableRecord
100
AcDbBlockTableRecord
  2
*D56
340
0
 70
0
280
1
281
0
  0
BLOCK_RECORD
  5
52D
330
9
100
AcDbSymbolTableRecord
100
AcDbBlockTableRecord
  2
*D57
340
0
 70
0
280
1
281
0
  0
BLOCK_RECORD
  5
563
330
9
100
AcDbSymbolTableRecord
100
AcDbBlockTableRecord
  2
*D58
340
0
 70
0
280
1
281
0
  0
BLOCK_RECORD
  5
572
330
9
100
AcDbSymbolTableRecord
100
AcDbBlockTableRecord
  2
*D59
340
0
 70
0
280
1
281
0
  0
BLOCK_RECORD
  5
581
330
9
100
AcDbSymbolTableRecord
100
AcDbBlockTableRecord
  2
*D60
340
0
 70
0
280
1
281
0
  0
BLOCK_RECORD
  5
590
330
9
100
AcDbSymbolTableRecord
100
AcDbBlockTableRecord
  2
*D61
340
0
 70
0
280
1
281
0
  0
BLOCK_RECORD
  5
59F
330
9
100
AcDbSymbolTableRecord
100
AcDbBlockTableRecord
  2
*D62
340
0
 70
0
280
1
281
0
  0
BLOCK_RECORD
  5
5AE
330
9
100
AcDbSymbolTableRecord
100
AcDbBlockTableRecord
  2
*D63
340
0
 70
0
280
1
281
0
  0
BLOCK_RECORD
  5
5C8
330
9
100
AcDbSymbolTableRecord
100
AcDbBlockTableRecord
  2
*D64
340
0
 70
0
280
1
281
0
  0
BLOCK_RECORD
  5
5FE
330
9
100
AcDbSymbolTableRecord
100
AcDbBlockTableRecord
  2
*D65
340
0
 70
0
280
1
281
0
  0
BLOCK_RECORD
  5
60B
330
9
100
AcDbSymbolTableRecord
100
AcDbBlockTableRecord
  2
*D66
340
0
 70
0
280
1
281
0
  0
ENDTAB
  0
ENDSEC
  0
SECTION
  2
BLOCKS
  0
BLOCK
  5
18
330
17
100
AcDbEntity
  8
0
100
AcDbBlockBegin
  2
*Model_Space
 70
0
 10
0.0
 20
0.0
 30
0.0
  3
*Model_Space
  1

  0
ENDBLK
  5
19
330
17
100
AcDbEntity
  8
0
100
AcDbBlockEnd
  0
BLOCK
  5
1C
330
1B
100
AcDbEntity
  8
0
100
AcDbBlockBegin
  2
*Paper_Space
 70
0
 10
0.0
 20
0.0
 30
0.0
  3
*Paper_Space
  1

  0
ENDBLK
  5
1D
330
1B
100
AcDbEntity
  8
0
100
AcDbBlockEnd
  0
BLOCK
  5
75
330
74
100
AcDbEntity
  8
0
100
AcDbBlockBegin
  2
_ARCHTICK
 70
0
 10
0.0
 20
0.0
 30
0.0
  3
_ARCHTICK
  1

  0
LWPOLYLINE
  5
77
330
74
100
AcDbEntity
  8
0
  6
BYBLOCK
 62
0
100
AcDbPolyline
 90
2
 70
0
 43
0.15
 10
-0.5
 20
-0.5
 10
0.5
 20
0.5
  0
ENDBLK
  5
76
330
74
100
AcDbEntity
  8
0
100
AcDbBlockEnd
  0
BLOCK
  5
79
330
78
100
AcDbEntity
  8
0
100
AcDbBlockBegin
  2
_CLOSEDFILLED
 70
0
 10
0.0
 20
0.0
 30
0.0
  3
_CLOSEDFILLED
  1

  0
SOLID
  5
7B
330
78
100
AcDbEntity
  8
0
  6
BYBLOCK
 62
0
100
AcDbTrace
 10
-1.0
 20
0.16439898372402537
 30
0.0
 11
0.0
 21
0.0
 31
0.0
 12
-1.0
 22
-0.16439898372402537
 32
0.0
 13
-1.0
 23
-0.16439898372402537
 33
0.0
  0
ENDBLK
  5
7A
330
78
100
AcDbEntity
  8
0
100
AcDbBlockEnd
  0
BLOCK
  5
85
330
84
100
AcDbEntity
  8
0
100
AcDbBlockBegin
  2
_CLOSEDBLANK
 70
0
 10
0.0
 20
0.0
 30
0.0
  3
_CLOSEDBLANK
  1

  0
LWPOLYLINE
  5
87
330
84
100
AcDbEntity
  8
0
  6
BYBLOCK
 62
0
100
AcDbPolyline
 90
3
 70
1
 10
-1.0
 20
0.16439898372402537
 10
0.0
 20
0.0
 10
-1.0
 20
-0.16439898372402537
  0
ENDBLK
  5
86
330
84
100
AcDbEntity
  8
0
100
AcDbBlockEnd
  0
BLOCK
  5
113
330
112
100
AcDbEntity
  8
0
100
AcDbBlockBegin
  2
*D1
 70
1
 10
0.0
 20
0.0
 30
0.0
  3
*D1
  1

  0
LINE
  5
115
330
112
100
AcDbEntity
  8
0
370
18
100
AcDbLine
 10
214.4108262108262
 20
2500.165800066479
 30
0.0
 11
214.4108262108262
 21
2378.1996785463807
 31
0.0
  0
LINE
  5
116
330
112
100
AcDbEntity
  8
0
370
18
100
AcDbLine
 10
294.3770202571863
 20
2500.165800066479
 30
0.0
 11
294.3770202571863
 21
2378.1996785463807
 31
0.0
  0
INSERT
  5
117
330
112
100
AcDbEntity
  8
DIM
100
AcDbBlockReference
  2
_CLOSEDFILLED
 10
214.4108262108262
 20
2384.1996785463807
 30
0.0
 41
10.0
 42
10.0
 50
180.0
  0
INSERT
  5
119
330
112
100
AcDbEntity
  8
DIM
100
AcDbBlockReference
  2
_CLOSEDFILLED
 10
294.3770202571863
 20
2384.1996785463807
 30
0.0
 41
10.0
 42
10.0
  0
LINE
  5
11B
330
112
100
AcDbEntity
  8
0
370
18
100
AcDbLine
 10
224.4108262108262
 20
2384.1996785463807
 30
0.0
 11
284.3770202571863
 21
2384.1996785463807
 31
0.0
  0
MTEXT
  5
11C
330
112
100
AcDbEntity
  8
DIM
100
AcDbMText
 10
254.39392323400625
 20
2392.3996785463805
 30
0.0
 40
10.0
 71
5
  1
80
  7
CJK
  0
POINT
  5
11D
330
112
100
AcDbEntity
  8
Defpoints
100
AcDbPoint
 10
214.4108262108262
 20
2384.1996785463807
 30
0.0
  0
POINT
  5
11E
330
112
100
AcDbEntity
  8
Defpoints
100
AcDbPoint
 10
214.4108262108262
 20
2504.165800066479
 30
0.0
  0
POINT
  5
11F
330
112
100
AcDbEntity
  8
Defpoints
100
AcDbPoint
 10
294.3770202571863
 20
2504.165800066479
 30
0.0
  0
ENDBLK
  5
114
330
112
100
AcDbEntity
  8
0
100
AcDbBlockEnd
  0
BLOCK
  5
122
330
121
100
AcDbEntity
  8
0
100
AcDbBlockBegin
  2
*D2
 70
1
 10
0.0
 20
0.0
 30
0.0
  3
*D2
  1

  0
LINE
  5
124
330
121
100
AcDbEntity
  8
0
370
18
100
AcDbLine
 10
294.3770202571863
 20
2500.165800066479
 30
0.0
 11
294.3770202571863
 21
2378.1996785463807
 31
0.0
  0
LINE
  5
125
330
121
100
AcDbEntity
  8
0
370
18
100
AcDbLine
 10
1259.1983744670051
 20
2914.435946783245
 30
0.0
 11
1259.1983744670051
 21
2378.1996785463807
 31
0.0
  0
INSERT
  5
126
330
121
100
AcDbEntity
  8
DIM
100
AcDbBlockReference
  2
_CLOSEDFILLED
 10
294.3770202571863
 20
2384.1996785463807
 30
0.0
 41
10.0
 42
10.0
 50
180.0
  0
INSERT
  5
128
330
121
100
AcDbEntity
  8
DIM
100
AcDbBlockReference
  2
_CLOSEDFILLED
 10
1259.1983744670051
 20
2384.1996785463807
 30
0.0
 41
10.0
 42
10.0
  0
LINE
  5
12A
330
121
100
AcDbEntity
  8
0
370
18
100
AcDbLine
 10
304.3770202571863
 20
2384.1996785463807
 30
0.0
 11
1249.1983744670051
 21
2384.1996785463807
 31
0.0
  0
MTEXT
  5
12B
330
121
100
AcDbEntity
  8
DIM
100
AcDbMText
 10
776.7876973620957
 20
2392.3996785463805
 30
0.0
 40
10.0
 71
5
  1
964.8
  7
CJK
  0
POINT
  5
12C
330
121
100
AcDbEntity
  8
Defpoints
100
AcDbPoint
 10
294.3770202571863
 20
2384.1996785463807
 30
0.0
  0
POINT
  5
12D
330
121
100
AcDbEntity
  8
Defpoints
100
AcDbPoint
 10
294.3770202571863
 20
2504.165800066479
 30
0.0
  0
POINT
  5
12E
330
121
100
AcDbEntity
  8
Defpoints
100
AcDbPoint
 10
1259.1983744670051
 20
2918.435946783245
 30
0.0
  0
ENDBLK
  5
123
330
121
100
AcDbEntity
  8
0
100
AcDbBlockEnd
  0
BLOCK
  5
131
330
130
100
AcDbEntity
  8
0
100
AcDbBlockBegin
  2
*D3
 70
1
 10
0.0
 20
0.0
 30
0.0
  3
*D3
  1

  0
LINE
  5
133
330
130
100
AcDbEntity
  8
0
370
18
100
AcDbLine
 10
1259.1983744670051
 20
2914.435946783245
 30
0.0
 11
1259.1983744670051
 21
2378.1996785463807
 31
0.0
  0
LINE
  5
134
330
130
100
AcDbEntity
  8
0
370
18
100
AcDbLine
 10
1294.3770202571864
 20
2721.165800066479
 30
0.0
 11
1294.3770202571864
 21
2378.1996785463807
 31
0.0
  0
INSERT
  5
135
330
130
100
AcDbEntity
  8
DIM
100
AcDbBlockReference
  2
_CLOSEDFILLED
 10
1259.1983744670051
 20
2384.1996785463807
 30
0.0
 41
10.0
 42
10.0
 50
180.0
  0
INSERT
  5
137
330
130
100
AcDbEntity
  8
DIM
100
AcDbBlockReference
  2
_CLOSEDFILLED
 10
1294.3770202571864
 20
2384.1996785463807
 30
0.0
 41
10.0
 42
10.0
  0
LINE
  5
139
330
130
100
AcDbEntity
  8
0
370
18
100
AcDbLine
 10
1269.1983744670051
 20
2384.1996785463807
 30
0.0
 11
1284.3770202571864
 21
2384.1996785463807
 31
0.0
  0
MTEXT
  5
13A
330
130
100
AcDbEntity
  8
DIM
100
AcDbMText
 10
1276.7876973620957
 20
2398.3996785463805
 30
0.0
 40
10.0
 71
5
  1
35.2
  7
CJK
  0
POINT
  5
13B
330
130
100
AcDbEntity
  8
Defpoints
100
AcDbPoint
 10
1259.1983744670051
 20
2384.1996785463807
 30
0.0
  0
POINT
  5
13C
330
130
100
AcDbEntity
  8
Defpoints
100
AcDbPoint
 10
1259.1983744670051
 20
2918.435946783245
 30
0.0
  0
POINT
  5
13D
330
130
100
AcDbEntity
  8
Defpoints
100
AcDbPoint
 10
1294.3770202571864
 20
2725.165800066479
 30
0.0
  0
ENDBLK
  5
132
330
130
100
AcDbEntity
  8
0
100
AcDbBlockEnd
  0
BLOCK
  5
140
330
13F
100
AcDbEntity
  8
0
100
AcDbBlockBegin
  2
*D4
 70
1
 10
0.0
 20
0.0
 30
0.0
  3
*D4
  1

  0
LINE
  5
142
330
13F
100
AcDbEntity
  8
0
370
18
100
AcDbLine
 10
1294.3770202571864
 20
2721.165800066479
 30
0.0
 11
1294.3770202571864
 21
2378.1996785463807
 31
0.0
  0
LINE
  5
143
330
13F
100
AcDbEntity
  8
0
370
18
100
AcDbLine
 10
2080.64846153211
 20
2500.165800066479
 30
0.0
 11
2080.64846153211
 21
2378.1996785463807
 31
0.0
  0
INSERT
  5
144
330
13F
100
AcDbEntity
  8
DIM
100
AcDbBlockReference
  2
_CLOSEDFILLED
 10
1294.3770202571864
 20
2384.1996785463807
 30
0.0
 41
10.0
 42
10.0
 50
180.0
  0
INSERT
  5
146
330
13F
100
AcDbEntity
  8
DIM
100
AcDbBlockReference
  2
_CLOSEDFILLED
 10
2080.64846153211
 20
2384.1996785463807
 30
0.0
 41
10.0
 42
10.0
  0
LINE
  5
148
330
13F
100
AcDbEntity
  8
0
370
18
100
AcDbLine
 10
1304.3770202571864
 20
2384.1996785463807
 30
0.0
 11
2070.64846153211
 21
2384.1996785463807
 31
0.0
  0
MTEXT
  5
149
330
13F
100
AcDbEntity
  8
DIM
100
AcDbMText
 10
1687.5127408946482
 20
2392.3996785463805
 30
0.0
 40
10.0
 71
5
  1
786.3
  7
CJK
  0
POINT
  5
14A
330
13F
100
AcDbEntity
  8
Defpoints
100
AcDbPoint
 10
1294.3770202571864
 20
2384.1996785463807
 30
0.0
  0
POINT
  5
14B
330
13F
100
AcDbEntity
  8
Defpoints
100
AcDbPoint
 10
1294.3770202571864
 20
2725.165800066479
 30
0.0
  0
POINT
  5
14C
330
13F
100
AcDbEntity
  8
Defpoints
100
AcDbPoint
 10
2080.64846153211
 20
2504.165800066479
 30
0.0
  0
ENDBLK
  5
141
330
13F
100
AcDbEntity
  8
0
100
AcDbBlockEnd
  0
BLOCK
  5
14F
330
14E
100
AcDbEntity
  8
0
100
AcDbBlockBegin
  2
*D5
 70
1
 10
0.0
 20
0.0
 30
0.0
  3
*D5
  1

  0
LINE
  5
151
330
14E
100
AcDbEntity
  8
0
370
18
100
AcDbLine
 10
2080.64846153211
 20
2500.165800066479
 30
0.0
 11
2080.64846153211
 21
2378.1996785463807
 31
0.0
  0
LINE
  5
152
330
14E
100
AcDbEntity
  8
0
370
18
100
AcDbLine
 10
2140.6403827290414
 20
2500.165800066479
 30
0.0
 11
2140.6403827290414
 21
2378.1996785463807
 31
0.0
  0
INSERT
  5
153
330
14E
100
AcDbEntity
  8
DIM
100
AcDbBlockReference
  2
_CLOSEDFILLED
 10
2080.64846153211
 20
2384.1996785463807
 30
0.0
 41
10.0
 42
10.0
 50
180.0
  0
INSERT
  5
155
330
14E
100
AcDbEntity
  8
DIM
100
AcDbBlockReference
  2
_CLOSEDFILLED
 10
2140.6403827290414
 20
2384.1996785463807
 30
0.0
 41
10.0
 42
10.0
  0
LINE
  5
157
330
14E
100
AcDbEntity
  8
0
370
18
100
AcDbLine
 10
2090.64846153211
 20
2384.1996785463807
 30
0.0
 11
2130.6403827290414
 21
2384.1996785463807
 31
0.0
  0
MTEXT
  5
158
330
14E
100
AcDbEntity
  8
DIM
100
AcDbMText
 10
2110.6444221305755
 20
2392.3996785463805
 30
0.0
 40
10.0
 71
5
  1
60
  7
CJK
  0
POINT
  5
159
330
14E
100
AcDbEntity
  8
Defpoints
100
AcDbPoint
 10
2080.64846153211
 20
2384.1996785463807
 30
0.0
  0
POINT
  5
15A
330
14E
100
AcDbEntity
  8
Defpoints
100
AcDbPoint
 10
2080.64846153211
 20
2504.165800066479
 30
0.0
  0
POINT
  5
15B
330
14E
100
AcDbEntity
  8
Defpoints
100
AcDbPoint
 10
2140.6403827290414
 20
2504.165800066479
 30
0.0
  0
ENDBLK
  5
150
330
14E
100
AcDbEntity
  8
0
100
AcDbBlockEnd
  0
BLOCK
  5
15E
330
15D
100
AcDbEntity
  8
0
100
AcDbBlockBegin
  2
*D6
 70
1
 10
0.0
 20
0.0
 30
0.0
  3
*D6
  1

  0
LINE
  5
160
330
15D
100
AcDbEntity
  8
0
370
18
100
AcDbLine
 10
214.4108262108262
 20
2500.165800066479
 30
0.0
 11
214.4108262108262
 21
2350.1996785463807
 31
0.0
  0
LINE
  5
161
330
15D
100
AcDbEntity
  8
0
370
18
100
AcDbLine
 10
2140.6403827290414
 20
2500.165800066479
 30
0.0
 11
2140.6403827290414
 21
2350.1996785463807
 31
0.0
  0
INSERT
  5
162
330
15D
100
AcDbEntity
  8
DIM
100
AcDbBlockReference
  2
_CLOSEDFILLED
 10
214.4108262108262
 20
2356.1996785463807
 30
0.0
 41
10.0
 42
10.0
 50
180.0
  0
INSERT
  5
164
330
15D
100
AcDbEntity
  8
DIM
100
AcDbBlockReference
  2
_CLOSEDFILLED
 10
2140.6403827290414
 20
2356.1996785463807
 30
0.0
 41
10.0
 42
10.0
  0
LINE
  5
166
330
15D
100
AcDbEntity
  8
0
370
18
100
AcDbLine
 10
224.4108262108262
 20
2356.1996785463807
 30
0.0
 11
2130.6403827290414
 21
2356.1996785463807
 31
0.0
  0
MTEXT
  5
167
330
15D
100
AcDbEntity
  8
DIM
100
AcDbMText
 10
1177.5256044699338
 20
2364.3996785463805
 30
0.0
 40
10.0
 71
5
  1
1926.2
  7
CJK
  0
POINT
  5
168
330
15D
100
AcDbEntity
  8
Defpoints
100
AcDbPoint
 10
214.4108262108262
 20
2356.1996785463807
 30
0.0
  0
POINT
  5
169
330
15D
100
AcDbEntity
  8
Defpoints
100
AcDbPoint
 10
214.4108262108262
 20
2504.165800066479
 30
0.0
  0
POINT
  5
16A
330
15D
100
AcDbEntity
  8
Defpoints
100
AcDbPoint
 10
2140.6403827290414
 20
2504.165800066479
 30
0.0
  0
ENDBLK
  5
15F
330
15D
100
AcDbEntity
  8
0
100
AcDbBlockEnd
  0
BLOCK
  5
16D
330
16C
100
AcDbEntity
  8
0
100
AcDbBlockBegin
  2
*D7
 70
1
 10
0.0
 20
0.0
 30
0.0
  3
*D7
  1

  0
LINE
  5
16F
330
16C
100
AcDbEntity
  8
0
370
18
100
AcDbLine
 10
290.3770202571863
 20
2424.1996785463807
 30
0.0
 11
168.4108262108262
 21
2424.1996785463807
 31
0.0
  0
LINE
  5
170
330
16C
100
AcDbEntity
  8
0
370
18
100
AcDbLine
 10
290.3770202571863
 20
2504.165800066479
 30
0.0
 11
168.4108262108262
 21
2504.165800066479
 31
0.0
  0
INSERT
  5
171
330
16C
100
AcDbEntity
  8
DIM
100
AcDbBlockReference
  2
_CLOSEDFILLED
 10
174.4108262108262
 20
2424.1996785463807
 30
0.0
 41
10.0
 42
10.0
 50
270.0
  0
INSERT
  5
173
330
16C
100
AcDbEntity
  8
DIM
100
AcDbBlockReference
  2
_CLOSEDFILLED
 10
174.4108262108262
 20
2504.165800066479
 30
0.0
 41
10.0
 42
10.0
 50
90.0
  0
LINE
  5
175
330
16C
100
AcDbEntity
  8
0
370
18
100
AcDbLine
 10
174.4108262108262
 20
2434.1996785463807
 30
0.0
 11
174.4108262108262
 21
2494.165800066479
 31
0.0
  0
MTEXT
  5
176
330
16C
100
AcDbEntity
  8
DIM
100
AcDbMText
 10
166.2108262108262
 20
2464.1827393064295
 30
0.0
 40
10.0
 71
5
  1
80
  7
CJK
 50
90.0
  0
POINT
  5
177
330
16C
100
AcDbEntity
  8
Defpoints
100
AcDbPoint
 10
174.4108262108262
 20
2424.1996785463807
 30
0.0
  0
POINT
  5
178
330
16C
100
AcDbEntity
  8
Defpoints
100
AcDbPoint
 10
294.3770202571863
 20
2424.1996785463807
 30
0.0
  0
POINT
  5
179
330
16C
100
AcDbEntity
  8
Defpoints
100
AcDbPoint
 10
294.3770202571863
 20
2504.165800066479
 30
0.0
  0
ENDBLK
  5
16E
330
16C
100
AcDbEntity
  8
0
100
AcDbBlockEnd
  0
BLOCK
  5
17C
330
17B
100
AcDbEntity
  8
0
100
AcDbBlockBegin
  2
*D8
 70
1
 10
0.0
 20
0.0
 30
0.0
  3
*D8
  1

  0
LINE
  5
17E
330
17B
100
AcDbEntity
  8
0
370
18
100
AcDbLine
 10
290.3770202571863
 20
2504.165800066479
 30
0.0
 11
168.4108262108262
 21
2504.165800066479
 31
0.0
  0
LINE
  5
17F
330
17B
100
AcDbEntity
  8
0
370
18
100
AcDbLine
 10
1290.3770202571864
 20
2725.165800066479
 30
0.0
 11
168.4108262108262
 21
2725.165800066479
 31
0.0
  0
INSERT
  5
180
330
17B
100
AcDbEntity
  8
DIM
100
AcDbBlockReference
  2
_CLOSEDFILLED
 10
174.4108262108262
 20
2504.165800066479
 30
0.0
 41
10.0
 42
10.0
 50
270.0
  0
INSERT
  5
182
330
17B
100
AcDbEntity
  8
DIM
100
AcDbBlockReference
  2
_CLOSEDFILLED
 10
174.4108262108262
 20
2725.165800066479
 30
0.0
 41
10.0
 42
10.0
 50
90.0
  0
LINE
  5
184
330
17B
100
AcDbEntity
  8
0
370
18
100
AcDbLine
 10
174.4108262108262
 20
2514.165800066479
 30
0.0
 11
174.4108262108262
 21
2715.165800066479
 31
0.0
  0
MTEXT
  5
185
330
17B
100
AcDbEntity
  8
DIM
100
AcDbMText
 10
166.2108262108262
 20
2614.665800066479
 30
0.0
 40
10.0
 71
5
  1
221
  7
CJK
 50
90.0
  0
POINT
  5
186
330
17B
100
AcDbEntity
  8
Defpoints
100
AcDbPoint
 10
174.4108262108262
 20
2504.165800066479
 30
0.0
  0
POINT
  5
187
330
17B
100
AcDbEntity
  8
Defpoints
100
AcDbPoint
 10
294.3770202571863
 20
2504.165800066479
 30
0.0
  0
POINT
  5
188
330
17B
100
AcDbEntity
  8
Defpoints
100
AcDbPoint
 10
1294.3770202571864
 20
2725.165800066479
 30
0.0
  0
ENDBLK
  5
17D
330
17B
100
AcDbEntity
  8
0
100
AcDbBlockEnd
  0
BLOCK
  5
18B
330
18A
100
AcDbEntity
  8
0
100
AcDbBlockBegin
  2
*D9
 70
1
 10
0.0
 20
0.0
 30
0.0
  3
*D9
  1

  0
LINE
  5
18D
330
18A
100
AcDbEntity
  8
0
370
18
100
AcDbLine
 10
1290.3770202571864
 20
2725.165800066479
 30
0.0
 11
168.4108262108262
 21
2725.165800066479
 31
0.0
  0
LINE
  5
18E
330
18A
100
AcDbEntity
  8
0
370
18
100
AcDbLine
 10
1255.1983744670051
 20
2918.435946783245
 30
0.0
 11
168.4108262108262
 21
2918.435946783245
 31
0.0
  0
INSERT
  5
18F
330
18A
100
AcDbEntity
  8
DIM
100
AcDbBlockReference
  2
_CLOSEDFILLED
 10
174.4108262108262
 20
2725.165800066479
 30
0.0
 41
10.0
 42
10.0
 50
270.0
  0
INSERT
  5
191
330
18A
100
AcDbEntity
  8
DIM
100
AcDbBlockReference
  2
_CLOSEDFILLED
 10
174.4108262108262
 20
2918.435946783245
 30
0.0
 41
10.0
 42
10.0
 50
90.0
  0
LINE
  5
193
330
18A
100
AcDbEntity
  8
0
370
18
100
AcDbLine
 10
174.4108262108262
 20
2735.165800066479
 30
0.0
 11
174.4108262108262
 21
2908.435946783245
 31
0.0
  0
MTEXT
  5
194
330
18A
100
AcDbEntity
  8
DIM
100
AcDbMText
 10
166.2108262108262
 20
2821.800873424862
 30
0.0
 40
10.0
 71
5
  1
193.3
  7
CJK
 50
90.0
  0
POINT
  5
195
330
18A
100
AcDbEntity
  8
Defpoints
100
AcDbPoint
 10
174.4108262108262
 20
2725.165800066479
 30
0.0
  0
POINT
  5
196
330
18A
100
AcDbEntity
  8
Defpoints
100
AcDbPoint
 10
1294.3770202571864
 20
2725.165800066479
 30
0.0
  0
POINT
  5
197
330
18A
100
AcDbEntity
  8
Defpoints
100
AcDbPoint
 10
1259.1983744670051
 20
2918.435946783245
 30
0.0
  0
ENDBLK
  5
18C
330
18A
100
AcDbEntity
  8
0
100
AcDbBlockEnd
  0
BLOCK
  5
19A
330
199
100
AcDbEntity
  8
0
100
AcDbBlockBegin
  2
*D10
 70
1
 10
0.0
 20
0.0
 30
0.0
  3
*D10
  1

  0
LINE
  5
19C
330
199
100
AcDbEntity
  8
0
370
18
100
AcDbLine
 10
1255.1983744670051
 20
2918.435946783245
 30
0.0
 11
168.4108262108262
 21
2918.435946783245
 31
0.0
  0
LINE
  5
19D
330
199
100
AcDbEntity
  8
0
370
18
100
AcDbLine
 10
1290.3770202571864
 20
3174.165800066479
 30
0.0
 11
168.4108262108262
 21
3174.165800066479
 31
0.0
  0
INSERT
  5
19E
330
199
100
AcDbEntity
  8
DIM
100
AcDbBlockReference
  2
_CLOSEDFILLED
 10
174.4108262108262
 20
2918.435946783245
 30
0.0
 41
10.0
 42
10.0
 50
270.0
  0
INSERT
  5
1A0
330
199
100
AcDbEntity
  8
DIM
100
AcDbBlockReference
  2
_CLOSEDFILLED
 10
174.4108262108262
 20
3174.165800066479
 30
0.0
 41
10.0
 42
10.0
 50
90.0
  0
LINE
  5
1A2
330
199
100
AcDbEntity
  8
0
370
18
100
AcDbLine
 10
174.4108262108262
 20
2928.435946783245
 30
0.0
 11
174.4108262108262
 21
3164.165800066479
 31
0.0
  0
MTEXT
  5
1A3
330
199
100
AcDbEntity
  8
DIM
100
AcDbMText
 10
166.2108262108262
 20
3046.300873424862
 30
0.0
 40
10.0
 71
5
  1
255.7
  7
CJK
 50
90.0
  0
POINT
  5
1A4
330
199
100
AcDbEntity
  8
Defpoints
100
AcDbPoint
 10
174.4108262108262
 20
2918.435946783245
 30
0.0
  0
POINT
  5
1A5
330
199
100
AcDbEntity
  8
Defpoints
100
AcDbPoint
 10
1259.1983744670051
 20
2918.435946783245
 30
0.0
  0
POINT
  5
1A6
330
199
100
AcDbEntity
  8
Defpoints
100
AcDbPoint
 10
1294.3770202571864
 20
3174.165800066479
 30
0.0
  0
ENDBLK
  5
19B
330
199
100
AcDbEntity
  8
0
100
AcDbBlockEnd
  0
BLOCK
  5
1A9
330
1A8
100
AcDbEntity
  8
0
100
AcDbBlockBegin
  2
*D11
 70
1
 10
0.0
 20
0.0
 30
0.0
  3
*D11
  1

  0
LINE
  5
1AB
330
1A8
100
AcDbEntity
  8
0
370
18
100
AcDbLine
 10
1290.3770202571864
 20
3174.165800066479
 30
0.0
 11
168.4108262108262
 21
3174.165800066479
 31
0.0
  0
LINE
  5
1AC
330
1A8
100
AcDbEntity
  8
0
370
18
100
AcDbLine
 10
1290.3770202571864
 20
3219.165800066479
 30
0.0
 11
168.4108262108262
 21
3219.165800066479
 31
0.0
  0
INSERT
  5
1AD
330
1A8
100
AcDbEntity
  8
DIM
100
AcDbBlockReference
  2
_CLOSEDFILLED
 10
174.4108262108262
 20
3174.165800066479
 30
0.0
 41
10.0
 42
10.0
 50
270.0
  0
INSERT
  5
1AF
330
1A8
100
AcDbEntity
  8
DIM
100
AcDbBlockReference
  2
_CLOSEDFILLED
 10
174.4108262108262
 20
3219.165800066479
 30
0.0
 41
10.0
 42
10.0
 50
90.0
  0
LINE
  5
1B1
330
1A8
100
AcDbEntity
  8
0
370
18
100
AcDbLine
 10
174.4108262108262
 20
3184.165800066479
 30
0.0
 11
174.4108262108262
 21
3209.165800066479
 31
0.0
  0
MTEXT
  5
1B2
330
1A8
100
AcDbEntity
  8
DIM
100
AcDbMText
 10
166.2108262108262
 20
3196.665800066479
 30
0.0
 40
10.0
 71
5
  1
45
  7
CJK
 50
90.0
  0
POINT
  5
1B3
330
1A8
100
AcDbEntity
  8
Defpoints
100
AcDbPoint
 10
174.4108262108262
 20
3174.165800066479
 30
0.0
  0
POINT
  5
1B4
330
1A8
100
AcDbEntity
  8
Defpoints
100
AcDbPoint
 10
1294.3770202571864
 20
3174.165800066479
 30
0.0
  0
POINT
  5
1B5
330
1A8
100
AcDbEntity
  8
Defpoints
100
AcDbPoint
 10
1294.3770202571864
 20
3219.165800066479
 30
0.0
  0
ENDBLK
  5
1AA
330
1A8
100
AcDbEntity
  8
0
100
AcDbBlockEnd
  0
BLOCK
  5
1B8
330
1B7
100
AcDbEntity
  8
0
100
AcDbBlockBegin
  2
*D12
 70
1
 10
0.0
 20
0.0
 30
0.0
  3
*D12
  1

  0
LINE
  5
1BA
330
1B7
100
AcDbEntity
  8
0
370
18
100
AcDbLine
 10
290.3770202571863
 20
2424.1996785463807
 30
0.0
 11
140.4108262108262
 21
2424.1996785463807
 31
0.0
  0
LINE
  5
1BB
330
1B7
100
AcDbEntity
  8
0
370
18
100
AcDbLine
 10
1290.3770202571864
 20
3219.165800066479
 30
0.0
 11
140.4108262108262
 21
3219.165800066479
 31
0.0
  0
INSERT
  5
1BC
330
1B7
100
AcDbEntity
  8
DIM
100
AcDbBlockReference
  2
_CLOSEDFILLED
 10
146.4108262108262
 20
2424.1996785463807
 30
0.0
 41
10.0
 42
10.0
 50
270.0
  0
INSERT
  5
1BE
330
1B7
100
AcDbEntity
  8
DIM
100
AcDbBlockReference
  2
_CLOSEDFILLED
 10
146.4108262108262
 20
3219.165800066479
 30
0.0
 41
10.0
 42
10.0
 50
90.0
  0
LINE
  5
1C0
330
1B7
100
AcDbEntity
  8
0
370
18
100
AcDbLine
 10
146.4108262108262
 20
2434.1996785463807
 30
0.0
 11
146.4108262108262
 21
3209.165800066479
 31
0.0
  0
MTEXT
  5
1C1
330
1B7
100
AcDbEntity
  8
DIM
100
AcDbMText
 10
138.2108262108262
 20
2821.6827393064295
 30
0.0
 40
10.0
 71
5
  1
795
  7
CJK
 50
90.0
  0
POINT
  5
1C2
330
1B7
100
AcDbEntity
  8
Defpoints
100
AcDbPoint
 10
146.4108262108262
 20
2424.1996785463807
 30
0.0
  0
POINT
  5
1C3
330
1B7
100
AcDbEntity
  8
Defpoints
100
AcDbPoint
 10
294.3770202571863
 20
2424.1996785463807
 30
0.0
  0
POINT
  5
1C4
330
1B7
100
AcDbEntity
  8
Defpoints
100
AcDbPoint
 10
1294.3770202571864
 20
3219.165800066479
 30
0.0
  0
ENDBLK
  5
1B9
330
1B7
100
AcDbEntity
  8
0
100
AcDbBlockEnd
  0
BLOCK
  5
1C7
330
1C6
100
AcDbEntity
  8
0
100
AcDbBlockBegin
  2
*D13
 70
1
 10
0.0
 20
0.0
 30
0.0
  3
*D13
  1

  0
LINE
  5
1C9
330
1C6
100
AcDbEntity
  8
0
370
18
100
AcDbLine
 10
292.79884826969385
 20
2507.8413099872782
 30
0.0
 11
244.66460265117448
 21
2619.944362571657
 31
0.0
  0
LINE
  5
1CA
330
1C6
100
AcDbEntity
  8
0
370
18
100
AcDbLine
 10
1257.6202024795127
 20
2922.1114567040445
 30
0.0
 11
1209.4859568609934
 21
3034.2145092884234
 31
0.0
  0
INSERT
  5
1CB
330
1C6
100
AcDbEntity
  8
DIM
100
AcDbBlockReference
  2
_CLOSEDFILLED
 10
247.03186063241313
 20
2614.431097690458
 30
0.0
 41
10.0
 42
10.0
 50
203.23747499777414
  0
INSERT
  5
1CD
330
1C6
100
AcDbEntity
  8
DIM
100
AcDbBlockReference
  2
_CLOSEDFILLED
 10
1211.853214842232
 20
3028.7012444072243
 30
0.0
 41
10.0
 42
10.0
 50
23.23747499777415
  0
LINE
  5
1CF
330
1C6
100
AcDbEntity
  8
0
370
18
100
AcDbLine
 10
256.2206354344114
 20
2618.3765276591894
 30
0.0
 11
1202.6644400402338
 21
3024.755814438493
 31
0.0
  0
MTEXT
  5
1D0
330
1C6
100
AcDbEntity
  8
DIM
100
AcDbMText
 10
726.2072851629631
 20
2829.1009663864797
 30
0.0
 40
10.0
 71
5
  1
1050
  7
CJK
 50
23.23747499777415
  0
POINT
  5
1D1
330
1C6
100
AcDbEntity
  8
Defpoints
100
AcDbPoint
 10
247.03186063241313
 20
2614.431097690458
 30
0.0
  0
POINT
  5
1D2
330
1C6
100
AcDbEntity
  8
Defpoints
100
AcDbPoint
 10
294.3770202571863
 20
2504.165800066479
 30
0.0
  0
POINT
  5
1D3
330
1C6
100
AcDbEntity
  8
Defpoints
100
AcDbPoint
 10
1259.1983744670051
 20
2918.435946783245
 30
0.0
  0
ENDBLK
  5
1C8
330
1C6
100
AcDbEntity
  8
0
100
AcDbBlockEnd
  0
BLOCK
  5
1D6
330
1D5
100
AcDbEntity
  8
0
100
AcDbBlockBegin
  2
*D14
 70
1
 10
0.0
 20
0.0
 30
0.0
  3
*D14
  1

  0
LINE
  5
1D8
330
1D5
100
AcDbEntity
  8
0
370
18
100
AcDbLine
 10
1260.9995490179476
 20
2922.0074689009193
 30
0.0
 11
1315.9353728216927
 21
3030.938893489987
 31
0.0
  0
LINE
  5
1D9
330
1D5
100
AcDbEntity
  8
0
370
18
100
AcDbLine
 10
2082.4496360830526
 20
2507.737322184153
 30
0.0
 11
2137.3854598867974
 21
2616.668746773221
 31
0.0
  0
INSERT
  5
1DA
330
1D5
100
AcDbEntity
  8
DIM
100
AcDbBlockReference
  2
_CLOSEDFILLED
 10
1313.233610995279
 20
3025.5816103134757
 30
0.0
 41
10.0
 42
10.0
 50
153.23747499777417
  0
INSERT
  5
1DC
330
1D5
100
AcDbEntity
  8
DIM
100
AcDbBlockReference
  2
_CLOSEDFILLED
 10
2134.683698060384
 20
2611.3114635967095
 30
0.0
 41
10.0
 42
10.0
 50
-26.762525002225825
  0
LINE
  5
1DE
330
1D5
100
AcDbEntity
  8
0
370
18
100
AcDbLine
 10
1322.1624162894648
 20
3021.0786739361197
 30
0.0
 11
2125.754892766198
 21
2615.8143999740655
 31
0.0
  0
MTEXT
  5
1DF
330
1D5
100
AcDbEntity
  8
DIM
100
AcDbMText
 10
1727.6510623572635
 20
2825.768157296325
 30
0.0
 40
10.0
 71
5
  1
920
  7
CJK
 50
-26.762525002225825
  0
POINT
  5
1E0
330
1D5
100
AcDbEntity
  8
Defpoints
100
AcDbPoint
 10
1313.233610995279
 20
3025.5816103134757
 30
0.0
  0
POINT
  5
1E1
330
1D5
100
AcDbEntity
  8
Defpoints
100
AcDbPoint
 10
1259.1983744670051
 20
2918.435946783245
 30
0.0
  0
POINT
  5
1E2
330
1D5
100
AcDbEntity
  8
Defpoints
100
AcDbPoint
 10
2080.64846153211
 20
2504.165800066479
 30
0.0
  0
ENDBLK
  5
1D7
330
1D5
100
AcDbEntity
  8
0
100
AcDbBlockEnd
  0
BLOCK
  5
1E5
330
1E4
100
AcDbEntity
  8
0
100
AcDbBlockBegin
  2
*D15
 70
1
 10
0.0
 20
0.0
 30
0.0
  3
*D15
  1

  0
LINE
  5
1E7
330
1E4
100
AcDbEntity
  8
0
370
18
100
AcDbLine
 10
298.0525301779856
 20
2505.7439720539714
 30
0.0
 11
1200.390215734216
 21
2893.185194983366
 31
0.0
  0
LINE
  5
1E8
330
1E4
100
AcDbEntity
  8
0
370
18
100
AcDbLine
 10
2077.076939414436
 20
2505.9669746174213
 30
0.0
 11
1316.342728349795
 21
2889.617153968166
 31
0.0
  0
INSERT
  5
1E9
330
1E4
100
AcDbEntity
  8
DIM
100
AcDbBlockReference
  2
_CLOSEDFILLED
 10
1194.8769508530172
 20
2890.817937002127
 30
0.0
 41
10.0
 42
10.0
 50
117.33003067728002
  0
INSERT
  5
1EB
330
1E4
100
AcDbEntity
  8
DIM
100
AcDbBlockReference
  2
_CLOSEDFILLED
 10
1321.7000115263065
 20
2886.915392141752
 30
0.0
 41
10.0
 42
10.0
 50
59.144919318268286
  0
MTEXT
  5
1ED
330
1E4
100
AcDbEntity
  8
DIM
100
AcDbMText
 10
1256.7931760466633
 20
2840.272943894674
 30
0.0
 40
10.0
 71
5
  1
130°
  7
CJK
 50
358.23747499777414
  0
ARC
  5
1EE
330
1E4
100
AcDbEntity
  8
DIM
370
18
100
AcDbCircle
 10
1259.1983744670051
 20
2918.435946783245
 30
0.0
 40
69.99999999999996
100
AcDbArc
 50
-148.5774136432141
 51
-34.94763636123759
  0
POINT
  5
1EF
330
1E4
100
AcDbEntity
  8
Defpoints
100
AcDbPoint
 10
1257.0453835536557
 20
2848.469064402171
 30
0.0
  0
POINT
  5
1F0
330
1E4
100
AcDbEntity
  8
Defpoints
100
AcDbPoint
 10
294.3770202571863
 20
2504.165800066479
 30
0.0
  0
POINT
  5
1F1
330
1E4
100
AcDbEntity
  8
Defpoints
100
AcDbPoint
 10
2080.64846153211
 20
2504.165800066479
 30
0.0
  0
POINT
  5
1F2
330
1E4
100
AcDbEntity
  8
Defpoints
100
AcDbPoint
 10
1259.1983744670051
 20
2918.435946783245
 30
0.0
  0
ENDBLK
  5
1E6
330
1E4
100
AcDbEntity
  8
0
100
AcDbBlockEnd
  0
BLOCK
  5
1F5
330
1F4
100
AcDbEntity
  8
0
100
AcDbBlockBegin
  2
*D16
 70
1
 10
0.0
 20
0.0
 30
0.0
  3
*D16
  1

  0
LINE
  5
1F7
330
1F4
100
AcDbEntity
  8
0
370
18
100
AcDbLine
 10
1259.6594255311354
 20
2803.367326247861
 30
0.0
 11
1301.6395549597798
 21
2802.0755316998525
 31
0.0
  0
LINE
  5
1F8
330
1F4
100
AcDbEntity
  8
0
370
18
100
AcDbLine
 10
1266.7335385321405
 20
3033.258511214248
 30
0.0
 11
1308.713667960785
 21
3031.966716666246
 31
0.0
  0
INSERT
  5
1F9
330
1F4
100
AcDbEntity
  8
DIM
100
AcDbBlockReference
  2
_CLOSEDFILLED
 10
1295.6423936128306
 20
2802.2600737781395
 30
0.0
 41
10.0
 42
10.0
 50
268.23747499777414
  0
INSERT
  5
1FB
330
1F4
100
AcDbEntity
  8
DIM
100
AcDbBlockReference
  2
_CLOSEDFILLED
 10
1302.7165066138357
 20
3032.1512587445322
 30
0.0
 41
10.0
 42
10.0
 50
88.23747499777414
  0
LINE
  5
1FD
330
1F4
100
AcDbEntity
  8
0
370
18
100
AcDbLine
 10
1295.9499637433091
 20
2812.2553426897216
 30
0.0
 11
1302.4089364833571
 21
3022.15598983295
 31
0.0
  0
MTEXT
  5
1FE
330
1F4
100
AcDbEntity
  8
DIM
100
AcDbMText
 10
1290.983329605836
 20
2917.457873768328
 30
0.0
 40
10.0
 71
5
  1
230（膝部截面高）
  7
CJK
 50
88.23747499777414
  0
POINT
  5
1FF
330
1F4
100
AcDbEntity
  8
Defpoints
100
AcDbPoint
 10
1295.6423936128306
 20
2802.2600737781395
 30
0.0
  0
POINT
  5
200
330
1F4
100
AcDbEntity
  8
Defpoints
100
AcDbPoint
 10
1255.6613179665026
 20
2803.4903543000523
 30
0.0
  0
POINT
  5
201
330
1F4
100
AcDbEntity
  8
Defpoints
100
AcDbPoint
 10
1262.7354309675077
 20
3033.3815392664383
 30
0.0
  0
ENDBLK
  5
1F6
330
1F4
100
AcDbEntity
  8
0
100
AcDbBlockEnd
  0
BLOCK
  5
204
330
203
100
AcDbEntity
  8
0
100
AcDbBlockBegin
  2
*D17
 70
1
 10
0.0
 20
0.0
 30
0.0
  3
*D17
  1

  0
LINE
  5
206
330
203
100
AcDbEntity
  8
0
370
18
100
AcDbLine
 10
298.3770202571863
 20
2424.165800066479
 30
0.0
 11
420.3770202571863
 21
2424.165800066479
 31
0.0
  0
LINE
  5
207
330
203
100
AcDbEntity
  8
0
370
18
100
AcDbLine
 10
298.3770202571863
 20
2584.165800066479
 30
0.0
 11
420.3770202571863
 21
2584.165800066479
 31
0.0
  0
INSERT
  5
208
330
203
100
AcDbEntity
  8
DIM
100
AcDbBlockReference
  2
_CLOSEDFILLED
 10
414.3770202571863
 20
2424.165800066479
 30
0.0
 41
10.0
 42
10.0
 50
270.0
  0
INSERT
  5
20A
330
203
100
AcDbEntity
  8
DIM
100
AcDbBlockReference
  2
_CLOSEDFILLED
 10
414.3770202571863
 20
2584.165800066479
 30
0.0
 41
10.0
 42
10.0
 50
90.0
  0
LINE
  5
20C
330
203
100
AcDbEntity
  8
0
370
18
100
AcDbLine
 10
414.3770202571863
 20
2434.165800066479
 30
0.0
 11
414.3770202571863
 21
2574.165800066479
 31
0.0
  0
MTEXT
  5
20D
330
203
100
AcDbEntity
  8
DIM
100
AcDbMText
 10
406.1770202571863
 20
2504.165800066479
 30
0.0
 40
10.0
 71
5
  1
160
  7
CJK
 50
90.0
  0
POINT
  5
20E
330
203
100
AcDbEntity
  8
Defpoints
100
AcDbPoint
 10
414.3770202571863
 20
2424.165800066479
 30
0.0
  0
POINT
  5
20F
330
203
100
AcDbEntity
  8
Defpoints
100
AcDbPoint
 10
294.3770202571863
 20
2424.165800066479
 30
0.0
  0
POINT
  5
210
330
203
100
AcDbEntity
  8
Defpoints
100
AcDbPoint
 10
294.3770202571863
 20
2584.165800066479
 30
0.0
  0
ENDBLK
  5
205
330
203
100
AcDbEntity
  8
0
100
AcDbBlockEnd
  0
BLOCK
  5
213
330
212
100
AcDbEntity
  8
0
100
AcDbBlockBegin
  2
*D18
 70
1
 10
0.0
 20
0.0
 30
0.0
  3
*D18
  1

  0
LINE
  5
215
330
212
100
AcDbEntity
  8
0
370
18
100
AcDbLine
 10
2076.64846153211
 20
2444.165800066479
 30
0.0
 11
1964.6484615321103
 21
2444.165800066479
 31
0.0
  0
LINE
  5
216
330
212
100
AcDbEntity
  8
0
370
18
100
AcDbLine
 10
2076.64846153211
 20
2564.165800066479
 30
0.0
 11
1964.6484615321103
 21
2564.165800066479
 31
0.0
  0
INSERT
  5
217
330
212
100
AcDbEntity
  8
DIM
100
AcDbBlockReference
  2
_CLOSEDFILLED
 10
1970.6484615321103
 20
2444.165800066479
 30
0.0
 41
10.0
 42
10.0
 50
270.0
  0
INSERT
  5
219
330
212
100
AcDbEntity
  8
DIM
100
AcDbBlockReference
  2
_CLOSEDFILLED
 10
1970.6484615321103
 20
2564.165800066479
 30
0.0
 41
10.0
 42
10.0
 50
90.0
  0
LINE
  5
21B
330
212
100
AcDbEntity
  8
0
370
18
100
AcDbLine
 10
1970.6484615321103
 20
2454.165800066479
 30
0.0
 11
1970.6484615321103
 21
2554.165800066479
 31
0.0
  0
MTEXT
  5
21C
330
212
100
AcDbEntity
  8
DIM
100
AcDbMText
 10
1962.4484615321103
 20
2504.165800066479
 30
0.0
 40
10.0
 71
5
  1
120
  7
CJK
 50
90.0
  0
POINT
  5
21D
330
212
100
AcDbEntity
  8
Defpoints
100
AcDbPoint
 10
1970.6484615321103
 20
2444.165800066479
 30
0.0
  0
POINT
  5
21E
330
212
100
AcDbEntity
  8
Defpoints
100
AcDbPoint
 10
2080.64846153211
 20
2444.165800066479
 30
0.0
  0
POINT
  5
21F
330
212
100
AcDbEntity
  8
Defpoints
100
AcDbPoint
 10
2080.64846153211
 20
2564.165800066479
 30
0.0
  0
ENDBLK
  5
214
330
212
100
AcDbEntity
  8
0
100
AcDbBlockEnd
  0
BLOCK
  5
25E
330
25D
100
AcDbEntity
  8
0
100
AcDbBlockBegin
  2
*D19
 70
1
 10
0.0
 20
0.0
 30
0.0
  3
*D19
  1

  0
LINE
  5
260
330
25D
100
AcDbEntity
  8
0
370
18
100
AcDbLine
 10
2461.809430193079
 20
2420.165800066479
 30
0.0
 11
2461.809430193079
 21
2378.165800066479
 31
0.0
  0
LINE
  5
261
330
25D
100
AcDbEntity
  8
0
370
18
100
AcDbLine
 10
2578.809430193079
 20
2420.165800066479
 30
0.0
 11
2578.809430193079
 21
2378.165800066479
 31
0.0
  0
INSERT
  5
262
330
25D
100
AcDbEntity
  8
DIM
100
AcDbBlockReference
  2
_CLOSEDFILLED
 10
2461.809430193079
 20
2384.165800066479
 30
0.0
 41
10.0
 42
10.0
 50
180.0
  0
INSERT
  5
264
330
25D
100
AcDbEntity
  8
DIM
100
AcDbBlockReference
  2
_CLOSEDFILLED
 10
2578.809430193079
 20
2384.165800066479
 30
0.0
 41
10.0
 42
10.0
  0
LINE
  5
266
330
25D
100
AcDbEntity
  8
0
370
18
100
AcDbLine
 10
2471.809430193079
 20
2384.165800066479
 30
0.0
 11
2568.809430193079
 21
2384.165800066479
 31
0.0
  0
MTEXT
  5
267
330
25D
100
AcDbEntity
  8
DIM
100
AcDbMText
 10
2520.309430193079
 20
2392.3658000664786
 30
0.0
 40
10.0
 71
5
  1
117
  7
CJK
  0
POINT
  5
268
330
25D
100
AcDbEntity
  8
Defpoints
100
AcDbPoint
 10
2461.809430193079
 20
2384.165800066479
 30
0.0
  0
POINT
  5
269
330
25D
100
AcDbEntity
  8
Defpoints
100
AcDbPoint
 10
2461.809430193079
 20
2424.165800066479
 30
0.0
  0
POINT
  5
26A
330
25D
100
AcDbEntity
  8
Defpoints
100
AcDbPoint
 10
2578.809430193079
 20
2424.165800066479
 30
0.0
  0
ENDBLK
  5
25F
330
25D
100
AcDbEntity
  8
0
100
AcDbBlockEnd
  0
BLOCK
  5
26D
330
26C
100
AcDbEntity
  8
0
100
AcDbBlockBegin
  2
*D20
 70
1
 10
0.0
 20
0.0
 30
0.0
  3
*D20
  1

  0
LINE
  5
26F
330
26C
100
AcDbEntity
  8
0
370
18
100
AcDbLine
 10
2449.809430193079
 20
2500.165800066479
 30
0.0
 11
2449.809430193079
 21
2350.165800066479
 31
0.0
  0
LINE
  5
270
330
26C
100
AcDbEntity
  8
0
370
18
100
AcDbLine
 10
2590.809430193079
 20
2500.165800066479
 30
0.0
 11
2590.809430193079
 21
2350.165800066479
 31
0.0
  0
INSERT
  5
271
330
26C
100
AcDbEntity
  8
DIM
100
AcDbBlockReference
  2
_CLOSEDFILLED
 10
2449.809430193079
 20
2356.165800066479
 30
0.0
 41
10.0
 42
10.0
 50
180.0
  0
INSERT
  5
273
330
26C
100
AcDbEntity
  8
DIM
100
AcDbBlockReference
  2
_CLOSEDFILLED
 10
2590.809430193079
 20
2356.165800066479
 30
0.0
 41
10.0
 42
10.0
  0
LINE
  5
275
330
26C
100
AcDbEntity
  8
0
370
18
100
AcDbLine
 10
2459.809430193079
 20
2356.165800066479
 30
0.0
 11
2580.809430193079
 21
2356.165800066479
 31
0.0
  0
MTEXT
  5
276
330
26C
100
AcDbEntity
  8
DIM
100
AcDbMText
 10
2520.309430193079
 20
2364.3658000664786
 30
0.0
 40
10.0
 71
5
  1
141
  7
CJK
  0
POINT
  5
277
330
26C
100
AcDbEntity
  8
Defpoints
100
AcDbPoint
 10
2449.809430193079
 20
2356.165800066479
 30
0.0
  0
POINT
  5
278
330
26C
100
AcDbEntity
  8
Defpoints
100
AcDbPoint
 10
2449.809430193079
 20
2504.165800066479
 30
0.0
  0
POINT
  5
279
330
26C
100
AcDbEntity
  8
Defpoints
100
AcDbPoint
 10
2590.809430193079
 20
2504.165800066479
 30
0.0
  0
ENDBLK
  5
26E
330
26C
100
AcDbEntity
  8
0
100
AcDbBlockEnd
  0
BLOCK
  5
27C
330
27B
100
AcDbEntity
  8
0
100
AcDbBlockBegin
  2
*D21
 70
1
 10
0.0
 20
0.0
 30
0.0
  3
*D21
  1

  0
LINE
  5
27E
330
27B
100
AcDbEntity
  8
0
370
18
100
AcDbLine
 10
2484.309430193079
 20
3170.165800066479
 30
0.0
 11
2484.309430193079
 21
2322.165800066479
 31
0.0
  0
LINE
  5
27F
330
27B
100
AcDbEntity
  8
0
370
18
100
AcDbLine
 10
2556.309430193079
 20
3170.165800066479
 30
0.0
 11
2556.309430193079
 21
2322.165800066479
 31
0.0
  0
INSERT
  5
280
330
27B
100
AcDbEntity
  8
DIM
100
AcDbBlockReference
  2
_CLOSEDFILLED
 10
2484.309430193079
 20
2328.165800066479
 30
0.0
 41
10.0
 42
10.0
 50
180.0
  0
INSERT
  5
282
330
27B
100
AcDbEntity
  8
DIM
100
AcDbBlockReference
  2
_CLOSEDFILLED
 10
2556.309430193079
 20
2328.165800066479
 30
0.0
 41
10.0
 42
10.0
  0
LINE
  5
284
330
27B
100
AcDbEntity
  8
0
370
18
100
AcDbLine
 10
2494.309430193079
 20
2328.165800066479
 30
0.0
 11
2546.309430193079
 21
2328.165800066479
 31
0.0
  0
MTEXT
  5
285
330
27B
100
AcDbEntity
  8
DIM
100
AcDbMText
 10
2520.309430193079
 20
2336.3658000664786
 30
0.0
 40
10.0
 71
5
  1
72
  7
CJK
  0
POINT
  5
286
330
27B
100
AcDbEntity
  8
Defpoints
100
AcDbPoint
 10
2484.309430193079
 20
2328.165800066479
 30
0.0
  0
POINT
  5
287
330
27B
100
AcDbEntity
  8
Defpoints
100
AcDbPoint
 10
2484.309430193079
 20
3174.165800066479
 30
0.0
  0
POINT
  5
288
330
27B
100
AcDbEntity
  8
Defpoints
100
AcDbPoint
 10
2556.309430193079
 20
3174.165800066479
 30
0.0
  0
ENDBLK
  5
27D
330
27B
100
AcDbEntity
  8
0
100
AcDbBlockEnd
  0
BLOCK
  5
28B
330
28A
100
AcDbEntity
  8
0
100
AcDbBlockBegin
  2
*D22
 70
1
 10
0.0
 20
0.0
 30
0.0
  3
*D22
  1

  0
LINE
  5
28D
330
28A
100
AcDbEntity
  8
0
370
18
100
AcDbLine
 10
2468.309430193079
 20
3170.165800066479
 30
0.0
 11
2468.309430193079
 21
2294.165800066479
 31
0.0
  0
LINE
  5
28E
330
28A
100
AcDbEntity
  8
0
370
18
100
AcDbLine
 10
2572.309430193079
 20
3170.165800066479
 30
0.0
 11
2572.309430193079
 21
2294.165800066479
 31
0.0
  0
INSERT
  5
28F
330
28A
100
AcDbEntity
  8
DIM
100
AcDbBlockReference
  2
_CLOSEDFILLED
 10
2468.309430193079
 20
2300.165800066479
 30
0.0
 41
10.0
 42
10.0
 50
180.0
  0
INSERT
  5
291
330
28A
100
AcDbEntity
  8
DIM
100
AcDbBlockReference
  2
_CLOSEDFILLED
 10
2572.309430193079
 20
2300.165800066479
 30
0.0
 41
10.0
 42
10.0
  0
LINE
  5
293
330
28A
100
AcDbEntity
  8
0
370
18
100
AcDbLine
 10
2478.309430193079
 20
2300.165800066479
 30
0.0
 11
2562.309430193079
 21
2300.165800066479
 31
0.0
  0
MTEXT
  5
294
330
28A
100
AcDbEntity
  8
DIM
100
AcDbMText
 10
2520.309430193079
 20
2308.3658000664786
 30
0.0
 40
10.0
 71
5
  1
104
  7
CJK
  0
POINT
  5
295
330
28A
100
AcDbEntity
  8
Defpoints
100
AcDbPoint
 10
2468.309430193079
 20
2300.165800066479
 30
0.0
  0
POINT
  5
296
330
28A
100
AcDbEntity
  8
Defpoints
100
AcDbPoint
 10
2468.309430193079
 20
3174.165800066479
 30
0.0
  0
POINT
  5
297
330
28A
100
AcDbEntity
  8
Defpoints
100
AcDbPoint
 10
2572.309430193079
 20
3174.165800066479
 30
0.0
  0
ENDBLK
  5
28C
330
28A
100
AcDbEntity
  8
0
100
AcDbBlockEnd
  0
BLOCK
  5
29A
330
299
100
AcDbEntity
  8
0
100
AcDbBlockBegin
  2
*D23
 70
1
 10
0.0
 20
0.0
 30
0.0
  3
*D23
  1

  0
LINE
  5
29C
330
299
100
AcDbEntity
  8
0
370
18
100
AcDbLine
 10
2582.809430193079
 20
2424.165800066479
 30
0.0
 11
2636.809430193079
 21
2424.165800066479
 31
0.0
  0
LINE
  5
29D
330
299
100
AcDbEntity
  8
0
370
18
100
AcDbLine
 10
2576.309430193079
 20
3219.165800066479
 30
0.0
 11
2636.809430193079
 21
3219.165800066479
 31
0.0
  0
INSERT
  5
29E
330
299
100
AcDbEntity
  8
DIM
100
AcDbBlockReference
  2
_CLOSEDFILLED
 10
2630.809430193079
 20
2424.165800066479
 30
0.0
 41
10.0
 42
10.0
 50
270.0
  0
INSERT
  5
2A0
330
299
100
AcDbEntity
  8
DIM
100
AcDbBlockReference
  2
_CLOSEDFILLED
 10
2630.809430193079
 20
3219.165800066479
 30
0.0
 41
10.0
 42
10.0
 50
90.0
  0
LINE
  5
2A2
330
299
100
AcDbEntity
  8
0
370
18
100
AcDbLine
 10
2630.809430193079
 20
2434.165800066479
 30
0.0
 11
2630.809430193079
 21
3209.165800066479
 31
0.0
  0
MTEXT
  5
2A3
330
299
100
AcDbEntity
  8
DIM
100
AcDbMText
 10
2622.6094301930793
 20
2821.665800066479
 30
0.0
 40
10.0
 71
5
  1
795
  7
CJK
 50
90.0
  0
POINT
  5
2A4
330
299
100
AcDbEntity
  8
Defpoints
100
AcDbPoint
 10
2630.809430193079
 20
2424.165800066479
 30
0.0
  0
POINT
  5
2A5
330
299
100
AcDbEntity
  8
Defpoints
100
AcDbPoint
 10
2578.809430193079
 20
2424.165800066479
 30
0.0
  0
POINT
  5
2A6
330
299
100
AcDbEntity
  8
Defpoints
100
AcDbPoint
 10
2572.309430193079
 20
3219.165800066479
 30
0.0
  0
ENDBLK
  5
29B
330
299
100
AcDbEntity
  8
0
100
AcDbBlockEnd
  0
BLOCK
  5
2E3
330
2E2
100
AcDbEntity
  8
0
100
AcDbBlockBegin
  2
*D24
 70
1
 10
0.0
 20
0.0
 30
0.0
  3
*D24
  1

  0
LINE
  5
2E5
330
2E2
100
AcDbEntity
  8
0
370
18
100
AcDbLine
 10
290.3770202571863
 20
2092.356373703076
 30
0.0
 11
168.3770202571863
 21
2092.356373703076
 31
0.0
  0
LINE
  5
2E6
330
2E2
100
AcDbEntity
  8
0
370
18
100
AcDbLine
 10
290.3770202571863
 20
2209.356373703076
 30
0.0
 11
168.3770202571863
 21
2209.356373703076
 31
0.0
  0
INSERT
  5
2E7
330
2E2
100
AcDbEntity
  8
DIM
100
AcDbBlockReference
  2
_CLOSEDFILLED
 10
174.3770202571863
 20
2092.356373703076
 30
0.0
 41
10.0
 42
10.0
 50
270.0
  0
INSERT
  5
2E9
330
2E2
100
AcDbEntity
  8
DIM
100
AcDbBlockReference
  2
_CLOSEDFILLED
 10
174.3770202571863
 20
2209.356373703076
 30
0.0
 41
10.0
 42
10.0
 50
90.0
  0
LINE
  5
2EB
330
2E2
100
AcDbEntity
  8
0
370
18
100
AcDbLine
 10
174.3770202571863
 20
2102.356373703076
 30
0.0
 11
174.3770202571863
 21
2199.356373703076
 31
0.0
  0
MTEXT
  5
2EC
330
2E2
100
AcDbEntity
  8
DIM
100
AcDbMText
 10
166.1770202571863
 20
2150.856373703076
 30
0.0
 40
10.0
 71
5
  1
117
  7
CJK
 50
90.0
  0
POINT
  5
2ED
330
2E2
100
AcDbEntity
  8
Defpoints
100
AcDbPoint
 10
174.3770202571863
 20
2092.356373703076
 30
0.0
  0
POINT
  5
2EE
330
2E2
100
AcDbEntity
  8
Defpoints
100
AcDbPoint
 10
294.3770202571863
 20
2092.356373703076
 30
0.0
  0
POINT
  5
2EF
330
2E2
100
AcDbEntity
  8
Defpoints
100
AcDbPoint
 10
294.3770202571863
 20
2209.356373703076
 30
0.0
  0
ENDBLK
  5
2E4
330
2E2
100
AcDbEntity
  8
0
100
AcDbBlockEnd
  0
BLOCK
  5
2F2
330
2F1
100
AcDbEntity
  8
0
100
AcDbBlockBegin
  2
*D25
 70
1
 10
0.0
 20
0.0
 30
0.0
  3
*D25
  1

  0
LINE
  5
2F4
330
2F1
100
AcDbEntity
  8
0
370
18
100
AcDbLine
 10
2084.64846153211
 20
2080.356373703076
 30
0.0
 11
2186.64846153211
 21
2080.356373703076
 31
0.0
  0
LINE
  5
2F5
330
2F1
100
AcDbEntity
  8
0
370
18
100
AcDbLine
 10
2084.64846153211
 20
2221.356373703076
 30
0.0
 11
2186.64846153211
 21
2221.356373703076
 31
0.0
  0
INSERT
  5
2F6
330
2F1
100
AcDbEntity
  8
DIM
100
AcDbBlockReference
  2
_CLOSEDFILLED
 10
2180.64846153211
 20
2080.356373703076
 30
0.0
 41
10.0
 42
10.0
 50
270.0
  0
INSERT
  5
2F8
330
2F1
100
AcDbEntity
  8
DIM
100
AcDbBlockReference
  2
_CLOSEDFILLED
 10
2180.64846153211
 20
2221.356373703076
 30
0.0
 41
10.0
 42
10.0
 50
90.0
  0
LINE
  5
2FA
330
2F1
100
AcDbEntity
  8
0
370
18
100
AcDbLine
 10
2180.64846153211
 20
2090.356373703076
 30
0.0
 11
2180.64846153211
 21
2211.356373703076
 31
0.0
  0
MTEXT
  5
2FB
330
2F1
100
AcDbEntity
  8
DIM
100
AcDbMText
 10
2172.4484615321103
 20
2150.856373703076
 30
0.0
 40
10.0
 71
5
  1
141
  7
CJK
 50
90.0
  0
POINT
  5
2FC
330
2F1
100
AcDbEntity
  8
Defpoints
100
AcDbPoint
 10
2180.64846153211
 20
2080.356373703076
 30
0.0
  0
POINT
  5
2FD
330
2F1
100
AcDbEntity
  8
Defpoints
100
AcDbPoint
 10
2080.64846153211
 20
2080.356373703076
 30
0.0
  0
POINT
  5
2FE
330
2F1
100
AcDbEntity
  8
Defpoints
100
AcDbPoint
 10
2080.64846153211
 20
2221.356373703076
 30
0.0
  0
ENDBLK
  5
2F3
330
2F1
100
AcDbEntity
  8
0
100
AcDbBlockEnd
  0
BLOCK
  5
301
330
300
100
AcDbEntity
  8
0
100
AcDbBlockBegin
  2
*D26
 70
1
 10
0.0
 20
0.0
 30
0.0
  3
*D26
  1

  0
LINE
  5
303
330
300
100
AcDbEntity
  8
0
370
18
100
AcDbLine
 10
2024.6484615321103
 20
2092.356373703076
 30
0.0
 11
2214.64846153211
 21
2092.356373703076
 31
0.0
  0
LINE
  5
304
330
300
100
AcDbEntity
  8
0
370
18
100
AcDbLine
 10
2024.6484615321103
 20
2209.356373703076
 30
0.0
 11
2214.64846153211
 21
2209.356373703076
 31
0.0
  0
INSERT
  5
305
330
300
100
AcDbEntity
  8
DIM
100
AcDbBlockReference
  2
_CLOSEDFILLED
 10
2208.64846153211
 20
2092.356373703076
 30
0.0
 41
10.0
 42
10.0
 50
270.0
  0
INSERT
  5
307
330
300
100
AcDbEntity
  8
DIM
100
AcDbBlockReference
  2
_CLOSEDFILLED
 10
2208.64846153211
 20
2209.356373703076
 30
0.0
 41
10.0
 42
10.0
 50
90.0
  0
LINE
  5
309
330
300
100
AcDbEntity
  8
0
370
18
100
AcDbLine
 10
2208.64846153211
 20
2102.356373703076
 30
0.0
 11
2208.64846153211
 21
2199.356373703076
 31
0.0
  0
MTEXT
  5
30A
330
300
100
AcDbEntity
  8
DIM
100
AcDbMText
 10
2200.4484615321103
 20
2150.856373703076
 30
0.0
 40
10.0
 71
5
  1
117
  7
CJK
 50
90.0
  0
POINT
  5
30B
330
300
100
AcDbEntity
  8
Defpoints
100
AcDbPoint
 10
2208.64846153211
 20
2092.356373703076
 30
0.0
  0
POINT
  5
30C
330
300
100
AcDbEntity
  8
Defpoints
100
AcDbPoint
 10
2020.6484615321103
 20
2092.356373703076
 30
0.0
  0
POINT
  5
30D
330
300
100
AcDbEntity
  8
Defpoints
100
AcDbPoint
 10
2020.6484615321103
 20
2209.356373703076
 30
0.0
  0
ENDBLK
  5
302
330
300
100
AcDbEntity
  8
0
100
AcDbBlockEnd
  0
BLOCK
  5
310
330
30F
100
AcDbEntity
  8
0
100
AcDbBlockBegin
  2
*D27
 70
1
 10
0.0
 20
0.0
 30
0.0
  3
*D27
  1

  0
LINE
  5
312
330
30F
100
AcDbEntity
  8
0
370
18
100
AcDbLine
 10
1298.3770202571864
 20
2114.856373703076
 30
0.0
 11
1440.3770202571864
 21
2114.856373703076
 31
0.0
  0
LINE
  5
313
330
30F
100
AcDbEntity
  8
0
370
18
100
AcDbLine
 10
1298.3770202571864
 20
2186.856373703076
 30
0.0
 11
1440.3770202571864
 21
2186.856373703076
 31
0.0
  0
INSERT
  5
314
330
30F
100
AcDbEntity
  8
DIM
100
AcDbBlockReference
  2
_CLOSEDFILLED
 10
1434.3770202571864
 20
2114.856373703076
 30
0.0
 41
10.0
 42
10.0
 50
270.0
  0
INSERT
  5
316
330
30F
100
AcDbEntity
  8
DIM
100
AcDbBlockReference
  2
_CLOSEDFILLED
 10
1434.3770202571864
 20
2186.856373703076
 30
0.0
 41
10.0
 42
10.0
 50
90.0
  0
LINE
  5
318
330
30F
100
AcDbEntity
  8
0
370
18
100
AcDbLine
 10
1434.3770202571864
 20
2124.856373703076
 30
0.0
 11
1434.3770202571864
 21
2176.856373703076
 31
0.0
  0
MTEXT
  5
319
330
30F
100
AcDbEntity
  8
DIM
100
AcDbMText
 10
1426.1770202571863
 20
2150.856373703076
 30
0.0
 40
10.0
 71
5
  1
72
  7
CJK
 50
90.0
  0
POINT
  5
31A
330
30F
100
AcDbEntity
  8
Defpoints
100
AcDbPoint
 10
1434.3770202571864
 20
2114.856373703076
 30
0.0
  0
POINT
  5
31B
330
30F
100
AcDbEntity
  8
Defpoints
100
AcDbPoint
 10
1294.3770202571864
 20
2114.856373703076
 30
0.0
  0
POINT
  5
31C
330
30F
100
AcDbEntity
  8
Defpoints
100
AcDbPoint
 10
1294.3770202571864
 20
2186.856373703076
 30
0.0
  0
ENDBLK
  5
311
330
30F
100
AcDbEntity
  8
0
100
AcDbBlockEnd
  0
BLOCK
  5
31F
330
31E
100
AcDbEntity
  8
0
100
AcDbBlockBegin
  2
*D28
 70
1
 10
0.0
 20
0.0
 30
0.0
  3
*D28
  1

  0
LINE
  5
321
330
31E
100
AcDbEntity
  8
0
370
18
100
AcDbLine
 10
1298.3770202571864
 20
2098.856373703076
 30
0.0
 11
1468.3770202571864
 21
2098.856373703076
 31
0.0
  0
LINE
  5
322
330
31E
100
AcDbEntity
  8
0
370
18
100
AcDbLine
 10
1298.3770202571864
 20
2202.856373703076
 30
0.0
 11
1468.3770202571864
 21
2202.856373703076
 31
0.0
  0
INSERT
  5
323
330
31E
100
AcDbEntity
  8
DIM
100
AcDbBlockReference
  2
_CLOSEDFILLED
 10
1462.3770202571864
 20
2098.856373703076
 30
0.0
 41
10.0
 42
10.0
 50
270.0
  0
INSERT
  5
325
330
31E
100
AcDbEntity
  8
DIM
100
AcDbBlockReference
  2
_CLOSEDFILLED
 10
1462.3770202571864
 20
2202.856373703076
 30
0.0
 41
10.0
 42
10.0
 50
90.0
  0
LINE
  5
327
330
31E
100
AcDbEntity
  8
0
370
18
100
AcDbLine
 10
1462.3770202571864
 20
2108.856373703076
 30
0.0
 11
1462.3770202571864
 21
2192.856373703076
 31
0.0
  0
MTEXT
  5
328
330
31E
100
AcDbEntity
  8
DIM
100
AcDbMText
 10
1454.1770202571863
 20
2150.856373703076
 30
0.0
 40
10.0
 71
5
  1
104
  7
CJK
 50
90.0
  0
POINT
  5
329
330
31E
100
AcDbEntity
  8
Defpoints
100
AcDbPoint
 10
1462.3770202571864
 20
2098.856373703076
 30
0.0
  0
POINT
  5
32A
330
31E
100
AcDbEntity
  8
Defpoints
100
AcDbPoint
 10
1294.3770202571864
 20
2098.856373703076
 30
0.0
  0
POINT
  5
32B
330
31E
100
AcDbEntity
  8
Defpoints
100
AcDbPoint
 10
1294.3770202571864
 20
2202.856373703076
 30
0.0
  0
ENDBLK
  5
320
330
31E
100
AcDbEntity
  8
0
100
AcDbBlockEnd
  0
BLOCK
  5
32E
330
32D
100
AcDbEntity
  8
0
100
AcDbBlockBegin
  2
*D29
 70
1
 10
0.0
 20
0.0
 30
0.0
  3
*D29
  1

  0
LINE
  5
330
330
32D
100
AcDbEntity
  8
0
370
18
100
AcDbLine
 10
214.3770202571863
 20
2205.356373703076
 30
0.0
 11
214.3770202571863
 21
2034.3563737030759
 31
0.0
  0
LINE
  5
331
330
32D
100
AcDbEntity
  8
0
370
18
100
AcDbLine
 10
2140.64846153211
 20
2217.356373703076
 30
0.0
 11
2140.64846153211
 21
2034.3563737030759
 31
0.0
  0
INSERT
  5
332
330
32D
100
AcDbEntity
  8
DIM
100
AcDbBlockReference
  2
_CLOSEDFILLED
 10
214.3770202571863
 20
2040.3563737030759
 30
0.0
 41
10.0
 42
10.0
 50
180.0
  0
INSERT
  5
334
330
32D
100
AcDbEntity
  8
DIM
100
AcDbBlockReference
  2
_CLOSEDFILLED
 10
2140.64846153211
 20
2040.3563737030759
 30
0.0
 41
10.0
 42
10.0
  0
LINE
  5
336
330
32D
100
AcDbEntity
  8
0
370
18
100
AcDbLine
 10
224.3770202571863
 20
2040.3563737030759
 30
0.0
 11
2130.64846153211
 21
2040.3563737030759
 31
0.0
  0
MTEXT
  5
337
330
32D
100
AcDbEntity
  8
DIM
100
AcDbMText
 10
1177.5127408946482
 20
2048.5563737030757
 30
0.0
 40
10.0
 71
5
  1
1926.3
  7
CJK
  0
POINT
  5
338
330
32D
100
AcDbEntity
  8
Defpoints
100
AcDbPoint
 10
214.3770202571863
 20
2040.3563737030759
 30
0.0
  0
POINT
  5
339
330
32D
100
AcDbEntity
  8
Defpoints
100
AcDbPoint
 10
214.3770202571863
 20
2209.356373703076
 30
0.0
  0
POINT
  5
33A
330
32D
100
AcDbEntity
  8
Defpoints
100
AcDbPoint
 10
2140.64846153211
 20
2221.356373703076
 30
0.0
  0
ENDBLK
  5
32F
330
32D
100
AcDbEntity
  8
0
100
AcDbBlockEnd
  0
BLOCK
  5
345
330
344
100
AcDbEntity
  8
0
100
AcDbBlockBegin
  2
*D30
 70
1
 10
0.0
 20
0.0
 30
0.0
  3
*D30
  1

  0
LINE
  5
347
330
344
100
AcDbEntity
  8
0
370
18
100
AcDbLine
 10
210.4108262108262
 20
1287.7333251552895
 30
0.0
 11
210.4108262108262
 21
1249.7333251552895
 31
0.0
  0
LINE
  5
348
330
344
100
AcDbEntity
  8
0
370
18
100
AcDbLine
 10
290.4108254237517
 20
1367.7333236131053
 30
0.0
 11
290.4108254237517
 21
1249.7333251552895
 31
0.0
  0
INSERT
  5
349
330
344
100
AcDbEntity
  8
DIM
100
AcDbBlockReference
  2
_CLOSEDFILLED
 10
210.4108262108262
 20
1255.7333251552895
 30
0.0
 41
10.0
 42
10.0
 50
180.0
  0
INSERT
  5
34B
330
344
100
AcDbEntity
  8
DIM
100
AcDbBlockReference
  2
_CLOSEDFILLED
 10
290.4108254237517
 20
1255.7333251552895
 30
0.0
 41
10.0
 42
10.0
  0
LINE
  5
34D
330
344
100
AcDbEntity
  8
0
370
18
100
AcDbLine
 10
220.4108262108262
 20
1255.7333251552895
 30
0.0
 11
280.4108254237517
 21
1255.7333251552895
 31
0.0
  0
MTEXT
  5
34E
330
344
100
AcDbEntity
  8
DIM
100
AcDbMText
 10
250.41082581728895
 20
1263.9333251552896
 30
0.0
 40
10.0
 71
5
  1
80
  7
CJK
  0
POINT
  5
34F
330
344
100
AcDbEntity
  8
Defpoints
100
AcDbPoint
 10
210.4108262108262
 20
1255.7333251552895
 30
0.0
  0
POINT
  5
350
330
344
100
AcDbEntity
  8
Defpoints
100
AcDbPoint
 10
210.4108262108262
 20
1291.7333251552895
 30
0.0
  0
POINT
  5
351
330
344
100
AcDbEntity
  8
Defpoints
100
AcDbPoint
 10
290.4108254237517
 20
1371.7333236131053
 30
0.0
  0
ENDBLK
  5
346
330
344
100
AcDbEntity
  8
0
100
AcDbBlockEnd
  0
BLOCK
  5
354
330
353
100
AcDbEntity
  8
0
100
AcDbBlockBegin
  2
*D31
 70
1
 10
0.0
 20
0.0
 30
0.0
  3
*D31
  1

  0
LINE
  5
356
330
353
100
AcDbEntity
  8
0
370
18
100
AcDbLine
 10
290.4108254237517
 20
1367.7333236131053
 30
0.0
 11
290.4108254237517
 21
1249.7333251552895
 31
0.0
  0
LINE
  5
357
330
353
100
AcDbEntity
  8
0
370
18
100
AcDbLine
 10
2076.6822666986754
 20
1367.7333236131053
 30
0.0
 11
2076.6822666986754
 21
1249.7333251552895
 31
0.0
  0
INSERT
  5
358
330
353
100
AcDbEntity
  8
DIM
100
AcDbBlockReference
  2
_CLOSEDFILLED
 10
290.4108254237517
 20
1255.7333251552895
 30
0.0
 41
10.0
 42
10.0
 50
180.0
  0
INSERT
  5
35A
330
353
100
AcDbEntity
  8
DIM
100
AcDbBlockReference
  2
_CLOSEDFILLED
 10
2076.6822666986754
 20
1255.7333251552895
 30
0.0
 41
10.0
 42
10.0
  0
LINE
  5
35C
330
353
100
AcDbEntity
  8
0
370
18
100
AcDbLine
 10
300.4108254237517
 20
1255.7333251552895
 30
0.0
 11
2066.6822666986754
 21
1255.7333251552895
 31
0.0
  0
MTEXT
  5
35D
330
353
100
AcDbEntity
  8
DIM
100
AcDbMText
 10
1183.5465460612136
 20
1263.9333251552896
 30
0.0
 40
10.0
 71
5
  1
1786.3
  7
CJK
  0
POINT
  5
35E
330
353
100
AcDbEntity
  8
Defpoints
100
AcDbPoint
 10
290.4108254237517
 20
1255.7333251552895
 30
0.0
  0
POINT
  5
35F
330
353
100
AcDbEntity
  8
Defpoints
100
AcDbPoint
 10
290.4108254237517
 20
1371.7333236131053
 30
0.0
  0
POINT
  5
360
330
353
100
AcDbEntity
  8
Defpoints
100
AcDbPoint
 10
2076.6822666986754
 20
1371.7333236131053
 30
0.0
  0
ENDBLK
  5
355
330
353
100
AcDbEntity
  8
0
100
AcDbBlockEnd
  0
BLOCK
  5
363
330
362
100
AcDbEntity
  8
0
100
AcDbBlockBegin
  2
*D32
 70
1
 10
0.0
 20
0.0
 30
0.0
  3
*D32
  1

  0
LINE
  5
365
330
362
100
AcDbEntity
  8
0
370
18
100
AcDbLine
 10
2076.6822666986754
 20
1367.7333236131053
 30
0.0
 11
2076.6822666986754
 21
1249.7333251552895
 31
0.0
  0
LINE
  5
366
330
362
100
AcDbEntity
  8
0
370
18
100
AcDbLine
 10
2136.6822566780647
 20
1287.7333251552895
 30
0.0
 11
2136.6822566780647
 21
1249.7333251552895
 31
0.0
  0
INSERT
  5
367
330
362
100
AcDbEntity
  8
DIM
100
AcDbBlockReference
  2
_CLOSEDFILLED
 10
2076.6822666986754
 20
1255.7333251552895
 30
0.0
 41
10.0
 42
10.0
 50
180.0
  0
INSERT
  5
369
330
362
100
AcDbEntity
  8
DIM
100
AcDbBlockReference
  2
_CLOSEDFILLED
 10
2136.6822566780647
 20
1255.7333251552895
 30
0.0
 41
10.0
 42
10.0
  0
LINE
  5
36B
330
362
100
AcDbEntity
  8
0
370
18
100
AcDbLine
 10
2086.6822666986754
 20
1255.7333251552895
 30
0.0
 11
2126.6822566780647
 21
1255.7333251552895
 31
0.0
  0
MTEXT
  5
36C
330
362
100
AcDbEntity
  8
DIM
100
AcDbMText
 10
2106.68226168837
 20
1263.9333251552896
 30
0.0
 40
10.0
 71
5
  1
60
  7
CJK
  0
POINT
  5
36D
330
362
100
AcDbEntity
  8
Defpoints
100
AcDbPoint
 10
2076.6822666986754
 20
1255.7333251552895
 30
0.0
  0
POINT
  5
36E
330
362
100
AcDbEntity
  8
Defpoints
100
AcDbPoint
 10
2076.6822666986754
 20
1371.7333236131053
 30
0.0
  0
POINT
  5
36F
330
362
100
AcDbEntity
  8
Defpoints
100
AcDbPoint
 10
2136.6822566780647
 20
1291.7333251552895
 30
0.0
  0
ENDBLK
  5
364
330
362
100
AcDbEntity
  8
0
100
AcDbBlockEnd
  0
BLOCK
  5
372
330
371
100
AcDbEntity
  8
0
100
AcDbBlockBegin
  2
*D33
 70
1
 10
0.0
 20
0.0
 30
0.0
  3
*D33
  1

  0
LINE
  5
374
330
371
100
AcDbEntity
  8
0
370
18
100
AcDbLine
 10
210.4108262108262
 20
1287.7333251552895
 30
0.0
 11
210.4108262108262
 21
1221.7333251552895
 31
0.0
  0
LINE
  5
375
330
371
100
AcDbEntity
  8
0
370
18
100
AcDbLine
 10
2136.6822566780647
 20
1287.7333251552895
 30
0.0
 11
2136.6822566780647
 21
1221.7333251552895
 31
0.0
  0
INSERT
  5
376
330
371
100
AcDbEntity
  8
DIM
100
AcDbBlockReference
  2
_CLOSEDFILLED
 10
210.4108262108262
 20
1227.7333251552895
 30
0.0
 41
10.0
 42
10.0
 50
180.0
  0
INSERT
  5
378
330
371
100
AcDbEntity
  8
DIM
100
AcDbBlockReference
  2
_CLOSEDFILLED
 10
2136.6822566780647
 20
1227.7333251552895
 30
0.0
 41
10.0
 42
10.0
  0
LINE
  5
37A
330
371
100
AcDbEntity
  8
0
370
18
100
AcDbLine
 10
220.4108262108262
 20
1227.7333251552895
 30
0.0
 11
2126.6822566780647
 21
1227.7333251552895
 31
0.0
  0
MTEXT
  5
37B
330
371
100
AcDbEntity
  8
DIM
100
AcDbMText
 10
1173.5465414444454
 20
1235.9333251552896
 30
0.0
 40
10.0
 71
5
  1
1926.3
  7
CJK
  0
POINT
  5
37C
330
371
100
AcDbEntity
  8
Defpoints
100
AcDbPoint
 10
210.4108262108262
 20
1227.7333251552895
 30
0.0
  0
POINT
  5
37D
330
371
100
AcDbEntity
  8
Defpoints
100
AcDbPoint
 10
210.4108262108262
 20
1291.7333251552895
 30
0.0
  0
POINT
  5
37E
330
371
100
AcDbEntity
  8
Defpoints
100
AcDbPoint
 10
2136.6822566780647
 20
1291.7333251552895
 30
0.0
  0
ENDBLK
  5
373
330
371
100
AcDbEntity
  8
0
100
AcDbBlockEnd
  0
BLOCK
  5
381
330
380
100
AcDbEntity
  8
0
100
AcDbBlockBegin
  2
*D34
 70
1
 10
0.0
 20
0.0
 30
0.0
  3
*D34
  1

  0
LINE
  5
383
330
380
100
AcDbEntity
  8
0
370
18
100
AcDbLine
 10
206.4108262108262
 20
1291.7333251552895
 30
0.0
 11
168.4108262108262
 21
1291.7333251552895
 31
0.0
  0
LINE
  5
384
330
380
100
AcDbEntity
  8
0
370
18
100
AcDbLine
 10
286.4108254237517
 20
1371.7333236131053
 30
0.0
 11
168.4108262108262
 21
1371.7333236131053
 31
0.0
  0
INSERT
  5
385
330
380
100
AcDbEntity
  8
DIM
100
AcDbBlockReference
  2
_CLOSEDFILLED
 10
174.4108262108262
 20
1291.7333251552895
 30
0.0
 41
10.0
 42
10.0
 50
270.0
  0
INSERT
  5
387
330
380
100
AcDbEntity
  8
DIM
100
AcDbBlockReference
  2
_CLOSEDFILLED
 10
174.4108262108262
 20
1371.7333236131053
 30
0.0
 41
10.0
 42
10.0
 50
90.0
  0
LINE
  5
389
330
380
100
AcDbEntity
  8
0
370
18
100
AcDbLine
 10
174.4108262108262
 20
1301.7333251552895
 30
0.0
 11
174.4108262108262
 21
1361.7333236131053
 31
0.0
  0
MTEXT
  5
38A
330
380
100
AcDbEntity
  8
DIM
100
AcDbMText
 10
166.2108262108262
 20
1331.7333243841974
 30
0.0
 40
10.0
 71
5
  1
80
  7
CJK
 50
90.0
  0
POINT
  5
38B
330
380
100
AcDbEntity
  8
Defpoints
100
AcDbPoint
 10
174.4108262108262
 20
1291.7333251552895
 30
0.0
  0
POINT
  5
38C
330
380
100
AcDbEntity
  8
Defpoints
100
AcDbPoint
 10
210.4108262108262
 20
1291.7333251552895
 30
0.0
  0
POINT
  5
38D
330
380
100
AcDbEntity
  8
Defpoints
100
AcDbPoint
 10
290.4108254237517
 20
1371.7333236131053
 30
0.0
  0
ENDBLK
  5
382
330
380
100
AcDbEntity
  8
0
100
AcDbBlockEnd
  0
BLOCK
  5
390
330
38F
100
AcDbEntity
  8
0
100
AcDbBlockBegin
  2
*D35
 70
1
 10
0.0
 20
0.0
 30
0.0
  3
*D35
  1

  0
LINE
  5
392
330
38F
100
AcDbEntity
  8
0
370
18
100
AcDbLine
 10
286.4108254237517
 20
1371.7333236131053
 30
0.0
 11
168.4108262108262
 21
1371.7333236131053
 31
0.0
  0
LINE
  5
393
330
38F
100
AcDbEntity
  8
0
370
18
100
AcDbLine
 10
206.4108262108262
 20
1900.9660603127625
 30
0.0
 11
168.4108262108262
 21
1900.9660603127625
 31
0.0
  0
INSERT
  5
394
330
38F
100
AcDbEntity
  8
DIM
100
AcDbBlockReference
  2
_CLOSEDFILLED
 10
174.4108262108262
 20
1371.7333236131053
 30
0.0
 41
10.0
 42
10.0
 50
270.0
  0
INSERT
  5
396
330
38F
100
AcDbEntity
  8
DIM
100
AcDbBlockReference
  2
_CLOSEDFILLED
 10
174.4108262108262
 20
1900.9660603127625
 30
0.0
 41
10.0
 42
10.0
 50
90.0
  0
LINE
  5
398
330
38F
100
AcDbEntity
  8
0
370
18
100
AcDbLine
 10
174.4108262108262
 20
1381.7333236131053
 30
0.0
 11
174.4108262108262
 21
1890.9660603127625
 31
0.0
  0
MTEXT
  5
399
330
38F
100
AcDbEntity
  8
DIM
100
AcDbMText
 10
166.2108262108262
 20
1636.3496919629338
 30
0.0
 40
10.0
 71
5
  1
529.2
  7
CJK
 50
90.0
  0
POINT
  5
39A
330
38F
100
AcDbEntity
  8
Defpoints
100
AcDbPoint
 10
174.4108262108262
 20
1371.7333236131053
 30
0.0
  0
POINT
  5
39B
330
38F
100
AcDbEntity
  8
Defpoints
100
AcDbPoint
 10
290.4108254237517
 20
1371.7333236131053
 30
0.0
  0
POINT
  5
39C
330
38F
100
AcDbEntity
  8
Defpoints
100
AcDbPoint
 10
210.4108262108262
 20
1900.9660603127625
 30
0.0
  0
ENDBLK
  5
391
330
38F
100
AcDbEntity
  8
0
100
AcDbBlockEnd
  0
BLOCK
  5
39F
330
39E
100
AcDbEntity
  8
0
100
AcDbBlockBegin
  2
*D36
 70
1
 10
0.0
 20
0.0
 30
0.0
  3
*D36
  1

  0
LINE
  5
3A1
330
39E
100
AcDbEntity
  8
0
370
18
100
AcDbLine
 10
206.4108262108262
 20
1291.7333251552895
 30
0.0
 11
140.4108262108262
 21
1291.7333251552895
 31
0.0
  0
LINE
  5
3A2
330
39E
100
AcDbEntity
  8
0
370
18
100
AcDbLine
 10
206.4108262108262
 20
1900.9660603127625
 30
0.0
 11
140.4108262108262
 21
1900.9660603127625
 31
0.0
  0
INSERT
  5
3A3
330
39E
100
AcDbEntity
  8
DIM
100
AcDbBlockReference
  2
_CLOSEDFILLED
 10
146.4108262108262
 20
1291.7333251552895
 30
0.0
 41
10.0
 42
10.0
 50
270.0
  0
INSERT
  5
3A5
330
39E
100
AcDbEntity
  8
DIM
100
AcDbBlockReference
  2
_CLOSEDFILLED
 10
146.4108262108262
 20
1900.9660603127625
 30
0.0
 41
10.0
 42
10.0
 50
90.0
  0
LINE
  5
3A7
330
39E
100
AcDbEntity
  8
0
370
18
100
AcDbLine
 10
146.4108262108262
 20
1301.7333251552895
 30
0.0
 11
146.4108262108262
 21
1890.9660603127625
 31
0.0
  0
MTEXT
  5
3A8
330
39E
100
AcDbEntity
  8
DIM
100
AcDbMText
 10
138.2108262108262
 20
1596.3496927340261
 30
0.0
 40
10.0
 71
5
  1
609.2
  7
CJK
 50
90.0
  0
POINT
  5
3A9
330
39E
100
AcDbEntity
  8
Defpoints
100
AcDbPoint
 10
146.4108262108262
 20
1291.7333251552895
 30
0.0
  0
POINT
  5
3AA
330
39E
100
AcDbEntity
  8
Defpoints
100
AcDbPoint
 10
210.4108262108262
 20
1291.7333251552895
 30
0.0
  0
POINT
  5
3AB
330
39E
100
AcDbEntity
  8
Defpoints
100
AcDbPoint
 10
210.4108262108262
 20
1900.9660603127625
 30
0.0
  0
ENDBLK
  5
3A0
330
39E
100
AcDbEntity
  8
0
100
AcDbBlockEnd
  0
BLOCK
  5
3B0
330
3AF
100
AcDbEntity
  8
0
100
AcDbBlockBegin
  2
*D37
 70
1
 10
0.0
 20
0.0
 30
0.0
  3
*D37
  1

  0
INSERT
  5
3B2
330
3AF
100
AcDbEntity
  8
DIM
100
AcDbBlockReference
  2
_CLOSEDFILLED
 10
244.52471051566792
 20
1437.2654871562247
 30
0.0
 41
10.0
 42
10.0
 50
305.0
  0
LINE
  5
3B4
330
3AF
100
AcDbEntity
  8
0
370
18
100
AcDbLine
 10
290.41082542375165
 20
1371.7333236131053
 30
0.0
 11
244.52471051566792
 21
1437.2654871562247
 31
0.0
  0
LINE
  5
3B5
330
3AF
100
AcDbEntity
  8
0
370
18
100
AcDbLine
 10
238.78894615215745
 20
1445.4570075991146
 30
0.0
 11
208.38939502555206
 21
1488.8720659464311
 31
0.0
  0
MTEXT
  5
3B6
330
3AF
100
AcDbEntity
  8
DIM
100
AcDbMText
 10
223.71008833398747
 20
1481.2881120601749
 30
0.0
 40
10.0
 71
5
  1
R80
  7
CJK
 50
305.0
  0
POINT
  5
3B7
330
3AF
100
AcDbEntity
  8
Defpoints
100
AcDbPoint
 10
290.41082542375165
 20
1371.7333236131053
 30
0.0
  0
POINT
  5
3B8
330
3AF
100
AcDbEntity
  8
Defpoints
100
AcDbPoint
 10
244.52471051566792
 20
1437.2654871562247
 30
0.0
  0
ENDBLK
  5
3B1
330
3AF
100
AcDbEntity
  8
0
100
AcDbBlockEnd
  0
BLOCK
  5
3BB
330
3BA
100
AcDbEntity
  8
0
100
AcDbBlockBegin
  2
*D38
 70
1
 10
0.0
 20
0.0
 30
0.0
  3
*D38
  1

  0
INSERT
  5
3BD
330
3BA
100
AcDbEntity
  8
DIM
100
AcDbBlockReference
  2
_CLOSEDFILLED
 10
1251.377887182492
 20
1671.0655408405091
 30
0.0
 41
10.0
 42
10.0
 50
268.9950464798539
  0
LINE
  5
3BF
330
3BA
100
AcDbEntity
  8
0
370
18
100
AcDbLine
 10
1250.9569548199197
 20
1647.0692324588822
 30
0.0
 11
1251.377887182492
 21
1671.0655408405091
 31
0.0
  0
LINE
  5
3C0
330
3BA
100
AcDbEntity
  8
0
370
18
100
AcDbLine
 10
1251.5532756668972
 20
1681.064002666187
 30
0.0
 11
1252.4828346342445
 21
1734.0558503422799
 31
0.0
  0
MTEXT
  5
3C1
330
3BA
100
AcDbEntity
  8
DIM
100
AcDbMText
 10
1244.0210132105808
 20
1719.2019761609752
 30
0.0
 40
10.0
 71
5
  1
R24
  7
CJK
 50
88.99504647985391
  0
POINT
  5
3C2
330
3BA
100
AcDbEntity
  8
Defpoints
100
AcDbPoint
 10
1250.9569548199197
 20
1647.0692324588822
 30
0.0
  0
POINT
  5
3C3
330
3BA
100
AcDbEntity
  8
Defpoints
100
AcDbPoint
 10
1251.377887182492
 20
1671.0655408405091
 30
0.0
  0
ENDBLK
  5
3BC
330
3BA
100
AcDbEntity
  8
0
100
AcDbBlockEnd
  0
BLOCK
  5
3C6
330
3C5
100
AcDbEntity
  8
0
100
AcDbBlockBegin
  2
*D39
 70
1
 10
0.0
 20
0.0
 30
0.0
  3
*D39
  1

  0
INSERT
  5
3C8
330
3C5
100
AcDbEntity
  8
DIM
100
AcDbBlockReference
  2
_CLOSEDFILLED
 10
2130.2379678334387
 20
1344.6817640284178
 30
0.0
 41
10.0
 42
10.0
 50
153.2011691826763
  0
LINE
  5
3CA
330
3C5
100
AcDbEntity
  8
0
370
18
100
AcDbLine
 10
2076.6822666986754
 20
1371.7333236131053
 30
0.0
 11
2130.2379678334387
 21
1344.6817640284178
 31
0.0
  0
LINE
  5
3CB
330
3C5
100
AcDbEntity
  8
0
370
18
100
AcDbLine
 10
2139.163918022566
 20
1340.1731707643032
 30
0.0
 11
2186.4714540249406
 21
1316.2776264644956
 31
0.0
  0
MTEXT
  5
3CC
330
3C5
100
AcDbEntity
  8
DIM
100
AcDbMText
 10
2176.779575217824
 20
1330.3597955157518
 30
0.0
 40
10.0
 71
5
  1
R60
  7
CJK
 50
333.2011691826763
  0
POINT
  5
3CD
330
3C5
100
AcDbEntity
  8
Defpoints
100
AcDbPoint
 10
2076.6822666986754
 20
1371.7333236131053
 30
0.0
  0
POINT
  5
3CE
330
3C5
100
AcDbEntity
  8
Defpoints
100
AcDbPoint
 10
2130.2379678334387
 20
1344.6817640284178
 30
0.0
  0
ENDBLK
  5
3C7
330
3C5
100
AcDbEntity
  8
0
100
AcDbBlockEnd
  0
BLOCK
  5
3D1
330
3D0
100
AcDbEntity
  8
0
100
AcDbBlockBegin
  2
*D40
 70
1
 10
0.0
 20
0.0
 30
0.0
  3
*D40
  1

  0
INSERT
  5
3D3
330
3D0
100
AcDbEntity
  8
DIM
100
AcDbBlockReference
  2
_CLOSEDFILLED
 10
1259.2080882447635
 20
1900.9328788609857
 30
0.0
 41
10.0
 42
10.0
 50
267.5385410559078
  0
LINE
  5
3D5
330
3D0
100
AcDbEntity
  8
0
370
18
100
AcDbLine
 10
1257.6619836643506
 20
1864.9660947313694
 30
0.0
 11
1259.2080882447635
 21
1900.9328788609857
 31
0.0
  0
LINE
  5
3D6
330
3D0
100
AcDbEntity
  8
0
370
18
100
AcDbLine
 10
1259.6375617393226
 20
1910.9236522303236
 30
0.0
 11
1261.9137712604863
 21
1963.8747510878145
 31
0.0
  0
MTEXT
  5
3D7
330
3D0
100
AcDbEntity
  8
DIM
100
AcDbMText
 10
1253.0771268557905
 20
1949.240759299346
 30
0.0
 40
10.0
 71
5
  1
R36
  7
CJK
 50
87.53854105590776
  0
POINT
  5
3D8
330
3D0
100
AcDbEntity
  8
Defpoints
100
AcDbPoint
 10
1257.6619836643506
 20
1864.9660947313694
 30
0.0
  0
POINT
  5
3D9
330
3D0
100
AcDbEntity
  8
Defpoints
100
AcDbPoint
 10
1259.2080882447635
 20
1900.9328788609857
 30
0.0
  0
ENDBLK
  5
3D2
330
3D0
100
AcDbEntity
  8
0
100
AcDbBlockEnd
  0
BLOCK
  5
424
330
423
100
AcDbEntity
  8
0
100
AcDbBlockBegin
  2
*D41
 70
1
 10
0.0
 20
0.0
 30
0.0
  3
*D41
  1

  0
LINE
  5
426
330
423
100
AcDbEntity
  8
0
370
18
100
AcDbLine
 10
182.4108262108262
 20
989.7430117649761
 30
0.0
 11
182.4108262108262
 21
951.7430117649761
 31
0.0
  0
LINE
  5
427
330
423
100
AcDbEntity
  8
0
370
18
100
AcDbLine
 10
1138.1810865383945
 20
989.7430117649761
 30
0.0
 11
1138.1810865383945
 21
951.7430117649761
 31
0.0
  0
INSERT
  5
428
330
423
100
AcDbEntity
  8
DIM
100
AcDbBlockReference
  2
_CLOSEDFILLED
 10
182.4108262108262
 20
957.7430117649761
 30
0.0
 41
10.0
 42
10.0
 50
180.0
  0
INSERT
  5
42A
330
423
100
AcDbEntity
  8
DIM
100
AcDbBlockReference
  2
_CLOSEDFILLED
 10
1138.1810865383945
 20
957.7430117649761
 30
0.0
 41
10.0
 42
10.0
  0
LINE
  5
42C
330
423
100
AcDbEntity
  8
0
370
18
100
AcDbLine
 10
192.4108262108262
 20
957.7430117649761
 30
0.0
 11
1128.1810865383945
 21
957.7430117649761
 31
0.0
  0
MTEXT
  5
42D
330
423
100
AcDbEntity
  8
DIM
100
AcDbMText
 10
660.2959563746103
 20
965.9430117649762
 30
0.0
 40
10.0
 71
5
  1
955.8
  7
CJK
  0
POINT
  5
42E
330
423
100
AcDbEntity
  8
Defpoints
100
AcDbPoint
 10
182.4108262108262
 20
957.7430117649761
 30
0.0
  0
POINT
  5
42F
330
423
100
AcDbEntity
  8
Defpoints
100
AcDbPoint
 10
182.4108262108262
 20
993.7430117649761
 30
0.0
  0
POINT
  5
430
330
423
100
AcDbEntity
  8
Defpoints
100
AcDbPoint
 10
1138.1810865383945
 20
993.7430117649761
 30
0.0
  0
ENDBLK
  5
425
330
423
100
AcDbEntity
  8
0
100
AcDbBlockEnd
  0
BLOCK
  5
433
330
432
100
AcDbEntity
  8
0
100
AcDbBlockBegin
  2
*D42
 70
1
 10
0.0
 20
0.0
 30
0.0
  3
*D42
  1

  0
LINE
  5
435
330
432
100
AcDbEntity
  8
0
370
18
100
AcDbLine
 10
1138.1810865383945
 20
989.7430117649761
 30
0.0
 11
1138.1810865383945
 21
951.7430117649761
 31
0.0
  0
LINE
  5
436
330
432
100
AcDbEntity
  8
0
370
18
100
AcDbLine
 10
1165.4827066133105
 20
989.7430117649761
 30
0.0
 11
1165.4827066133105
 21
951.7430117649761
 31
0.0
  0
INSERT
  5
437
330
432
100
AcDbEntity
  8
DIM
100
AcDbBlockReference
  2
_CLOSEDFILLED
 10
1138.1810865383945
 20
957.7430117649761
 30
0.0
 41
10.0
 42
10.0
 50
180.0
  0
INSERT
  5
439
330
432
100
AcDbEntity
  8
DIM
100
AcDbBlockReference
  2
_CLOSEDFILLED
 10
1165.4827066133105
 20
957.7430117649761
 30
0.0
 41
10.0
 42
10.0
  0
LINE
  5
43B
330
432
100
AcDbEntity
  8
0
370
18
100
AcDbLine
 10
1148.1810865383945
 20
957.7430117649761
 30
0.0
 11
1155.4827066133105
 21
957.7430117649761
 31
0.0
  0
MTEXT
  5
43C
330
432
100
AcDbEntity
  8
DIM
100
AcDbMText
 10
1151.8318965758526
 20
971.9430117649762
 30
0.0
 40
10.0
 71
5
  1
27.3
  7
CJK
  0
POINT
  5
43D
330
432
100
AcDbEntity
  8
Defpoints
100
AcDbPoint
 10
1138.1810865383945
 20
957.7430117649761
 30
0.0
  0
POINT
  5
43E
330
432
100
AcDbEntity
  8
Defpoints
100
AcDbPoint
 10
1138.1810865383945
 20
993.7430117649761
 30
0.0
  0
POINT
  5
43F
330
432
100
AcDbEntity
  8
Defpoints
100
AcDbPoint
 10
1165.4827066133105
 20
993.7430117649761
 30
0.0
  0
ENDBLK
  5
434
330
432
100
AcDbEntity
  8
0
100
AcDbBlockEnd
  0
BLOCK
  5
442
330
441
100
AcDbEntity
  8
0
100
AcDbBlockBegin
  2
*D43
 70
1
 10
0.0
 20
0.0
 30
0.0
  3
*D43
  1

  0
LINE
  5
444
330
441
100
AcDbEntity
  8
0
370
18
100
AcDbLine
 10
1165.4827066133105
 20
989.7430117649761
 30
0.0
 11
1165.4827066133105
 21
951.7430117649761
 31
0.0
  0
LINE
  5
445
330
441
100
AcDbEntity
  8
0
370
18
100
AcDbLine
 10
2250.340932199853
 20
989.7430117649761
 30
0.0
 11
2250.340932199853
 21
951.7430117649761
 31
0.0
  0
INSERT
  5
446
330
441
100
AcDbEntity
  8
DIM
100
AcDbBlockReference
  2
_CLOSEDFILLED
 10
1165.4827066133105
 20
957.7430117649761
 30
0.0
 41
10.0
 42
10.0
 50
180.0
  0
INSERT
  5
448
330
441
100
AcDbEntity
  8
DIM
100
AcDbBlockReference
  2
_CLOSEDFILLED
 10
2250.340932199853
 20
957.7430117649761
 30
0.0
 41
10.0
 42
10.0
  0
LINE
  5
44A
330
441
100
AcDbEntity
  8
0
370
18
100
AcDbLine
 10
1175.4827066133105
 20
957.7430117649761
 30
0.0
 11
2240.340932199853
 21
957.7430117649761
 31
0.0
  0
MTEXT
  5
44B
330
441
100
AcDbEntity
  8
DIM
100
AcDbMText
 10
1707.9118194065818
 20
965.9430117649762
 30
0.0
 40
10.0
 71
5
  1
1084.9
  7
CJK
  0
POINT
  5
44C
330
441
100
AcDbEntity
  8
Defpoints
100
AcDbPoint
 10
1165.4827066133105
 20
957.7430117649761
 30
0.0
  0
POINT
  5
44D
330
441
100
AcDbEntity
  8
Defpoints
100
AcDbPoint
 10
1165.4827066133105
 20
993.7430117649761
 30
0.0
  0
POINT
  5
44E
330
441
100
AcDbEntity
  8
Defpoints
100
AcDbPoint
 10
2250.340932199853
 20
993.7430117649761
 30
0.0
  0
ENDBLK
  5
443
330
441
100
AcDbEntity
  8
0
100
AcDbBlockEnd
  0
BLOCK
  5
451
330
450
100
AcDbEntity
  8
0
100
AcDbBlockBegin
  2
*D44
 70
1
 10
0.0
 20
0.0
 30
0.0
  3
*D44
  1

  0
LINE
  5
453
330
450
100
AcDbEntity
  8
0
370
18
100
AcDbLine
 10
182.4108262108262
 20
989.7430117649761
 30
0.0
 11
182.4108262108262
 21
923.7430117649761
 31
0.0
  0
LINE
  5
454
330
450
100
AcDbEntity
  8
0
370
18
100
AcDbLine
 10
2250.340932199853
 20
989.7430117649761
 30
0.0
 11
2250.340932199853
 21
923.7430117649761
 31
0.0
  0
INSERT
  5
455
330
450
100
AcDbEntity
  8
DIM
100
AcDbBlockReference
  2
_CLOSEDFILLED
 10
182.4108262108262
 20
929.7430117649761
 30
0.0
 41
10.0
 42
10.0
 50
180.0
  0
INSERT
  5
457
330
450
100
AcDbEntity
  8
DIM
100
AcDbBlockReference
  2
_CLOSEDFILLED
 10
2250.340932199853
 20
929.7430117649761
 30
0.0
 41
10.0
 42
10.0
  0
LINE
  5
459
330
450
100
AcDbEntity
  8
0
370
18
100
AcDbLine
 10
192.4108262108262
 20
929.7430117649761
 30
0.0
 11
2240.340932199853
 21
929.7430117649761
 31
0.0
  0
MTEXT
  5
45A
330
450
100
AcDbEntity
  8
DIM
100
AcDbMText
 10
1216.3758792053395
 20
937.9430117649762
 30
0.0
 40
10.0
 71
5
  1
2067.9
  7
CJK
  0
POINT
  5
45B
330
450
100
AcDbEntity
  8
Defpoints
100
AcDbPoint
 10
182.4108262108262
 20
929.7430117649761
 30
0.0
  0
POINT
  5
45C
330
450
100
AcDbEntity
  8
Defpoints
100
AcDbPoint
 10
182.4108262108262
 20
993.7430117649761
 30
0.0
  0
POINT
  5
45D
330
450
100
AcDbEntity
  8
Defpoints
100
AcDbPoint
 10
2250.340932199853
 20
993.7430117649761
 30
0.0
  0
ENDBLK
  5
452
330
450
100
AcDbEntity
  8
0
100
AcDbBlockEnd
  0
BLOCK
  5
460
330
45F
100
AcDbEntity
  8
0
100
AcDbBlockBegin
  2
*D45
 70
1
 10
0.0
 20
0.0
 30
0.0
  3
*D45
  1

  0
LINE
  5
462
330
45F
100
AcDbEntity
  8
0
370
18
100
AcDbLine
 10
1134.1810865383945
 20
993.7430117649761
 30
0.0
 11
140.4108262108262
 21
993.7430117649761
 31
0.0
  0
LINE
  5
463
330
45F
100
AcDbEntity
  8
0
370
18
100
AcDbLine
 10
178.4108262108262
 20
1090.743011764976
 30
0.0
 11
140.4108262108262
 21
1090.743011764976
 31
0.0
  0
INSERT
  5
464
330
45F
100
AcDbEntity
  8
DIM
100
AcDbBlockReference
  2
_CLOSEDFILLED
 10
146.4108262108262
 20
993.7430117649761
 30
0.0
 41
10.0
 42
10.0
 50
270.0
  0
INSERT
  5
466
330
45F
100
AcDbEntity
  8
DIM
100
AcDbBlockReference
  2
_CLOSEDFILLED
 10
146.4108262108262
 20
1090.743011764976
 30
0.0
 41
10.0
 42
10.0
 50
90.0
  0
LINE
  5
468
330
45F
100
AcDbEntity
  8
0
370
18
100
AcDbLine
 10
146.4108262108262
 20
1003.7430117649761
 30
0.0
 11
146.4108262108262
 21
1080.743011764976
 31
0.0
  0
MTEXT
  5
469
330
45F
100
AcDbEntity
  8
DIM
100
AcDbMText
 10
138.2108262108262
 20
1042.243011764976
 30
0.0
 40
10.0
 71
5
  1
97
  7
CJK
 50
90.0
  0
POINT
  5
46A
330
45F
100
AcDbEntity
  8
Defpoints
100
AcDbPoint
 10
146.4108262108262
 20
993.7430117649761
 30
0.0
  0
POINT
  5
46B
330
45F
100
AcDbEntity
  8
Defpoints
100
AcDbPoint
 10
1138.1810865383945
 20
993.7430117649761
 30
0.0
  0
POINT
  5
46C
330
45F
100
AcDbEntity
  8
Defpoints
100
AcDbPoint
 10
182.4108262108262
 20
1090.743011764976
 30
0.0
  0
ENDBLK
  5
461
330
45F
100
AcDbEntity
  8
0
100
AcDbBlockEnd
  0
BLOCK
  5
475
330
474
100
AcDbEntity
  8
0
100
AcDbBlockBegin
  2
*D46
 70
1
 10
0.0
 20
0.0
 30
0.0
  3
*D46
  1

  0
LINE
  5
477
330
474
100
AcDbEntity
  8
0
370
18
100
AcDbLine
 10
2356.751758410679
 20
989.7430117649761
 30
0.0
 11
2356.751758410679
 21
951.7430117649761
 31
0.0
  0
LINE
  5
478
330
474
100
AcDbEntity
  8
0
370
18
100
AcDbLine
 10
3350.5539164873708
 20
989.7430117649761
 30
0.0
 11
3350.5539164873708
 21
951.7430117649761
 31
0.0
  0
INSERT
  5
479
330
474
100
AcDbEntity
  8
DIM
100
AcDbBlockReference
  2
_CLOSEDFILLED
 10
2356.751758410679
 20
957.7430117649761
 30
0.0
 41
10.0
 42
10.0
 50
180.0
  0
INSERT
  5
47B
330
474
100
AcDbEntity
  8
DIM
100
AcDbBlockReference
  2
_CLOSEDFILLED
 10
3350.5539164873708
 20
957.7430117649761
 30
0.0
 41
10.0
 42
10.0
  0
LINE
  5
47D
330
474
100
AcDbEntity
  8
0
370
18
100
AcDbLine
 10
2366.751758410679
 20
957.7430117649761
 30
0.0
 11
3340.5539164873708
 21
957.7430117649761
 31
0.0
  0
MTEXT
  5
47E
330
474
100
AcDbEntity
  8
DIM
100
AcDbMText
 10
2853.652837449025
 20
965.9430117649762
 30
0.0
 40
10.0
 71
5
  1
993.8
  7
CJK
  0
POINT
  5
47F
330
474
100
AcDbEntity
  8
Defpoints
100
AcDbPoint
 10
2356.751758410679
 20
957.7430117649761
 30
0.0
  0
POINT
  5
480
330
474
100
AcDbEntity
  8
Defpoints
100
AcDbPoint
 10
2356.751758410679
 20
993.7430117649761
 30
0.0
  0
POINT
  5
481
330
474
100
AcDbEntity
  8
Defpoints
100
AcDbPoint
 10
3350.5539164873708
 20
993.7430117649761
 30
0.0
  0
ENDBLK
  5
476
330
474
100
AcDbEntity
  8
0
100
AcDbBlockEnd
  0
BLOCK
  5
484
330
483
100
AcDbEntity
  8
0
100
AcDbBlockBegin
  2
*D47
 70
1
 10
0.0
 20
0.0
 30
0.0
  3
*D47
  1

  0
LINE
  5
486
330
483
100
AcDbEntity
  8
0
370
18
100
AcDbLine
 10
3350.5539164873708
 20
989.7430117649761
 30
0.0
 11
3350.5539164873708
 21
951.7430117649761
 31
0.0
  0
LINE
  5
487
330
483
100
AcDbEntity
  8
0
370
18
100
AcDbLine
 10
3373.6497249273466
 20
989.7430117649761
 30
0.0
 11
3373.6497249273466
 21
951.7430117649761
 31
0.0
  0
INSERT
  5
488
330
483
100
AcDbEntity
  8
DIM
100
AcDbBlockReference
  2
_CLOSEDFILLED
 10
3350.5539164873708
 20
957.7430117649761
 30
0.0
 41
10.0
 42
10.0
  0
INSERT
  5
48A
330
483
100
AcDbEntity
  8
DIM
100
AcDbBlockReference
  2
_CLOSEDFILLED
 10
3373.6497249273466
 20
957.7430117649761
 30
0.0
 41
10.0
 42
10.0
 50
180.0
  0
LINE
  5
48C
330
483
100
AcDbEntity
  8
0
370
18
100
AcDbLine
 10
3340.5539164873708
 20
957.7430117649761
 30
0.0
 11
3330.5539164873708
 21
957.7430117649761
 31
0.0
  0
LINE
  5
48D
330
483
100
AcDbEntity
  8
0
370
18
100
AcDbLine
 10
3383.6497249273466
 20
957.7430117649761
 30
0.0
 11
3393.6497249273466
 21
957.7430117649761
 31
0.0
  0
LINE
  5
48E
330
483
100
AcDbEntity
  8
0
370
18
100
AcDbLine
 10
3350.5539164873708
 20
957.7430117649761
 30
0.0
 11
3373.6497249273466
 21
957.7430117649761
 31
0.0
  0
MTEXT
  5
48F
330
483
100
AcDbEntity
  8
DIM
100
AcDbMText
 10
3362.1018207073585
 20
971.9430117649762
 30
0.0
 40
10.0
 71
5
  1
23.1
  7
CJK
  0
POINT
  5
490
330
483
100
AcDbEntity
  8
Defpoints
100
AcDbPoint
 10
3350.5539164873708
 20
957.7430117649761
 30
0.0
  0
POINT
  5
491
330
483
100
AcDbEntity
  8
Defpoints
100
AcDbPoint
 10
3350.5539164873708
 20
993.7430117649761
 30
0.0
  0
POINT
  5
492
330
483
100
AcDbEntity
  8
Defpoints
100
AcDbPoint
 10
3373.6497249273466
 20
993.7430117649761
 30
0.0
  0
ENDBLK
  5
485
330
483
100
AcDbEntity
  8
0
100
AcDbBlockEnd
  0
BLOCK
  5
495
330
494
100
AcDbEntity
  8
0
100
AcDbBlockBegin
  2
*D48
 70
1
 10
0.0
 20
0.0
 30
0.0
  3
*D48
  1

  0
LINE
  5
497
330
494
100
AcDbEntity
  8
0
370
18
100
AcDbLine
 10
3373.6497249273466
 20
989.7430117649761
 30
0.0
 11
3373.6497249273466
 21
951.7430117649761
 31
0.0
  0
LINE
  5
498
330
494
100
AcDbEntity
  8
0
370
18
100
AcDbLine
 10
4240.007707159402
 20
989.7430117649761
 30
0.0
 11
4240.007707159402
 21
951.7430117649761
 31
0.0
  0
INSERT
  5
499
330
494
100
AcDbEntity
  8
DIM
100
AcDbBlockReference
  2
_CLOSEDFILLED
 10
3373.6497249273466
 20
957.7430117649761
 30
0.0
 41
10.0
 42
10.0
 50
180.0
  0
INSERT
  5
49B
330
494
100
AcDbEntity
  8
DIM
100
AcDbBlockReference
  2
_CLOSEDFILLED
 10
4240.007707159402
 20
957.7430117649761
 30
0.0
 41
10.0
 42
10.0
  0
LINE
  5
49D
330
494
100
AcDbEntity
  8
0
370
18
100
AcDbLine
 10
3383.6497249273466
 20
957.7430117649761
 30
0.0
 11
4230.007707159402
 21
957.7430117649761
 31
0.0
  0
MTEXT
  5
49E
330
494
100
AcDbEntity
  8
DIM
100
AcDbMText
 10
3806.8287160433747
 20
965.9430117649762
 30
0.0
 40
10.0
 71
5
  1
866.4
  7
CJK
  0
POINT
  5
49F
330
494
100
AcDbEntity
  8
Defpoints
100
AcDbPoint
 10
3373.6497249273466
 20
957.7430117649761
 30
0.0
  0
POINT
  5
4A0
330
494
100
AcDbEntity
  8
Defpoints
100
AcDbPoint
 10
3373.6497249273466
 20
993.7430117649761
 30
0.0
  0
POINT
  5
4A1
330
494
100
AcDbEntity
  8
Defpoints
100
AcDbPoint
 10
4240.007707159402
 20
993.7430117649761
 30
0.0
  0
ENDBLK
  5
496
330
494
100
AcDbEntity
  8
0
100
AcDbBlockEnd
  0
BLOCK
  5
4A4
330
4A3
100
AcDbEntity
  8
0
100
AcDbBlockBegin
  2
*D49
 70
1
 10
0.0
 20
0.0
 30
0.0
  3
*D49
  1

  0
LINE
  5
4A6
330
4A3
100
AcDbEntity
  8
0
370
18
100
AcDbLine
 10
2356.751758410679
 20
989.7430117649761
 30
0.0
 11
2356.751758410679
 21
923.7430117649761
 31
0.0
  0
LINE
  5
4A7
330
4A3
100
AcDbEntity
  8
0
370
18
100
AcDbLine
 10
4240.007707159402
 20
989.7430117649761
 30
0.0
 11
4240.007707159402
 21
923.7430117649761
 31
0.0
  0
INSERT
  5
4A8
330
4A3
100
AcDbEntity
  8
DIM
100
AcDbBlockReference
  2
_CLOSEDFILLED
 10
2356.751758410679
 20
929.7430117649761
 30
0.0
 41
10.0
 42
10.0
 50
180.0
  0
INSERT
  5
4AA
330
4A3
100
AcDbEntity
  8
DIM
100
AcDbBlockReference
  2
_CLOSEDFILLED
 10
4240.007707159402
 20
929.7430117649761
 30
0.0
 41
10.0
 42
10.0
  0
LINE
  5
4AC
330
4A3
100
AcDbEntity
  8
0
370
18
100
AcDbLine
 10
2366.751758410679
 20
929.7430117649761
 30
0.0
 11
4230.007707159402
 21
929.7430117649761
 31
0.0
  0
MTEXT
  5
4AD
330
4A3
100
AcDbEntity
  8
DIM
100
AcDbMText
 10
3298.3797327850407
 20
937.9430117649762
 30
0.0
 40
10.0
 71
5
  1
1883.3
  7
CJK
  0
POINT
  5
4AE
330
4A3
100
AcDbEntity
  8
Defpoints
100
AcDbPoint
 10
2356.751758410679
 20
929.7430117649761
 30
0.0
  0
POINT
  5
4AF
330
4A3
100
AcDbEntity
  8
Defpoints
100
AcDbPoint
 10
2356.751758410679
 20
993.7430117649761
 30
0.0
  0
POINT
  5
4B0
330
4A3
100
AcDbEntity
  8
Defpoints
100
AcDbPoint
 10
4240.007707159402
 20
993.7430117649761
 30
0.0
  0
ENDBLK
  5
4A5
330
4A3
100
AcDbEntity
  8
0
100
AcDbBlockEnd
  0
BLOCK
  5
4B3
330
4B2
100
AcDbEntity
  8
0
100
AcDbBlockBegin
  2
*D50
 70
1
 10
0.0
 20
0.0
 30
0.0
  3
*D50
  1

  0
LINE
  5
4B5
330
4B2
100
AcDbEntity
  8
0
370
18
100
AcDbLine
 10
3346.5539164873708
 20
993.7430117649761
 30
0.0
 11
2314.751758410679
 21
993.7430117649761
 31
0.0
  0
LINE
  5
4B6
330
4B2
100
AcDbEntity
  8
0
370
18
100
AcDbLine
 10
2352.751758410679
 20
1090.743011764976
 30
0.0
 11
2314.751758410679
 21
1090.743011764976
 31
0.0
  0
INSERT
  5
4B7
330
4B2
100
AcDbEntity
  8
DIM
100
AcDbBlockReference
  2
_CLOSEDFILLED
 10
2320.751758410679
 20
993.7430117649761
 30
0.0
 41
10.0
 42
10.0
 50
270.0
  0
INSERT
  5
4B9
330
4B2
100
AcDbEntity
  8
DIM
100
AcDbBlockReference
  2
_CLOSEDFILLED
 10
2320.751758410679
 20
1090.743011764976
 30
0.0
 41
10.0
 42
10.0
 50
90.0
  0
LINE
  5
4BB
330
4B2
100
AcDbEntity
  8
0
370
18
100
AcDbLine
 10
2320.751758410679
 20
1003.7430117649761
 30
0.0
 11
2320.751758410679
 21
1080.743011764976
 31
0.0
  0
MTEXT
  5
4BC
330
4B2
100
AcDbEntity
  8
DIM
100
AcDbMText
 10
2312.551758410679
 20
1042.243011764976
 30
0.0
 40
10.0
 71
5
  1
97
  7
CJK
 50
90.0
  0
POINT
  5
4BD
330
4B2
100
AcDbEntity
  8
Defpoints
100
AcDbPoint
 10
2320.751758410679
 20
993.7430117649761
 30
0.0
  0
POINT
  5
4BE
330
4B2
100
AcDbEntity
  8
Defpoints
100
AcDbPoint
 10
3350.5539164873708
 20
993.7430117649761
 30
0.0
  0
POINT
  5
4BF
330
4B2
100
AcDbEntity
  8
Defpoints
100
AcDbPoint
 10
2356.751758410679
 20
1090.743011764976
 30
0.0
  0
ENDBLK
  5
4B4
330
4B2
100
AcDbEntity
  8
0
100
AcDbBlockEnd
  0
BLOCK
  5
4C9
330
4C8
100
AcDbEntity
  8
0
100
AcDbBlockBegin
  2
*D51
 70
1
 10
0.0
 20
0.0
 30
0.0
  3
*D51
  1

  0
LINE
  5
4CB
330
4C8
100
AcDbEntity
  8
0
370
18
100
AcDbLine
 10
210.41082621082626
 20
755.0757903250033
 30
0.0
 11
210.41082621082626
 21
608.2168223678736
 31
0.0
  0
LINE
  5
4CC
330
4C8
100
AcDbEntity
  8
0
370
18
100
AcDbLine
 10
290.41082621082626
 20
691.2168056283374
 30
0.0
 11
290.41082621082626
 21
608.2168223678736
 31
0.0
  0
INSERT
  5
4CD
330
4C8
100
AcDbEntity
  8
DIM
100
AcDbBlockReference
  2
_CLOSEDFILLED
 10
210.41082621082626
 20
614.2168223678736
 30
0.0
 41
10.0
 42
10.0
 50
180.0
  0
INSERT
  5
4CF
330
4C8
100
AcDbEntity
  8
DIM
100
AcDbBlockReference
  2
_CLOSEDFILLED
 10
290.41082621082626
 20
614.2168223678736
 30
0.0
 41
10.0
 42
10.0
  0
LINE
  5
4D1
330
4C8
100
AcDbEntity
  8
0
370
18
100
AcDbLine
 10
220.41082621082626
 20
614.2168223678736
 30
0.0
 11
280.41082621082626
 21
614.2168223678736
 31
0.0
  0
MTEXT
  5
4D2
330
4C8
100
AcDbEntity
  8
DIM
100
AcDbMText
 10
250.41082621082626
 20
622.4168223678737
 30
0.0
 40
10.0
 71
5
  1
80
  7
CJK
  0
POINT
  5
4D3
330
4C8
100
AcDbEntity
  8
Defpoints
100
AcDbPoint
 10
210.41082621082626
 20
614.2168223678736
 30
0.0
  0
POINT
  5
4D4
330
4C8
100
AcDbEntity
  8
Defpoints
100
AcDbPoint
 10
210.41082621082626
 20
759.0757903250033
 30
0.0
  0
POINT
  5
4D5
330
4C8
100
AcDbEntity
  8
Defpoints
100
AcDbPoint
 10
290.41082621082626
 20
695.2168056283374
 30
0.0
  0
ENDBLK
  5
4CA
330
4C8
100
AcDbEntity
  8
0
100
AcDbBlockEnd
  0
BLOCK
  5
4D8
330
4D7
100
AcDbEntity
  8
0
100
AcDbBlockBegin
  2
*D52
 70
1
 10
0.0
 20
0.0
 30
0.0
  3
*D52
  1

  0
LINE
  5
4DA
330
4D7
100
AcDbEntity
  8
0
370
18
100
AcDbLine
 10
290.41082621082626
 20
691.2168056283374
 30
0.0
 11
290.41082621082626
 21
608.2168223678736
 31
0.0
  0
LINE
  5
4DB
330
4D7
100
AcDbEntity
  8
0
370
18
100
AcDbLine
 10
370.41082621082626
 20
718.6883700555346
 30
0.0
 11
370.41082621082626
 21
608.2168223678736
 31
0.0
  0
INSERT
  5
4DC
330
4D7
100
AcDbEntity
  8
DIM
100
AcDbBlockReference
  2
_CLOSEDFILLED
 10
290.41082621082626
 20
614.2168223678736
 30
0.0
 41
10.0
 42
10.0
 50
180.0
  0
INSERT
  5
4DE
330
4D7
100
AcDbEntity
  8
DIM
100
AcDbBlockReference
  2
_CLOSEDFILLED
 10
370.41082621082626
 20
614.2168223678736
 30
0.0
 41
10.0
 42
10.0
  0
LINE
  5
4E0
330
4D7
100
AcDbEntity
  8
0
370
18
100
AcDbLine
 10
300.41082621082626
 20
614.2168223678736
 30
0.0
 11
360.41082621082626
 21
614.2168223678736
 31
0.0
  0
MTEXT
  5
4E1
330
4D7
100
AcDbEntity
  8
DIM
100
AcDbMText
 10
330.41082621082626
 20
622.4168223678737
 30
0.0
 40
10.0
 71
5
  1
80
  7
CJK
  0
POINT
  5
4E2
330
4D7
100
AcDbEntity
  8
Defpoints
100
AcDbPoint
 10
290.41082621082626
 20
614.2168223678736
 30
0.0
  0
POINT
  5
4E3
330
4D7
100
AcDbEntity
  8
Defpoints
100
AcDbPoint
 10
290.41082621082626
 20
695.2168056283374
 30
0.0
  0
POINT
  5
4E4
330
4D7
100
AcDbEntity
  8
Defpoints
100
AcDbPoint
 10
370.41082621082626
 20
722.6883700555346
 30
0.0
  0
ENDBLK
  5
4D9
330
4D7
100
AcDbEntity
  8
0
100
AcDbBlockEnd
  0
BLOCK
  5
4E7
330
4E6
100
AcDbEntity
  8
0
100
AcDbBlockBegin
  2
*D53
 70
1
 10
0.0
 20
0.0
 30
0.0
  3
*D53
  1

  0
LINE
  5
4E9
330
4E6
100
AcDbEntity
  8
0
370
18
100
AcDbLine
 10
210.41082621082626
 20
755.0757903250033
 30
0.0
 11
210.41082621082626
 21
580.2168223678736
 31
0.0
  0
LINE
  5
4EA
330
4E6
100
AcDbEntity
  8
0
370
18
100
AcDbLine
 10
370.41082621082626
 20
718.6883700555346
 30
0.0
 11
370.41082621082626
 21
580.2168223678736
 31
0.0
  0
INSERT
  5
4EB
330
4E6
100
AcDbEntity
  8
DIM
100
AcDbBlockReference
  2
_CLOSEDFILLED
 10
210.41082621082626
 20
586.2168223678736
 30
0.0
 41
10.0
 42
10.0
 50
180.0
  0
INSERT
  5
4ED
330
4E6
100
AcDbEntity
  8
DIM
100
AcDbBlockReference
  2
_CLOSEDFILLED
 10
370.41082621082626
 20
586.2168223678736
 30
0.0
 41
10.0
 42
10.0
  0
LINE
  5
4EF
330
4E6
100
AcDbEntity
  8
0
370
18
100
AcDbLine
 10
220.41082621082626
 20
586.2168223678736
 30
0.0
 11
360.41082621082626
 21
586.2168223678736
 31
0.0
  0
MTEXT
  5
4F0
330
4E6
100
AcDbEntity
  8
DIM
100
AcDbMText
 10
290.41082621082626
 20
594.4168223678737
 30
0.0
 40
10.0
 71
5
  1
160
  7
CJK
  0
POINT
  5
4F1
330
4E6
100
AcDbEntity
  8
Defpoints
100
AcDbPoint
 10
210.41082621082626
 20
586.2168223678736
 30
0.0
  0
POINT
  5
4F2
330
4E6
100
AcDbEntity
  8
Defpoints
100
AcDbPoint
 10
210.41082621082626
 20
759.0757903250033
 30
0.0
  0
POINT
  5
4F3
330
4E6
100
AcDbEntity
  8
Defpoints
100
AcDbPoint
 10
370.41082621082626
 20
722.6883700555346
 30
0.0
  0
ENDBLK
  5
4E8
330
4E6
100
AcDbEntity
  8
0
100
AcDbBlockEnd
  0
BLOCK
  5
4F6
330
4F5
100
AcDbEntity
  8
0
100
AcDbBlockBegin
  2
*D54
 70
1
 10
0.0
 20
0.0
 30
0.0
  3
*D54
  1

  0
LINE
  5
4F8
330
4F5
100
AcDbEntity
  8
0
370
18
100
AcDbLine
 10
206.41082621082626
 20
650.2168223678736
 30
0.0
 11
168.41082621082626
 21
650.2168223678736
 31
0.0
  0
LINE
  5
4F9
330
4F5
100
AcDbEntity
  8
0
370
18
100
AcDbLine
 10
286.41082621082626
 20
695.2168056283374
 30
0.0
 11
168.41082621082626
 21
695.2168056283374
 31
0.0
  0
INSERT
  5
4FA
330
4F5
100
AcDbEntity
  8
DIM
100
AcDbBlockReference
  2
_CLOSEDFILLED
 10
174.41082621082626
 20
650.2168223678736
 30
0.0
 41
10.0
 42
10.0
 50
270.0
  0
INSERT
  5
4FC
330
4F5
100
AcDbEntity
  8
DIM
100
AcDbBlockReference
  2
_CLOSEDFILLED
 10
174.41082621082626
 20
695.2168056283374
 30
0.0
 41
10.0
 42
10.0
 50
90.0
  0
LINE
  5
4FE
330
4F5
100
AcDbEntity
  8
0
370
18
100
AcDbLine
 10
174.41082621082626
 20
660.2168223678736
 30
0.0
 11
174.41082621082626
 21
685.2168056283374
 31
0.0
  0
MTEXT
  5
4FF
330
4F5
100
AcDbEntity
  8
DIM
100
AcDbMText
 10
166.21082621082627
 20
672.7168139981055
 30
0.0
 40
10.0
 71
5
  1
45
  7
CJK
 50
90.0
  0
POINT
  5
500
330
4F5
100
AcDbEntity
  8
Defpoints
100
AcDbPoint
 10
174.41082621082626
 20
650.2168223678736
 30
0.0
  0
POINT
  5
501
330
4F5
100
AcDbEntity
  8
Defpoints
100
AcDbPoint
 10
210.41082621082626
 20
650.2168223678736
 30
0.0
  0
POINT
  5
502
330
4F5
100
AcDbEntity
  8
Defpoints
100
AcDbPoint
 10
290.41082621082626
 20
695.2168056283374
 30
0.0
  0
ENDBLK
  5
4F7
330
4F5
100
AcDbEntity
  8
0
100
AcDbBlockEnd
  0
BLOCK
  5
505
330
504
100
AcDbEntity
  8
0
100
AcDbBlockBegin
  2
*D55
 70
1
 10
0.0
 20
0.0
 30
0.0
  3
*D55
  1

  0
LINE
  5
507
330
504
100
AcDbEntity
  8
0
370
18
100
AcDbLine
 10
286.41082621082626
 20
695.2168056283374
 30
0.0
 11
168.41082621082626
 21
695.2168056283374
 31
0.0
  0
LINE
  5
508
330
504
100
AcDbEntity
  8
0
370
18
100
AcDbLine
 10
206.41082621082626
 20
773.5526983746627
 30
0.0
 11
168.41082621082626
 21
773.5526983746627
 31
0.0
  0
INSERT
  5
509
330
504
100
AcDbEntity
  8
DIM
100
AcDbBlockReference
  2
_CLOSEDFILLED
 10
174.41082621082626
 20
695.2168056283374
 30
0.0
 41
10.0
 42
10.0
 50
270.0
  0
INSERT
  5
50B
330
504
100
AcDbEntity
  8
DIM
100
AcDbBlockReference
  2
_CLOSEDFILLED
 10
174.41082621082626
 20
773.5526983746627
 30
0.0
 41
10.0
 42
10.0
 50
90.0
  0
LINE
  5
50D
330
504
100
AcDbEntity
  8
0
370
18
100
AcDbLine
 10
174.41082621082626
 20
705.2168056283374
 30
0.0
 11
174.41082621082626
 21
763.5526983746627
 31
0.0
  0
MTEXT
  5
50E
330
504
100
AcDbEntity
  8
DIM
100
AcDbMText
 10
166.21082621082627
 20
734.3847520015
 30
0.0
 40
10.0
 71
5
  1
78.3
  7
CJK
 50
90.0
  0
POINT
  5
50F
330
504
100
AcDbEntity
  8
Defpoints
100
AcDbPoint
 10
174.41082621082626
 20
695.2168056283374
 30
0.0
  0
POINT
  5
510
330
504
100
AcDbEntity
  8
Defpoints
100
AcDbPoint
 10
290.41082621082626
 20
695.2168056283374
 30
0.0
  0
POINT
  5
511
330
504
100
AcDbEntity
  8
Defpoints
100
AcDbPoint
 10
210.41082621082626
 20
773.5526983746627
 30
0.0
  0
ENDBLK
  5
506
330
504
100
AcDbEntity
  8
0
100
AcDbBlockEnd
  0
BLOCK
  5
514
330
513
100
AcDbEntity
  8
0
100
AcDbBlockBegin
  2
*D56
 70
1
 10
0.0
 20
0.0
 30
0.0
  3
*D56
  1

  0
LINE
  5
516
330
513
100
AcDbEntity
  8
0
370
18
100
AcDbLine
 10
206.41082621082626
 20
650.2168223678736
 30
0.0
 11
140.41082621082626
 21
650.2168223678736
 31
0.0
  0
LINE
  5
517
330
513
100
AcDbEntity
  8
0
370
18
100
AcDbLine
 10
206.41082621082626
 20
773.5526983746627
 30
0.0
 11
140.41082621082626
 21
773.5526983746627
 31
0.0
  0
INSERT
  5
518
330
513
100
AcDbEntity
  8
DIM
100
AcDbBlockReference
  2
_CLOSEDFILLED
 10
146.41082621082626
 20
650.2168223678736
 30
0.0
 41
10.0
 42
10.0
 50
270.0
  0
INSERT
  5
51A
330
513
100
AcDbEntity
  8
DIM
100
AcDbBlockReference
  2
_CLOSEDFILLED
 10
146.41082621082626
 20
773.5526983746627
 30
0.0
 41
10.0
 42
10.0
 50
90.0
  0
LINE
  5
51C
330
513
100
AcDbEntity
  8
0
370
18
100
AcDbLine
 10
146.41082621082626
 20
660.2168223678736
 30
0.0
 11
146.41082621082626
 21
763.5526983746627
 31
0.0
  0
MTEXT
  5
51D
330
513
100
AcDbEntity
  8
DIM
100
AcDbMText
 10
138.21082621082627
 20
711.8847603712682
 30
0.0
 40
10.0
 71
5
  1
123.3
  7
CJK
 50
90.0
  0
POINT
  5
51E
330
513
100
AcDbEntity
  8
Defpoints
100
AcDbPoint
 10
146.41082621082626
 20
650.2168223678736
 30
0.0
  0
POINT
  5
51F
330
513
100
AcDbEntity
  8
Defpoints
100
AcDbPoint
 10
210.41082621082626
 20
650.2168223678736
 30
0.0
  0
POINT
  5
520
330
513
100
AcDbEntity
  8
Defpoints
100
AcDbPoint
 10
210.41082621082626
 20
773.5526983746627
 30
0.0
  0
ENDBLK
  5
515
330
513
100
AcDbEntity
  8
0
100
AcDbBlockEnd
  0
BLOCK
  5
52E
330
52D
100
AcDbEntity
  8
0
100
AcDbBlockBegin
  2
*D57
 70
1
 10
0.0
 20
0.0
 30
0.0
  3
*D57
  1

  0
INSERT
  5
530
330
52D
100
AcDbEntity
  8
DIM
100
AcDbBlockReference
  2
_CLOSEDFILLED
 10
275.0199197611712
 20
652.9306376929716
 30
0.0
 41
10.0
 42
10.0
 50
70.00000000000001
  0
LINE
  5
532
330
52D
100
AcDbEntity
  8
0
370
18
100
AcDbLine
 10
290.41082621082626
 20
695.2168056283374
 30
0.0
 11
275.0199197611712
 21
652.9306376929716
 31
0.0
  0
LINE
  5
533
330
52D
100
AcDbEntity
  8
0
370
18
100
AcDbLine
 10
271.5997183279145
 20
643.5337114851125
 30
0.0
 11
253.47265073165403
 21
593.7300025834593
 31
0.0
  0
MTEXT
  5
534
330
52D
100
AcDbEntity
  8
DIM
100
AcDbMText
 10
250.89747339109462
 20
610.6299570705183
 30
0.0
 40
10.0
 71
5
  1
R45
  7
CJK
 50
70.0
  0
POINT
  5
535
330
52D
100
AcDbEntity
  8
Defpoints
100
AcDbPoint
 10
290.41082621082626
 20
695.2168056283374
 30
0.0
  0
POINT
  5
536
330
52D
100
AcDbEntity
  8
Defpoints
100
AcDbPoint
 10
275.0199197611712
 20
652.9306376929716
 30
0.0
  0
ENDBLK
  5
52F
330
52D
100
AcDbEntity
  8
0
100
AcDbBlockEnd
  0
BLOCK
  5
564
330
563
100
AcDbEntity
  8
0
100
AcDbBlockBegin
  2
*D58
 70
1
 10
0.0
 20
0.0
 30
0.0
  3
*D58
  1

  0
LINE
  5
566
330
563
100
AcDbEntity
  8
0
370
18
100
AcDbLine
 10
1044.8216524216525
 20
565.6805348662144
 30
0.0
 11
1044.8216524216525
 21
487.0971778082182
 31
0.0
  0
LINE
  5
567
330
563
100
AcDbEntity
  8
0
370
18
100
AcDbLine
 10
1124.8216524216525
 20
724.5527200056681
 30
0.0
 11
1124.8216524216525
 21
487.0971778082182
 31
0.0
  0
INSERT
  5
568
330
563
100
AcDbEntity
  8
DIM
100
AcDbBlockReference
  2
_CLOSEDFILLED
 10
1044.8216524216525
 20
493.0971778082182
 30
0.0
 41
10.0
 42
10.0
 50
180.0
  0
INSERT
  5
56A
330
563
100
AcDbEntity
  8
DIM
100
AcDbBlockReference
  2
_CLOSEDFILLED
 10
1124.8216524216525
 20
493.0971778082182
 30
0.0
 41
10.0
 42
10.0
  0
LINE
  5
56C
330
563
100
AcDbEntity
  8
0
370
18
100
AcDbLine
 10
1054.8216524216525
 20
493.0971778082182
 30
0.0
 11
1114.8216524216525
 21
493.0971778082182
 31
0.0
  0
MTEXT
  5
56D
330
563
100
AcDbEntity
  8
DIM
100
AcDbMText
 10
1084.8216524216525
 20
501.2971778082182
 30
0.0
 40
10.0
 71
5
  1
80
  7
CJK
  0
POINT
  5
56E
330
563
100
AcDbEntity
  8
Defpoints
100
AcDbPoint
 10
1044.8216524216525
 20
493.0971778082182
 30
0.0
  0
POINT
  5
56F
330
563
100
AcDbEntity
  8
Defpoints
100
AcDbPoint
 10
1044.8216524216525
 20
569.6805348662144
 30
0.0
  0
POINT
  5
570
330
563
100
AcDbEntity
  8
Defpoints
100
AcDbPoint
 10
1124.8216524216525
 20
728.5527200056681
 30
0.0
  0
ENDBLK
  5
565
330
563
100
AcDbEntity
  8
0
100
AcDbBlockEnd
  0
BLOCK
  5
573
330
572
100
AcDbEntity
  8
0
100
AcDbBlockBegin
  2
*D59
 70
1
 10
0.0
 20
0.0
 30
0.0
  3
*D59
  1

  0
LINE
  5
575
330
572
100
AcDbEntity
  8
0
370
18
100
AcDbLine
 10
1124.8216524216525
 20
724.5527200056681
 30
0.0
 11
1124.8216524216525
 21
487.0971778082182
 31
0.0
  0
LINE
  5
576
330
572
100
AcDbEntity
  8
0
370
18
100
AcDbLine
 10
1204.8216524216525
 20
525.0971778082182
 30
0.0
 11
1204.8216524216525
 21
487.0971778082182
 31
0.0
  0
INSERT
  5
577
330
572
100
AcDbEntity
  8
DIM
100
AcDbBlockReference
  2
_CLOSEDFILLED
 10
1124.8216524216525
 20
493.0971778082182
 30
0.0
 41
10.0
 42
10.0
 50
180.0
  0
INSERT
  5
579
330
572
100
AcDbEntity
  8
DIM
100
AcDbBlockReference
  2
_CLOSEDFILLED
 10
1204.8216524216525
 20
493.0971778082182
 30
0.0
 41
10.0
 42
10.0
  0
LINE
  5
57B
330
572
100
AcDbEntity
  8
0
370
18
100
AcDbLine
 10
1134.8216524216525
 20
493.0971778082182
 30
0.0
 11
1194.8216524216525
 21
493.0971778082182
 31
0.0
  0
MTEXT
  5
57C
330
572
100
AcDbEntity
  8
DIM
100
AcDbMText
 10
1164.8216524216525
 20
501.2971778082182
 30
0.0
 40
10.0
 71
5
  1
80
  7
CJK
  0
POINT
  5
57D
330
572
100
AcDbEntity
  8
Defpoints
100
AcDbPoint
 10
1124.8216524216525
 20
493.0971778082182
 30
0.0
  0
POINT
  5
57E
330
572
100
AcDbEntity
  8
Defpoints
100
AcDbPoint
 10
1124.8216524216525
 20
728.5527200056681
 30
0.0
  0
POINT
  5
57F
330
572
100
AcDbEntity
  8
Defpoints
100
AcDbPoint
 10
1204.8216524216525
 20
529.0971778082182
 30
0.0
  0
ENDBLK
  5
574
330
572
100
AcDbEntity
  8
0
100
AcDbBlockEnd
  0
BLOCK
  5
582
330
581
100
AcDbEntity
  8
0
100
AcDbBlockBegin
  2
*D60
 70
1
 10
0.0
 20
0.0
 30
0.0
  3
*D60
  1

  0
LINE
  5
584
330
581
100
AcDbEntity
  8
0
370
18
100
AcDbLine
 10
1044.8216524216525
 20
565.6805348662144
 30
0.0
 11
1044.8216524216525
 21
459.0971778082182
 31
0.0
  0
LINE
  5
585
330
581
100
AcDbEntity
  8
0
370
18
100
AcDbLine
 10
1204.8216524216525
 20
525.0971778082182
 30
0.0
 11
1204.8216524216525
 21
459.0971778082182
 31
0.0
  0
INSERT
  5
586
330
581
100
AcDbEntity
  8
DIM
100
AcDbBlockReference
  2
_CLOSEDFILLED
 10
1044.8216524216525
 20
465.0971778082182
 30
0.0
 41
10.0
 42
10.0
 50
180.0
  0
INSERT
  5
588
330
581
100
AcDbEntity
  8
DIM
100
AcDbBlockReference
  2
_CLOSEDFILLED
 10
1204.8216524216525
 20
465.0971778082182
 30
0.0
 41
10.0
 42
10.0
  0
LINE
  5
58A
330
581
100
AcDbEntity
  8
0
370
18
100
AcDbLine
 10
1054.8216524216525
 20
465.0971778082182
 30
0.0
 11
1194.8216524216525
 21
465.0971778082182
 31
0.0
  0
MTEXT
  5
58B
330
581
100
AcDbEntity
  8
DIM
100
AcDbMText
 10
1124.8216524216525
 20
473.2971778082182
 30
0.0
 40
10.0
 71
5
  1
160
  7
CJK
  0
POINT
  5
58C
330
581
100
AcDbEntity
  8
Defpoints
100
AcDbPoint
 10
1044.8216524216525
 20
465.0971778082182
 30
0.0
  0
POINT
  5
58D
330
581
100
AcDbEntity
  8
Defpoints
100
AcDbPoint
 10
1044.8216524216525
 20
569.6805348662144
 30
0.0
  0
POINT
  5
58E
330
581
100
AcDbEntity
  8
Defpoints
100
AcDbPoint
 10
1204.8216524216525
 20
529.0971778082182
 30
0.0
  0
ENDBLK
  5
583
330
581
100
AcDbEntity
  8
0
100
AcDbBlockEnd
  0
BLOCK
  5
591
330
590
100
AcDbEntity
  8
0
100
AcDbBlockBegin
  2
*D61
 70
1
 10
0.0
 20
0.0
 30
0.0
  3
*D61
  1

  0
LINE
  5
593
330
590
100
AcDbEntity
  8
0
370
18
100
AcDbLine
 10
1200.8216524216525
 20
529.0971778082182
 30
0.0
 11
1002.8216524216525
 21
529.0971778082182
 31
0.0
  0
LINE
  5
594
330
590
100
AcDbEntity
  8
0
370
18
100
AcDbLine
 10
1120.8216524216525
 20
728.5527200056681
 30
0.0
 11
1002.8216524216525
 21
728.5527200056681
 31
0.0
  0
INSERT
  5
595
330
590
100
AcDbEntity
  8
DIM
100
AcDbBlockReference
  2
_CLOSEDFILLED
 10
1008.8216524216525
 20
529.0971778082182
 30
0.0
 41
10.0
 42
10.0
 50
270.0
  0
INSERT
  5
597
330
590
100
AcDbEntity
  8
DIM
100
AcDbBlockReference
  2
_CLOSEDFILLED
 10
1008.8216524216525
 20
728.5527200056681
 30
0.0
 41
10.0
 42
10.0
 50
90.0
  0
LINE
  5
599
330
590
100
AcDbEntity
  8
0
370
18
100
AcDbLine
 10
1008.8216524216525
 20
539.0971778082182
 30
0.0
 11
1008.8216524216525
 21
718.5527200056681
 31
0.0
  0
MTEXT
  5
59A
330
590
100
AcDbEntity
  8
DIM
100
AcDbMText
 10
1000.6216524216525
 20
628.8249489069432
 30
0.0
 40
10.0
 71
5
  1
199.5
  7
CJK
 50
90.0
  0
POINT
  5
59B
330
590
100
AcDbEntity
  8
Defpoints
100
AcDbPoint
 10
1008.8216524216525
 20
529.0971778082182
 30
0.0
  0
POINT
  5
59C
330
590
100
AcDbEntity
  8
Defpoints
100
AcDbPoint
 10
1204.8216524216525
 20
529.0971778082182
 30
0.0
  0
POINT
  5
59D
330
590
100
AcDbEntity
  8
Defpoints
100
AcDbPoint
 10
1124.8216524216525
 20
728.5527200056681
 30
0.0
  0
ENDBLK
  5
592
330
590
100
AcDbEntity
  8
0
100
AcDbBlockEnd
  0
BLOCK
  5
5A0
330
59F
100
AcDbEntity
  8
0
100
AcDbBlockBegin
  2
*D62
 70
1
 10
0.0
 20
0.0
 30
0.0
  3
*D62
  1

  0
LINE
  5
5A2
330
59F
100
AcDbEntity
  8
0
370
18
100
AcDbLine
 10
1120.8216524216525
 20
728.5527200056681
 30
0.0
 11
1002.8216524216525
 21
728.5527200056681
 31
0.0
  0
LINE
  5
5A3
330
59F
100
AcDbEntity
  8
0
370
18
100
AcDbLine
 10
1040.8216524216525
 20
773.5526983746628
 30
0.0
 11
1002.8216524216525
 21
773.5526983746628
 31
0.0
  0
INSERT
  5
5A4
330
59F
100
AcDbEntity
  8
DIM
100
AcDbBlockReference
  2
_CLOSEDFILLED
 10
1008.8216524216525
 20
728.5527200056681
 30
0.0
 41
10.0
 42
10.0
 50
270.0
  0
INSERT
  5
5A6
330
59F
100
AcDbEntity
  8
DIM
100
AcDbBlockReference
  2
_CLOSEDFILLED
 10
1008.8216524216525
 20
773.5526983746628
 30
0.0
 41
10.0
 42
10.0
 50
90.0
  0
LINE
  5
5A8
330
59F
100
AcDbEntity
  8
0
370
18
100
AcDbLine
 10
1008.8216524216525
 20
738.5527200056681
 30
0.0
 11
1008.8216524216525
 21
763.5526983746628
 31
0.0
  0
MTEXT
  5
5A9
330
59F
100
AcDbEntity
  8
DIM
100
AcDbMText
 10
1000.6216524216525
 20
751.0527091901654
 30
0.0
 40
10.0
 71
5
  1
45
  7
CJK
 50
90.0
  0
POINT
  5
5AA
330
59F
100
AcDbEntity
  8
Defpoints
100
AcDbPoint
 10
1008.8216524216525
 20
728.5527200056681
 30
0.0
  0
POINT
  5
5AB
330
59F
100
AcDbEntity
  8
Defpoints
100
AcDbPoint
 10
1124.8216524216525
 20
728.5527200056681
 30
0.0
  0
POINT
  5
5AC
330
59F
100
AcDbEntity
  8
Defpoints
100
AcDbPoint
 10
1044.8216524216525
 20
773.5526983746628
 30
0.0
  0
ENDBLK
  5
5A1
330
59F
100
AcDbEntity
  8
0
100
AcDbBlockEnd
  0
BLOCK
  5
5AF
330
5AE
100
AcDbEntity
  8
0
100
AcDbBlockBegin
  2
*D63
 70
1
 10
0.0
 20
0.0
 30
0.0
  3
*D63
  1

  0
LINE
  5
5B1
330
5AE
100
AcDbEntity
  8
0
370
18
100
AcDbLine
 10
1200.8216524216525
 20
529.0971778082182
 30
0.0
 11
974.8216524216525
 21
529.0971778082182
 31
0.0
  0
LINE
  5
5B2
330
5AE
100
AcDbEntity
  8
0
370
18
100
AcDbLine
 10
1040.8216524216525
 20
773.5526983746628
 30
0.0
 11
974.8216524216525
 21
773.5526983746628
 31
0.0
  0
INSERT
  5
5B3
330
5AE
100
AcDbEntity
  8
DIM
100
AcDbBlockReference
  2
_CLOSEDFILLED
 10
980.8216524216525
 20
529.0971778082182
 30
0.0
 41
10.0
 42
10.0
 50
270.0
  0
INSERT
  5
5B5
330
5AE
100
AcDbEntity
  8
DIM
100
AcDbBlockReference
  2
_CLOSEDFILLED
 10
980.8216524216525
 20
773.5526983746628
 30
0.0
 41
10.0
 42
10.0
 50
90.0
  0
LINE
  5
5B7
330
5AE
100
AcDbEntity
  8
0
370
18
100
AcDbLine
 10
980.8216524216525
 20
539.0971778082182
 30
0.0
 11
980.8216524216525
 21
763.5526983746628
 31
0.0
  0
MTEXT
  5
5B8
330
5AE
100
AcDbEntity
  8
DIM
100
AcDbMText
 10
972.6216524216525
 20
651.3249380914406
 30
0.0
 40
10.0
 71
5
  1
244.5
  7
CJK
 50
90.0
  0
POINT
  5
5B9
330
5AE
100
AcDbEntity
  8
Defpoints
100
AcDbPoint
 10
980.8216524216525
 20
529.0971778082182
 30
0.0
  0
POINT
  5
5BA
330
5AE
100
AcDbEntity
  8
Defpoints
100
AcDbPoint
 10
1204.8216524216525
 20
529.0971778082182
 30
0.0
  0
POINT
  5
5BB
330
5AE
100
AcDbEntity
  8
Defpoints
100
AcDbPoint
 10
1044.8216524216525
 20
773.5526983746628
 30
0.0
  0
ENDBLK
  5
5B0
330
5AE
100
AcDbEntity
  8
0
100
AcDbBlockEnd
  0
BLOCK
  5
5C9
330
5C8
100
AcDbEntity
  8
0
100
AcDbBlockBegin
  2
*D64
 70
1
 10
0.0
 20
0.0
 30
0.0
  3
*D64
  1

  0
INSERT
  5
5CB
330
5C8
100
AcDbEntity
  8
DIM
100
AcDbBlockReference
  2
_CLOSEDFILLED
 10
1168.2883146046606
 20
740.1995770352815
 30
0.0
 41
10.0
 42
10.0
 50
195.0
  0
LINE
  5
5CD
330
5C8
100
AcDbEntity
  8
0
370
18
100
AcDbLine
 10
1124.8216524216525
 20
728.5527200056681
 30
0.0
 11
1168.2883146046606
 21
740.1995770352815
 31
0.0
  0
LINE
  5
5CE
330
5C8
100
AcDbEntity
  8
0
370
18
100
AcDbLine
 10
1177.9475728675513
 20
742.7877674863067
 30
0.0
 11
1229.1416416608718
 21
756.5051768767403
 31
0.0
  0
MTEXT
  5
5CF
330
5C8
100
AcDbEntity
  8
DIM
100
AcDbMText
 10
1212.5304380966952
 20
760.5434829757729
 30
0.0
 40
10.0
 71
5
  1
R45
  7
CJK
 50
14.999999999999998
  0
POINT
  5
5D0
330
5C8
100
AcDbEntity
  8
Defpoints
100
AcDbPoint
 10
1124.8216524216525
 20
728.5527200056681
 30
0.0
  0
POINT
  5
5D1
330
5C8
100
AcDbEntity
  8
Defpoints
100
AcDbPoint
 10
1168.2883146046606
 20
740.1995770352815
 30
0.0
  0
ENDBLK
  5
5CA
330
5C8
100
AcDbEntity
  8
0
100
AcDbBlockEnd
  0
BLOCK
  5
5FF
330
5FE
100
AcDbEntity
  8
0
100
AcDbBlockBegin
  2
*D65
 70
1
 10
0.0
 20
0.0
 30
0.0
  3
*D65
  1

  0
INSERT
  5
601
330
5FE
100
AcDbEntity
  8
DIM
100
AcDbBlockReference
  2
_CLOSEDFILLED
 10
1844.1872037328878
 20
734.8526983746627
 30
0.0
 41
10.0
 42
10.0
 50
30.00000000000003
  0
INSERT
  5
603
330
5FE
100
AcDbEntity
  8
DIM
100
AcDbBlockReference
  2
_CLOSEDFILLED
 10
1922.1294900734872
 20
779.8526983746627
 30
0.0
 41
10.0
 42
10.0
 50
30.00000000000003
  0
LINE
  5
605
330
5FE
100
AcDbEntity
  8
0
370
18
100
AcDbLine
 10
1835.5269496950434
 20
729.8526983746627
 30
0.0
 11
1913.4692360356428
 21
774.8526983746627
 31
0.0
  0
LINE
  5
606
330
5FE
100
AcDbEntity
  8
0
370
18
100
AcDbLine
 10
1835.5269496950434
 20
729.8526983746627
 30
0.0
 11
1806.7749062894
 21
713.2526983746627
 31
0.0
  0
MTEXT
  5
607
330
5FE
100
AcDbEntity
  8
DIM
100
AcDbMText
 10
1815.6652873461667
 20
727.8541066856951
 30
0.0
 40
10.0
 71
5
  1
%%c90
  7
CJK
 50
30.00000000000003
  0
POINT
  5
608
330
5FE
100
AcDbEntity
  8
Defpoints
100
AcDbPoint
 10
1883.1583469031875
 20
757.3526983746627
 30
0.0
  0
POINT
  5
609
330
5FE
100
AcDbEntity
  8
Defpoints
100
AcDbPoint
 10
1844.1872037328878
 20
734.8526983746627
 30
0.0
  0
ENDBLK
  5
600
330
5FE
100
AcDbEntity
  8
0
100
AcDbBlockEnd
  0
BLOCK
  5
60C
330
60B
100
AcDbEntity
  8
0
100
AcDbBlockBegin
  2
*D66
 70
1
 10
0.0
 20
0.0
 30
0.0
  3
*D66
  1

  0
LINE
  5
60E
330
60B
100
AcDbEntity
  8
0
370
18
100
AcDbLine
 10
1866.6583469031875
 20
753.3526983746627
 30
0.0
 11
1866.6583469031875
 21
670.3526983746627
 31
0.0
  0
LINE
  5
60F
330
60B
100
AcDbEntity
  8
0
370
18
100
AcDbLine
 10
1899.6583469031875
 20
753.3526983746627
 30
0.0
 11
1899.6583469031875
 21
670.3526983746627
 31
0.0
  0
INSERT
  5
610
330
60B
100
AcDbEntity
  8
DIM
100
AcDbBlockReference
  2
_CLOSEDFILLED
 10
1866.6583469031875
 20
676.3526983746627
 30
0.0
 41
10.0
 42
10.0
 50
180.0
  0
INSERT
  5
612
330
60B
100
AcDbEntity
  8
DIM
100
AcDbBlockReference
  2
_CLOSEDFILLED
 10
1899.6583469031875
 20
676.3526983746627
 30
0.0
 41
10.0
 42
10.0
  0
LINE
  5
614
330
60B
100
AcDbEntity
  8
0
370
18
100
AcDbLine
 10
1876.6583469031875
 20
676.3526983746627
 30
0.0
 11
1889.6583469031875
 21
676.3526983746627
 31
0.0
  0
MTEXT
  5
615
330
60B
100
AcDbEntity
  8
DIM
100
AcDbMText
 10
1883.1583469031875
 20
690.5526983746628
 30
0.0
 40
10.0
 71
5
  1
Ø33 随侧板镗Ø35H9
  7
CJK
  0
POINT
  5
616
330
60B
100
AcDbEntity
  8
Defpoints
100
AcDbPoint
 10
1866.6583469031875
 20
676.3526983746627
 30
0.0
  0
POINT
  5
617
330
60B
100
AcDbEntity
  8
Defpoints
100
AcDbPoint
 10
1866.6583469031875
 20
757.3526983746627
 30
0.0
  0
POINT
  5
618
330
60B
100
AcDbEntity
  8
Defpoints
100
AcDbPoint
 10
1899.6583469031875
 20
757.3526983746627
 30
0.0
  0
ENDBLK
  5
60D
330
60B
100
AcDbEntity
  8
0
100
AcDbBlockEnd
  0
ENDSEC
  0
SECTION
  2
ENTITIES
  0
LWPOLYLINE
  5
97
330
17
100
AcDbEntity
  8
THIN
100
AcDbPolyline
 90
4
 70
1
 10
0.0
 20
0.0
 10
4756.0
 20
0.0
 10
4756.0
 20
3364.0
 10
0.0
 20
3364.0
  0
LWPOLYLINE
  5
98
330
17
100
AcDbEntity
  8
FRAME
100
AcDbPolyline
 90
4
 70
1
 10
100.0
 20
40.0
 10
4716.0
 20
40.0
 10
4716.0
 20
3324.0
 10
100.0
 20
3324.0
  0
LWPOLYLINE
  5
99
330
17
100
AcDbEntity
  8
HIDDEN
100
AcDbPolyline
 90
46
 70
0
 10
260.9527732316883
 20
2576.8488084713217
 10
256.03832797133197
 20
2574.3807890204803
 10
251.3050503576813
 20
2571.5809720159455
 10
246.77530726647836
 20
2568.4625878583292
 10
242.47050378086726
 20
2565.040372322008
 10
238.41098204270304
 20
2561.3304969219244
 10
234.6159251267389
 20
2557.350492495876
 10
231.10326639192843
 20
2553.1191663633817
 10
227.88960473820083
 20
2548.6565134525977
 10
224.99012616915715
 20
2543.9836218152464
 10
222.41853203134076
 20
2539.122572976043
 10
220.18697426918305
 20
2534.0963375875117
 10
218.3059980015745
 20
2528.9286668832715
 10
216.78449169141226
 20
2523.6439804427237
 10
215.62964514359652
 20
2518.2672507975058
 10
214.84691552995284
 20
2512.8238854249907
 10
214.4400016016294
 20
2507.3396066864775
 10
214.4108262108262
 20
2501.8403302774086
 10
214.7595272244494
 20
2496.352042763997
 10
215.48445687262802
 20
2490.900678784958
 10
216.58218953517115
 20
2485.5119984986213
 10
218.04753792917143
 20
2480.2114658545397
 10
219.873577621261
 20
2475.0241282648235
 10
222.05167974868834
 20
2469.9744982437956
 10
224.57155179459426
 20
2465.086437575286
 10
227.42128622480539
 20
2460.3830445549183
 10
230.58741675631427
 20
2455.8865448402275
 10
234.05498199155213
 20
2451.6181864243795
 10
237.80759611775352
 20
2447.598139229805
 10
241.82752633732667
 20
2443.8453997962
 10
246.0957766633357
 20
2440.3777015132905
 10
250.59217768412339
 20
2437.211430822552
 10
255.29548187289598
 20
2434.361549783869
 10
260.18346399188925
 20
2431.84152537304
 10
265.2330261166609
 20
2429.6632658442322
 10
270.4203067842215
 20
2427.837064458097
 10
275.72079374923067
 20
2426.371550841463
 10
281.1094398154333
 20
2425.2736502084504
 10
286.5607811949812
 20
2424.5485506357027
 10
292.049057836338
 20
2424.1996785463807
 10
297.5483351521639
 20
2424.2286825187657
 10
303.03262657196063
 20
2424.6354254959815
 10
308.47601634036135
 20
2425.4179854336485
 10
313.8527819807856
 20
2426.5726643824146
 10
319.1375158457659
 20
2428.094005962436
 10
324.3052451795638
 20
2429.9748211472356
  0
LWPOLYLINE
  5
9A
330
17
100
AcDbEntity
  8
HIDDEN
100
AcDbPolyline
 90
91
 70
0
 10
2125.64846153211
 20
2504.165800066479
 10
2125.5388437938022
 20
2507.3048413849647
 10
2125.210524625481
 20
2510.4285896096817
 10
2124.6651035651316
 20
2513.521826153278
 10
2123.9052378493348
 20
2516.569481078244
 10
2122.934629467476
 20
2519.556706516134
 10
2121.758007126027
 20
2522.46894900489
 10
2120.381103210762
 20
2525.292020391844
 10
2118.8106258591492
 20
2528.012166956973
 10
2117.0542262789827
 20
2530.61613641964
 10
2115.1204614724643
 20
2533.091242502373
 10
2113.0187525473493
 20
2535.425426737134
 10
2110.759338818259
 20
2537.607317212962
 10
2108.3532279217648
 20
2539.6262839787814
 10
2105.812142188294
 20
2541.4724908314556
 10
2103.14846153211
 20
2543.1369432367787
 10
2100.3751631376185
 20
2544.6115321499415
 10
2097.5057582358263
 20
2545.8890735219843
 10
2094.5542262789827
 20
2546.9633432997607
 10
2091.534946834095
 20
2547.829107748899
 10
2088.462629527122
 20
2548.482148952028
 10
2085.3522423791546
 20
2548.919285358051
 10
2082.218938883723
 20
2549.138387282338
 10
2079.0779841804974
 20
2549.138387282338
 10
2075.9446806850656
 20
2548.919285358051
 10
2072.8342935370983
 20
2548.482148952028
 10
2069.761976230125
 20
2547.829107748899
 10
2066.7426967852375
 20
2546.9633432997607
 10
2063.7911648283944
 20
2545.8890735219843
 10
2060.9217599266017
 20
2544.6115321499415
 10
2058.14846153211
 20
2543.1369432367787
 10
2055.4847808759264
 20
2541.4724908314556
 10
2052.9436951424555
 20
2539.6262839787814
 10
2050.5375842459616
 20
2537.6073172129613
 10
2048.278170516871
 20
2535.425426737134
 10
2046.1764615917564
 20
2533.091242502373
 10
2044.2426967852377
 20
2530.61613641964
 10
2042.4862972050712
 20
2528.012166956973
 10
2040.9158198534585
 20
2525.292020391844
 10
2039.5389159381932
 20
2522.46894900489
 10
2038.3622935967444
 20
2519.556706516134
 10
2037.391685214886
 20
2516.569481078244
 10
2036.631819499089
 20
2513.5218261532777
 10
2036.0863984387397
 20
2510.4285896096817
 10
2035.7580792704182
 20
2507.304841384964
 10
2035.6484615321103
 20
2504.165800066479
 10
2035.7580792704182
 20
2501.026758747993
 10
2036.0863984387397
 20
2497.903010523276
 10
2036.631819499089
 20
2494.8097739796794
 10
2037.391685214886
 20
2491.762119054714
 10
2038.3622935967444
 20
2488.7748936168236
 10
2039.5389159381934
 20
2485.8626511280677
 10
2040.9158198534587
 20
2483.039579741114
 10
2042.4862972050712
 20
2480.3194331759846
 10
2044.2426967852377
 20
2477.7154637133176
 10
2046.1764615917564
 20
2475.2403576305846
 10
2048.278170516871
 20
2472.9061733958238
 10
2050.5375842459616
 20
2470.724282919996
 10
2052.943695142456
 20
2468.705316154176
 10
2055.484780875927
 20
2466.859109301502
 10
2058.1484615321106
 20
2465.194656896179
 10
2060.9217599266017
 20
2463.720067983016
 10
2063.7911648283944
 20
2462.4425266109733
 10
2066.742696785238
 20
2461.368256833197
 10
2069.7619762301256
 20
2460.5024923840588
 10
2072.8342935370983
 20
2459.8494511809295
 10
2075.944680685066
 20
2459.4123147749065
 10
2079.077984180498
 20
2459.1932128506196
 10
2082.218938883723
 20
2459.1932128506196
 10
2085.3522423791546
 20
2459.4123147749065
 10
2088.4626295271223
 20
2459.8494511809295
 10
2091.5349468340955
 20
2460.502492384059
 10
2094.554226278983
 20
2461.368256833197
 10
2097.5057582358263
 20
2462.4425266109733
 10
2100.375163137619
 20
2463.7200679830166
 10
2103.1484615321106
 20
2465.1946568961794
 10
2105.812142188294
 20
2466.859109301502
 10
2108.353227921765
 20
2468.7053161541767
 10
2110.759338818259
 20
2470.7242829199963
 10
2113.01875254735
 20
2472.906173395824
 10
2115.1204614724643
 20
2475.2403576305846
 10
2117.054226278983
 20
2477.7154637133176
 10
2118.8106258591497
 20
2480.3194331759846
 10
2120.381103210762
 20
2483.039579741114
 10
2121.758007126027
 20
2485.862651128068
 10
2122.934629467476
 20
2488.774893616824
 10
2123.9052378493348
 20
2491.7621190547143
 10
2124.6651035651316
 20
2494.80977397968
 10
2125.210524625481
 20
2497.903010523276
 10
2125.5388437938022
 20
2501.0267587479934
 10
2125.64846153211
 20
2504.165800066479
  0
LWPOLYLINE
  5
9B
330
17
100
AcDbEntity
  8
HIDDEN
100
AcDbPolyline
 90
91
 70
0
 10
2098.14846153211
 20
2504.165800066479
 10
2098.105832411657
 20
2502.9450617759567
 10
2097.978152735088
 20
2501.730270799678
 10
2097.766044544952
 20
2500.527345477168
 10
2097.4705412110306
 20
2499.342146339681
 10
2097.093082395864
 20
2498.1804475582794
 10
2096.635507040856
 20
2497.047908812652
 10
2096.1000444071415
 20
2495.9500477177257
 10
2095.4893032148475
 20
2494.8922129423977
 10
2094.806258933672
 20
2493.8795581513605
 10
2094.0542392866923
 20
2492.9170168969645
 10
2093.2369080380367
 20
2492.0092785834463
 10
2092.35824714339
 20
2491.1607656206243
 10
2091.422537350309
 20
2490.3756118783613
 10
2090.4343373428483
 20
2489.6576425467656
 10
2089.39846153211
 20
2489.010355500251
 10
2088.319956600919
 20
2488.4369042562435
 10
2087.204076916889
 20
2487.9400826115602
 10
2086.056258933672
 20
2487.5223110313136
 10
2084.8820947051045
 20
2487.1856248566487
 10
2083.6873046412816
 20
2486.931664388765
 10
2082.477709639294
 20
2486.761666897534
 10
2081.259202724404
 20
2486.6764605936446
 10
2080.0377203398166
 20
2486.6764605936446
 10
2078.819213424926
 20
2486.7616668975343
 10
2077.609618422939
 20
2486.931664388765
 10
2076.414828359116
 20
2487.1856248566487
 10
2075.240664130549
 20
2487.5223110313136
 10
2074.092846147332
 20
2487.9400826115602
 10
2072.9769664633013
 20
2488.4369042562435
 10
2071.89846153211
 20
2489.010355500251
 10
2070.862585721372
 20
2489.6576425467656
 10
2069.874385713911
 20
2490.3756118783613
 10
2068.93867592083
 20
2491.1607656206243
 10
2068.060015026184
 20
2492.0092785834463
 10
2067.242683777528
 20
2492.9170168969645
 10
2066.490664130549
 20
2493.8795581513605
 10
2065.8076198493727
 20
2494.8922129423977
 10
2065.196878657079
 20
2495.9500477177257
 10
2064.661416023365
 20
2497.047908812652
 10
2064.203840668357
 20
2498.18044755828
 10
2063.8263818531896
 20
2499.342146339681
 10
2063.5308785192688
 20
2500.527345477168
 10
2063.318770329133
 20
2501.730270799678
 10
2063.191090652563
 20
2502.9450617759567
 10
2063.14846153211
 20
2504.165800066479
 10
2063.191090652563
 20
2505.386538357001
 10
2063.318770329133
 20
2506.60132933328
 10
2063.5308785192688
 20
2507.8042546557895
 10
2063.8263818531896
 20
2508.9894537932764
 10
2064.203840668357
 20
2510.1511525746782
 10
2064.661416023365
 20
2511.2836913203055
 10
2065.196878657079
 20
2512.381552415232
 10
2065.8076198493727
 20
2513.43938719056
 10
2066.490664130549
 20
2514.452041981597
 10
2067.2426837775283
 20
2515.414583235993
 10
2068.060015026184
 20
2516.3223215495113
 10
2068.93867592083
 20
2517.1708345123334
 10
2069.874385713911
 20
2517.9559882545964
 10
2070.8625857213724
 20
2518.673957586192
 10
2071.89846153211
 20
2519.3212446327066
 10
2072.9769664633013
 20
2519.894695876714
 10
2074.092846147332
 20
2520.3915175213974
 10
2075.240664130549
 20
2520.809289101644
 10
2076.414828359116
 20
2521.145975276309
 10
2077.609618422939
 20
2521.3999357441926
 10
2078.819213424926
 20
2521.569933235424
 10
2080.0377203398166
 20
2521.655139539313
 10
2081.259202724404
 20
2521.655139539313
 10
2082.477709639294
 20
2521.5699332354234
 10
2083.6873046412816
 20
2521.3999357441926
 10
2084.8820947051045
 20
2521.145975276309
 10
2086.056258933672
 20
2520.809289101644
 10
2087.204076916889
 20
2520.3915175213974
 10
2088.3199566009193
 20
2519.894695876714
 10
2089.39846153211
 20
2519.3212446327066
 10
2090.4343373428483
 20
2518.673957586192
 10
2091.4225373503095
 20
2517.9559882545964
 10
2092.35824714339
 20
2517.170834512333
 10
2093.2369080380367
 20
2516.3223215495113
 10
2094.0542392866923
 20
2515.414583235993
 10
2094.806258933672
 20
2514.452041981597
 10
2095.489303214848
 20
2513.43938719056
 10
2096.1000444071415
 20
2512.381552415232
 10
2096.635507040856
 20
2511.283691320305
 10
2097.093082395864
 20
2510.151152574678
 10
2097.4705412110306
 20
2508.9894537932764
 10
2097.766044544952
 20
2507.8042546557895
 10
2097.978152735088
 20
2506.60132933328
 10
2098.105832411657
 20
2505.386538357001
 10
2098.14846153211
 20
2504.165800066479
  0
LWPOLYLINE
  5
9C
330
17
100
AcDbEntity
  8
HIDDEN
100
AcDbPolyline
 90
91
 70
0
 10
329.6270202571863
 20
2504.165800066479
 10
329.5411530288451
 20
2501.7068843669986
 10
329.28396968032666
 20
2499.2599482576366
 10
328.85672318305296
 20
2496.836912965153
 10
328.26149503901206
 20
2494.4495832739294
 10
327.50118513988957
 20
2492.109590014249
 10
326.579497639088
 20
2489.8283333980567
 10
325.5009229054635
 20
2487.616927478276
 10
324.2707156467003
 20
2485.4861460022585
 10
322.8948693089032
 20
2483.446369923169
 10
321.3800868771303
 20
2481.507536825028
 10
319.73374821912375
 20
2479.6790925077994
 10
317.96387413133607
 20
2477.969944968401
 10
316.0790872624158
 20
2476.388421001842
 10
314.0885701045301
 20
2474.9422256339135
 10
312.0020202571863
 20
2473.6384045830773
 10
309.8296031815013
 20
2472.4833099344332
 10
307.5819026750972
 20
2471.4825691929996
 10
305.2698693089032
 20
2470.641057867075
 10
302.90476707707455
 20
2469.96287571525
 10
300.4981185199456
 20
2469.4513267727984
 10
298.06164858737105
 20
2469.108903254747
 10
295.60722751594943
 20
2468.9372734140557
 10
293.1468129984231
 20
2468.9372734140557
 10
290.6923919270015
 20
2469.108903254747
 10
288.25592199442696
 20
2469.4513267727984
 10
285.849273437298
 20
2469.96287571525
 10
283.48417120546935
 20
2470.641057867075
 10
281.17213783927536
 20
2471.4825691929996
 10
278.92443733287126
 20
2472.4833099344332
 10
276.75202025718625
 20
2473.6384045830773
 10
274.66547040984244
 20
2474.9422256339135
 10
272.6749532519568
 20
2476.388421001842
 10
270.79016638303654
 20
2477.969944968401
 10
269.0202922952488
 20
2479.6790925077994
 10
267.37395363724227
 20
2481.507536825028
 10
265.85917120546935
 20
2483.446369923169
 10
264.48332486767225
 20
2485.4861460022585
 10
263.2531176089091
 20
2487.616927478276
 10
262.1745428752846
 20
2489.828333398057
 10
261.25285537448303
 20
2492.109590014249
 10
260.49254547536054
 20
2494.44958327393
 10
259.89731733131964
 20
2496.836912965153
 10
259.47007083404594
 20
2499.2599482576366
 10
259.2128874855275
 20
2501.7068843669986
 10
259.1270202571863
 20
2504.165800066479
 10
259.2128874855275
 20
2506.6247157659595
 10
259.47007083404594
 20
2509.071651875321
 10
259.8973173313197
 20
2511.494687167805
 10
260.4925454753606
 20
2513.882016859028
 10
261.2528553744831
 20
2516.2220101187086
 10
262.17454287528466
 20
2518.503266734901
 10
263.2531176089092
 20
2520.7146726546816
 10
264.48332486767237
 20
2522.845454130699
 10
265.85917120546947
 20
2524.8852302097885
 10
267.3739536372424
 20
2526.8240633079295
 10
269.02029229524896
 20
2528.6525076251587
 10
270.79016638303665
 20
2530.361655164557
 10
272.67495325195694
 20
2531.943179131116
 10
274.6654704098426
 20
2533.389374499044
 10
276.7520202571864
 20
2534.6931955498803
 10
278.92443733287143
 20
2535.8482901985244
 10
281.17213783927554
 20
2536.849030939958
 10
283.4841712054695
 20
2537.690542265883
 10
285.84927343729817
 20
2538.3687244177077
 10
288.2559219944272
 20
2538.880273360159
 10
290.69239192700167
 20
2539.2226968782106
 10
293.1468129984233
 20
2539.394326718902
 10
295.6072275159496
 20
2539.394326718902
 10
298.0616485873713
 20
2539.2226968782106
 10
300.49811851994576
 20
2538.880273360159
 10
302.9047670770748
 20
2538.3687244177077
 10
305.26986930890337
 20
2537.690542265883
 10
307.58190267509735
 20
2536.849030939958
 10
309.82960318150145
 20
2535.8482901985244
 10
312.0020202571865
 20
2534.6931955498803
 10
314.0885701045303
 20
2533.389374499044
 10
316.0790872624159
 20
2531.943179131116
 10
317.9638741313362
 20
2530.361655164557
 10
319.73374821912387
 20
2528.6525076251583
 10
321.3800868771304
 20
2526.824063307929
 10
322.8948693089033
 20
2524.8852302097885
 10
324.2707156467004
 20
2522.845454130699
 10
325.5009229054636
 20
2520.714672654681
 10
326.57949763908806
 20
2518.5032667349005
 10
327.5011851398896
 20
2516.2220101187086
 10
328.2614950390121
 20
2513.8820168590278
 10
328.856723183053
 20
2511.4946871678044
 10
329.28396968032666
 20
2509.071651875321
 10
329.54115302884514
 20
2506.624715765959
 10
329.6270202571863
 20
2504.165800066479
  0
LWPOLYLINE
  5
9D
330
17
100
AcDbEntity
  8
HIDDEN
100
AcDbPolyline
 90
45
 70
0
 10
2056.26456595041
 20
2449.3440376334747
 10
2060.111455810958
 20
2447.7899950078427
 10
2064.0565445628185
 20
2446.5055165839626
 10
2068.080968533905
 20
2445.4967441703757
 10
2072.1654847061504
 20
2444.7685012712454
 10
2076.2905627271216
 20
2444.3242700224914
 10
2080.436478295538
 20
2444.1661745417523
 10
2084.5834074741706
 20
2444.2949707717958
 10
2088.711521479154
 20
2444.710042865932
 10
2092.801081492473
 20
2445.4094061327205
 10
2096.832533044273
 20
2446.389716525889
 10
2100.786599513701
 20
2447.646286634086
 10
2104.6443743011896
 20
2449.173108094011
 10
2108.387411231468
 20
2450.9628803197534
 10
2111.997812755026
 20
2453.0070454109728
 10
2115.45831552629
 20
2455.2958290729957
 10
2118.752372949318
 20
2457.818287353178
 10
2121.8642342963144
 20
2460.562358970053
 10
2124.7790200206528
 20
2463.5149229850513
 10
2127.4827929042967
 20
2466.6618615410357
 10
2129.962624699422
 20
2469.988127367658
 10
2132.2066579455873
 20
2473.4778157307605
 10
2134.2041626668733
 20
2477.114240481791
 10
2135.9455876778893
 20
2480.880013843596
 10
2137.4226062533216
 20
2484.7571295510897
 10
2138.6281559426598
 20
2488.7270489492644
 10
2139.556472339713
 20
2492.7707896368497
 10
2140.203116645456
 20
2496.8690162317707
 10
2140.564996892405
 20
2501.0021328244084
 10
2140.6403827290414
 20
2505.150376676583
 10
2140.428913693589
 20
2509.2939127182403
 10
2139.9316009375802
 20
2513.4129283899974
 10
2139.1508223909796
 20
2517.48772837805
 10
2138.0903113919703
 20
2521.4988287884676
 10
2136.755138835782
 20
2525.427050310565
 10
2135.1516889279064
 20
2529.2536099238996
 10
2133.28762865765
 20
2532.960210710378
 10
2131.1718711379735
 20
2536.5291293420364
 10
2128.814532986924
 20
2539.943300826171
 10
2126.226885954436
 20
2543.186400102592
 10
2123.4213030257997
 20
2546.2429201028563
 10
2120.4111992595112
 20
2549.0982458982153
 10
2117.210967642386
 20
2551.7387245817536
 10
2113.8359102686545
 20
2554.1517305505586
 10
2110.3021651721033
 20
2556.3257258757767
  0
LWPOLYLINE
  5
9E
330
17
100
AcDbEntity
  8
HIDDEN
100
AcDbPolyline
 90
2
 70
0
 10
1374.3770202571864
 20
2752.637364493676
 10
1264.6767078860344
 20
2801.4304138854573
  0
LWPOLYLINE
  5
9F
330
17
100
AcDbEntity
  8
HIDDEN
100
AcDbPolyline
 90
2
 70
0
 10
1374.3770202571864
 20
2752.637364493676
 10
1264.6767078860344
 20
2801.4304138854573
  0
LWPOLYLINE
  5
A0
330
17
100
AcDbEntity
  8
HIDDEN
100
AcDbPolyline
 90
2
 70
0
 10
1374.3770202571864
 20
2752.637364493676
 10
1264.6767078860344
 20
2801.4304138854573
  0
LWPOLYLINE
  5
A1
330
17
100
AcDbEntity
  8
HIDDEN
100
AcDbPolyline
 90
2
 70
0
 10
1374.3770202571864
 20
2752.637364493676
 10
1264.6767078860344
 20
2801.4304138854573
  0
LWPOLYLINE
  5
A2
330
17
100
AcDbEntity
  8
HIDDEN
100
AcDbPolyline
 90
2
 70
0
 10
1264.6767078860344
 20
2801.4304138854573
 10
2056.26456595041
 20
2449.3440376334747
  0
LWPOLYLINE
  5
A3
330
17
100
AcDbEntity
  8
HIDDEN
100
AcDbPolyline
 90
2
 70
0
 10
2056.26456595041
 20
2449.3440376334747
 10
2061.14134506675
 20
2460.3083901200753
  0
LWPOLYLINE
  5
A4
330
17
100
AcDbEntity
  8
HIDDEN
100
AcDbPolyline
 90
2
 70
0
 10
2056.26456595041
 20
2449.3440376334747
 10
2061.14134506675
 20
2460.3083901200753
  0
LWPOLYLINE
  5
A5
330
17
100
AcDbEntity
  8
HIDDEN
100
AcDbPolyline
 90
2
 70
0
 10
1269.5534870023746
 20
2812.3947663720583
 10
2061.14134506675
 20
2460.3083901200753
  0
LWPOLYLINE
  5
A6
330
17
100
AcDbEntity
  8
HIDDEN
100
AcDbPolyline
 90
2
 70
0
 10
1269.5534870023746
 20
2812.3947663720583
 10
2061.14134506675
 20
2460.3083901200753
  0
LWPOLYLINE
  5
A7
330
17
100
AcDbEntity
  8
HIDDEN
100
AcDbPolyline
 90
13
 70
0
 10
1241.4554484382843
 20
2812.887649425915
 10
1243.7149709289013
 20
2813.712478118468
 10
1246.0245305368185
 20
2814.3845783157153
 10
1248.373816603377
 20
2814.900949534061
 10
1250.7523411175118
 20
2815.259286516972
 10
1253.149485537795
 20
2815.4579895264287
 10
1255.5545481972126
 20
2815.496171484696
 10
1257.9567920790414
 20
2815.3736619345414
 10
1260.3454927505384
 20
2815.091007800214
 10
1262.7099862404523
 20
2814.649470945788
 10
1265.0397166466144
 20
2814.0510225417747
 10
1267.3242832610704
 20
2813.298334265145
 10
1269.5534870023746
 20
2812.3947663720583
  0
LWPOLYLINE
  5
A8
330
17
100
AcDbEntity
  8
HIDDEN
100
AcDbPolyline
 90
13
 70
0
 10
1241.4554484382843
 20
2812.887649425915
 10
1243.7149709289013
 20
2813.712478118468
 10
1246.0245305368185
 20
2814.3845783157153
 10
1248.373816603377
 20
2814.900949534061
 10
1250.7523411175118
 20
2815.259286516972
 10
1253.149485537795
 20
2815.4579895264287
 10
1255.5545481972126
 20
2815.496171484696
 10
1257.9567920790414
 20
2815.3736619345414
 10
1260.3454927505384
 20
2815.091007800214
 10
1262.7099862404523
 20
2814.649470945788
 10
1265.0397166466144
 20
2814.0510225417747
 10
1267.3242832610704
 20
2813.298334265145
 10
1269.5534870023746
 20
2812.3947663720583
  0
LWPOLYLINE
  5
A9
330
17
100
AcDbEntity
  8
HIDDEN
100
AcDbPolyline
 90
2
 70
0
 10
319.81601144120725
 20
2441.1034679851223
 10
1241.4554484382843
 20
2812.887649425915
  0
LWPOLYLINE
  5
AA
330
17
100
AcDbEntity
  8
HIDDEN
100
AcDbPolyline
 90
2
 70
0
 10
319.81601144120725
 20
2441.1034679851223
 10
1241.4554484382843
 20
2812.887649425915
  0
LWPOLYLINE
  5
AB
330
17
100
AcDbEntity
  8
HIDDEN
100
AcDbPolyline
 90
2
 70
0
 10
319.8160114412072
 20
2441.1034679851223
 10
324.3052451795638
 20
2429.9748211472356
  0
LWPOLYLINE
  5
AC
330
17
100
AcDbEntity
  8
HIDDEN
100
AcDbPolyline
 90
2
 70
0
 10
319.8160114412072
 20
2441.1034679851223
 10
324.3052451795638
 20
2429.9748211472356
  0
LWPOLYLINE
  5
AD
330
17
100
AcDbEntity
  8
HIDDEN
100
AcDbPolyline
 90
2
 70
0
 10
260.9527732316883
 20
2576.8488084713217
 10
265.966410285513
 20
2565.9463572105956
  0
LWPOLYLINE
  5
AE
330
17
100
AcDbEntity
  8
HIDDEN
100
AcDbPolyline
 90
46
 70
0
 10
260.9527732316883
 20
2576.8488084713217
 10
256.03832797133197
 20
2574.3807890204803
 10
251.3050503576813
 20
2571.5809720159455
 10
246.77530726647836
 20
2568.4625878583292
 10
242.47050378086726
 20
2565.040372322008
 10
238.41098204270304
 20
2561.3304969219244
 10
234.6159251267389
 20
2557.350492495876
 10
231.10326639192843
 20
2553.1191663633817
 10
227.88960473820083
 20
2548.6565134525977
 10
224.99012616915715
 20
2543.9836218152464
 10
222.41853203134076
 20
2539.122572976043
 10
220.18697426918305
 20
2534.0963375875117
 10
218.3059980015745
 20
2528.9286668832715
 10
216.78449169141226
 20
2523.6439804427237
 10
215.62964514359652
 20
2518.2672507975058
 10
214.84691552995284
 20
2512.8238854249907
 10
214.4400016016294
 20
2507.3396066864775
 10
214.4108262108262
 20
2501.8403302774086
 10
214.7595272244494
 20
2496.352042763997
 10
215.48445687262802
 20
2490.900678784958
 10
216.58218953517115
 20
2485.5119984986213
 10
218.04753792917143
 20
2480.2114658545397
 10
219.873577621261
 20
2475.0241282648235
 10
222.05167974868834
 20
2469.9744982437956
 10
224.57155179459426
 20
2465.086437575286
 10
227.42128622480539
 20
2460.3830445549183
 10
230.58741675631427
 20
2455.8865448402275
 10
234.05498199155213
 20
2451.6181864243795
 10
237.80759611775352
 20
2447.598139229805
 10
241.82752633732667
 20
2443.8453997962
 10
246.0957766633357
 20
2440.3777015132905
 10
250.59217768412339
 20
2437.211430822552
 10
255.29548187289598
 20
2434.361549783869
 10
260.18346399188925
 20
2431.84152537304
 10
265.2330261166609
 20
2429.6632658442322
 10
270.4203067842215
 20
2427.837064458097
 10
275.72079374923067
 20
2426.371550841463
 10
281.1094398154333
 20
2425.2736502084504
 10
286.5607811949812
 20
2424.5485506357027
 10
292.049057836338
 20
2424.1996785463807
 10
297.5483351521639
 20
2424.2286825187657
 10
303.03262657196063
 20
2424.6354254959815
 10
308.47601634036135
 20
2425.4179854336485
 10
313.8527819807856
 20
2426.5726643824146
 10
319.1375158457659
 20
2428.094005962436
 10
324.3052451795638
 20
2429.9748211472356
  0
LWPOLYLINE
  5
AF
330
17
100
AcDbEntity
  8
HIDDEN
100
AcDbPolyline
 90
2
 70
0
 10
1251.6009043901354
 20
3019.203473706196
 10
265.96641028551306
 20
2565.9463572105956
  0
LWPOLYLINE
  5
B0
330
17
100
AcDbEntity
  8
HIDDEN
100
AcDbPolyline
 90
15
 70
0
 10
1273.4896599537828
 20
3018.2625415084617
 10
1272.050808947155
 20
3019.0172847106646
 10
1270.5641888262824
 20
3019.6729447878097
 10
1269.0366130848158
 20
3020.2265167114365
 10
1267.475082924656
 20
3020.6754633446308
 10
1265.8867551679677
 20
3021.017727070256
 10
1264.2789094559546
 20
3021.2517392214504
 10
1262.6589148847272
 20
3021.3764272711537
 10
1261.0341962311807
 20
3021.391219747729
 10
1259.4121999236763
 20
3021.296048854135
 10
1257.8003599134893
 20
3021.0913507786554
 10
1256.206063603441
 20
3020.778063695756
 10
1254.6366179898741
 20
3020.3576234662332
 10
1253.0992161731467
 20
3019.831957056361
 10
1251.6009043901354
 20
3019.203473706196
  0
LWPOLYLINE
  5
B1
330
17
100
AcDbEntity
  8
HIDDEN
100
AcDbPolyline
 90
2
 70
0
 10
2104.371424444105
 20
2545.893740713917
 10
1273.489659953783
 20
3018.2625415084617
  0
LWPOLYLINE
  5
B2
330
17
100
AcDbEntity
  8
HIDDEN
100
AcDbPolyline
 90
2
 70
0
 10
2104.371424444105
 20
2545.8937407139174
 10
2110.3021651721033
 20
2556.3257258757767
  0
LWPOLYLINE
  5
B3
330
17
100
AcDbEntity
  8
HIDDEN
100
AcDbPolyline
 90
45
 70
0
 10
2056.26456595041
 20
2449.3440376334747
 10
2060.111455810958
 20
2447.7899950078427
 10
2064.0565445628185
 20
2446.5055165839626
 10
2068.080968533905
 20
2445.4967441703757
 10
2072.1654847061504
 20
2444.7685012712454
 10
2076.2905627271216
 20
2444.3242700224914
 10
2080.436478295538
 20
2444.1661745417523
 10
2084.5834074741706
 20
2444.2949707717958
 10
2088.711521479154
 20
2444.710042865932
 10
2092.801081492473
 20
2445.4094061327205
 10
2096.832533044273
 20
2446.389716525889
 10
2100.786599513701
 20
2447.646286634086
 10
2104.6443743011896
 20
2449.173108094011
 10
2108.387411231468
 20
2450.9628803197534
 10
2111.997812755026
 20
2453.0070454109728
 10
2115.45831552629
 20
2455.2958290729957
 10
2118.752372949318
 20
2457.818287353178
 10
2121.8642342963144
 20
2460.562358970053
 10
2124.7790200206528
 20
2463.5149229850513
 10
2127.4827929042967
 20
2466.6618615410357
 10
2129.962624699422
 20
2469.988127367658
 10
2132.2066579455873
 20
2473.4778157307605
 10
2134.2041626668733
 20
2477.114240481791
 10
2135.9455876778893
 20
2480.880013843596
 10
2137.4226062533216
 20
2484.7571295510897
 10
2138.6281559426598
 20
2488.7270489492644
 10
2139.556472339713
 20
2492.7707896368497
 10
2140.203116645456
 20
2496.8690162317707
 10
2140.564996892405
 20
2501.0021328244084
 10
2140.6403827290414
 20
2505.150376676583
 10
2140.428913693589
 20
2509.2939127182403
 10
2139.9316009375802
 20
2513.4129283899974
 10
2139.1508223909796
 20
2517.48772837805
 10
2138.0903113919703
 20
2521.4988287884676
 10
2136.755138835782
 20
2525.427050310565
 10
2135.1516889279064
 20
2529.2536099238996
 10
2133.28762865765
 20
2532.960210710378
 10
2131.1718711379735
 20
2536.5291293420364
 10
2128.814532986924
 20
2539.943300826171
 10
2126.226885954436
 20
2543.186400102592
 10
2123.4213030257997
 20
2546.2429201028563
 10
2120.4111992595112
 20
2549.0982458982153
 10
2117.210967642386
 20
2551.7387245817536
 10
2113.8359102686545
 20
2554.1517305505586
 10
2110.3021651721033
 20
2556.3257258757767
  0
LWPOLYLINE
  5
B4
330
17
100
AcDbEntity
  8
HIDDEN
100
AcDbPolyline
 90
91
 70
0
 10
329.6270202571863
 20
2504.165800066479
 10
329.5411530288451
 20
2501.7068843669986
 10
329.28396968032666
 20
2499.2599482576366
 10
328.85672318305296
 20
2496.836912965153
 10
328.26149503901206
 20
2494.4495832739294
 10
327.50118513988957
 20
2492.109590014249
 10
326.579497639088
 20
2489.8283333980567
 10
325.5009229054635
 20
2487.616927478276
 10
324.2707156467003
 20
2485.4861460022585
 10
322.8948693089032
 20
2483.446369923169
 10
321.3800868771303
 20
2481.507536825028
 10
319.73374821912375
 20
2479.6790925077994
 10
317.96387413133607
 20
2477.969944968401
 10
316.0790872624158
 20
2476.388421001842
 10
314.0885701045301
 20
2474.9422256339135
 10
312.0020202571863
 20
2473.6384045830773
 10
309.8296031815013
 20
2472.4833099344332
 10
307.5819026750972
 20
2471.4825691929996
 10
305.2698693089032
 20
2470.641057867075
 10
302.90476707707455
 20
2469.96287571525
 10
300.4981185199456
 20
2469.4513267727984
 10
298.06164858737105
 20
2469.108903254747
 10
295.60722751594943
 20
2468.9372734140557
 10
293.1468129984231
 20
2468.9372734140557
 10
290.6923919270015
 20
2469.108903254747
 10
288.25592199442696
 20
2469.4513267727984
 10
285.849273437298
 20
2469.96287571525
 10
283.48417120546935
 20
2470.641057867075
 10
281.17213783927536
 20
2471.4825691929996
 10
278.92443733287126
 20
2472.4833099344332
 10
276.75202025718625
 20
2473.6384045830773
 10
274.66547040984244
 20
2474.9422256339135
 10
272.6749532519568
 20
2476.388421001842
 10
270.79016638303654
 20
2477.969944968401
 10
269.0202922952488
 20
2479.6790925077994
 10
267.37395363724227
 20
2481.507536825028
 10
265.85917120546935
 20
2483.446369923169
 10
264.48332486767225
 20
2485.4861460022585
 10
263.2531176089091
 20
2487.616927478276
 10
262.1745428752846
 20
2489.828333398057
 10
261.25285537448303
 20
2492.109590014249
 10
260.49254547536054
 20
2494.44958327393
 10
259.89731733131964
 20
2496.836912965153
 10
259.47007083404594
 20
2499.2599482576366
 10
259.2128874855275
 20
2501.7068843669986
 10
259.1270202571863
 20
2504.165800066479
 10
259.2128874855275
 20
2506.6247157659595
 10
259.47007083404594
 20
2509.071651875321
 10
259.8973173313197
 20
2511.494687167805
 10
260.4925454753606
 20
2513.882016859028
 10
261.2528553744831
 20
2516.2220101187086
 10
262.17454287528466
 20
2518.503266734901
 10
263.2531176089092
 20
2520.7146726546816
 10
264.48332486767237
 20
2522.845454130699
 10
265.85917120546947
 20
2524.8852302097885
 10
267.3739536372424
 20
2526.8240633079295
 10
269.02029229524896
 20
2528.6525076251587
 10
270.79016638303665
 20
2530.361655164557
 10
272.67495325195694
 20
2531.943179131116
 10
274.6654704098426
 20
2533.389374499044
 10
276.7520202571864
 20
2534.6931955498803
 10
278.92443733287143
 20
2535.8482901985244
 10
281.17213783927554
 20
2536.849030939958
 10
283.4841712054695
 20
2537.690542265883
 10
285.84927343729817
 20
2538.3687244177077
 10
288.2559219944272
 20
2538.880273360159
 10
290.69239192700167
 20
2539.2226968782106
 10
293.1468129984233
 20
2539.394326718902
 10
295.6072275159496
 20
2539.394326718902
 10
298.0616485873713
 20
2539.2226968782106
 10
300.49811851994576
 20
2538.880273360159
 10
302.9047670770748
 20
2538.3687244177077
 10
305.26986930890337
 20
2537.690542265883
 10
307.58190267509735
 20
2536.849030939958
 10
309.82960318150145
 20
2535.8482901985244
 10
312.0020202571865
 20
2534.6931955498803
 10
314.0885701045303
 20
2533.389374499044
 10
316.0790872624159
 20
2531.943179131116
 10
317.9638741313362
 20
2530.361655164557
 10
319.73374821912387
 20
2528.6525076251583
 10
321.3800868771304
 20
2526.824063307929
 10
322.8948693089033
 20
2524.8852302097885
 10
324.2707156467004
 20
2522.845454130699
 10
325.5009229054636
 20
2520.714672654681
 10
326.57949763908806
 20
2518.5032667349005
 10
327.5011851398896
 20
2516.2220101187086
 10
328.2614950390121
 20
2513.8820168590278
 10
328.856723183053
 20
2511.4946871678044
 10
329.28396968032666
 20
2509.071651875321
 10
329.54115302884514
 20
2506.624715765959
 10
329.6270202571863
 20
2504.165800066479
  0
LWPOLYLINE
  5
B5
330
17
100
AcDbEntity
  8
HIDDEN
100
AcDbPolyline
 90
91
 70
0
 10
2098.14846153211
 20
2504.165800066479
 10
2098.105832411657
 20
2502.9450617759567
 10
2097.978152735088
 20
2501.730270799678
 10
2097.766044544952
 20
2500.527345477168
 10
2097.4705412110306
 20
2499.342146339681
 10
2097.093082395864
 20
2498.1804475582794
 10
2096.635507040856
 20
2497.047908812652
 10
2096.1000444071415
 20
2495.9500477177257
 10
2095.4893032148475
 20
2494.8922129423977
 10
2094.806258933672
 20
2493.8795581513605
 10
2094.0542392866923
 20
2492.9170168969645
 10
2093.2369080380367
 20
2492.0092785834463
 10
2092.35824714339
 20
2491.1607656206243
 10
2091.422537350309
 20
2490.3756118783613
 10
2090.4343373428483
 20
2489.6576425467656
 10
2089.39846153211
 20
2489.010355500251
 10
2088.319956600919
 20
2488.4369042562435
 10
2087.204076916889
 20
2487.9400826115602
 10
2086.056258933672
 20
2487.5223110313136
 10
2084.8820947051045
 20
2487.1856248566487
 10
2083.6873046412816
 20
2486.931664388765
 10
2082.477709639294
 20
2486.761666897534
 10
2081.259202724404
 20
2486.6764605936446
 10
2080.0377203398166
 20
2486.6764605936446
 10
2078.819213424926
 20
2486.7616668975343
 10
2077.609618422939
 20
2486.931664388765
 10
2076.414828359116
 20
2487.1856248566487
 10
2075.240664130549
 20
2487.5223110313136
 10
2074.092846147332
 20
2487.9400826115602
 10
2072.9769664633013
 20
2488.4369042562435
 10
2071.89846153211
 20
2489.010355500251
 10
2070.862585721372
 20
2489.6576425467656
 10
2069.874385713911
 20
2490.3756118783613
 10
2068.93867592083
 20
2491.1607656206243
 10
2068.060015026184
 20
2492.0092785834463
 10
2067.242683777528
 20
2492.9170168969645
 10
2066.490664130549
 20
2493.8795581513605
 10
2065.8076198493727
 20
2494.8922129423977
 10
2065.196878657079
 20
2495.9500477177257
 10
2064.661416023365
 20
2497.047908812652
 10
2064.203840668357
 20
2498.18044755828
 10
2063.8263818531896
 20
2499.342146339681
 10
2063.5308785192688
 20
2500.527345477168
 10
2063.318770329133
 20
2501.730270799678
 10
2063.191090652563
 20
2502.9450617759567
 10
2063.14846153211
 20
2504.165800066479
 10
2063.191090652563
 20
2505.386538357001
 10
2063.318770329133
 20
2506.60132933328
 10
2063.5308785192688
 20
2507.8042546557895
 10
2063.8263818531896
 20
2508.9894537932764
 10
2064.203840668357
 20
2510.1511525746782
 10
2064.661416023365
 20
2511.2836913203055
 10
2065.196878657079
 20
2512.381552415232
 10
2065.8076198493727
 20
2513.43938719056
 10
2066.490664130549
 20
2514.452041981597
 10
2067.2426837775283
 20
2515.414583235993
 10
2068.060015026184
 20
2516.3223215495113
 10
2068.93867592083
 20
2517.1708345123334
 10
2069.874385713911
 20
2517.9559882545964
 10
2070.8625857213724
 20
2518.673957586192
 10
2071.89846153211
 20
2519.3212446327066
 10
2072.9769664633013
 20
2519.894695876714
 10
2074.092846147332
 20
2520.3915175213974
 10
2075.240664130549
 20
2520.809289101644
 10
2076.414828359116
 20
2521.145975276309
 10
2077.609618422939
 20
2521.3999357441926
 10
2078.819213424926
 20
2521.569933235424
 10
2080.0377203398166
 20
2521.655139539313
 10
2081.259202724404
 20
2521.655139539313
 10
2082.477709639294
 20
2521.5699332354234
 10
2083.6873046412816
 20
2521.3999357441926
 10
2084.8820947051045
 20
2521.145975276309
 10
2086.056258933672
 20
2520.809289101644
 10
2087.204076916889
 20
2520.3915175213974
 10
2088.3199566009193
 20
2519.894695876714
 10
2089.39846153211
 20
2519.3212446327066
 10
2090.4343373428483
 20
2518.673957586192
 10
2091.4225373503095
 20
2517.9559882545964
 10
2092.35824714339
 20
2517.170834512333
 10
2093.2369080380367
 20
2516.3223215495113
 10
2094.0542392866923
 20
2515.414583235993
 10
2094.806258933672
 20
2514.452041981597
 10
2095.489303214848
 20
2513.43938719056
 10
2096.1000444071415
 20
2512.381552415232
 10
2096.635507040856
 20
2511.283691320305
 10
2097.093082395864
 20
2510.151152574678
 10
2097.4705412110306
 20
2508.9894537932764
 10
2097.766044544952
 20
2507.8042546557895
 10
2097.978152735088
 20
2506.60132933328
 10
2098.105832411657
 20
2505.386538357001
 10
2098.14846153211
 20
2504.165800066479
  0
LWPOLYLINE
  5
B6
330
17
100
AcDbEntity
  8
HIDDEN
100
AcDbPolyline
 90
91
 70
0
 10
2098.14846153211
 20
2504.165800066479
 10
2098.105832411657
 20
2505.386538357001
 10
2097.978152735088
 20
2506.60132933328
 10
2097.766044544952
 20
2507.8042546557895
 10
2097.4705412110306
 20
2508.9894537932764
 10
2097.093082395864
 20
2510.1511525746782
 10
2096.635507040856
 20
2511.2836913203055
 10
2096.1000444071415
 20
2512.381552415232
 10
2095.4893032148475
 20
2513.43938719056
 10
2094.806258933672
 20
2514.452041981597
 10
2094.0542392866923
 20
2515.414583235993
 10
2093.2369080380367
 20
2516.3223215495113
 10
2092.35824714339
 20
2517.1708345123334
 10
2091.422537350309
 20
2517.9559882545964
 10
2090.4343373428483
 20
2518.673957586192
 10
2089.39846153211
 20
2519.3212446327066
 10
2088.319956600919
 20
2519.894695876714
 10
2087.204076916889
 20
2520.3915175213974
 10
2086.056258933672
 20
2520.809289101644
 10
2084.8820947051045
 20
2521.145975276309
 10
2083.6873046412816
 20
2521.3999357441926
 10
2082.477709639294
 20
2521.569933235424
 10
2081.259202724404
 20
2521.655139539313
 10
2080.0377203398166
 20
2521.655139539313
 10
2078.819213424926
 20
2521.5699332354234
 10
2077.609618422939
 20
2521.3999357441926
 10
2076.414828359116
 20
2521.145975276309
 10
2075.240664130549
 20
2520.809289101644
 10
2074.092846147332
 20
2520.3915175213974
 10
2072.9769664633013
 20
2519.894695876714
 10
2071.89846153211
 20
2519.3212446327066
 10
2070.862585721372
 20
2518.673957586192
 10
2069.874385713911
 20
2517.9559882545964
 10
2068.93867592083
 20
2517.1708345123334
 10
2068.060015026184
 20
2516.3223215495113
 10
2067.242683777528
 20
2515.414583235993
 10
2066.490664130549
 20
2514.452041981597
 10
2065.8076198493727
 20
2513.43938719056
 10
2065.196878657079
 20
2512.381552415232
 10
2064.661416023365
 20
2511.2836913203055
 10
2064.203840668357
 20
2510.151152574678
 10
2063.8263818531896
 20
2508.9894537932764
 10
2063.5308785192688
 20
2507.8042546557895
 10
2063.318770329133
 20
2506.60132933328
 10
2063.191090652563
 20
2505.386538357001
 10
2063.14846153211
 20
2504.165800066479
 10
2063.191090652563
 20
2502.9450617759567
 10
2063.318770329133
 20
2501.730270799678
 10
2063.5308785192688
 20
2500.527345477168
 10
2063.8263818531896
 20
2499.342146339681
 10
2064.203840668357
 20
2498.1804475582794
 10
2064.661416023365
 20
2497.047908812652
 10
2065.196878657079
 20
2495.9500477177257
 10
2065.8076198493727
 20
2494.8922129423977
 10
2066.490664130549
 20
2493.8795581513605
 10
2067.2426837775283
 20
2492.9170168969645
 10
2068.060015026184
 20
2492.0092785834463
 10
2068.93867592083
 20
2491.1607656206243
 10
2069.874385713911
 20
2490.3756118783613
 10
2070.8625857213724
 20
2489.6576425467656
 10
2071.89846153211
 20
2489.010355500251
 10
2072.9769664633013
 20
2488.4369042562435
 10
2074.092846147332
 20
2487.9400826115602
 10
2075.240664130549
 20
2487.5223110313136
 10
2076.414828359116
 20
2487.1856248566487
 10
2077.609618422939
 20
2486.931664388765
 10
2078.819213424926
 20
2486.761666897534
 10
2080.0377203398166
 20
2486.6764605936446
 10
2081.259202724404
 20
2486.6764605936446
 10
2082.477709639294
 20
2486.7616668975343
 10
2083.6873046412816
 20
2486.931664388765
 10
2084.8820947051045
 20
2487.1856248566487
 10
2086.056258933672
 20
2487.5223110313136
 10
2087.204076916889
 20
2487.9400826115602
 10
2088.3199566009193
 20
2488.4369042562435
 10
2089.39846153211
 20
2489.010355500251
 10
2090.4343373428483
 20
2489.6576425467656
 10
2091.4225373503095
 20
2490.3756118783613
 10
2092.35824714339
 20
2491.1607656206247
 10
2093.2369080380367
 20
2492.0092785834463
 10
2094.0542392866923
 20
2492.9170168969645
 10
2094.806258933672
 20
2493.8795581513605
 10
2095.489303214848
 20
2494.8922129423977
 10
2096.1000444071415
 20
2495.9500477177257
 10
2096.635507040856
 20
2497.0479088126526
 10
2097.093082395864
 20
2498.18044755828
 10
2097.4705412110306
 20
2499.342146339681
 10
2097.766044544952
 20
2500.527345477168
 10
2097.978152735088
 20
2501.730270799678
 10
2098.105832411657
 20
2502.9450617759567
 10
2098.14846153211
 20
2504.165800066479
  0
LWPOLYLINE
  5
B7
330
17
100
AcDbEntity
  8
HIDDEN
100
AcDbPolyline
 90
91
 70
0
 10
2125.64846153211
 20
2504.165800066479
 10
2125.5388437938022
 20
2507.3048413849647
 10
2125.210524625481
 20
2510.4285896096817
 10
2124.6651035651316
 20
2513.521826153278
 10
2123.9052378493348
 20
2516.569481078244
 10
2122.934629467476
 20
2519.556706516134
 10
2121.758007126027
 20
2522.46894900489
 10
2120.381103210762
 20
2525.292020391844
 10
2118.8106258591492
 20
2528.012166956973
 10
2117.0542262789827
 20
2530.61613641964
 10
2115.1204614724643
 20
2533.091242502373
 10
2113.0187525473493
 20
2535.425426737134
 10
2110.759338818259
 20
2537.607317212962
 10
2108.3532279217648
 20
2539.6262839787814
 10
2105.812142188294
 20
2541.4724908314556
 10
2103.14846153211
 20
2543.1369432367787
 10
2100.3751631376185
 20
2544.6115321499415
 10
2097.5057582358263
 20
2545.8890735219843
 10
2094.5542262789827
 20
2546.9633432997607
 10
2091.534946834095
 20
2547.829107748899
 10
2088.462629527122
 20
2548.482148952028
 10
2085.3522423791546
 20
2548.919285358051
 10
2082.218938883723
 20
2549.138387282338
 10
2079.0779841804974
 20
2549.138387282338
 10
2075.9446806850656
 20
2548.919285358051
 10
2072.8342935370983
 20
2548.482148952028
 10
2069.761976230125
 20
2547.829107748899
 10
2066.7426967852375
 20
2546.9633432997607
 10
2063.7911648283944
 20
2545.8890735219843
 10
2060.9217599266017
 20
2544.6115321499415
 10
2058.14846153211
 20
2543.1369432367787
 10
2055.4847808759264
 20
2541.4724908314556
 10
2052.9436951424555
 20
2539.6262839787814
 10
2050.5375842459616
 20
2537.6073172129613
 10
2048.278170516871
 20
2535.425426737134
 10
2046.1764615917564
 20
2533.091242502373
 10
2044.2426967852377
 20
2530.61613641964
 10
2042.4862972050712
 20
2528.012166956973
 10
2040.9158198534585
 20
2525.292020391844
 10
2039.5389159381932
 20
2522.46894900489
 10
2038.3622935967444
 20
2519.556706516134
 10
2037.391685214886
 20
2516.569481078244
 10
2036.631819499089
 20
2513.5218261532777
 10
2036.0863984387397
 20
2510.4285896096817
 10
2035.7580792704182
 20
2507.304841384964
 10
2035.6484615321103
 20
2504.165800066479
 10
2035.7580792704182
 20
2501.026758747993
 10
2036.0863984387397
 20
2497.903010523276
 10
2036.631819499089
 20
2494.8097739796794
 10
2037.391685214886
 20
2491.762119054714
 10
2038.3622935967444
 20
2488.7748936168236
 10
2039.5389159381934
 20
2485.8626511280677
 10
2040.9158198534587
 20
2483.039579741114
 10
2042.4862972050712
 20
2480.3194331759846
 10
2044.2426967852377
 20
2477.7154637133176
 10
2046.1764615917564
 20
2475.2403576305846
 10
2048.278170516871
 20
2472.9061733958238
 10
2050.5375842459616
 20
2470.724282919996
 10
2052.943695142456
 20
2468.705316154176
 10
2055.484780875927
 20
2466.859109301502
 10
2058.1484615321106
 20
2465.194656896179
 10
2060.9217599266017
 20
2463.720067983016
 10
2063.7911648283944
 20
2462.4425266109733
 10
2066.742696785238
 20
2461.368256833197
 10
2069.7619762301256
 20
2460.5024923840588
 10
2072.8342935370983
 20
2459.8494511809295
 10
2075.944680685066
 20
2459.4123147749065
 10
2079.077984180498
 20
2459.1932128506196
 10
2082.218938883723
 20
2459.1932128506196
 10
2085.3522423791546
 20
2459.4123147749065
 10
2088.4626295271223
 20
2459.8494511809295
 10
2091.5349468340955
 20
2460.502492384059
 10
2094.554226278983
 20
2461.368256833197
 10
2097.5057582358263
 20
2462.4425266109733
 10
2100.375163137619
 20
2463.7200679830166
 10
2103.1484615321106
 20
2465.1946568961794
 10
2105.812142188294
 20
2466.859109301502
 10
2108.353227921765
 20
2468.7053161541767
 10
2110.759338818259
 20
2470.7242829199963
 10
2113.01875254735
 20
2472.906173395824
 10
2115.1204614724643
 20
2475.2403576305846
 10
2117.054226278983
 20
2477.7154637133176
 10
2118.8106258591497
 20
2480.3194331759846
 10
2120.381103210762
 20
2483.039579741114
 10
2121.758007126027
 20
2485.862651128068
 10
2122.934629467476
 20
2488.774893616824
 10
2123.9052378493348
 20
2491.7621190547143
 10
2124.6651035651316
 20
2494.80977397968
 10
2125.210524625481
 20
2497.903010523276
 10
2125.5388437938022
 20
2501.0267587479934
 10
2125.64846153211
 20
2504.165800066479
  0
LWPOLYLINE
  5
B8
330
17
100
AcDbEntity
  8
HIDDEN
100
AcDbPolyline
 90
91
 70
0
 10
2125.64846153211
 20
2504.165800066479
 10
2125.5388437938022
 20
2507.3048413849647
 10
2125.210524625481
 20
2510.4285896096817
 10
2124.6651035651316
 20
2513.521826153278
 10
2123.9052378493348
 20
2516.569481078244
 10
2122.934629467476
 20
2519.556706516134
 10
2121.758007126027
 20
2522.46894900489
 10
2120.381103210762
 20
2525.292020391844
 10
2118.8106258591492
 20
2528.012166956973
 10
2117.0542262789827
 20
2530.61613641964
 10
2115.1204614724643
 20
2533.091242502373
 10
2113.0187525473493
 20
2535.425426737134
 10
2110.759338818259
 20
2537.607317212962
 10
2108.3532279217648
 20
2539.6262839787814
 10
2105.812142188294
 20
2541.4724908314556
 10
2103.14846153211
 20
2543.1369432367787
 10
2100.3751631376185
 20
2544.6115321499415
 10
2097.5057582358263
 20
2545.8890735219843
 10
2094.5542262789827
 20
2546.9633432997607
 10
2091.534946834095
 20
2547.829107748899
 10
2088.462629527122
 20
2548.482148952028
 10
2085.3522423791546
 20
2548.919285358051
 10
2082.218938883723
 20
2549.138387282338
 10
2079.0779841804974
 20
2549.138387282338
 10
2075.9446806850656
 20
2548.919285358051
 10
2072.8342935370983
 20
2548.482148952028
 10
2069.761976230125
 20
2547.829107748899
 10
2066.7426967852375
 20
2546.9633432997607
 10
2063.7911648283944
 20
2545.8890735219843
 10
2060.9217599266017
 20
2544.6115321499415
 10
2058.14846153211
 20
2543.1369432367787
 10
2055.4847808759264
 20
2541.4724908314556
 10
2052.9436951424555
 20
2539.6262839787814
 10
2050.5375842459616
 20
2537.6073172129613
 10
2048.278170516871
 20
2535.425426737134
 10
2046.1764615917564
 20
2533.091242502373
 10
2044.2426967852377
 20
2530.61613641964
 10
2042.4862972050712
 20
2528.012166956973
 10
2040.9158198534585
 20
2525.292020391844
 10
2039.5389159381932
 20
2522.46894900489
 10
2038.3622935967444
 20
2519.556706516134
 10
2037.391685214886
 20
2516.569481078244
 10
2036.631819499089
 20
2513.5218261532777
 10
2036.0863984387397
 20
2510.4285896096817
 10
2035.7580792704182
 20
2507.304841384964
 10
2035.6484615321103
 20
2504.165800066479
 10
2035.7580792704182
 20
2501.026758747993
 10
2036.0863984387397
 20
2497.903010523276
 10
2036.631819499089
 20
2494.8097739796794
 10
2037.391685214886
 20
2491.762119054714
 10
2038.3622935967444
 20
2488.7748936168236
 10
2039.5389159381934
 20
2485.8626511280677
 10
2040.9158198534587
 20
2483.039579741114
 10
2042.4862972050712
 20
2480.3194331759846
 10
2044.2426967852377
 20
2477.7154637133176
 10
2046.1764615917564
 20
2475.2403576305846
 10
2048.278170516871
 20
2472.9061733958238
 10
2050.5375842459616
 20
2470.724282919996
 10
2052.943695142456
 20
2468.705316154176
 10
2055.484780875927
 20
2466.859109301502
 10
2058.1484615321106
 20
2465.194656896179
 10
2060.9217599266017
 20
2463.720067983016
 10
2063.7911648283944
 20
2462.4425266109733
 10
2066.742696785238
 20
2461.368256833197
 10
2069.7619762301256
 20
2460.5024923840588
 10
2072.8342935370983
 20
2459.8494511809295
 10
2075.944680685066
 20
2459.4123147749065
 10
2079.077984180498
 20
2459.1932128506196
 10
2082.218938883723
 20
2459.1932128506196
 10
2085.3522423791546
 20
2459.4123147749065
 10
2088.4626295271223
 20
2459.8494511809295
 10
2091.5349468340955
 20
2460.502492384059
 10
2094.554226278983
 20
2461.368256833197
 10
2097.5057582358263
 20
2462.4425266109733
 10
2100.375163137619
 20
2463.7200679830166
 10
2103.1484615321106
 20
2465.1946568961794
 10
2105.812142188294
 20
2466.859109301502
 10
2108.353227921765
 20
2468.7053161541767
 10
2110.759338818259
 20
2470.7242829199963
 10
2113.01875254735
 20
2472.906173395824
 10
2115.1204614724643
 20
2475.2403576305846
 10
2117.054226278983
 20
2477.7154637133176
 10
2118.8106258591497
 20
2480.3194331759846
 10
2120.381103210762
 20
2483.039579741114
 10
2121.758007126027
 20
2485.862651128068
 10
2122.934629467476
 20
2488.774893616824
 10
2123.9052378493348
 20
2491.7621190547143
 10
2124.6651035651316
 20
2494.80977397968
 10
2125.210524625481
 20
2497.903010523276
 10
2125.5388437938022
 20
2501.0267587479934
 10
2125.64846153211
 20
2504.165800066479
  0
LWPOLYLINE
  5
B9
330
17
100
AcDbEntity
  8
HIDDEN
100
AcDbPolyline
 90
91
 70
0
 10
329.6270202571863
 20
2504.165800066479
 10
329.5411530288451
 20
2501.7068843669986
 10
329.28396968032666
 20
2499.2599482576366
 10
328.85672318305296
 20
2496.836912965153
 10
328.26149503901206
 20
2494.4495832739294
 10
327.50118513988957
 20
2492.109590014249
 10
326.579497639088
 20
2489.8283333980567
 10
325.5009229054635
 20
2487.616927478276
 10
324.2707156467003
 20
2485.4861460022585
 10
322.8948693089032
 20
2483.446369923169
 10
321.3800868771303
 20
2481.507536825028
 10
319.73374821912375
 20
2479.6790925077994
 10
317.96387413133607
 20
2477.969944968401
 10
316.0790872624158
 20
2476.388421001842
 10
314.0885701045301
 20
2474.9422256339135
 10
312.0020202571863
 20
2473.6384045830773
 10
309.8296031815013
 20
2472.4833099344332
 10
307.5819026750972
 20
2471.4825691929996
 10
305.2698693089032
 20
2470.641057867075
 10
302.90476707707455
 20
2469.96287571525
 10
300.4981185199456
 20
2469.4513267727984
 10
298.06164858737105
 20
2469.108903254747
 10
295.60722751594943
 20
2468.9372734140557
 10
293.1468129984231
 20
2468.9372734140557
 10
290.6923919270015
 20
2469.108903254747
 10
288.25592199442696
 20
2469.4513267727984
 10
285.849273437298
 20
2469.96287571525
 10
283.48417120546935
 20
2470.641057867075
 10
281.17213783927536
 20
2471.4825691929996
 10
278.92443733287126
 20
2472.4833099344332
 10
276.75202025718625
 20
2473.6384045830773
 10
274.66547040984244
 20
2474.9422256339135
 10
272.6749532519568
 20
2476.388421001842
 10
270.79016638303654
 20
2477.969944968401
 10
269.0202922952488
 20
2479.6790925077994
 10
267.37395363724227
 20
2481.507536825028
 10
265.85917120546935
 20
2483.446369923169
 10
264.48332486767225
 20
2485.4861460022585
 10
263.2531176089091
 20
2487.616927478276
 10
262.1745428752846
 20
2489.828333398057
 10
261.25285537448303
 20
2492.109590014249
 10
260.49254547536054
 20
2494.44958327393
 10
259.89731733131964
 20
2496.836912965153
 10
259.47007083404594
 20
2499.2599482576366
 10
259.2128874855275
 20
2501.7068843669986
 10
259.1270202571863
 20
2504.165800066479
 10
259.2128874855275
 20
2506.6247157659595
 10
259.47007083404594
 20
2509.071651875321
 10
259.8973173313197
 20
2511.494687167805
 10
260.4925454753606
 20
2513.882016859028
 10
261.2528553744831
 20
2516.2220101187086
 10
262.17454287528466
 20
2518.503266734901
 10
263.2531176089092
 20
2520.7146726546816
 10
264.48332486767237
 20
2522.845454130699
 10
265.85917120546947
 20
2524.8852302097885
 10
267.3739536372424
 20
2526.8240633079295
 10
269.02029229524896
 20
2528.6525076251587
 10
270.79016638303665
 20
2530.361655164557
 10
272.67495325195694
 20
2531.943179131116
 10
274.6654704098426
 20
2533.389374499044
 10
276.7520202571864
 20
2534.6931955498803
 10
278.92443733287143
 20
2535.8482901985244
 10
281.17213783927554
 20
2536.849030939958
 10
283.4841712054695
 20
2537.690542265883
 10
285.84927343729817
 20
2538.3687244177077
 10
288.2559219944272
 20
2538.880273360159
 10
290.69239192700167
 20
2539.2226968782106
 10
293.1468129984233
 20
2539.394326718902
 10
295.6072275159496
 20
2539.394326718902
 10
298.0616485873713
 20
2539.2226968782106
 10
300.49811851994576
 20
2538.880273360159
 10
302.9047670770748
 20
2538.3687244177077
 10
305.26986930890337
 20
2537.690542265883
 10
307.58190267509735
 20
2536.849030939958
 10
309.82960318150145
 20
2535.8482901985244
 10
312.0020202571865
 20
2534.6931955498803
 10
314.0885701045303
 20
2533.389374499044
 10
316.0790872624159
 20
2531.943179131116
 10
317.9638741313362
 20
2530.361655164557
 10
319.73374821912387
 20
2528.6525076251583
 10
321.3800868771304
 20
2526.824063307929
 10
322.8948693089033
 20
2524.8852302097885
 10
324.2707156467004
 20
2522.845454130699
 10
325.5009229054636
 20
2520.714672654681
 10
326.57949763908806
 20
2518.5032667349005
 10
327.5011851398896
 20
2516.2220101187086
 10
328.2614950390121
 20
2513.8820168590278
 10
328.856723183053
 20
2511.4946871678044
 10
329.28396968032666
 20
2509.071651875321
 10
329.54115302884514
 20
2506.624715765959
 10
329.6270202571863
 20
2504.165800066479
  0
LWPOLYLINE
  5
BA
330
17
100
AcDbEntity
  8
HIDDEN
100
AcDbPolyline
 90
2
 70
0
 10
2104.371424444105
 20
2545.8937407139174
 10
2110.3021651721033
 20
2556.3257258757767
  0
LWPOLYLINE
  5
BB
330
17
100
AcDbEntity
  8
HIDDEN
100
AcDbPolyline
 90
2
 70
0
 10
2104.371424444105
 20
2545.893740713917
 10
1273.489659953783
 20
3018.2625415084617
  0
LWPOLYLINE
  5
BC
330
17
100
AcDbEntity
  8
HIDDEN
100
AcDbPolyline
 90
15
 70
0
 10
1273.4896599537828
 20
3018.2625415084617
 10
1272.050808947155
 20
3019.0172847106646
 10
1270.5641888262824
 20
3019.6729447878097
 10
1269.0366130848158
 20
3020.2265167114365
 10
1267.475082924656
 20
3020.6754633446308
 10
1265.8867551679677
 20
3021.017727070256
 10
1264.2789094559546
 20
3021.2517392214504
 10
1262.6589148847272
 20
3021.3764272711537
 10
1261.0341962311807
 20
3021.391219747729
 10
1259.4121999236763
 20
3021.296048854135
 10
1257.8003599134893
 20
3021.0913507786554
 10
1256.206063603441
 20
3020.778063695756
 10
1254.6366179898741
 20
3020.3576234662332
 10
1253.0992161731467
 20
3019.831957056361
 10
1251.6009043901354
 20
3019.203473706196
  0
LWPOLYLINE
  5
BD
330
17
100
AcDbEntity
  8
HIDDEN
100
AcDbPolyline
 90
2
 70
0
 10
1251.6009043901354
 20
3019.203473706196
 10
265.96641028551306
 20
2565.9463572105956
  0
LWPOLYLINE
  5
BE
330
17
100
AcDbEntity
  8
HIDDEN
100
AcDbPolyline
 90
46
 70
0
 10
260.9527732316883
 20
2576.8488084713217
 10
256.03832797133197
 20
2574.3807890204803
 10
251.3050503576813
 20
2571.5809720159455
 10
246.77530726647836
 20
2568.4625878583292
 10
242.47050378086726
 20
2565.040372322008
 10
238.41098204270304
 20
2561.3304969219244
 10
234.6159251267389
 20
2557.350492495876
 10
231.10326639192843
 20
2553.1191663633817
 10
227.88960473820083
 20
2548.6565134525977
 10
224.99012616915715
 20
2543.9836218152464
 10
222.41853203134076
 20
2539.122572976043
 10
220.18697426918305
 20
2534.0963375875117
 10
218.3059980015745
 20
2528.9286668832715
 10
216.78449169141226
 20
2523.6439804427237
 10
215.62964514359652
 20
2518.2672507975058
 10
214.84691552995284
 20
2512.8238854249907
 10
214.4400016016294
 20
2507.3396066864775
 10
214.4108262108262
 20
2501.8403302774086
 10
214.7595272244494
 20
2496.352042763997
 10
215.48445687262802
 20
2490.900678784958
 10
216.58218953517115
 20
2485.5119984986213
 10
218.04753792917143
 20
2480.2114658545397
 10
219.873577621261
 20
2475.0241282648235
 10
222.05167974868834
 20
2469.9744982437956
 10
224.57155179459426
 20
2465.086437575286
 10
227.42128622480539
 20
2460.3830445549183
 10
230.58741675631427
 20
2455.8865448402275
 10
234.05498199155213
 20
2451.6181864243795
 10
237.80759611775352
 20
2447.598139229805
 10
241.82752633732667
 20
2443.8453997962
 10
246.0957766633357
 20
2440.3777015132905
 10
250.59217768412339
 20
2437.211430822552
 10
255.29548187289598
 20
2434.361549783869
 10
260.18346399188925
 20
2431.84152537304
 10
265.2330261166609
 20
2429.6632658442322
 10
270.4203067842215
 20
2427.837064458097
 10
275.72079374923067
 20
2426.371550841463
 10
281.1094398154333
 20
2425.2736502084504
 10
286.5607811949812
 20
2424.5485506357027
 10
292.049057836338
 20
2424.1996785463807
 10
297.5483351521639
 20
2424.2286825187657
 10
303.03262657196063
 20
2424.6354254959815
 10
308.47601634036135
 20
2425.4179854336485
 10
313.8527819807856
 20
2426.5726643824146
 10
319.1375158457659
 20
2428.094005962436
 10
324.3052451795638
 20
2429.9748211472356
  0
LWPOLYLINE
  5
BF
330
17
100
AcDbEntity
  8
HIDDEN
100
AcDbPolyline
 90
2
 70
0
 10
260.9527732316883
 20
2576.8488084713217
 10
265.966410285513
 20
2565.9463572105956
  0
LWPOLYLINE
  5
C0
330
17
100
AcDbEntity
  8
HIDDEN
100
AcDbPolyline
 90
45
 70
0
 10
2056.26456595041
 20
2449.3440376334747
 10
2060.111455810958
 20
2447.7899950078427
 10
2064.0565445628185
 20
2446.5055165839626
 10
2068.080968533905
 20
2445.4967441703757
 10
2072.1654847061504
 20
2444.7685012712454
 10
2076.2905627271216
 20
2444.3242700224914
 10
2080.436478295538
 20
2444.1661745417523
 10
2084.5834074741706
 20
2444.2949707717958
 10
2088.711521479154
 20
2444.710042865932
 10
2092.801081492473
 20
2445.4094061327205
 10
2096.832533044273
 20
2446.389716525889
 10
2100.786599513701
 20
2447.646286634086
 10
2104.6443743011896
 20
2449.173108094011
 10
2108.387411231468
 20
2450.9628803197534
 10
2111.997812755026
 20
2453.0070454109728
 10
2115.45831552629
 20
2455.2958290729957
 10
2118.752372949318
 20
2457.818287353178
 10
2121.8642342963144
 20
2460.562358970053
 10
2124.7790200206528
 20
2463.5149229850513
 10
2127.4827929042967
 20
2466.6618615410357
 10
2129.962624699422
 20
2469.988127367658
 10
2132.2066579455873
 20
2473.4778157307605
 10
2134.2041626668733
 20
2477.114240481791
 10
2135.9455876778893
 20
2480.880013843596
 10
2137.4226062533216
 20
2484.7571295510897
 10
2138.6281559426598
 20
2488.7270489492644
 10
2139.556472339713
 20
2492.7707896368497
 10
2140.203116645456
 20
2496.8690162317707
 10
2140.564996892405
 20
2501.0021328244084
 10
2140.6403827290414
 20
2505.150376676583
 10
2140.428913693589
 20
2509.2939127182403
 10
2139.9316009375802
 20
2513.4129283899974
 10
2139.1508223909796
 20
2517.48772837805
 10
2138.0903113919703
 20
2521.4988287884676
 10
2136.755138835782
 20
2525.427050310565
 10
2135.1516889279064
 20
2529.2536099238996
 10
2133.28762865765
 20
2532.960210710378
 10
2131.1718711379735
 20
2536.5291293420364
 10
2128.814532986924
 20
2539.943300826171
 10
2126.226885954436
 20
2543.186400102592
 10
2123.4213030257997
 20
2546.2429201028563
 10
2120.4111992595112
 20
2549.0982458982153
 10
2117.210967642386
 20
2551.7387245817536
 10
2113.8359102686545
 20
2554.1517305505586
 10
2110.3021651721033
 20
2556.3257258757767
  0
LWPOLYLINE
  5
C1
330
17
100
AcDbEntity
  8
HIDDEN
100
AcDbPolyline
 90
2
 70
0
 10
1246.587267336311
 20
3030.1059249669224
 10
260.95277323168835
 20
2576.8488084713217
  0
LWPOLYLINE
  5
C2
330
17
100
AcDbEntity
  8
HIDDEN
100
AcDbPolyline
 90
2
 70
0
 10
324.3052451795638
 20
2429.9748211472356
 10
1245.944682176641
 20
2801.7590025880286
  0
LWPOLYLINE
  5
C3
330
17
100
AcDbEntity
  8
HIDDEN
100
AcDbPolyline
 90
15
 70
0
 10
1279.420400681781
 20
3028.6945266703215
 10
1277.2621241718393
 20
3029.826641473626
 10
1275.0321939905305
 20
3030.810131589343
 10
1272.7408303783307
 20
3031.6404894747834
 10
1270.398535138091
 20
3032.3139094245744
 10
1268.0160435030587
 20
3032.827305013013
 10
1265.6042749350393
 20
3033.178323239804
 10
1263.1742830781982
 20
3033.3653553143595
 10
1260.7372050978786
 20
3033.387544029222
 10
1258.3042106366222
 20
3033.244787688831
 10
1255.8864506213415
 20
3032.9377405756118
 10
1253.495006156269
 20
3032.467809951263
 10
1251.140837735919
 20
3031.837149606979
 10
1248.834735010828
 20
3031.04864999217
 10
1246.587267336311
 20
3030.1059249669224
  0
LWPOLYLINE
  5
C4
330
17
100
AcDbEntity
  8
HIDDEN
100
AcDbPolyline
 90
13
 70
0
 10
1245.944682176641
 20
2801.7590025880286
 10
1247.451030503719
 20
2802.3088883830637
 10
1248.990736908997
 20
2802.7569551812285
 10
1250.556927620036
 20
2803.1012026601256
 10
1252.1426106294593
 20
2803.3400939820667
 10
1253.7407069096482
 20
2803.472562655038
 10
1255.3440820159267
 20
2803.4980172938826
 10
1256.9455779371456
 20
2803.416344260446
 10
1258.538045051477
 20
2803.2279081708944
 10
1260.114374044753
 20
2802.933550267944
 10
1261.667527648861
 20
2802.5345846652685
 10
1263.1905720584982
 20
2802.0327924808485
 10
1264.6767078860344
 20
2801.4304138854573
  0
LWPOLYLINE
  5
C5
330
17
100
AcDbEntity
  8
HIDDEN
100
AcDbPolyline
 90
2
 70
0
 10
2110.3021651721033
 20
2556.3257258757767
 10
1279.420400681781
 20
3028.6945266703215
  0
LWPOLYLINE
  5
C6
330
17
100
AcDbEntity
  8
HIDDEN
100
AcDbPolyline
 90
15
 70
0
 10
1246.587267336311
 20
3030.1059249669224
 10
1248.834735010828
 20
3031.04864999217
 10
1251.140837735919
 20
3031.837149606979
 10
1253.495006156269
 20
3032.467809951263
 10
1255.8864506213415
 20
3032.9377405756118
 10
1258.3042106366222
 20
3033.244787688831
 10
1260.7372050978786
 20
3033.387544029222
 10
1263.1742830781982
 20
3033.3653553143595
 10
1265.6042749350393
 20
3033.178323239804
 10
1268.0160435030587
 20
3032.827305013013
 10
1270.398535138091
 20
3032.3139094245744
 10
1272.7408303783307
 20
3031.6404894747834
 10
1275.0321939905305
 20
3030.810131589343
 10
1277.2621241718393
 20
3029.826641473626
 10
1279.420400681781
 20
3028.6945266703215
  0
LWPOLYLINE
  5
C7
330
17
100
AcDbEntity
  8
HIDDEN
100
AcDbPolyline
 90
2
 70
0
 10
1214.3770202571864
 20
3015.293614927025
 10
1246.587267336311
 20
3030.1059249669224
  0
LWPOLYLINE
  5
C8
330
17
100
AcDbEntity
  8
HIDDEN
100
AcDbPolyline
 90
2
 70
0
 10
1250.3724000405305
 20
3183.578206750631
 10
1214.3770202571864
 20
3015.293614927025
  0
LWPOLYLINE
  5
C9
330
17
100
AcDbEntity
  8
HIDDEN
100
AcDbPolyline
 90
41
 70
0
 10
1338.7246185033869
 20
3181.800623561073
 10
1338.0926033775945
 20
3184.8404331956635
 10
1337.2524829549793
 20
3187.8294269074813
 10
1336.208256576221
 20
3190.753375779074
 10
1334.9648952156265
 20
3193.598360534879
 10
1333.5283178171178
 20
3196.3508378030638
 10
1331.9053631174697
 20
3198.997704587901
 10
1330.103757090932
 20
3201.5263606457556
 10
1328.1320761702127
 20
3203.9247684677603
 10
1325.9997064189063
 20
3206.18151058362
 10
1323.7167988497258
 20
3208.2858439137653
 10
1321.2942211012437
 20
3210.2277509111113
 10
1318.7435057031762
 20
3211.997987248961
 10
1316.0767951764997
 20
3213.588125828046
 10
1313.306784229739
 20
3214.990596893205
 10
1310.4466593266013
 20
3216.1987240687267
 10
1307.510035912643
 20
3217.206756140822
 10
1304.5108935997912
 20
3218.009894435915
 10
1301.4635096172788
 20
3218.604315664429
 10
1298.3823908457862
 20
3218.9871901213173
 10
1295.282204758345
 20
3219.156695156695
 10
1292.1777095967511
 20
3219.112023852453
 10
1289.0836841158782
 20
3218.853388863539
 10
1286.0148572303399
 20
3218.382021405626
 10
1282.9858378984145
 20
3217.70016539399
 10
1280.0110455770132
 20
3216.81106676149
 10
1277.104641578758
 20
3215.718958006508
 10
1274.2804616579404
 20
3214.4290380444045
 10
1271.5519501462777
 20
3212.9474474584104
 10
1268.932095952015
 20
3211.2812392677615
 10
1266.4333707270393
 20
3209.4383453522432
 10
1264.067669496363
 20
3207.4275386929753
 10
1261.8462540325995
 20
3205.2583916091808
 10
1259.7796992450028
 20
3202.941230189762
 10
1257.8778428382716
 20
3200.4870851366
 10
1256.1497384807726
 20
3197.907639253591
 10
1254.6036127051195
 20
3195.2151718313844
 10
1253.2468257462785
 20
3192.4225001925943
 10
1252.085836503632
 20
3189.542918675734
 10
1251.1261717937907
 20
3186.590135348352
 10
1250.3724000405305
 20
3183.578206750631
  0
LWPOLYLINE
  5
CA
330
17
100
AcDbEntity
  8
HIDDEN
100
AcDbPolyline
 90
2
 70
0
 10
1279.420400681781
 20
3028.6945266703215
 10
1374.3770202571864
 20
2974.7102578690287
  0
LWPOLYLINE
  5
CB
330
17
100
AcDbEntity
  8
HIDDEN
100
AcDbPolyline
 90
2
 70
0
 10
1374.3770202571864
 20
2974.7102578690287
 10
1338.7246185033869
 20
3181.800623561073
  0
LWPOLYLINE
  5
CC
330
17
100
AcDbEntity
  8
HIDDEN
100
AcDbPolyline
 90
91
 70
0
 10
1310.8770202571864
 20
3174.165800066479
 10
1310.8368270864735
 20
3173.0148182497005
 10
1310.7164433914222
 20
3171.8694439006376
 10
1310.5164556692941
 20
3170.7352571679858
 10
1310.2378382401685
 20
3169.6177836954985
 10
1309.8819485001538
 20
3168.5224677016054
 10
1309.4505203082892
 20
3167.454645455728
 10
1308.9456555393585
 20
3166.419519280512
 10
1308.3698138437674
 20
3165.422132206631
 10
1307.7258006643729
 20
3164.467343403653
 10
1307.0167535686494
 20
3163.559804506651
 10
1306.246126962774
 20
3162.703936953905
 10
1305.4176752621074
 20
3161.9039104461017
 10
1304.5354346000597
 20
3161.163622631968
 10
1303.6037031644537
 20
3160.4866801193207
 10
1302.6270202571864
 20
3159.8763809040356
 10
1301.6101441792061
 20
3159.3356983025424
 10
1300.5580290485489
 20
3158.8672664661267
 10
1299.4758006643729
 20
3158.4733675476086
 10
1298.3687315345808
 20
3158.155920582925
 10
1297.2422151886906
 20
3157.9164721417774
 10
1296.1017399011025
 20
3157.7561887929023
 10
1294.9528619527775
 20
3157.675851420664
 10
1293.801178561595
 20
3157.675851420664
 10
1292.65230061327
 20
3157.7561887929023
 10
1291.511825325682
 20
3157.9164721417774
 10
1290.3853089797917
 20
3158.155920582925
 10
1289.2782398499996
 20
3158.4733675476086
 10
1288.1960114658236
 20
3158.8672664661267
 10
1287.1438963351666
 20
3159.3356983025424
 10
1286.1270202571864
 20
3159.8763809040356
 10
1285.150337349919
 20
3160.4866801193207
 10
1284.218605914313
 20
3161.163622631968
 10
1283.336365252265
 20
3161.9039104461017
 10
1282.5079135515984
 20
3162.703936953905
 10
1281.737286945723
 20
3163.559804506651
 10
1281.0282398499996
 20
3164.467343403653
 10
1280.3842266706054
 20
3165.422132206631
 10
1279.808384975014
 20
3166.419519280512
 10
1279.3035202060835
 20
3167.454645455728
 10
1278.8720920142189
 20
3168.5224677016054
 10
1278.516202274204
 20
3169.6177836954985
 10
1278.2375848450786
 20
3170.7352571679858
 10
1278.0375971229505
 20
3171.8694439006376
 10
1277.9172134278992
 20
3173.014818249701
 10
1277.8770202571864
 20
3174.165800066479
 10
1277.9172134278992
 20
3175.316781883257
 10
1278.0375971229505
 20
3176.46215623232
 10
1278.2375848450786
 20
3177.596342964972
 10
1278.516202274204
 20
3178.713816437459
 10
1278.8720920142189
 20
3179.8091324313523
 10
1279.3035202060835
 20
3180.8769546772296
 10
1279.808384975014
 20
3181.912080852446
 10
1280.3842266706054
 20
3182.9094679263267
 10
1281.0282398499996
 20
3183.8642567293045
 10
1281.737286945723
 20
3184.771795626307
 10
1282.5079135515987
 20
3185.6276631790524
 10
1283.3363652522653
 20
3186.427689686856
 10
1284.218605914313
 20
3187.1679775009898
 10
1285.150337349919
 20
3187.844920013637
 10
1286.1270202571864
 20
3188.455219228922
 10
1287.1438963351666
 20
3188.9959018304153
 10
1288.1960114658239
 20
3189.464333666831
 10
1289.2782398499996
 20
3189.858232585349
 10
1290.385308979792
 20
3190.175679550033
 10
1291.511825325682
 20
3190.4151279911803
 10
1292.6523006132702
 20
3190.5754113400553
 10
1293.8011785615952
 20
3190.6557487122936
 10
1294.9528619527775
 20
3190.6557487122936
 10
1296.1017399011027
 20
3190.5754113400553
 10
1297.2422151886908
 20
3190.4151279911803
 10
1298.368731534581
 20
3190.175679550033
 10
1299.475800664373
 20
3189.8582325853486
 10
1300.5580290485489
 20
3189.4643336668305
 10
1301.6101441792061
 20
3188.9959018304153
 10
1302.6270202571864
 20
3188.455219228922
 10
1303.6037031644537
 20
3187.844920013637
 10
1304.5354346000597
 20
3187.1679775009898
 10
1305.4176752621074
 20
3186.427689686856
 10
1306.246126962774
 20
3185.6276631790524
 10
1307.0167535686494
 20
3184.771795626307
 10
1307.725800664373
 20
3183.8642567293045
 10
1308.3698138437674
 20
3182.9094679263267
 10
1308.9456555393585
 20
3181.912080852446
 10
1309.4505203082892
 20
3180.876954677229
 10
1309.8819485001538
 20
3179.8091324313523
 10
1310.2378382401687
 20
3178.713816437459
 10
1310.5164556692941
 20
3177.596342964972
 10
1310.7164433914222
 20
3176.46215623232
 10
1310.8368270864735
 20
3175.3167818832567
 10
1310.8770202571864
 20
3174.165800066479
  0
LWPOLYLINE
  5
CD
330
17
100
AcDbEntity
  8
HIDDEN
100
AcDbPolyline
 90
91
 70
0
 10
1310.8770202571864
 20
3174.165800066479
 10
1310.8368270864735
 20
3173.0148182497005
 10
1310.7164433914222
 20
3171.8694439006376
 10
1310.5164556692941
 20
3170.7352571679858
 10
1310.2378382401685
 20
3169.6177836954985
 10
1309.8819485001538
 20
3168.5224677016054
 10
1309.4505203082892
 20
3167.454645455728
 10
1308.9456555393585
 20
3166.419519280512
 10
1308.3698138437674
 20
3165.422132206631
 10
1307.7258006643729
 20
3164.467343403653
 10
1307.0167535686494
 20
3163.559804506651
 10
1306.246126962774
 20
3162.703936953905
 10
1305.4176752621074
 20
3161.9039104461017
 10
1304.5354346000597
 20
3161.163622631968
 10
1303.6037031644537
 20
3160.4866801193207
 10
1302.6270202571864
 20
3159.8763809040356
 10
1301.6101441792061
 20
3159.3356983025424
 10
1300.5580290485489
 20
3158.8672664661267
 10
1299.4758006643729
 20
3158.4733675476086
 10
1298.3687315345808
 20
3158.155920582925
 10
1297.2422151886906
 20
3157.9164721417774
 10
1296.1017399011025
 20
3157.7561887929023
 10
1294.9528619527775
 20
3157.675851420664
 10
1293.801178561595
 20
3157.675851420664
 10
1292.65230061327
 20
3157.7561887929023
 10
1291.511825325682
 20
3157.9164721417774
 10
1290.3853089797917
 20
3158.155920582925
 10
1289.2782398499996
 20
3158.4733675476086
 10
1288.1960114658236
 20
3158.8672664661267
 10
1287.1438963351666
 20
3159.3356983025424
 10
1286.1270202571864
 20
3159.8763809040356
 10
1285.150337349919
 20
3160.4866801193207
 10
1284.218605914313
 20
3161.163622631968
 10
1283.336365252265
 20
3161.9039104461017
 10
1282.5079135515984
 20
3162.703936953905
 10
1281.737286945723
 20
3163.559804506651
 10
1281.0282398499996
 20
3164.467343403653
 10
1280.3842266706054
 20
3165.422132206631
 10
1279.808384975014
 20
3166.419519280512
 10
1279.3035202060835
 20
3167.454645455728
 10
1278.8720920142189
 20
3168.5224677016054
 10
1278.516202274204
 20
3169.6177836954985
 10
1278.2375848450786
 20
3170.7352571679858
 10
1278.0375971229505
 20
3171.8694439006376
 10
1277.9172134278992
 20
3173.014818249701
 10
1277.8770202571864
 20
3174.165800066479
 10
1277.9172134278992
 20
3175.316781883257
 10
1278.0375971229505
 20
3176.46215623232
 10
1278.2375848450786
 20
3177.596342964972
 10
1278.516202274204
 20
3178.713816437459
 10
1278.8720920142189
 20
3179.8091324313523
 10
1279.3035202060835
 20
3180.8769546772296
 10
1279.808384975014
 20
3181.912080852446
 10
1280.3842266706054
 20
3182.9094679263267
 10
1281.0282398499996
 20
3183.8642567293045
 10
1281.737286945723
 20
3184.771795626307
 10
1282.5079135515987
 20
3185.6276631790524
 10
1283.3363652522653
 20
3186.427689686856
 10
1284.218605914313
 20
3187.1679775009898
 10
1285.150337349919
 20
3187.844920013637
 10
1286.1270202571864
 20
3188.455219228922
 10
1287.1438963351666
 20
3188.9959018304153
 10
1288.1960114658239
 20
3189.464333666831
 10
1289.2782398499996
 20
3189.858232585349
 10
1290.385308979792
 20
3190.175679550033
 10
1291.511825325682
 20
3190.4151279911803
 10
1292.6523006132702
 20
3190.5754113400553
 10
1293.8011785615952
 20
3190.6557487122936
 10
1294.9528619527775
 20
3190.6557487122936
 10
1296.1017399011027
 20
3190.5754113400553
 10
1297.2422151886908
 20
3190.4151279911803
 10
1298.368731534581
 20
3190.175679550033
 10
1299.475800664373
 20
3189.8582325853486
 10
1300.5580290485489
 20
3189.4643336668305
 10
1301.6101441792061
 20
3188.9959018304153
 10
1302.6270202571864
 20
3188.455219228922
 10
1303.6037031644537
 20
3187.844920013637
 10
1304.5354346000597
 20
3187.1679775009898
 10
1305.4176752621074
 20
3186.427689686856
 10
1306.246126962774
 20
3185.6276631790524
 10
1307.0167535686494
 20
3184.771795626307
 10
1307.725800664373
 20
3183.8642567293045
 10
1308.3698138437674
 20
3182.9094679263267
 10
1308.9456555393585
 20
3181.912080852446
 10
1309.4505203082892
 20
3180.876954677229
 10
1309.8819485001538
 20
3179.8091324313523
 10
1310.2378382401687
 20
3178.713816437459
 10
1310.5164556692941
 20
3177.596342964972
 10
1310.7164433914222
 20
3176.46215623232
 10
1310.8368270864735
 20
3175.3167818832567
 10
1310.8770202571864
 20
3174.165800066479
  0
LWPOLYLINE
  5
CE
330
17
100
AcDbEntity
  8
HIDDEN
100
AcDbPolyline
 90
2
 70
0
 10
1214.3770202571864
 20
3015.293614927025
 10
1246.587267336311
 20
3030.1059249669224
  0
LWPOLYLINE
  5
CF
330
17
100
AcDbEntity
  8
HIDDEN
100
AcDbPolyline
 90
2
 70
0
 10
1250.3724000405305
 20
3183.578206750631
 10
1214.3770202571864
 20
3015.293614927025
  0
LWPOLYLINE
  5
D0
330
17
100
AcDbEntity
  8
HIDDEN
100
AcDbPolyline
 90
15
 70
0
 10
1246.587267336311
 20
3030.1059249669224
 10
1248.834735010828
 20
3031.04864999217
 10
1251.140837735919
 20
3031.837149606979
 10
1253.495006156269
 20
3032.467809951263
 10
1255.8864506213415
 20
3032.9377405756118
 10
1258.3042106366222
 20
3033.244787688831
 10
1260.7372050978786
 20
3033.387544029222
 10
1263.1742830781982
 20
3033.3653553143595
 10
1265.6042749350393
 20
3033.178323239804
 10
1268.0160435030587
 20
3032.827305013013
 10
1270.398535138091
 20
3032.3139094245744
 10
1272.7408303783307
 20
3031.6404894747834
 10
1275.0321939905305
 20
3030.810131589343
 10
1277.2621241718393
 20
3029.826641473626
 10
1279.420400681781
 20
3028.6945266703215
  0
LWPOLYLINE
  5
D1
330
17
100
AcDbEntity
  8
HIDDEN
100
AcDbPolyline
 90
41
 70
0
 10
1338.7246185033869
 20
3181.800623561073
 10
1338.0926033775945
 20
3184.8404331956635
 10
1337.2524829549793
 20
3187.8294269074813
 10
1336.208256576221
 20
3190.753375779074
 10
1334.9648952156265
 20
3193.598360534879
 10
1333.5283178171178
 20
3196.3508378030638
 10
1331.9053631174697
 20
3198.997704587901
 10
1330.103757090932
 20
3201.5263606457556
 10
1328.1320761702127
 20
3203.9247684677603
 10
1325.9997064189063
 20
3206.18151058362
 10
1323.7167988497258
 20
3208.2858439137653
 10
1321.2942211012437
 20
3210.2277509111113
 10
1318.7435057031762
 20
3211.997987248961
 10
1316.0767951764997
 20
3213.588125828046
 10
1313.306784229739
 20
3214.990596893205
 10
1310.4466593266013
 20
3216.1987240687267
 10
1307.510035912643
 20
3217.206756140822
 10
1304.5108935997912
 20
3218.009894435915
 10
1301.4635096172788
 20
3218.604315664429
 10
1298.3823908457862
 20
3218.9871901213173
 10
1295.282204758345
 20
3219.156695156695
 10
1292.1777095967511
 20
3219.112023852453
 10
1289.0836841158782
 20
3218.853388863539
 10
1286.0148572303399
 20
3218.382021405626
 10
1282.9858378984145
 20
3217.70016539399
 10
1280.0110455770132
 20
3216.81106676149
 10
1277.104641578758
 20
3215.718958006508
 10
1274.2804616579404
 20
3214.4290380444045
 10
1271.5519501462777
 20
3212.9474474584104
 10
1268.932095952015
 20
3211.2812392677615
 10
1266.4333707270393
 20
3209.4383453522432
 10
1264.067669496363
 20
3207.4275386929753
 10
1261.8462540325995
 20
3205.2583916091808
 10
1259.7796992450028
 20
3202.941230189762
 10
1257.8778428382716
 20
3200.4870851366
 10
1256.1497384807726
 20
3197.907639253591
 10
1254.6036127051195
 20
3195.2151718313844
 10
1253.2468257462785
 20
3192.4225001925943
 10
1252.085836503632
 20
3189.542918675734
 10
1251.1261717937907
 20
3186.590135348352
 10
1250.3724000405305
 20
3183.578206750631
  0
LWPOLYLINE
  5
D2
330
17
100
AcDbEntity
  8
HIDDEN
100
AcDbPolyline
 90
2
 70
0
 10
1279.420400681781
 20
3028.6945266703215
 10
1374.3770202571864
 20
2974.7102578690287
  0
LWPOLYLINE
  5
D3
330
17
100
AcDbEntity
  8
HIDDEN
100
AcDbPolyline
 90
15
 70
0
 10
1246.587267336311
 20
3030.1059249669224
 10
1248.834735010828
 20
3031.04864999217
 10
1251.140837735919
 20
3031.837149606979
 10
1253.495006156269
 20
3032.467809951263
 10
1255.8864506213415
 20
3032.9377405756118
 10
1258.3042106366222
 20
3033.244787688831
 10
1260.7372050978786
 20
3033.387544029222
 10
1263.1742830781982
 20
3033.3653553143595
 10
1265.6042749350393
 20
3033.178323239804
 10
1268.0160435030587
 20
3032.827305013013
 10
1270.398535138091
 20
3032.3139094245744
 10
1272.7408303783307
 20
3031.6404894747834
 10
1275.0321939905305
 20
3030.810131589343
 10
1277.2621241718393
 20
3029.826641473626
 10
1279.420400681781
 20
3028.6945266703215
  0
LWPOLYLINE
  5
D4
330
17
100
AcDbEntity
  8
HIDDEN
100
AcDbPolyline
 90
2
 70
0
 10
1214.3770202571864
 20
3015.293614927025
 10
1246.587267336311
 20
3030.1059249669224
  0
LWPOLYLINE
  5
D5
330
17
100
AcDbEntity
  8
HIDDEN
100
AcDbPolyline
 90
2
 70
0
 10
1250.3724000405305
 20
3183.578206750631
 10
1214.3770202571864
 20
3015.293614927025
  0
LWPOLYLINE
  5
D6
330
17
100
AcDbEntity
  8
HIDDEN
100
AcDbPolyline
 90
41
 70
0
 10
1338.7246185033869
 20
3181.800623561073
 10
1338.0926033775945
 20
3184.8404331956635
 10
1337.2524829549793
 20
3187.8294269074813
 10
1336.208256576221
 20
3190.753375779074
 10
1334.9648952156265
 20
3193.598360534879
 10
1333.5283178171178
 20
3196.3508378030638
 10
1331.9053631174697
 20
3198.997704587901
 10
1330.103757090932
 20
3201.5263606457556
 10
1328.1320761702127
 20
3203.9247684677603
 10
1325.9997064189063
 20
3206.18151058362
 10
1323.7167988497258
 20
3208.2858439137653
 10
1321.2942211012437
 20
3210.2277509111113
 10
1318.7435057031762
 20
3211.997987248961
 10
1316.0767951764997
 20
3213.588125828046
 10
1313.306784229739
 20
3214.990596893205
 10
1310.4466593266013
 20
3216.1987240687267
 10
1307.510035912643
 20
3217.206756140822
 10
1304.5108935997912
 20
3218.009894435915
 10
1301.4635096172788
 20
3218.604315664429
 10
1298.3823908457862
 20
3218.9871901213173
 10
1295.282204758345
 20
3219.156695156695
 10
1292.1777095967511
 20
3219.112023852453
 10
1289.0836841158782
 20
3218.853388863539
 10
1286.0148572303399
 20
3218.382021405626
 10
1282.9858378984145
 20
3217.70016539399
 10
1280.0110455770132
 20
3216.81106676149
 10
1277.104641578758
 20
3215.718958006508
 10
1274.2804616579404
 20
3214.4290380444045
 10
1271.5519501462777
 20
3212.9474474584104
 10
1268.932095952015
 20
3211.2812392677615
 10
1266.4333707270393
 20
3209.4383453522432
 10
1264.067669496363
 20
3207.4275386929753
 10
1261.8462540325995
 20
3205.2583916091808
 10
1259.7796992450028
 20
3202.941230189762
 10
1257.8778428382716
 20
3200.4870851366
 10
1256.1497384807726
 20
3197.907639253591
 10
1254.6036127051195
 20
3195.2151718313844
 10
1253.2468257462785
 20
3192.4225001925943
 10
1252.085836503632
 20
3189.542918675734
 10
1251.1261717937907
 20
3186.590135348352
 10
1250.3724000405305
 20
3183.578206750631
  0
LWPOLYLINE
  5
D7
330
17
100
AcDbEntity
  8
HIDDEN
100
AcDbPolyline
 90
2
 70
0
 10
1279.420400681781
 20
3028.6945266703215
 10
1374.3770202571864
 20
2974.7102578690287
  0
LWPOLYLINE
  5
D8
330
17
100
AcDbEntity
  8
HIDDEN
100
AcDbPolyline
 90
2
 70
0
 10
1374.3770202571864
 20
2974.7102578690287
 10
1338.7246185033869
 20
3181.800623561073
  0
LWPOLYLINE
  5
D9
330
17
100
AcDbEntity
  8
HIDDEN
100
AcDbPolyline
 90
91
 70
0
 10
1310.8770202571864
 20
3174.165800066479
 10
1310.8368270864735
 20
3173.0148182497005
 10
1310.7164433914222
 20
3171.8694439006376
 10
1310.5164556692941
 20
3170.7352571679858
 10
1310.2378382401685
 20
3169.6177836954985
 10
1309.8819485001538
 20
3168.5224677016054
 10
1309.4505203082892
 20
3167.454645455728
 10
1308.9456555393585
 20
3166.419519280512
 10
1308.3698138437674
 20
3165.422132206631
 10
1307.7258006643729
 20
3164.467343403653
 10
1307.0167535686494
 20
3163.559804506651
 10
1306.246126962774
 20
3162.703936953905
 10
1305.4176752621074
 20
3161.9039104461017
 10
1304.5354346000597
 20
3161.163622631968
 10
1303.6037031644537
 20
3160.4866801193207
 10
1302.6270202571864
 20
3159.8763809040356
 10
1301.6101441792061
 20
3159.3356983025424
 10
1300.5580290485489
 20
3158.8672664661267
 10
1299.4758006643729
 20
3158.4733675476086
 10
1298.3687315345808
 20
3158.155920582925
 10
1297.2422151886906
 20
3157.9164721417774
 10
1296.1017399011025
 20
3157.7561887929023
 10
1294.9528619527775
 20
3157.675851420664
 10
1293.801178561595
 20
3157.675851420664
 10
1292.65230061327
 20
3157.7561887929023
 10
1291.511825325682
 20
3157.9164721417774
 10
1290.3853089797917
 20
3158.155920582925
 10
1289.2782398499996
 20
3158.4733675476086
 10
1288.1960114658236
 20
3158.8672664661267
 10
1287.1438963351666
 20
3159.3356983025424
 10
1286.1270202571864
 20
3159.8763809040356
 10
1285.150337349919
 20
3160.4866801193207
 10
1284.218605914313
 20
3161.163622631968
 10
1283.336365252265
 20
3161.9039104461017
 10
1282.5079135515984
 20
3162.703936953905
 10
1281.737286945723
 20
3163.559804506651
 10
1281.0282398499996
 20
3164.467343403653
 10
1280.3842266706054
 20
3165.422132206631
 10
1279.808384975014
 20
3166.419519280512
 10
1279.3035202060835
 20
3167.454645455728
 10
1278.8720920142189
 20
3168.5224677016054
 10
1278.516202274204
 20
3169.6177836954985
 10
1278.2375848450786
 20
3170.7352571679858
 10
1278.0375971229505
 20
3171.8694439006376
 10
1277.9172134278992
 20
3173.014818249701
 10
1277.8770202571864
 20
3174.165800066479
 10
1277.9172134278992
 20
3175.316781883257
 10
1278.0375971229505
 20
3176.46215623232
 10
1278.2375848450786
 20
3177.596342964972
 10
1278.516202274204
 20
3178.713816437459
 10
1278.8720920142189
 20
3179.8091324313523
 10
1279.3035202060835
 20
3180.8769546772296
 10
1279.808384975014
 20
3181.912080852446
 10
1280.3842266706054
 20
3182.9094679263267
 10
1281.0282398499996
 20
3183.8642567293045
 10
1281.737286945723
 20
3184.771795626307
 10
1282.5079135515987
 20
3185.6276631790524
 10
1283.3363652522653
 20
3186.427689686856
 10
1284.218605914313
 20
3187.1679775009898
 10
1285.150337349919
 20
3187.844920013637
 10
1286.1270202571864
 20
3188.455219228922
 10
1287.1438963351666
 20
3188.9959018304153
 10
1288.1960114658239
 20
3189.464333666831
 10
1289.2782398499996
 20
3189.858232585349
 10
1290.385308979792
 20
3190.175679550033
 10
1291.511825325682
 20
3190.4151279911803
 10
1292.6523006132702
 20
3190.5754113400553
 10
1293.8011785615952
 20
3190.6557487122936
 10
1294.9528619527775
 20
3190.6557487122936
 10
1296.1017399011027
 20
3190.5754113400553
 10
1297.2422151886908
 20
3190.4151279911803
 10
1298.368731534581
 20
3190.175679550033
 10
1299.475800664373
 20
3189.8582325853486
 10
1300.5580290485489
 20
3189.4643336668305
 10
1301.6101441792061
 20
3188.9959018304153
 10
1302.6270202571864
 20
3188.455219228922
 10
1303.6037031644537
 20
3187.844920013637
 10
1304.5354346000597
 20
3187.1679775009898
 10
1305.4176752621074
 20
3186.427689686856
 10
1306.246126962774
 20
3185.6276631790524
 10
1307.0167535686494
 20
3184.771795626307
 10
1307.725800664373
 20
3183.8642567293045
 10
1308.3698138437674
 20
3182.9094679263267
 10
1308.9456555393585
 20
3181.912080852446
 10
1309.4505203082892
 20
3180.876954677229
 10
1309.8819485001538
 20
3179.8091324313523
 10
1310.2378382401687
 20
3178.713816437459
 10
1310.5164556692941
 20
3177.596342964972
 10
1310.7164433914222
 20
3176.46215623232
 10
1310.8368270864735
 20
3175.3167818832567
 10
1310.8770202571864
 20
3174.165800066479
  0
LWPOLYLINE
  5
DA
330
17
100
AcDbEntity
  8
HIDDEN
100
AcDbPolyline
 90
2
 70
0
 10
1214.3770202571864
 20
3015.293614927025
 10
1246.587267336311
 20
3030.1059249669224
  0
LWPOLYLINE
  5
DB
330
17
100
AcDbEntity
  8
HIDDEN
100
AcDbPolyline
 90
15
 70
0
 10
1246.587267336311
 20
3030.1059249669224
 10
1248.834735010828
 20
3031.04864999217
 10
1251.140837735919
 20
3031.837149606979
 10
1253.495006156269
 20
3032.467809951263
 10
1255.8864506213415
 20
3032.9377405756118
 10
1258.3042106366222
 20
3033.244787688831
 10
1260.7372050978786
 20
3033.387544029222
 10
1263.1742830781982
 20
3033.3653553143595
 10
1265.6042749350393
 20
3033.178323239804
 10
1268.0160435030587
 20
3032.827305013013
 10
1270.398535138091
 20
3032.3139094245744
 10
1272.7408303783307
 20
3031.6404894747834
 10
1275.0321939905305
 20
3030.810131589343
 10
1277.2621241718393
 20
3029.826641473626
 10
1279.420400681781
 20
3028.6945266703215
  0
LWPOLYLINE
  5
DC
330
17
100
AcDbEntity
  8
HIDDEN
100
AcDbPolyline
 90
2
 70
0
 10
1279.420400681781
 20
3028.6945266703215
 10
1374.3770202571864
 20
2974.7102578690287
  0
LWPOLYLINE
  5
DD
330
17
100
AcDbEntity
  8
HIDDEN
100
AcDbPolyline
 90
13
 70
0
 10
1264.6767078860344
 20
2801.4304138854573
 10
1263.1905720584982
 20
2802.0327924808485
 10
1261.667527648861
 20
2802.5345846652685
 10
1260.114374044753
 20
2802.933550267944
 10
1258.538045051477
 20
2803.2279081708944
 10
1256.9455779371456
 20
2803.416344260446
 10
1255.3440820159267
 20
2803.4980172938826
 10
1253.7407069096482
 20
2803.472562655038
 10
1252.1426106294593
 20
2803.3400939820667
 10
1250.556927620036
 20
2803.1012026601256
 10
1248.990736908997
 20
2802.7569551812285
 10
1247.451030503719
 20
2802.3088883830637
 10
1245.944682176641
 20
2801.7590025880286
  0
LWPOLYLINE
  5
DE
330
17
100
AcDbEntity
  8
HIDDEN
100
AcDbPolyline
 90
2
 70
0
 10
1329.3946772438908
 20
2696.9033921867263
 10
1374.3770202571864
 20
2752.637364493676
  0
LWPOLYLINE
  5
DF
330
17
100
AcDbEntity
  8
HIDDEN
100
AcDbPolyline
 90
30
 70
0
 10
1253.7008320981015
 20
2705.9187816779927
 10
1255.139483532901
 20
2703.133648292075
 10
1256.7685423504097
 20
2700.4554299855695
 10
1258.5801032423024
 20
2697.897123306696
 10
1260.5653752752833
 20
2695.4711429103886
 10
1262.71472455071
 20
2693.1892613138925
 10
1265.0177209548644
 20
2691.062551768455
 10
1267.463188773002
 20
2689.1013345243286
 10
1270.039260921569
 20
2687.315126749858
 10
1272.7334365354138
 20
2685.71259634766
 10
1275.53264163054
 20
2684.301519892033
 10
1278.4232925480246
 20
2683.0887448916938
 10
1281.3913618712288
 20
2682.080156560977
 10
1284.4224464964232
 20
2681.2806492607506
 10
1287.5018375265042
 20
2680.694102747625
 10
1290.6145916486316
 20
2680.3233633467207
 10
1293.7456036494077
 20
2680.170230139347
 10
1296.8796797157117
 20
2680.235446232632
 10
1300.0016111654807
 20
2680.5186951534574
 10
1303.0962482506418
 20
2681.0186023842007
 10
1306.1485736740606
 20
2681.7327420328375
 10
1309.1437754637439
 20
2682.6576486050285
 10
1312.0673188506648
 20
2683.7888338210714
 10
1314.905016801411
 20
2685.120808396105
 10
1317.643098863379
 20
2686.6471086778756
 10
1320.2682779884365
 20
2688.3603280128023
 10
1322.7678150107724
 20
2690.252152688129
 10
1325.129580466049
 20
2692.31340227575
 10
1327.3421134518633
 20
2694.5340741819277
 10
1329.3946772438908
 20
2696.9033921867263
  0
LWPOLYLINE
  5
E0
330
17
100
AcDbEntity
  8
HIDDEN
100
AcDbPolyline
 90
2
 70
0
 10
1245.944682176641
 20
2801.7590025880286
 10
1214.3770202571864
 20
2789.0247847631445
  0
LWPOLYLINE
  5
E1
330
17
100
AcDbEntity
  8
HIDDEN
100
AcDbPolyline
 90
2
 70
0
 10
1214.3770202571864
 20
2789.0247847631445
 10
1253.7008320981015
 20
2705.9187816779927
  0
LWPOLYLINE
  5
E2
330
17
100
AcDbEntity
  8
HIDDEN
100
AcDbPolyline
 90
91
 70
0
 10
1310.8770202571864
 20
2725.165800066479
 10
1310.8368270864735
 20
2724.014818249701
 10
1310.7164433914222
 20
2722.8694439006376
 10
1310.5164556692941
 20
2721.7352571679858
 10
1310.2378382401685
 20
2720.6177836954985
 10
1309.8819485001538
 20
2719.5224677016054
 10
1309.4505203082892
 20
2718.454645455728
 10
1308.9456555393585
 20
2717.419519280512
 10
1308.3698138437674
 20
2716.422132206631
 10
1307.7258006643729
 20
2715.467343403653
 10
1307.0167535686494
 20
2714.559804506651
 10
1306.246126962774
 20
2713.703936953905
 10
1305.4176752621074
 20
2712.9039104461017
 10
1304.5354346000597
 20
2712.163622631968
 10
1303.6037031644537
 20
2711.4866801193207
 10
1302.6270202571864
 20
2710.8763809040356
 10
1301.6101441792061
 20
2710.3356983025424
 10
1300.5580290485489
 20
2709.8672664661267
 10
1299.4758006643729
 20
2709.4733675476086
 10
1298.3687315345808
 20
2709.155920582925
 10
1297.2422151886906
 20
2708.9164721417774
 10
1296.1017399011025
 20
2708.7561887929023
 10
1294.9528619527775
 20
2708.6758514206635
 10
1293.801178561595
 20
2708.6758514206635
 10
1292.65230061327
 20
2708.7561887929023
 10
1291.511825325682
 20
2708.9164721417774
 10
1290.3853089797917
 20
2709.155920582925
 10
1289.2782398499996
 20
2709.4733675476086
 10
1288.1960114658236
 20
2709.8672664661267
 10
1287.1438963351666
 20
2710.3356983025424
 10
1286.1270202571864
 20
2710.8763809040356
 10
1285.150337349919
 20
2711.4866801193207
 10
1284.218605914313
 20
2712.163622631968
 10
1283.336365252265
 20
2712.9039104461017
 10
1282.5079135515984
 20
2713.703936953905
 10
1281.737286945723
 20
2714.559804506651
 10
1281.0282398499996
 20
2715.467343403653
 10
1280.3842266706054
 20
2716.422132206631
 10
1279.808384975014
 20
2717.419519280512
 10
1279.3035202060835
 20
2718.454645455728
 10
1278.8720920142189
 20
2719.5224677016054
 10
1278.516202274204
 20
2720.6177836954985
 10
1278.2375848450786
 20
2721.7352571679858
 10
1278.0375971229505
 20
2722.8694439006376
 10
1277.9172134278992
 20
2724.014818249701
 10
1277.8770202571864
 20
2725.165800066479
 10
1277.9172134278992
 20
2726.316781883257
 10
1278.0375971229505
 20
2727.46215623232
 10
1278.2375848450786
 20
2728.596342964972
 10
1278.516202274204
 20
2729.713816437459
 10
1278.8720920142189
 20
2730.8091324313523
 10
1279.3035202060835
 20
2731.8769546772296
 10
1279.808384975014
 20
2732.9120808524463
 10
1280.3842266706054
 20
2733.9094679263267
 10
1281.0282398499996
 20
2734.8642567293045
 10
1281.737286945723
 20
2735.771795626307
 10
1282.5079135515987
 20
2736.6276631790524
 10
1283.3363652522653
 20
2737.427689686856
 10
1284.218605914313
 20
2738.1679775009898
 10
1285.150337349919
 20
2738.844920013637
 10
1286.1270202571864
 20
2739.455219228922
 10
1287.1438963351666
 20
2739.9959018304153
 10
1288.1960114658239
 20
2740.464333666831
 10
1289.2782398499996
 20
2740.858232585349
 10
1290.385308979792
 20
2741.175679550033
 10
1291.511825325682
 20
2741.4151279911803
 10
1292.6523006132702
 20
2741.5754113400553
 10
1293.8011785615952
 20
2741.655748712294
 10
1294.9528619527775
 20
2741.655748712294
 10
1296.1017399011027
 20
2741.5754113400553
 10
1297.2422151886908
 20
2741.4151279911803
 10
1298.368731534581
 20
2741.175679550033
 10
1299.475800664373
 20
2740.858232585349
 10
1300.5580290485489
 20
2740.464333666831
 10
1301.6101441792061
 20
2739.9959018304153
 10
1302.6270202571864
 20
2739.455219228922
 10
1303.6037031644537
 20
2738.844920013637
 10
1304.5354346000597
 20
2738.1679775009898
 10
1305.4176752621074
 20
2737.427689686856
 10
1306.246126962774
 20
2736.6276631790524
 10
1307.0167535686494
 20
2735.771795626307
 10
1307.725800664373
 20
2734.8642567293045
 10
1308.3698138437674
 20
2733.9094679263267
 10
1308.9456555393585
 20
2732.912080852446
 10
1309.4505203082892
 20
2731.8769546772296
 10
1309.8819485001538
 20
2730.8091324313523
 10
1310.2378382401687
 20
2729.713816437459
 10
1310.5164556692941
 20
2728.596342964972
 10
1310.7164433914222
 20
2727.46215623232
 10
1310.8368270864735
 20
2726.3167818832567
 10
1310.8770202571864
 20
2725.165800066479
  0
LWPOLYLINE
  5
E3
330
17
100
AcDbEntity
  8
HIDDEN
100
AcDbPolyline
 90
91
 70
0
 10
1310.8770202571864
 20
2725.165800066479
 10
1310.8368270864735
 20
2724.014818249701
 10
1310.7164433914222
 20
2722.8694439006376
 10
1310.5164556692941
 20
2721.7352571679858
 10
1310.2378382401685
 20
2720.6177836954985
 10
1309.8819485001538
 20
2719.5224677016054
 10
1309.4505203082892
 20
2718.454645455728
 10
1308.9456555393585
 20
2717.419519280512
 10
1308.3698138437674
 20
2716.422132206631
 10
1307.7258006643729
 20
2715.467343403653
 10
1307.0167535686494
 20
2714.559804506651
 10
1306.246126962774
 20
2713.703936953905
 10
1305.4176752621074
 20
2712.9039104461017
 10
1304.5354346000597
 20
2712.163622631968
 10
1303.6037031644537
 20
2711.4866801193207
 10
1302.6270202571864
 20
2710.8763809040356
 10
1301.6101441792061
 20
2710.3356983025424
 10
1300.5580290485489
 20
2709.8672664661267
 10
1299.4758006643729
 20
2709.4733675476086
 10
1298.3687315345808
 20
2709.155920582925
 10
1297.2422151886906
 20
2708.9164721417774
 10
1296.1017399011025
 20
2708.7561887929023
 10
1294.9528619527775
 20
2708.6758514206635
 10
1293.801178561595
 20
2708.6758514206635
 10
1292.65230061327
 20
2708.7561887929023
 10
1291.511825325682
 20
2708.9164721417774
 10
1290.3853089797917
 20
2709.155920582925
 10
1289.2782398499996
 20
2709.4733675476086
 10
1288.1960114658236
 20
2709.8672664661267
 10
1287.1438963351666
 20
2710.3356983025424
 10
1286.1270202571864
 20
2710.8763809040356
 10
1285.150337349919
 20
2711.4866801193207
 10
1284.218605914313
 20
2712.163622631968
 10
1283.336365252265
 20
2712.9039104461017
 10
1282.5079135515984
 20
2713.703936953905
 10
1281.737286945723
 20
2714.559804506651
 10
1281.0282398499996
 20
2715.467343403653
 10
1280.3842266706054
 20
2716.422132206631
 10
1279.808384975014
 20
2717.419519280512
 10
1279.3035202060835
 20
2718.454645455728
 10
1278.8720920142189
 20
2719.5224677016054
 10
1278.516202274204
 20
2720.6177836954985
 10
1278.2375848450786
 20
2721.7352571679858
 10
1278.0375971229505
 20
2722.8694439006376
 10
1277.9172134278992
 20
2724.014818249701
 10
1277.8770202571864
 20
2725.165800066479
 10
1277.9172134278992
 20
2726.316781883257
 10
1278.0375971229505
 20
2727.46215623232
 10
1278.2375848450786
 20
2728.596342964972
 10
1278.516202274204
 20
2729.713816437459
 10
1278.8720920142189
 20
2730.8091324313523
 10
1279.3035202060835
 20
2731.8769546772296
 10
1279.808384975014
 20
2732.9120808524463
 10
1280.3842266706054
 20
2733.9094679263267
 10
1281.0282398499996
 20
2734.8642567293045
 10
1281.737286945723
 20
2735.771795626307
 10
1282.5079135515987
 20
2736.6276631790524
 10
1283.3363652522653
 20
2737.427689686856
 10
1284.218605914313
 20
2738.1679775009898
 10
1285.150337349919
 20
2738.844920013637
 10
1286.1270202571864
 20
2739.455219228922
 10
1287.1438963351666
 20
2739.9959018304153
 10
1288.1960114658239
 20
2740.464333666831
 10
1289.2782398499996
 20
2740.858232585349
 10
1290.385308979792
 20
2741.175679550033
 10
1291.511825325682
 20
2741.4151279911803
 10
1292.6523006132702
 20
2741.5754113400553
 10
1293.8011785615952
 20
2741.655748712294
 10
1294.9528619527775
 20
2741.655748712294
 10
1296.1017399011027
 20
2741.5754113400553
 10
1297.2422151886908
 20
2741.4151279911803
 10
1298.368731534581
 20
2741.175679550033
 10
1299.475800664373
 20
2740.858232585349
 10
1300.5580290485489
 20
2740.464333666831
 10
1301.6101441792061
 20
2739.9959018304153
 10
1302.6270202571864
 20
2739.455219228922
 10
1303.6037031644537
 20
2738.844920013637
 10
1304.5354346000597
 20
2738.1679775009898
 10
1305.4176752621074
 20
2737.427689686856
 10
1306.246126962774
 20
2736.6276631790524
 10
1307.0167535686494
 20
2735.771795626307
 10
1307.725800664373
 20
2734.8642567293045
 10
1308.3698138437674
 20
2733.9094679263267
 10
1308.9456555393585
 20
2732.912080852446
 10
1309.4505203082892
 20
2731.8769546772296
 10
1309.8819485001538
 20
2730.8091324313523
 10
1310.2378382401687
 20
2729.713816437459
 10
1310.5164556692941
 20
2728.596342964972
 10
1310.7164433914222
 20
2727.46215623232
 10
1310.8368270864735
 20
2726.3167818832567
 10
1310.8770202571864
 20
2725.165800066479
  0
LWPOLYLINE
  5
E4
330
17
100
AcDbEntity
  8
HIDDEN
100
AcDbPolyline
 90
30
 70
0
 10
1253.7008320981015
 20
2705.9187816779927
 10
1255.139483532901
 20
2703.133648292075
 10
1256.7685423504097
 20
2700.4554299855695
 10
1258.5801032423024
 20
2697.897123306696
 10
1260.5653752752833
 20
2695.4711429103886
 10
1262.71472455071
 20
2693.1892613138925
 10
1265.0177209548644
 20
2691.062551768455
 10
1267.463188773002
 20
2689.1013345243286
 10
1270.039260921569
 20
2687.315126749858
 10
1272.7334365354138
 20
2685.71259634766
 10
1275.53264163054
 20
2684.301519892033
 10
1278.4232925480246
 20
2683.0887448916938
 10
1281.3913618712288
 20
2682.080156560977
 10
1284.4224464964232
 20
2681.2806492607506
 10
1287.5018375265042
 20
2680.694102747625
 10
1290.6145916486316
 20
2680.3233633467207
 10
1293.7456036494077
 20
2680.170230139347
 10
1296.8796797157117
 20
2680.235446232632
 10
1300.0016111654807
 20
2680.5186951534574
 10
1303.0962482506418
 20
2681.0186023842007
 10
1306.1485736740606
 20
2681.7327420328375
 10
1309.1437754637439
 20
2682.6576486050285
 10
1312.0673188506648
 20
2683.7888338210714
 10
1314.905016801411
 20
2685.120808396105
 10
1317.643098863379
 20
2686.6471086778756
 10
1320.2682779884365
 20
2688.3603280128023
 10
1322.7678150107724
 20
2690.252152688129
 10
1325.129580466049
 20
2692.31340227575
 10
1327.3421134518633
 20
2694.5340741819277
 10
1329.3946772438908
 20
2696.9033921867263
  0
LWPOLYLINE
  5
E5
330
17
100
AcDbEntity
  8
HIDDEN
100
AcDbPolyline
 90
2
 70
0
 10
1329.3946772438908
 20
2696.9033921867263
 10
1374.3770202571864
 20
2752.637364493676
  0
LWPOLYLINE
  5
E6
330
17
100
AcDbEntity
  8
HIDDEN
100
AcDbPolyline
 90
13
 70
0
 10
1264.6767078860344
 20
2801.4304138854573
 10
1263.1905720584982
 20
2802.0327924808485
 10
1261.667527648861
 20
2802.5345846652685
 10
1260.114374044753
 20
2802.933550267944
 10
1258.538045051477
 20
2803.2279081708944
 10
1256.9455779371456
 20
2803.416344260446
 10
1255.3440820159267
 20
2803.4980172938826
 10
1253.7407069096482
 20
2803.472562655038
 10
1252.1426106294593
 20
2803.3400939820667
 10
1250.556927620036
 20
2803.1012026601256
 10
1248.990736908997
 20
2802.7569551812285
 10
1247.451030503719
 20
2802.3088883830637
 10
1245.944682176641
 20
2801.7590025880286
  0
LWPOLYLINE
  5
E7
330
17
100
AcDbEntity
  8
HIDDEN
100
AcDbPolyline
 90
2
 70
0
 10
1245.944682176641
 20
2801.7590025880286
 10
1214.3770202571864
 20
2789.0247847631445
  0
LWPOLYLINE
  5
E8
330
17
100
AcDbEntity
  8
HIDDEN
100
AcDbPolyline
 90
13
 70
0
 10
1264.6767078860344
 20
2801.4304138854573
 10
1263.1905720584982
 20
2802.0327924808485
 10
1261.667527648861
 20
2802.5345846652685
 10
1260.114374044753
 20
2802.933550267944
 10
1258.538045051477
 20
2803.2279081708944
 10
1256.9455779371456
 20
2803.416344260446
 10
1255.3440820159267
 20
2803.4980172938826
 10
1253.7407069096482
 20
2803.472562655038
 10
1252.1426106294593
 20
2803.3400939820667
 10
1250.556927620036
 20
2803.1012026601256
 10
1248.990736908997
 20
2802.7569551812285
 10
1247.451030503719
 20
2802.3088883830637
 10
1245.944682176641
 20
2801.7590025880286
  0
LWPOLYLINE
  5
E9
330
17
100
AcDbEntity
  8
HIDDEN
100
AcDbPolyline
 90
2
 70
0
 10
1329.3946772438908
 20
2696.9033921867263
 10
1374.3770202571864
 20
2752.637364493676
  0
LWPOLYLINE
  5
EA
330
17
100
AcDbEntity
  8
HIDDEN
100
AcDbPolyline
 90
30
 70
0
 10
1253.7008320981015
 20
2705.9187816779927
 10
1255.139483532901
 20
2703.133648292075
 10
1256.7685423504097
 20
2700.4554299855695
 10
1258.5801032423024
 20
2697.897123306696
 10
1260.5653752752833
 20
2695.4711429103886
 10
1262.71472455071
 20
2693.1892613138925
 10
1265.0177209548644
 20
2691.062551768455
 10
1267.463188773002
 20
2689.1013345243286
 10
1270.039260921569
 20
2687.315126749858
 10
1272.7334365354138
 20
2685.71259634766
 10
1275.53264163054
 20
2684.301519892033
 10
1278.4232925480246
 20
2683.0887448916938
 10
1281.3913618712288
 20
2682.080156560977
 10
1284.4224464964232
 20
2681.2806492607506
 10
1287.5018375265042
 20
2680.694102747625
 10
1290.6145916486316
 20
2680.3233633467207
 10
1293.7456036494077
 20
2680.170230139347
 10
1296.8796797157117
 20
2680.235446232632
 10
1300.0016111654807
 20
2680.5186951534574
 10
1303.0962482506418
 20
2681.0186023842007
 10
1306.1485736740606
 20
2681.7327420328375
 10
1309.1437754637439
 20
2682.6576486050285
 10
1312.0673188506648
 20
2683.7888338210714
 10
1314.905016801411
 20
2685.120808396105
 10
1317.643098863379
 20
2686.6471086778756
 10
1320.2682779884365
 20
2688.3603280128023
 10
1322.7678150107724
 20
2690.252152688129
 10
1325.129580466049
 20
2692.31340227575
 10
1327.3421134518633
 20
2694.5340741819277
 10
1329.3946772438908
 20
2696.9033921867263
  0
LWPOLYLINE
  5
EB
330
17
100
AcDbEntity
  8
HIDDEN
100
AcDbPolyline
 90
2
 70
0
 10
1245.944682176641
 20
2801.7590025880286
 10
1214.3770202571864
 20
2789.0247847631445
  0
LWPOLYLINE
  5
EC
330
17
100
AcDbEntity
  8
HIDDEN
100
AcDbPolyline
 90
2
 70
0
 10
1214.3770202571864
 20
2789.0247847631445
 10
1253.7008320981015
 20
2705.9187816779927
  0
LWPOLYLINE
  5
ED
330
17
100
AcDbEntity
  8
HIDDEN
100
AcDbPolyline
 90
91
 70
0
 10
1310.8770202571864
 20
2725.165800066479
 10
1310.8368270864735
 20
2724.014818249701
 10
1310.7164433914222
 20
2722.8694439006376
 10
1310.5164556692941
 20
2721.7352571679858
 10
1310.2378382401685
 20
2720.6177836954985
 10
1309.8819485001538
 20
2719.5224677016054
 10
1309.4505203082892
 20
2718.454645455728
 10
1308.9456555393585
 20
2717.419519280512
 10
1308.3698138437674
 20
2716.422132206631
 10
1307.7258006643729
 20
2715.467343403653
 10
1307.0167535686494
 20
2714.559804506651
 10
1306.246126962774
 20
2713.703936953905
 10
1305.4176752621074
 20
2712.9039104461017
 10
1304.5354346000597
 20
2712.163622631968
 10
1303.6037031644537
 20
2711.4866801193207
 10
1302.6270202571864
 20
2710.8763809040356
 10
1301.6101441792061
 20
2710.3356983025424
 10
1300.5580290485489
 20
2709.8672664661267
 10
1299.4758006643729
 20
2709.4733675476086
 10
1298.3687315345808
 20
2709.155920582925
 10
1297.2422151886906
 20
2708.9164721417774
 10
1296.1017399011025
 20
2708.7561887929023
 10
1294.9528619527775
 20
2708.6758514206635
 10
1293.801178561595
 20
2708.6758514206635
 10
1292.65230061327
 20
2708.7561887929023
 10
1291.511825325682
 20
2708.9164721417774
 10
1290.3853089797917
 20
2709.155920582925
 10
1289.2782398499996
 20
2709.4733675476086
 10
1288.1960114658236
 20
2709.8672664661267
 10
1287.1438963351666
 20
2710.3356983025424
 10
1286.1270202571864
 20
2710.8763809040356
 10
1285.150337349919
 20
2711.4866801193207
 10
1284.218605914313
 20
2712.163622631968
 10
1283.336365252265
 20
2712.9039104461017
 10
1282.5079135515984
 20
2713.703936953905
 10
1281.737286945723
 20
2714.559804506651
 10
1281.0282398499996
 20
2715.467343403653
 10
1280.3842266706054
 20
2716.422132206631
 10
1279.808384975014
 20
2717.419519280512
 10
1279.3035202060835
 20
2718.454645455728
 10
1278.8720920142189
 20
2719.5224677016054
 10
1278.516202274204
 20
2720.6177836954985
 10
1278.2375848450786
 20
2721.7352571679858
 10
1278.0375971229505
 20
2722.8694439006376
 10
1277.9172134278992
 20
2724.014818249701
 10
1277.8770202571864
 20
2725.165800066479
 10
1277.9172134278992
 20
2726.316781883257
 10
1278.0375971229505
 20
2727.46215623232
 10
1278.2375848450786
 20
2728.596342964972
 10
1278.516202274204
 20
2729.713816437459
 10
1278.8720920142189
 20
2730.8091324313523
 10
1279.3035202060835
 20
2731.8769546772296
 10
1279.808384975014
 20
2732.9120808524463
 10
1280.3842266706054
 20
2733.9094679263267
 10
1281.0282398499996
 20
2734.8642567293045
 10
1281.737286945723
 20
2735.771795626307
 10
1282.5079135515987
 20
2736.6276631790524
 10
1283.3363652522653
 20
2737.427689686856
 10
1284.218605914313
 20
2738.1679775009898
 10
1285.150337349919
 20
2738.844920013637
 10
1286.1270202571864
 20
2739.455219228922
 10
1287.1438963351666
 20
2739.9959018304153
 10
1288.1960114658239
 20
2740.464333666831
 10
1289.2782398499996
 20
2740.858232585349
 10
1290.385308979792
 20
2741.175679550033
 10
1291.511825325682
 20
2741.4151279911803
 10
1292.6523006132702
 20
2741.5754113400553
 10
1293.8011785615952
 20
2741.655748712294
 10
1294.9528619527775
 20
2741.655748712294
 10
1296.1017399011027
 20
2741.5754113400553
 10
1297.2422151886908
 20
2741.4151279911803
 10
1298.368731534581
 20
2741.175679550033
 10
1299.475800664373
 20
2740.858232585349
 10
1300.5580290485489
 20
2740.464333666831
 10
1301.6101441792061
 20
2739.9959018304153
 10
1302.6270202571864
 20
2739.455219228922
 10
1303.6037031644537
 20
2738.844920013637
 10
1304.5354346000597
 20
2738.1679775009898
 10
1305.4176752621074
 20
2737.427689686856
 10
1306.246126962774
 20
2736.6276631790524
 10
1307.0167535686494
 20
2735.771795626307
 10
1307.725800664373
 20
2734.8642567293045
 10
1308.3698138437674
 20
2733.9094679263267
 10
1308.9456555393585
 20
2732.912080852446
 10
1309.4505203082892
 20
2731.8769546772296
 10
1309.8819485001538
 20
2730.8091324313523
 10
1310.2378382401687
 20
2729.713816437459
 10
1310.5164556692941
 20
2728.596342964972
 10
1310.7164433914222
 20
2727.46215623232
 10
1310.8368270864735
 20
2726.3167818832567
 10
1310.8770202571864
 20
2725.165800066479
  0
LWPOLYLINE
  5
EE
330
17
100
AcDbEntity
  8
HIDDEN
100
AcDbPolyline
 90
13
 70
0
 10
1264.6767078860344
 20
2801.4304138854573
 10
1263.1905720584982
 20
2802.0327924808485
 10
1261.667527648861
 20
2802.5345846652685
 10
1260.114374044753
 20
2802.933550267944
 10
1258.538045051477
 20
2803.2279081708944
 10
1256.9455779371456
 20
2803.416344260446
 10
1255.3440820159267
 20
2803.4980172938826
 10
1253.7407069096482
 20
2803.472562655038
 10
1252.1426106294593
 20
2803.3400939820667
 10
1250.556927620036
 20
2803.1012026601256
 10
1248.990736908997
 20
2802.7569551812285
 10
1247.451030503719
 20
2802.3088883830637
 10
1245.944682176641
 20
2801.7590025880286
  0
LWPOLYLINE
  5
EF
330
17
100
AcDbEntity
  8
HIDDEN
100
AcDbPolyline
 90
2
 70
0
 10
1245.944682176641
 20
2801.7590025880286
 10
1214.3770202571864
 20
2789.0247847631445
  0
LWPOLYLINE
  5
F0
330
17
100
AcDbEntity
  8
HIDDEN
100
AcDbPolyline
 90
91
 70
0
 10
329.3770202571863
 20
2504.165800066479
 10
329.29176201628013
 20
2506.607276647523
 10
329.03640266314125
 20
2509.036858600081
 10
328.6121862828695
 20
2511.4427092451006
 10
328.02117961502745
 20
2513.8131075200736
 10
327.2662619846931
 20
2516.136505082877
 10
326.35111127467735
 20
2518.4015825741317
 10
325.28018600724874
 20
2520.597304763985
 10
324.0587036226612
 20
2522.712974314641
 10
322.69261506030944
 20
2524.7382838967155
 10
321.18857576635054
 20
2526.6633664055075
 10
319.55391326903907
 20
2528.478843032544
 10
317.7965914797463
 20
2530.1758689581875
 10
315.9251718935843
 20
2531.746176442714
 10
313.94877187866246
 20
2533.1821151059053
 10
311.8770202571863
 20
2534.4766891989343
 10
309.72001039480404
 20
2535.6235916869496
 10
307.4882510267432
 20
2536.6172349763165
 10
305.19261506030944
 20
2537.4527781368092
 10
302.8442866031747
 20
2538.1261504861386
 10
300.45470647552884
 20
2538.634071421906
 10
298.03551647155416
 20
2538.9740664043684
 10
295.5985026417738
 20
2539.1444790121473
 10
293.15553787259876
 20
2539.1444790121473
 10
290.7185240428184
 20
2538.9740664043684
 10
288.2993340388437
 20
2538.634071421906
 10
285.9097539111979
 20
2538.1261504861386
 10
283.5614254540631
 20
2537.4527781368092
 10
281.2657894876293
 20
2536.6172349763165
 10
279.03403011956857
 20
2535.6235916869496
 10
276.87702025718625
 20
2534.4766891989343
 10
274.80526863571015
 20
2533.1821151059053
 10
272.8288686207882
 20
2531.746176442714
 10
270.9574490346262
 20
2530.1758689581875
 10
269.2001272453335
 20
2528.478843032544
 10
267.565464748022
 20
2526.6633664055075
 10
266.0614254540631
 20
2524.7382838967155
 10
264.69533689171135
 20
2522.712974314641
 10
263.47385450712386
 20
2520.597304763985
 10
262.40292923969525
 20
2518.4015825741317
 10
261.4877785296795
 20
2516.136505082877
 10
260.7328608993451
 20
2513.8131075200736
 10
260.1418542315031
 20
2511.4427092451
 10
259.7176378512313
 20
2509.036858600081
 10
259.4622784980925
 20
2506.607276647523
 10
259.3770202571863
 20
2504.165800066479
 10
259.4622784980925
 20
2501.7243234854345
 10
259.71763785123136
 20
2499.2947415328763
 10
260.14185423150315
 20
2496.888890887857
 10
260.73286089934516
 20
2494.5184926128836
 10
261.48777852967953
 20
2492.1950950500805
 10
262.4029292396953
 20
2489.9300175588255
 10
263.4738545071239
 20
2487.7342953689727
 10
264.69533689171146
 20
2485.6186258183166
 10
266.0614254540632
 20
2483.593316236242
 10
267.5654647480221
 20
2481.6682337274497
 10
269.2001272453336
 20
2479.852757100414
 10
270.95744903462634
 20
2478.15573117477
 10
272.82886862078834
 20
2476.5854236902433
 10
274.80526863571026
 20
2475.1494850270524
 10
276.8770202571864
 20
2473.8549109340233
 10
279.03403011956874
 20
2472.708008446008
 10
281.2657894876295
 20
2471.714365156641
 10
283.5614254540633
 20
2470.8788219961484
 10
285.9097539111981
 20
2470.205449646819
 10
288.2993340388439
 20
2469.6975287110517
 10
290.7185240428186
 20
2469.3575337285893
 10
293.1555378725989
 20
2469.1871211208104
 10
295.598502641774
 20
2469.1871211208104
 10
298.03551647155433
 20
2469.3575337285893
 10
300.454706475529
 20
2469.6975287110517
 10
302.84428660317485
 20
2470.205449646819
 10
305.1926150603096
 20
2470.8788219961484
 10
307.4882510267434
 20
2471.714365156641
 10
309.7200103948042
 20
2472.708008446008
 10
311.8770202571865
 20
2473.854910934024
 10
313.9487718786626
 20
2475.1494850270524
 10
315.9251718935845
 20
2476.5854236902437
 10
317.7965914797465
 20
2478.15573117477
 10
319.55391326903924
 20
2479.8527571004142
 10
321.18857576635065
 20
2481.66823372745
 10
322.6926150603096
 20
2483.5933162362426
 10
324.0587036226613
 20
2485.618625818317
 10
325.28018600724886
 20
2487.7342953689727
 10
326.3511112746774
 20
2489.930017558826
 10
327.2662619846932
 20
2492.1950950500805
 10
328.0211796150275
 20
2494.518492612884
 10
328.6121862828696
 20
2496.8888908878575
 10
329.0364026631413
 20
2499.2947415328767
 10
329.2917620162802
 20
2501.7243234854345
 10
329.3770202571863
 20
2504.165800066479
  0
LWPOLYLINE
  5
F1
330
17
100
AcDbEntity
  8
HIDDEN
100
AcDbPolyline
 90
91
 70
0
 10
314.3770202571863
 20
2504.165800066479
 10
314.3283012623828
 20
2505.5609295413615
 10
314.1823816320177
 20
2506.94926208568
 10
313.9399722718624
 20
2508.324033882834
 10
313.6022541759527
 20
2509.678547182819
 10
313.17087267290447
 20
2511.006202932992
 10
312.64792941003833
 20
2512.300532927995
 10
312.0359721143648
 20
2513.5552313221965
 10
311.33798218031484
 20
2514.7641853511427
 10
310.5573601446853
 20
2515.9215051123283
 10
309.69790911956585
 20
2517.02155226021
 10
308.7638162639593
 20
2518.058967475659
 10
307.75963238436344
 20
2519.0286965760265
 10
306.69024976369946
 20
2519.9260151386134
 10
305.56087832660126
 20
2520.7465515175795
 10
304.3770202571863
 20
2521.4863081421677
 10
303.14444319296786
 20
2522.141680992462
 10
301.86915212550457
 20
2522.7094771578145
 10
300.5573601446853
 20
2523.186930392382
 10
299.21545816917967
 20
2523.571714591999
 10
297.8499838105249
 20
2523.861955126723
 10
296.46758952253936
 20
2524.0562379738444
 10
295.0750101912363
 20
2524.153616606861
 10
293.67903032313626
 20
2524.153616606861
 10
292.2864509918332
 20
2524.0562379738444
 10
290.9040567038477
 20
2523.861955126723
 10
289.53858234519294
 20
2523.571714591999
 10
288.19668036968733
 20
2523.186930392382
 10
286.88488838886803
 20
2522.7094771578145
 10
285.60959732140475
 20
2522.141680992462
 10
284.3770202571863
 20
2521.4863081421677
 10
283.19316218777135
 20
2520.7465515175795
 10
282.0637907506731
 20
2519.9260151386134
 10
280.9944081300091
 20
2519.0286965760265
 10
279.99022425041323
 20
2518.058967475659
 10
279.0561313948067
 20
2517.02155226021
 10
278.19668036968733
 20
2515.9215051123283
 10
277.41605833405777
 20
2514.7641853511427
 10
276.7180684000077
 20
2513.5552313221965
 10
276.1061111043343
 20
2512.300532927995
 10
275.58316784146814
 20
2511.006202932992
 10
275.1517863384199
 20
2509.678547182819
 10
274.8140682425102
 20
2508.324033882834
 10
274.5716588823549
 20
2506.94926208568
 10
274.4257392519898
 20
2505.5609295413615
 10
274.3770202571863
 20
2504.165800066479
 10
274.4257392519898
 20
2502.770670591596
 10
274.5716588823549
 20
2501.3823380472772
 10
274.8140682425102
 20
2500.0075662501235
 10
275.1517863384199
 20
2498.6530529501388
 10
275.58316784146814
 20
2497.325397199965
 10
276.10611110433433
 20
2496.0310672049627
 10
276.7180684000078
 20
2494.776368810761
 10
277.4160583340578
 20
2493.5674147818145
 10
278.1966803696874
 20
2492.4100950206293
 10
279.0561313948068
 20
2491.310047872748
 10
279.99022425041335
 20
2490.272632657299
 10
280.9944081300092
 20
2489.3029035569307
 10
282.0637907506732
 20
2488.4055849943443
 10
283.1931621877714
 20
2487.585048615378
 10
284.37702025718636
 20
2486.84529199079
 10
285.6095973214048
 20
2486.1899191404955
 10
286.88488838886815
 20
2485.622122975143
 10
288.19668036968744
 20
2485.144669740576
 10
289.53858234519305
 20
2484.7598855409587
 10
290.9040567038478
 20
2484.4696450062347
 10
292.2864509918333
 20
2484.2753621591132
 10
293.6790303231364
 20
2484.177983526097
 10
295.0750101912364
 20
2484.177983526097
 10
296.46758952253947
 20
2484.2753621591132
 10
297.84998381052503
 20
2484.4696450062347
 10
299.2154581691798
 20
2484.7598855409587
 10
300.55736014468533
 20
2485.144669740576
 10
301.8691521255046
 20
2485.622122975143
 10
303.14444319296797
 20
2486.1899191404955
 10
304.3770202571864
 20
2486.84529199079
 10
305.5608783266013
 20
2487.585048615378
 10
306.69024976369957
 20
2488.4055849943443
 10
307.75963238436356
 20
2489.302903556931
 10
308.7638162639594
 20
2490.272632657299
 10
309.69790911956596
 20
2491.3100478727483
 10
310.55736014468533
 20
2492.4100950206293
 10
311.3379821803149
 20
2493.567414781815
 10
312.0359721143649
 20
2494.776368810761
 10
312.6479294100384
 20
2496.0310672049627
 10
313.1708726729045
 20
2497.3253971999657
 10
313.60225417595274
 20
2498.6530529501388
 10
313.9399722718624
 20
2500.0075662501235
 10
314.1823816320177
 20
2501.3823380472777
 10
314.3283012623828
 20
2502.7706705915966
 10
314.3770202571863
 20
2504.165800066479
  0
LWPOLYLINE
  5
F2
330
17
100
AcDbEntity
  8
OUTLINE
100
AcDbPolyline
 90
46
 70
0
 10
260.9527732316883
 20
2576.8488084713217
 10
256.03832797133197
 20
2574.3807890204803
 10
251.3050503576813
 20
2571.5809720159455
 10
246.77530726647836
 20
2568.4625878583292
 10
242.47050378086726
 20
2565.040372322008
 10
238.41098204270304
 20
2561.3304969219244
 10
234.6159251267389
 20
2557.350492495876
 10
231.10326639192843
 20
2553.1191663633817
 10
227.88960473820083
 20
2548.6565134525977
 10
224.99012616915715
 20
2543.9836218152464
 10
222.41853203134076
 20
2539.122572976043
 10
220.18697426918305
 20
2534.0963375875117
 10
218.3059980015745
 20
2528.9286668832715
 10
216.78449169141226
 20
2523.6439804427237
 10
215.62964514359652
 20
2518.2672507975058
 10
214.84691552995284
 20
2512.8238854249907
 10
214.4400016016294
 20
2507.3396066864775
 10
214.4108262108262
 20
2501.8403302774086
 10
214.7595272244494
 20
2496.352042763997
 10
215.48445687262802
 20
2490.900678784958
 10
216.58218953517115
 20
2485.5119984986213
 10
218.04753792917143
 20
2480.2114658545397
 10
219.873577621261
 20
2475.0241282648235
 10
222.05167974868834
 20
2469.9744982437956
 10
224.57155179459426
 20
2465.086437575286
 10
227.42128622480539
 20
2460.3830445549183
 10
230.58741675631427
 20
2455.8865448402275
 10
234.05498199155213
 20
2451.6181864243795
 10
237.80759611775352
 20
2447.598139229805
 10
241.82752633732667
 20
2443.8453997962
 10
246.0957766633357
 20
2440.3777015132905
 10
250.59217768412339
 20
2437.211430822552
 10
255.29548187289598
 20
2434.361549783869
 10
260.18346399188925
 20
2431.84152537304
 10
265.2330261166609
 20
2429.6632658442322
 10
270.4203067842215
 20
2427.837064458097
 10
275.72079374923067
 20
2426.371550841463
 10
281.1094398154333
 20
2425.2736502084504
 10
286.5607811949812
 20
2424.5485506357027
 10
292.049057836338
 20
2424.1996785463807
 10
297.5483351521639
 20
2424.2286825187657
 10
303.03262657196063
 20
2424.6354254959815
 10
308.47601634036135
 20
2425.4179854336485
 10
313.8527819807856
 20
2426.5726643824146
 10
319.1375158457659
 20
2428.094005962436
 10
324.3052451795638
 20
2429.9748211472356
  0
LWPOLYLINE
  5
F3
330
17
100
AcDbEntity
  8
OUTLINE
100
AcDbPolyline
 90
2
 70
0
 10
1246.587267336311
 20
3030.1059249669224
 10
260.95277323168835
 20
2576.8488084713217
  0
LWPOLYLINE
  5
F4
330
17
100
AcDbEntity
  8
OUTLINE
100
AcDbPolyline
 90
2
 70
0
 10
324.3052451795638
 20
2429.9748211472356
 10
1245.944682176641
 20
2801.7590025880286
  0
LWPOLYLINE
  5
F5
330
17
100
AcDbEntity
  8
OUTLINE
100
AcDbPolyline
 90
15
 70
0
 10
1279.420400681781
 20
3028.6945266703215
 10
1277.2621241718393
 20
3029.826641473626
 10
1275.0321939905305
 20
3030.810131589343
 10
1272.7408303783307
 20
3031.6404894747834
 10
1270.398535138091
 20
3032.3139094245744
 10
1268.0160435030587
 20
3032.827305013013
 10
1265.6042749350393
 20
3033.178323239804
 10
1263.1742830781982
 20
3033.3653553143595
 10
1260.7372050978786
 20
3033.387544029222
 10
1258.3042106366222
 20
3033.244787688831
 10
1255.8864506213415
 20
3032.9377405756118
 10
1253.495006156269
 20
3032.467809951263
 10
1251.140837735919
 20
3031.837149606979
 10
1248.834735010828
 20
3031.04864999217
 10
1246.587267336311
 20
3030.1059249669224
  0
LWPOLYLINE
  5
F6
330
17
100
AcDbEntity
  8
OUTLINE
100
AcDbPolyline
 90
13
 70
0
 10
1245.944682176641
 20
2801.7590025880286
 10
1247.451030503719
 20
2802.3088883830637
 10
1248.990736908997
 20
2802.7569551812285
 10
1250.556927620036
 20
2803.1012026601256
 10
1252.1426106294593
 20
2803.3400939820667
 10
1253.7407069096482
 20
2803.472562655038
 10
1255.3440820159267
 20
2803.4980172938826
 10
1256.9455779371456
 20
2803.416344260446
 10
1258.538045051477
 20
2803.2279081708944
 10
1260.114374044753
 20
2802.933550267944
 10
1261.667527648861
 20
2802.5345846652685
 10
1263.1905720584982
 20
2802.0327924808485
 10
1264.6767078860344
 20
2801.4304138854573
  0
LWPOLYLINE
  5
F7
330
17
100
AcDbEntity
  8
OUTLINE
100
AcDbPolyline
 90
2
 70
0
 10
2110.3021651721033
 20
2556.3257258757767
 10
1279.420400681781
 20
3028.6945266703215
  0
LWPOLYLINE
  5
F8
330
17
100
AcDbEntity
  8
OUTLINE
100
AcDbPolyline
 90
2
 70
0
 10
1264.6767078860344
 20
2801.4304138854573
 10
2056.26456595041
 20
2449.3440376334747
  0
LWPOLYLINE
  5
F9
330
17
100
AcDbEntity
  8
OUTLINE
100
AcDbPolyline
 90
45
 70
0
 10
2056.26456595041
 20
2449.3440376334747
 10
2060.111455810958
 20
2447.7899950078427
 10
2064.0565445628185
 20
2446.5055165839626
 10
2068.080968533905
 20
2445.4967441703757
 10
2072.1654847061504
 20
2444.7685012712454
 10
2076.2905627271216
 20
2444.3242700224914
 10
2080.436478295538
 20
2444.1661745417523
 10
2084.5834074741706
 20
2444.2949707717958
 10
2088.711521479154
 20
2444.710042865932
 10
2092.801081492473
 20
2445.4094061327205
 10
2096.832533044273
 20
2446.389716525889
 10
2100.786599513701
 20
2447.646286634086
 10
2104.6443743011896
 20
2449.173108094011
 10
2108.387411231468
 20
2450.9628803197534
 10
2111.997812755026
 20
2453.0070454109728
 10
2115.45831552629
 20
2455.2958290729957
 10
2118.752372949318
 20
2457.818287353178
 10
2121.8642342963144
 20
2460.562358970053
 10
2124.7790200206528
 20
2463.5149229850513
 10
2127.4827929042967
 20
2466.6618615410357
 10
2129.962624699422
 20
2469.988127367658
 10
2132.2066579455873
 20
2473.4778157307605
 10
2134.2041626668733
 20
2477.114240481791
 10
2135.9455876778893
 20
2480.880013843596
 10
2137.4226062533216
 20
2484.7571295510897
 10
2138.6281559426598
 20
2488.7270489492644
 10
2139.556472339713
 20
2492.7707896368497
 10
2140.203116645456
 20
2496.8690162317707
 10
2140.564996892405
 20
2501.0021328244084
 10
2140.6403827290414
 20
2505.150376676583
 10
2140.428913693589
 20
2509.2939127182403
 10
2139.9316009375802
 20
2513.4129283899974
 10
2139.1508223909796
 20
2517.48772837805
 10
2138.0903113919703
 20
2521.4988287884676
 10
2136.755138835782
 20
2525.427050310565
 10
2135.1516889279064
 20
2529.2536099238996
 10
2133.28762865765
 20
2532.960210710378
 10
2131.1718711379735
 20
2536.5291293420364
 10
2128.814532986924
 20
2539.943300826171
 10
2126.226885954436
 20
2543.186400102592
 10
2123.4213030257997
 20
2546.2429201028563
 10
2120.4111992595112
 20
2549.0982458982153
 10
2117.210967642386
 20
2551.7387245817536
 10
2113.8359102686545
 20
2554.1517305505586
 10
2110.3021651721033
 20
2556.3257258757767
  0
LWPOLYLINE
  5
FA
330
17
100
AcDbEntity
  8
OUTLINE
100
AcDbPolyline
 90
91
 70
0
 10
329.6270202571863
 20
2504.165800066479
 10
329.5411530288451
 20
2501.7068843669986
 10
329.28396968032666
 20
2499.2599482576366
 10
328.85672318305296
 20
2496.836912965153
 10
328.26149503901206
 20
2494.4495832739294
 10
327.50118513988957
 20
2492.109590014249
 10
326.579497639088
 20
2489.8283333980567
 10
325.5009229054635
 20
2487.616927478276
 10
324.2707156467003
 20
2485.4861460022585
 10
322.8948693089032
 20
2483.446369923169
 10
321.3800868771303
 20
2481.507536825028
 10
319.73374821912375
 20
2479.6790925077994
 10
317.96387413133607
 20
2477.969944968401
 10
316.0790872624158
 20
2476.388421001842
 10
314.0885701045301
 20
2474.9422256339135
 10
312.0020202571863
 20
2473.6384045830773
 10
309.8296031815013
 20
2472.4833099344332
 10
307.5819026750972
 20
2471.4825691929996
 10
305.2698693089032
 20
2470.641057867075
 10
302.90476707707455
 20
2469.96287571525
 10
300.4981185199456
 20
2469.4513267727984
 10
298.06164858737105
 20
2469.108903254747
 10
295.60722751594943
 20
2468.9372734140557
 10
293.1468129984231
 20
2468.9372734140557
 10
290.6923919270015
 20
2469.108903254747
 10
288.25592199442696
 20
2469.4513267727984
 10
285.849273437298
 20
2469.96287571525
 10
283.48417120546935
 20
2470.641057867075
 10
281.17213783927536
 20
2471.4825691929996
 10
278.92443733287126
 20
2472.4833099344332
 10
276.75202025718625
 20
2473.6384045830773
 10
274.66547040984244
 20
2474.9422256339135
 10
272.6749532519568
 20
2476.388421001842
 10
270.79016638303654
 20
2477.969944968401
 10
269.0202922952488
 20
2479.6790925077994
 10
267.37395363724227
 20
2481.507536825028
 10
265.85917120546935
 20
2483.446369923169
 10
264.48332486767225
 20
2485.4861460022585
 10
263.2531176089091
 20
2487.616927478276
 10
262.1745428752846
 20
2489.828333398057
 10
261.25285537448303
 20
2492.109590014249
 10
260.49254547536054
 20
2494.44958327393
 10
259.89731733131964
 20
2496.836912965153
 10
259.47007083404594
 20
2499.2599482576366
 10
259.2128874855275
 20
2501.7068843669986
 10
259.1270202571863
 20
2504.165800066479
 10
259.2128874855275
 20
2506.6247157659595
 10
259.47007083404594
 20
2509.071651875321
 10
259.8973173313197
 20
2511.494687167805
 10
260.4925454753606
 20
2513.882016859028
 10
261.2528553744831
 20
2516.2220101187086
 10
262.17454287528466
 20
2518.503266734901
 10
263.2531176089092
 20
2520.7146726546816
 10
264.48332486767237
 20
2522.845454130699
 10
265.85917120546947
 20
2524.8852302097885
 10
267.3739536372424
 20
2526.8240633079295
 10
269.02029229524896
 20
2528.6525076251587
 10
270.79016638303665
 20
2530.361655164557
 10
272.67495325195694
 20
2531.943179131116
 10
274.6654704098426
 20
2533.389374499044
 10
276.7520202571864
 20
2534.6931955498803
 10
278.92443733287143
 20
2535.8482901985244
 10
281.17213783927554
 20
2536.849030939958
 10
283.4841712054695
 20
2537.690542265883
 10
285.84927343729817
 20
2538.3687244177077
 10
288.2559219944272
 20
2538.880273360159
 10
290.69239192700167
 20
2539.2226968782106
 10
293.1468129984233
 20
2539.394326718902
 10
295.6072275159496
 20
2539.394326718902
 10
298.0616485873713
 20
2539.2226968782106
 10
300.49811851994576
 20
2538.880273360159
 10
302.9047670770748
 20
2538.3687244177077
 10
305.26986930890337
 20
2537.690542265883
 10
307.58190267509735
 20
2536.849030939958
 10
309.82960318150145
 20
2535.8482901985244
 10
312.0020202571865
 20
2534.6931955498803
 10
314.0885701045303
 20
2533.389374499044
 10
316.0790872624159
 20
2531.943179131116
 10
317.9638741313362
 20
2530.361655164557
 10
319.73374821912387
 20
2528.6525076251583
 10
321.3800868771304
 20
2526.824063307929
 10
322.8948693089033
 20
2524.8852302097885
 10
324.2707156467004
 20
2522.845454130699
 10
325.5009229054636
 20
2520.714672654681
 10
326.57949763908806
 20
2518.5032667349005
 10
327.5011851398896
 20
2516.2220101187086
 10
328.2614950390121
 20
2513.8820168590278
 10
328.856723183053
 20
2511.4946871678044
 10
329.28396968032666
 20
2509.071651875321
 10
329.54115302884514
 20
2506.624715765959
 10
329.6270202571863
 20
2504.165800066479
  0
LWPOLYLINE
  5
FB
330
17
100
AcDbEntity
  8
OUTLINE
100
AcDbPolyline
 90
91
 70
0
 10
2125.64846153211
 20
2504.165800066479
 10
2125.5388437938022
 20
2507.3048413849647
 10
2125.210524625481
 20
2510.4285896096817
 10
2124.6651035651316
 20
2513.521826153278
 10
2123.9052378493348
 20
2516.569481078244
 10
2122.934629467476
 20
2519.556706516134
 10
2121.758007126027
 20
2522.46894900489
 10
2120.381103210762
 20
2525.292020391844
 10
2118.8106258591492
 20
2528.012166956973
 10
2117.0542262789827
 20
2530.61613641964
 10
2115.1204614724643
 20
2533.091242502373
 10
2113.0187525473493
 20
2535.425426737134
 10
2110.759338818259
 20
2537.607317212962
 10
2108.3532279217648
 20
2539.6262839787814
 10
2105.812142188294
 20
2541.4724908314556
 10
2103.14846153211
 20
2543.1369432367787
 10
2100.3751631376185
 20
2544.6115321499415
 10
2097.5057582358263
 20
2545.8890735219843
 10
2094.5542262789827
 20
2546.9633432997607
 10
2091.534946834095
 20
2547.829107748899
 10
2088.462629527122
 20
2548.482148952028
 10
2085.3522423791546
 20
2548.919285358051
 10
2082.218938883723
 20
2549.138387282338
 10
2079.0779841804974
 20
2549.138387282338
 10
2075.9446806850656
 20
2548.919285358051
 10
2072.8342935370983
 20
2548.482148952028
 10
2069.761976230125
 20
2547.829107748899
 10
2066.7426967852375
 20
2546.9633432997607
 10
2063.7911648283944
 20
2545.8890735219843
 10
2060.9217599266017
 20
2544.6115321499415
 10
2058.14846153211
 20
2543.1369432367787
 10
2055.4847808759264
 20
2541.4724908314556
 10
2052.9436951424555
 20
2539.6262839787814
 10
2050.5375842459616
 20
2537.6073172129613
 10
2048.278170516871
 20
2535.425426737134
 10
2046.1764615917564
 20
2533.091242502373
 10
2044.2426967852377
 20
2530.61613641964
 10
2042.4862972050712
 20
2528.012166956973
 10
2040.9158198534585
 20
2525.292020391844
 10
2039.5389159381932
 20
2522.46894900489
 10
2038.3622935967444
 20
2519.556706516134
 10
2037.391685214886
 20
2516.569481078244
 10
2036.631819499089
 20
2513.5218261532777
 10
2036.0863984387397
 20
2510.4285896096817
 10
2035.7580792704182
 20
2507.304841384964
 10
2035.6484615321103
 20
2504.165800066479
 10
2035.7580792704182
 20
2501.026758747993
 10
2036.0863984387397
 20
2497.903010523276
 10
2036.631819499089
 20
2494.8097739796794
 10
2037.391685214886
 20
2491.762119054714
 10
2038.3622935967444
 20
2488.7748936168236
 10
2039.5389159381934
 20
2485.8626511280677
 10
2040.9158198534587
 20
2483.039579741114
 10
2042.4862972050712
 20
2480.3194331759846
 10
2044.2426967852377
 20
2477.7154637133176
 10
2046.1764615917564
 20
2475.2403576305846
 10
2048.278170516871
 20
2472.9061733958238
 10
2050.5375842459616
 20
2470.724282919996
 10
2052.943695142456
 20
2468.705316154176
 10
2055.484780875927
 20
2466.859109301502
 10
2058.1484615321106
 20
2465.194656896179
 10
2060.9217599266017
 20
2463.720067983016
 10
2063.7911648283944
 20
2462.4425266109733
 10
2066.742696785238
 20
2461.368256833197
 10
2069.7619762301256
 20
2460.5024923840588
 10
2072.8342935370983
 20
2459.8494511809295
 10
2075.944680685066
 20
2459.4123147749065
 10
2079.077984180498
 20
2459.1932128506196
 10
2082.218938883723
 20
2459.1932128506196
 10
2085.3522423791546
 20
2459.4123147749065
 10
2088.4626295271223
 20
2459.8494511809295
 10
2091.5349468340955
 20
2460.502492384059
 10
2094.554226278983
 20
2461.368256833197
 10
2097.5057582358263
 20
2462.4425266109733
 10
2100.375163137619
 20
2463.7200679830166
 10
2103.1484615321106
 20
2465.1946568961794
 10
2105.812142188294
 20
2466.859109301502
 10
2108.353227921765
 20
2468.7053161541767
 10
2110.759338818259
 20
2470.7242829199963
 10
2113.01875254735
 20
2472.906173395824
 10
2115.1204614724643
 20
2475.2403576305846
 10
2117.054226278983
 20
2477.7154637133176
 10
2118.8106258591497
 20
2480.3194331759846
 10
2120.381103210762
 20
2483.039579741114
 10
2121.758007126027
 20
2485.862651128068
 10
2122.934629467476
 20
2488.774893616824
 10
2123.9052378493348
 20
2491.7621190547143
 10
2124.6651035651316
 20
2494.80977397968
 10
2125.210524625481
 20
2497.903010523276
 10
2125.5388437938022
 20
2501.0267587479934
 10
2125.64846153211
 20
2504.165800066479
  0
LWPOLYLINE
  5
FC
330
17
100
AcDbEntity
  8
OUTLINE
100
AcDbPolyline
 90
91
 70
0
 10
2098.14846153211
 20
2504.165800066479
 10
2098.105832411657
 20
2505.386538357001
 10
2097.978152735088
 20
2506.60132933328
 10
2097.766044544952
 20
2507.8042546557895
 10
2097.4705412110306
 20
2508.9894537932764
 10
2097.093082395864
 20
2510.1511525746782
 10
2096.635507040856
 20
2511.2836913203055
 10
2096.1000444071415
 20
2512.381552415232
 10
2095.4893032148475
 20
2513.43938719056
 10
2094.806258933672
 20
2514.452041981597
 10
2094.0542392866923
 20
2515.414583235993
 10
2093.2369080380367
 20
2516.3223215495113
 10
2092.35824714339
 20
2517.1708345123334
 10
2091.422537350309
 20
2517.9559882545964
 10
2090.4343373428483
 20
2518.673957586192
 10
2089.39846153211
 20
2519.3212446327066
 10
2088.319956600919
 20
2519.894695876714
 10
2087.204076916889
 20
2520.3915175213974
 10
2086.056258933672
 20
2520.809289101644
 10
2084.8820947051045
 20
2521.145975276309
 10
2083.6873046412816
 20
2521.3999357441926
 10
2082.477709639294
 20
2521.569933235424
 10
2081.259202724404
 20
2521.655139539313
 10
2080.0377203398166
 20
2521.655139539313
 10
2078.819213424926
 20
2521.5699332354234
 10
2077.609618422939
 20
2521.3999357441926
 10
2076.414828359116
 20
2521.145975276309
 10
2075.240664130549
 20
2520.809289101644
 10
2074.092846147332
 20
2520.3915175213974
 10
2072.9769664633013
 20
2519.894695876714
 10
2071.89846153211
 20
2519.3212446327066
 10
2070.862585721372
 20
2518.673957586192
 10
2069.874385713911
 20
2517.9559882545964
 10
2068.93867592083
 20
2517.1708345123334
 10
2068.060015026184
 20
2516.3223215495113
 10
2067.242683777528
 20
2515.414583235993
 10
2066.490664130549
 20
2514.452041981597
 10
2065.8076198493727
 20
2513.43938719056
 10
2065.196878657079
 20
2512.381552415232
 10
2064.661416023365
 20
2511.2836913203055
 10
2064.203840668357
 20
2510.151152574678
 10
2063.8263818531896
 20
2508.9894537932764
 10
2063.5308785192688
 20
2507.8042546557895
 10
2063.318770329133
 20
2506.60132933328
 10
2063.191090652563
 20
2505.386538357001
 10
2063.14846153211
 20
2504.165800066479
 10
2063.191090652563
 20
2502.9450617759567
 10
2063.318770329133
 20
2501.730270799678
 10
2063.5308785192688
 20
2500.527345477168
 10
2063.8263818531896
 20
2499.342146339681
 10
2064.203840668357
 20
2498.1804475582794
 10
2064.661416023365
 20
2497.047908812652
 10
2065.196878657079
 20
2495.9500477177257
 10
2065.8076198493727
 20
2494.8922129423977
 10
2066.490664130549
 20
2493.8795581513605
 10
2067.2426837775283
 20
2492.9170168969645
 10
2068.060015026184
 20
2492.0092785834463
 10
2068.93867592083
 20
2491.1607656206243
 10
2069.874385713911
 20
2490.3756118783613
 10
2070.8625857213724
 20
2489.6576425467656
 10
2071.89846153211
 20
2489.010355500251
 10
2072.9769664633013
 20
2488.4369042562435
 10
2074.092846147332
 20
2487.9400826115602
 10
2075.240664130549
 20
2487.5223110313136
 10
2076.414828359116
 20
2487.1856248566487
 10
2077.609618422939
 20
2486.931664388765
 10
2078.819213424926
 20
2486.761666897534
 10
2080.0377203398166
 20
2486.6764605936446
 10
2081.259202724404
 20
2486.6764605936446
 10
2082.477709639294
 20
2486.7616668975343
 10
2083.6873046412816
 20
2486.931664388765
 10
2084.8820947051045
 20
2487.1856248566487
 10
2086.056258933672
 20
2487.5223110313136
 10
2087.204076916889
 20
2487.9400826115602
 10
2088.3199566009193
 20
2488.4369042562435
 10
2089.39846153211
 20
2489.010355500251
 10
2090.4343373428483
 20
2489.6576425467656
 10
2091.4225373503095
 20
2490.3756118783613
 10
2092.35824714339
 20
2491.1607656206247
 10
2093.2369080380367
 20
2492.0092785834463
 10
2094.0542392866923
 20
2492.9170168969645
 10
2094.806258933672
 20
2493.8795581513605
 10
2095.489303214848
 20
2494.8922129423977
 10
2096.1000444071415
 20
2495.9500477177257
 10
2096.635507040856
 20
2497.0479088126526
 10
2097.093082395864
 20
2498.18044755828
 10
2097.4705412110306
 20
2499.342146339681
 10
2097.766044544952
 20
2500.527345477168
 10
2097.978152735088
 20
2501.730270799678
 10
2098.105832411657
 20
2502.9450617759567
 10
2098.14846153211
 20
2504.165800066479
  0
LWPOLYLINE
  5
FD
330
17
100
AcDbEntity
  8
OUTLINE
100
AcDbPolyline
 90
2
 70
0
 10
1374.3770202571864
 20
2974.7102578690287
 10
1338.7246185033869
 20
3181.800623561073
  0
LWPOLYLINE
  5
FE
330
17
100
AcDbEntity
  8
OUTLINE
100
AcDbPolyline
 90
91
 70
0
 10
1310.8770202571864
 20
3174.165800066479
 10
1310.8368270864735
 20
3173.0148182497005
 10
1310.7164433914222
 20
3171.8694439006376
 10
1310.5164556692941
 20
3170.7352571679858
 10
1310.2378382401685
 20
3169.6177836954985
 10
1309.8819485001538
 20
3168.5224677016054
 10
1309.4505203082892
 20
3167.454645455728
 10
1308.9456555393585
 20
3166.419519280512
 10
1308.3698138437674
 20
3165.422132206631
 10
1307.7258006643729
 20
3164.467343403653
 10
1307.0167535686494
 20
3163.559804506651
 10
1306.246126962774
 20
3162.703936953905
 10
1305.4176752621074
 20
3161.9039104461017
 10
1304.5354346000597
 20
3161.163622631968
 10
1303.6037031644537
 20
3160.4866801193207
 10
1302.6270202571864
 20
3159.8763809040356
 10
1301.6101441792061
 20
3159.3356983025424
 10
1300.5580290485489
 20
3158.8672664661267
 10
1299.4758006643729
 20
3158.4733675476086
 10
1298.3687315345808
 20
3158.155920582925
 10
1297.2422151886906
 20
3157.9164721417774
 10
1296.1017399011025
 20
3157.7561887929023
 10
1294.9528619527775
 20
3157.675851420664
 10
1293.801178561595
 20
3157.675851420664
 10
1292.65230061327
 20
3157.7561887929023
 10
1291.511825325682
 20
3157.9164721417774
 10
1290.3853089797917
 20
3158.155920582925
 10
1289.2782398499996
 20
3158.4733675476086
 10
1288.1960114658236
 20
3158.8672664661267
 10
1287.1438963351666
 20
3159.3356983025424
 10
1286.1270202571864
 20
3159.8763809040356
 10
1285.150337349919
 20
3160.4866801193207
 10
1284.218605914313
 20
3161.163622631968
 10
1283.336365252265
 20
3161.9039104461017
 10
1282.5079135515984
 20
3162.703936953905
 10
1281.737286945723
 20
3163.559804506651
 10
1281.0282398499996
 20
3164.467343403653
 10
1280.3842266706054
 20
3165.422132206631
 10
1279.808384975014
 20
3166.419519280512
 10
1279.3035202060835
 20
3167.454645455728
 10
1278.8720920142189
 20
3168.5224677016054
 10
1278.516202274204
 20
3169.6177836954985
 10
1278.2375848450786
 20
3170.7352571679858
 10
1278.0375971229505
 20
3171.8694439006376
 10
1277.9172134278992
 20
3173.014818249701
 10
1277.8770202571864
 20
3174.165800066479
 10
1277.9172134278992
 20
3175.316781883257
 10
1278.0375971229505
 20
3176.46215623232
 10
1278.2375848450786
 20
3177.596342964972
 10
1278.516202274204
 20
3178.713816437459
 10
1278.8720920142189
 20
3179.8091324313523
 10
1279.3035202060835
 20
3180.8769546772296
 10
1279.808384975014
 20
3181.912080852446
 10
1280.3842266706054
 20
3182.9094679263267
 10
1281.0282398499996
 20
3183.8642567293045
 10
1281.737286945723
 20
3184.771795626307
 10
1282.5079135515987
 20
3185.6276631790524
 10
1283.3363652522653
 20
3186.427689686856
 10
1284.218605914313
 20
3187.1679775009898
 10
1285.150337349919
 20
3187.844920013637
 10
1286.1270202571864
 20
3188.455219228922
 10
1287.1438963351666
 20
3188.9959018304153
 10
1288.1960114658239
 20
3189.464333666831
 10
1289.2782398499996
 20
3189.858232585349
 10
1290.385308979792
 20
3190.175679550033
 10
1291.511825325682
 20
3190.4151279911803
 10
1292.6523006132702
 20
3190.5754113400553
 10
1293.8011785615952
 20
3190.6557487122936
 10
1294.9528619527775
 20
3190.6557487122936
 10
1296.1017399011027
 20
3190.5754113400553
 10
1297.2422151886908
 20
3190.4151279911803
 10
1298.368731534581
 20
3190.175679550033
 10
1299.475800664373
 20
3189.8582325853486
 10
1300.5580290485489
 20
3189.4643336668305
 10
1301.6101441792061
 20
3188.9959018304153
 10
1302.6270202571864
 20
3188.455219228922
 10
1303.6037031644537
 20
3187.844920013637
 10
1304.5354346000597
 20
3187.1679775009898
 10
1305.4176752621074
 20
3186.427689686856
 10
1306.246126962774
 20
3185.6276631790524
 10
1307.0167535686494
 20
3184.771795626307
 10
1307.725800664373
 20
3183.8642567293045
 10
1308.3698138437674
 20
3182.9094679263267
 10
1308.9456555393585
 20
3181.912080852446
 10
1309.4505203082892
 20
3180.876954677229
 10
1309.8819485001538
 20
3179.8091324313523
 10
1310.2378382401687
 20
3178.713816437459
 10
1310.5164556692941
 20
3177.596342964972
 10
1310.7164433914222
 20
3176.46215623232
 10
1310.8368270864735
 20
3175.3167818832567
 10
1310.8770202571864
 20
3174.165800066479
  0
LWPOLYLINE
  5
FF
330
17
100
AcDbEntity
  8
OUTLINE
100
AcDbPolyline
 90
2
 70
0
 10
1250.3724000405305
 20
3183.578206750631
 10
1214.3770202571864
 20
3015.293614927025
  0
LWPOLYLINE
  5
100
330
17
100
AcDbEntity
  8
OUTLINE
100
AcDbPolyline
 90
41
 70
0
 10
1338.7246185033869
 20
3181.800623561073
 10
1338.0926033775945
 20
3184.8404331956635
 10
1337.2524829549793
 20
3187.8294269074813
 10
1336.208256576221
 20
3190.753375779074
 10
1334.9648952156265
 20
3193.598360534879
 10
1333.5283178171178
 20
3196.3508378030638
 10
1331.9053631174697
 20
3198.997704587901
 10
1330.103757090932
 20
3201.5263606457556
 10
1328.1320761702127
 20
3203.9247684677603
 10
1325.9997064189063
 20
3206.18151058362
 10
1323.7167988497258
 20
3208.2858439137653
 10
1321.2942211012437
 20
3210.2277509111113
 10
1318.7435057031762
 20
3211.997987248961
 10
1316.0767951764997
 20
3213.588125828046
 10
1313.306784229739
 20
3214.990596893205
 10
1310.4466593266013
 20
3216.1987240687267
 10
1307.510035912643
 20
3217.206756140822
 10
1304.5108935997912
 20
3218.009894435915
 10
1301.4635096172788
 20
3218.604315664429
 10
1298.3823908457862
 20
3218.9871901213173
 10
1295.282204758345
 20
3219.156695156695
 10
1292.1777095967511
 20
3219.112023852453
 10
1289.0836841158782
 20
3218.853388863539
 10
1286.0148572303399
 20
3218.382021405626
 10
1282.9858378984145
 20
3217.70016539399
 10
1280.0110455770132
 20
3216.81106676149
 10
1277.104641578758
 20
3215.718958006508
 10
1274.2804616579404
 20
3214.4290380444045
 10
1271.5519501462777
 20
3212.9474474584104
 10
1268.932095952015
 20
3211.2812392677615
 10
1266.4333707270393
 20
3209.4383453522432
 10
1264.067669496363
 20
3207.4275386929753
 10
1261.8462540325995
 20
3205.2583916091808
 10
1259.7796992450028
 20
3202.941230189762
 10
1257.8778428382716
 20
3200.4870851366
 10
1256.1497384807726
 20
3197.907639253591
 10
1254.6036127051195
 20
3195.2151718313844
 10
1253.2468257462785
 20
3192.4225001925943
 10
1252.085836503632
 20
3189.542918675734
 10
1251.1261717937907
 20
3186.590135348352
 10
1250.3724000405305
 20
3183.578206750631
  0
LWPOLYLINE
  5
101
330
17
100
AcDbEntity
  8
OUTLINE
100
AcDbPolyline
 90
2
 70
0
 10
1374.3770202571864
 20
2974.7102578690287
 10
1338.7246185033869
 20
3181.800623561073
  0
LWPOLYLINE
  5
102
330
17
100
AcDbEntity
  8
OUTLINE
100
AcDbPolyline
 90
2
 70
0
 10
1214.3770202571864
 20
2789.0247847631445
 10
1253.7008320981015
 20
2705.9187816779927
  0
LWPOLYLINE
  5
103
330
17
100
AcDbEntity
  8
OUTLINE
100
AcDbPolyline
 90
91
 70
0
 10
1310.8770202571864
 20
2725.165800066479
 10
1310.8368270864735
 20
2724.014818249701
 10
1310.7164433914222
 20
2722.8694439006376
 10
1310.5164556692941
 20
2721.7352571679858
 10
1310.2378382401685
 20
2720.6177836954985
 10
1309.8819485001538
 20
2719.5224677016054
 10
1309.4505203082892
 20
2718.454645455728
 10
1308.9456555393585
 20
2717.419519280512
 10
1308.3698138437674
 20
2716.422132206631
 10
1307.7258006643729
 20
2715.467343403653
 10
1307.0167535686494
 20
2714.559804506651
 10
1306.246126962774
 20
2713.703936953905
 10
1305.4176752621074
 20
2712.9039104461017
 10
1304.5354346000597
 20
2712.163622631968
 10
1303.6037031644537
 20
2711.4866801193207
 10
1302.6270202571864
 20
2710.8763809040356
 10
1301.6101441792061
 20
2710.3356983025424
 10
1300.5580290485489
 20
2709.8672664661267
 10
1299.4758006643729
 20
2709.4733675476086
 10
1298.3687315345808
 20
2709.155920582925
 10
1297.2422151886906
 20
2708.9164721417774
 10
1296.1017399011025
 20
2708.7561887929023
 10
1294.9528619527775
 20
2708.6758514206635
 10
1293.801178561595
 20
2708.6758514206635
 10
1292.65230061327
 20
2708.7561887929023
 10
1291.511825325682
 20
2708.9164721417774
 10
1290.3853089797917
 20
2709.155920582925
 10
1289.2782398499996
 20
2709.4733675476086
 10
1288.1960114658236
 20
2709.8672664661267
 10
1287.1438963351666
 20
2710.3356983025424
 10
1286.1270202571864
 20
2710.8763809040356
 10
1285.150337349919
 20
2711.4866801193207
 10
1284.218605914313
 20
2712.163622631968
 10
1283.336365252265
 20
2712.9039104461017
 10
1282.5079135515984
 20
2713.703936953905
 10
1281.737286945723
 20
2714.559804506651
 10
1281.0282398499996
 20
2715.467343403653
 10
1280.3842266706054
 20
2716.422132206631
 10
1279.808384975014
 20
2717.419519280512
 10
1279.3035202060835
 20
2718.454645455728
 10
1278.8720920142189
 20
2719.5224677016054
 10
1278.516202274204
 20
2720.6177836954985
 10
1278.2375848450786
 20
2721.7352571679858
 10
1278.0375971229505
 20
2722.8694439006376
 10
1277.9172134278992
 20
2724.014818249701
 10
1277.8770202571864
 20
2725.165800066479
 10
1277.9172134278992
 20
2726.316781883257
 10
1278.0375971229505
 20
2727.46215623232
 10
1278.2375848450786
 20
2728.596342964972
 10
1278.516202274204
 20
2729.713816437459
 10
1278.8720920142189
 20
2730.8091324313523
 10
1279.3035202060835
 20
2731.8769546772296
 10
1279.808384975014
 20
2732.9120808524463
 10
1280.3842266706054
 20
2733.9094679263267
 10
1281.0282398499996
 20
2734.8642567293045
 10
1281.737286945723
 20
2735.771795626307
 10
1282.5079135515987
 20
2736.6276631790524
 10
1283.3363652522653
 20
2737.427689686856
 10
1284.218605914313
 20
2738.1679775009898
 10
1285.150337349919
 20
2738.844920013637
 10
1286.1270202571864
 20
2739.455219228922
 10
1287.1438963351666
 20
2739.9959018304153
 10
1288.1960114658239
 20
2740.464333666831
 10
1289.2782398499996
 20
2740.858232585349
 10
1290.385308979792
 20
2741.175679550033
 10
1291.511825325682
 20
2741.4151279911803
 10
1292.6523006132702
 20
2741.5754113400553
 10
1293.8011785615952
 20
2741.655748712294
 10
1294.9528619527775
 20
2741.655748712294
 10
1296.1017399011027
 20
2741.5754113400553
 10
1297.2422151886908
 20
2741.4151279911803
 10
1298.368731534581
 20
2741.175679550033
 10
1299.475800664373
 20
2740.858232585349
 10
1300.5580290485489
 20
2740.464333666831
 10
1301.6101441792061
 20
2739.9959018304153
 10
1302.6270202571864
 20
2739.455219228922
 10
1303.6037031644537
 20
2738.844920013637
 10
1304.5354346000597
 20
2738.1679775009898
 10
1305.4176752621074
 20
2737.427689686856
 10
1306.246126962774
 20
2736.6276631790524
 10
1307.0167535686494
 20
2735.771795626307
 10
1307.725800664373
 20
2734.8642567293045
 10
1308.3698138437674
 20
2733.9094679263267
 10
1308.9456555393585
 20
2732.912080852446
 10
1309.4505203082892
 20
2731.8769546772296
 10
1309.8819485001538
 20
2730.8091324313523
 10
1310.2378382401687
 20
2729.713816437459
 10
1310.5164556692941
 20
2728.596342964972
 10
1310.7164433914222
 20
2727.46215623232
 10
1310.8368270864735
 20
2726.3167818832567
 10
1310.8770202571864
 20
2725.165800066479
  0
LWPOLYLINE
  5
104
330
17
100
AcDbEntity
  8
OUTLINE
100
AcDbPolyline
 90
2
 70
0
 10
1214.3770202571864
 20
2789.0247847631445
 10
1253.7008320981015
 20
2705.9187816779927
  0
LWPOLYLINE
  5
105
330
17
100
AcDbEntity
  8
OUTLINE
100
AcDbPolyline
 90
30
 70
0
 10
1253.7008320981015
 20
2705.9187816779927
 10
1255.139483532901
 20
2703.133648292075
 10
1256.7685423504097
 20
2700.4554299855695
 10
1258.5801032423024
 20
2697.897123306696
 10
1260.5653752752833
 20
2695.4711429103886
 10
1262.71472455071
 20
2693.1892613138925
 10
1265.0177209548644
 20
2691.062551768455
 10
1267.463188773002
 20
2689.1013345243286
 10
1270.039260921569
 20
2687.315126749858
 10
1272.7334365354138
 20
2685.71259634766
 10
1275.53264163054
 20
2684.301519892033
 10
1278.4232925480246
 20
2683.0887448916938
 10
1281.3913618712288
 20
2682.080156560977
 10
1284.4224464964232
 20
2681.2806492607506
 10
1287.5018375265042
 20
2680.694102747625
 10
1290.6145916486316
 20
2680.3233633467207
 10
1293.7456036494077
 20
2680.170230139347
 10
1296.8796797157117
 20
2680.235446232632
 10
1300.0016111654807
 20
2680.5186951534574
 10
1303.0962482506418
 20
2681.0186023842007
 10
1306.1485736740606
 20
2681.7327420328375
 10
1309.1437754637439
 20
2682.6576486050285
 10
1312.0673188506648
 20
2683.7888338210714
 10
1314.905016801411
 20
2685.120808396105
 10
1317.643098863379
 20
2686.6471086778756
 10
1320.2682779884365
 20
2688.3603280128023
 10
1322.7678150107724
 20
2690.252152688129
 10
1325.129580466049
 20
2692.31340227575
 10
1327.3421134518633
 20
2694.5340741819277
 10
1329.3946772438908
 20
2696.9033921867263
  0
LWPOLYLINE
  5
106
330
17
100
AcDbEntity
  8
OUTLINE
100
AcDbPolyline
 90
2
 70
0
 10
1329.3946772438908
 20
2696.9033921867263
 10
1374.3770202571864
 20
2752.637364493676
  0
LWPOLYLINE
  5
107
330
17
100
AcDbEntity
  8
OUTLINE
100
AcDbPolyline
 90
91
 70
0
 10
329.3770202571863
 20
2504.165800066479
 10
329.29176201628013
 20
2506.607276647523
 10
329.03640266314125
 20
2509.036858600081
 10
328.6121862828695
 20
2511.4427092451006
 10
328.02117961502745
 20
2513.8131075200736
 10
327.2662619846931
 20
2516.136505082877
 10
326.35111127467735
 20
2518.4015825741317
 10
325.28018600724874
 20
2520.597304763985
 10
324.0587036226612
 20
2522.712974314641
 10
322.69261506030944
 20
2524.7382838967155
 10
321.18857576635054
 20
2526.6633664055075
 10
319.55391326903907
 20
2528.478843032544
 10
317.7965914797463
 20
2530.1758689581875
 10
315.9251718935843
 20
2531.746176442714
 10
313.94877187866246
 20
2533.1821151059053
 10
311.8770202571863
 20
2534.4766891989343
 10
309.72001039480404
 20
2535.6235916869496
 10
307.4882510267432
 20
2536.6172349763165
 10
305.19261506030944
 20
2537.4527781368092
 10
302.8442866031747
 20
2538.1261504861386
 10
300.45470647552884
 20
2538.634071421906
 10
298.03551647155416
 20
2538.9740664043684
 10
295.5985026417738
 20
2539.1444790121473
 10
293.15553787259876
 20
2539.1444790121473
 10
290.7185240428184
 20
2538.9740664043684
 10
288.2993340388437
 20
2538.634071421906
 10
285.9097539111979
 20
2538.1261504861386
 10
283.5614254540631
 20
2537.4527781368092
 10
281.2657894876293
 20
2536.6172349763165
 10
279.03403011956857
 20
2535.6235916869496
 10
276.87702025718625
 20
2534.4766891989343
 10
274.80526863571015
 20
2533.1821151059053
 10
272.8288686207882
 20
2531.746176442714
 10
270.9574490346262
 20
2530.1758689581875
 10
269.2001272453335
 20
2528.478843032544
 10
267.565464748022
 20
2526.6633664055075
 10
266.0614254540631
 20
2524.7382838967155
 10
264.69533689171135
 20
2522.712974314641
 10
263.47385450712386
 20
2520.597304763985
 10
262.40292923969525
 20
2518.4015825741317
 10
261.4877785296795
 20
2516.136505082877
 10
260.7328608993451
 20
2513.8131075200736
 10
260.1418542315031
 20
2511.4427092451
 10
259.7176378512313
 20
2509.036858600081
 10
259.4622784980925
 20
2506.607276647523
 10
259.3770202571863
 20
2504.165800066479
 10
259.4622784980925
 20
2501.7243234854345
 10
259.71763785123136
 20
2499.2947415328763
 10
260.14185423150315
 20
2496.888890887857
 10
260.73286089934516
 20
2494.5184926128836
 10
261.48777852967953
 20
2492.1950950500805
 10
262.4029292396953
 20
2489.9300175588255
 10
263.4738545071239
 20
2487.7342953689727
 10
264.69533689171146
 20
2485.6186258183166
 10
266.0614254540632
 20
2483.593316236242
 10
267.5654647480221
 20
2481.6682337274497
 10
269.2001272453336
 20
2479.852757100414
 10
270.95744903462634
 20
2478.15573117477
 10
272.82886862078834
 20
2476.5854236902433
 10
274.80526863571026
 20
2475.1494850270524
 10
276.8770202571864
 20
2473.8549109340233
 10
279.03403011956874
 20
2472.708008446008
 10
281.2657894876295
 20
2471.714365156641
 10
283.5614254540633
 20
2470.8788219961484
 10
285.9097539111981
 20
2470.205449646819
 10
288.2993340388439
 20
2469.6975287110517
 10
290.7185240428186
 20
2469.3575337285893
 10
293.1555378725989
 20
2469.1871211208104
 10
295.598502641774
 20
2469.1871211208104
 10
298.03551647155433
 20
2469.3575337285893
 10
300.454706475529
 20
2469.6975287110517
 10
302.84428660317485
 20
2470.205449646819
 10
305.1926150603096
 20
2470.8788219961484
 10
307.4882510267434
 20
2471.714365156641
 10
309.7200103948042
 20
2472.708008446008
 10
311.8770202571865
 20
2473.854910934024
 10
313.9487718786626
 20
2475.1494850270524
 10
315.9251718935845
 20
2476.5854236902437
 10
317.7965914797465
 20
2478.15573117477
 10
319.55391326903924
 20
2479.8527571004142
 10
321.18857576635065
 20
2481.66823372745
 10
322.6926150603096
 20
2483.5933162362426
 10
324.0587036226613
 20
2485.618625818317
 10
325.28018600724886
 20
2487.7342953689727
 10
326.3511112746774
 20
2489.930017558826
 10
327.2662619846932
 20
2492.1950950500805
 10
328.0211796150275
 20
2494.518492612884
 10
328.6121862828696
 20
2496.8888908878575
 10
329.0364026631413
 20
2499.2947415328767
 10
329.2917620162802
 20
2501.7243234854345
 10
329.3770202571863
 20
2504.165800066479
  0
LWPOLYLINE
  5
108
330
17
100
AcDbEntity
  8
OUTLINE
100
AcDbPolyline
 90
91
 70
0
 10
314.3770202571863
 20
2504.165800066479
 10
314.3283012623828
 20
2505.5609295413615
 10
314.1823816320177
 20
2506.94926208568
 10
313.9399722718624
 20
2508.324033882834
 10
313.6022541759527
 20
2509.678547182819
 10
313.17087267290447
 20
2511.006202932992
 10
312.64792941003833
 20
2512.300532927995
 10
312.0359721143648
 20
2513.5552313221965
 10
311.33798218031484
 20
2514.7641853511427
 10
310.5573601446853
 20
2515.9215051123283
 10
309.69790911956585
 20
2517.02155226021
 10
308.7638162639593
 20
2518.058967475659
 10
307.75963238436344
 20
2519.0286965760265
 10
306.69024976369946
 20
2519.9260151386134
 10
305.56087832660126
 20
2520.7465515175795
 10
304.3770202571863
 20
2521.4863081421677
 10
303.14444319296786
 20
2522.141680992462
 10
301.86915212550457
 20
2522.7094771578145
 10
300.5573601446853
 20
2523.186930392382
 10
299.21545816917967
 20
2523.571714591999
 10
297.8499838105249
 20
2523.861955126723
 10
296.46758952253936
 20
2524.0562379738444
 10
295.0750101912363
 20
2524.153616606861
 10
293.67903032313626
 20
2524.153616606861
 10
292.2864509918332
 20
2524.0562379738444
 10
290.9040567038477
 20
2523.861955126723
 10
289.53858234519294
 20
2523.571714591999
 10
288.19668036968733
 20
2523.186930392382
 10
286.88488838886803
 20
2522.7094771578145
 10
285.60959732140475
 20
2522.141680992462
 10
284.3770202571863
 20
2521.4863081421677
 10
283.19316218777135
 20
2520.7465515175795
 10
282.0637907506731
 20
2519.9260151386134
 10
280.9944081300091
 20
2519.0286965760265
 10
279.99022425041323
 20
2518.058967475659
 10
279.0561313948067
 20
2517.02155226021
 10
278.19668036968733
 20
2515.9215051123283
 10
277.41605833405777
 20
2514.7641853511427
 10
276.7180684000077
 20
2513.5552313221965
 10
276.1061111043343
 20
2512.300532927995
 10
275.58316784146814
 20
2511.006202932992
 10
275.1517863384199
 20
2509.678547182819
 10
274.8140682425102
 20
2508.324033882834
 10
274.5716588823549
 20
2506.94926208568
 10
274.4257392519898
 20
2505.5609295413615
 10
274.3770202571863
 20
2504.165800066479
 10
274.4257392519898
 20
2502.770670591596
 10
274.5716588823549
 20
2501.3823380472772
 10
274.8140682425102
 20
2500.0075662501235
 10
275.1517863384199
 20
2498.6530529501388
 10
275.58316784146814
 20
2497.325397199965
 10
276.10611110433433
 20
2496.0310672049627
 10
276.7180684000078
 20
2494.776368810761
 10
277.4160583340578
 20
2493.5674147818145
 10
278.1966803696874
 20
2492.4100950206293
 10
279.0561313948068
 20
2491.310047872748
 10
279.99022425041335
 20
2490.272632657299
 10
280.9944081300092
 20
2489.3029035569307
 10
282.0637907506732
 20
2488.4055849943443
 10
283.1931621877714
 20
2487.585048615378
 10
284.37702025718636
 20
2486.84529199079
 10
285.6095973214048
 20
2486.1899191404955
 10
286.88488838886815
 20
2485.622122975143
 10
288.19668036968744
 20
2485.144669740576
 10
289.53858234519305
 20
2484.7598855409587
 10
290.9040567038478
 20
2484.4696450062347
 10
292.2864509918333
 20
2484.2753621591132
 10
293.6790303231364
 20
2484.177983526097
 10
295.0750101912364
 20
2484.177983526097
 10
296.46758952253947
 20
2484.2753621591132
 10
297.84998381052503
 20
2484.4696450062347
 10
299.2154581691798
 20
2484.7598855409587
 10
300.55736014468533
 20
2485.144669740576
 10
301.8691521255046
 20
2485.622122975143
 10
303.14444319296797
 20
2486.1899191404955
 10
304.3770202571864
 20
2486.84529199079
 10
305.5608783266013
 20
2487.585048615378
 10
306.69024976369957
 20
2488.4055849943443
 10
307.75963238436356
 20
2489.302903556931
 10
308.7638162639594
 20
2490.272632657299
 10
309.69790911956596
 20
2491.3100478727483
 10
310.55736014468533
 20
2492.4100950206293
 10
311.3379821803149
 20
2493.567414781815
 10
312.0359721143649
 20
2494.776368810761
 10
312.6479294100384
 20
2496.0310672049627
 10
313.1708726729045
 20
2497.3253971999657
 10
313.60225417595274
 20
2498.6530529501388
 10
313.9399722718624
 20
2500.0075662501235
 10
314.1823816320177
 20
2501.3823380472777
 10
314.3283012623828
 20
2502.7706705915966
 10
314.3770202571863
 20
2504.165800066479
  0
LINE
  5
109
330
17
100
AcDbEntity
  8
CENTER
100
AcDbLine
 10
247.3770202571863
 20
2504.165800066479
 30
0.0
 11
341.3770202571863
 21
2504.165800066479
 31
0.0
  0
LINE
  5
10A
330
17
100
AcDbEntity
  8
CENTER
100
AcDbLine
 10
294.3770202571863
 20
2457.165800066479
 30
0.0
 11
294.3770202571863
 21
2551.165800066479
 31
0.0
  0
LINE
  5
10B
330
17
100
AcDbEntity
  8
CENTER
100
AcDbLine
 10
2023.6484615321103
 20
2504.165800066479
 30
0.0
 11
2137.64846153211
 21
2504.165800066479
 31
0.0
  0
LINE
  5
10C
330
17
100
AcDbEntity
  8
CENTER
100
AcDbLine
 10
2080.64846153211
 20
2447.165800066479
 30
0.0
 11
2080.64846153211
 21
2561.165800066479
 31
0.0
  0
LINE
  5
10D
330
17
100
AcDbEntity
  8
CENTER
100
AcDbLine
 10
1265.3770202571864
 20
2725.165800066479
 30
0.0
 11
1323.3770202571864
 21
2725.165800066479
 31
0.0
  0
LINE
  5
10E
330
17
100
AcDbEntity
  8
CENTER
100
AcDbLine
 10
1294.3770202571864
 20
2696.165800066479
 30
0.0
 11
1294.3770202571864
 21
2754.165800066479
 31
0.0
  0
LINE
  5
10F
330
17
100
AcDbEntity
  8
CENTER
100
AcDbLine
 10
1265.3770202571864
 20
3174.165800066479
 30
0.0
 11
1323.3770202571864
 21
3174.165800066479
 31
0.0
  0
LINE
  5
110
330
17
100
AcDbEntity
  8
CENTER
100
AcDbLine
 10
1294.3770202571864
 20
3145.165800066479
 30
0.0
 11
1294.3770202571864
 21
3203.165800066479
 31
0.0
  0
DIMENSION
  5
111
330
17
100
AcDbEntity
  8
DIM
100
AcDbDimension
280
0
  2
*D1
  3
GB
 10
214.4108262108262
 20
2384.1996785463807
 30
0.0
 11
254.39392323400625
 21
2392.3996785463805
 31
0.0
 70
32
 71
5
  1
<>
100
AcDbAlignedDimension
 13
214.4108262108262
 23
2504.165800066479
 33
0.0
 14
294.3770202571863
 24
2504.165800066479
 34
0.0
 50
0.0
100
AcDbRotatedDimension
  0
DIMENSION
  5
120
330
17
100
AcDbEntity
  8
DIM
100
AcDbDimension
280
0
  2
*D2
  3
GB
 10
294.3770202571863
 20
2384.1996785463807
 30
0.0
 11
776.7876973620957
 21
2392.3996785463805
 31
0.0
 70
32
 71
5
  1
<>
100
AcDbAlignedDimension
 13
294.3770202571863
 23
2504.165800066479
 33
0.0
 14
1259.1983744670051
 24
2918.435946783245
 34
0.0
 50
0.0
100
AcDbRotatedDimension
  0
DIMENSION
  5
12F
330
17
100
AcDbEntity
  8
DIM
100
AcDbDimension
280
0
  2
*D3
  3
GB
 10
1259.1983744670051
 20
2384.1996785463807
 30
0.0
 11
1276.7876973620957
 21
2398.3996785463805
 31
0.0
 70
32
 71
5
  1
<>
100
AcDbAlignedDimension
 13
1259.1983744670051
 23
2918.435946783245
 33
0.0
 14
1294.3770202571864
 24
2725.165800066479
 34
0.0
 50
0.0
100
AcDbRotatedDimension
  0
DIMENSION
  5
13E
330
17
100
AcDbEntity
  8
DIM
100
AcDbDimension
280
0
  2
*D4
  3
GB
 10
1294.3770202571864
 20
2384.1996785463807
 30
0.0
 11
1687.5127408946482
 21
2392.3996785463805
 31
0.0
 70
32
 71
5
  1
<>
100
AcDbAlignedDimension
 13
1294.3770202571864
 23
2725.165800066479
 33
0.0
 14
2080.64846153211
 24
2504.165800066479
 34
0.0
 50
0.0
100
AcDbRotatedDimension
  0
DIMENSION
  5
14D
330
17
100
AcDbEntity
  8
DIM
100
AcDbDimension
280
0
  2
*D5
  3
GB
 10
2080.64846153211
 20
2384.1996785463807
 30
0.0
 11
2110.6444221305755
 21
2392.3996785463805
 31
0.0
 70
32
 71
5
  1
<>
100
AcDbAlignedDimension
 13
2080.64846153211
 23
2504.165800066479
 33
0.0
 14
2140.6403827290414
 24
2504.165800066479
 34
0.0
 50
0.0
100
AcDbRotatedDimension
  0
DIMENSION
  5
15C
330
17
100
AcDbEntity
  8
DIM
100
AcDbDimension
280
0
  2
*D6
  3
GB
 10
214.4108262108262
 20
2356.1996785463807
 30
0.0
 11
1177.5256044699338
 21
2364.3996785463805
 31
0.0
 70
32
 71
5
  1
<>
100
AcDbAlignedDimension
 13
214.4108262108262
 23
2504.165800066479
 33
0.0
 14
2140.6403827290414
 24
2504.165800066479
 34
0.0
 50
0.0
100
AcDbRotatedDimension
  0
DIMENSION
  5
16B
330
17
100
AcDbEntity
  8
DIM
100
AcDbDimension
280
0
  2
*D7
  3
GB
 10
174.4108262108262
 20
2424.1996785463807
 30
0.0
 11
166.2108262108262
 21
2464.1827393064295
 31
0.0
 70
32
 71
5
  1
<>
100
AcDbAlignedDimension
 13
294.3770202571863
 23
2424.1996785463807
 33
0.0
 14
294.3770202571863
 24
2504.165800066479
 34
0.0
 50
90.0
100
AcDbRotatedDimension
  0
DIMENSION
  5
17A
330
17
100
AcDbEntity
  8
DIM
100
AcDbDimension
280
0
  2
*D8
  3
GB
 10
174.4108262108262
 20
2504.165800066479
 30
0.0
 11
166.2108262108262
 21
2614.665800066479
 31
0.0
 70
32
 71
5
  1
<>
100
AcDbAlignedDimension
 13
294.3770202571863
 23
2504.165800066479
 33
0.0
 14
1294.3770202571864
 24
2725.165800066479
 34
0.0
 50
90.0
100
AcDbRotatedDimension
  0
DIMENSION
  5
189
330
17
100
AcDbEntity
  8
DIM
100
AcDbDimension
280
0
  2
*D9
  3
GB
 10
174.4108262108262
 20
2725.165800066479
 30
0.0
 11
166.2108262108262
 21
2821.800873424862
 31
0.0
 70
32
 71
5
  1
<>
100
AcDbAlignedDimension
 13
1294.3770202571864
 23
2725.165800066479
 33
0.0
 14
1259.1983744670051
 24
2918.435946783245
 34
0.0
 50
90.0
100
AcDbRotatedDimension
  0
DIMENSION
  5
198
330
17
100
AcDbEntity
  8
DIM
100
AcDbDimension
280
0
  2
*D10
  3
GB
 10
174.4108262108262
 20
2918.435946783245
 30
0.0
 11
166.2108262108262
 21
3046.300873424862
 31
0.0
 70
32
 71
5
  1
<>
100
AcDbAlignedDimension
 13
1259.1983744670051
 23
2918.435946783245
 33
0.0
 14
1294.3770202571864
 24
3174.165800066479
 34
0.0
 50
90.0
100
AcDbRotatedDimension
  0
DIMENSION
  5
1A7
330
17
100
AcDbEntity
  8
DIM
100
AcDbDimension
280
0
  2
*D11
  3
GB
 10
174.4108262108262
 20
3174.165800066479
 30
0.0
 11
166.2108262108262
 21
3196.665800066479
 31
0.0
 70
32
 71
5
  1
<>
100
AcDbAlignedDimension
 13
1294.3770202571864
 23
3174.165800066479
 33
0.0
 14
1294.3770202571864
 24
3219.165800066479
 34
0.0
 50
90.0
100
AcDbRotatedDimension
  0
DIMENSION
  5
1B6
330
17
100
AcDbEntity
  8
DIM
100
AcDbDimension
280
0
  2
*D12
  3
GB
 10
146.4108262108262
 20
2424.1996785463807
 30
0.0
 11
138.2108262108262
 21
2821.6827393064295
 31
0.0
 70
32
 71
5
  1
<>
100
AcDbAlignedDimension
 13
294.3770202571863
 23
2424.1996785463807
 33
0.0
 14
1294.3770202571864
 24
3219.165800066479
 34
0.0
 50
90.0
100
AcDbRotatedDimension
  0
DIMENSION
  5
1C5
330
17
100
AcDbEntity
  8
DIM
100
AcDbDimension
280
0
  2
*D13
  3
GB
 10
247.03186063241313
 20
2614.431097690458
 30
0.0
 11
726.2072851629631
 21
2829.1009663864797
 31
0.0
 70
32
 71
5
  1
<>
100
AcDbAlignedDimension
 13
294.3770202571863
 23
2504.165800066479
 33
0.0
 14
1259.1983744670051
 24
2918.435946783245
 34
0.0
 50
23.23747499777415
100
AcDbRotatedDimension
  0
DIMENSION
  5
1D4
330
17
100
AcDbEntity
  8
DIM
100
AcDbDimension
280
0
  2
*D14
  3
GB
 10
1313.233610995279
 20
3025.5816103134757
 30
0.0
 11
1727.6510623572635
 21
2825.768157296325
 31
0.0
 70
32
 71
5
  1
<>
100
AcDbAlignedDimension
 13
1259.1983744670051
 23
2918.435946783245
 33
0.0
 14
2080.64846153211
 24
2504.165800066479
 34
0.0
 50
-26.762525002225825
100
AcDbRotatedDimension
  0
DIMENSION
  5
1E3
330
17
100
AcDbEntity
  8
DIM
100
AcDbDimension
280
0
  2
*D15
  3
GB
 10
1257.0453835536557
 20
2848.469064402171
 30
0.0
 11
1256.7931760466633
 21
2840.272943894674
 31
0.0
 70
37
 71
5
  1
<>
100
AcDb3PointAngularDimension
 13
294.3770202571863
 23
2504.165800066479
 33
0.0
 14
2080.64846153211
 24
2504.165800066479
 34
0.0
 15
1259.1983744670051
 25
2918.435946783245
 35
0.0
 16
0.0
 26
0.0
 36
0.0
  0
DIMENSION
  5
1F3
330
17
100
AcDbEntity
  8
DIM
100
AcDbDimension
280
0
  2
*D16
  3
GB
 10
1295.6423936128306
 20
2802.2600737781395
 30
0.0
 11
1290.983329605836
 21
2917.457873768328
 31
0.0
 70
32
 71
5
  1
<>（膝部截面高）
100
AcDbAlignedDimension
 13
1255.6613179665026
 23
2803.4903543000523
 33
0.0
 14
1262.7354309675077
 24
3033.3815392664383
 34
0.0
 50
88.23747499777414
100
AcDbRotatedDimension
  0
DIMENSION
  5
202
330
17
100
AcDbEntity
  8
DIM
100
AcDbDimension
280
0
  2
*D17
  3
GB
 10
414.3770202571863
 20
2424.165800066479
 30
0.0
 11
406.1770202571863
 21
2504.165800066479
 31
0.0
 70
32
 71
5
  1
<>
100
AcDbAlignedDimension
 13
294.3770202571863
 23
2424.165800066479
 33
0.0
 14
294.3770202571863
 24
2584.165800066479
 34
0.0
 50
90.0
100
AcDbRotatedDimension
  0
DIMENSION
  5
211
330
17
100
AcDbEntity
  8
DIM
100
AcDbDimension
280
0
  2
*D18
  3
GB
 10
1970.6484615321103
 20
2444.165800066479
 30
0.0
 11
1962.4484615321103
 21
2504.165800066479
 31
0.0
 70
32
 71
5
  1
<>
100
AcDbAlignedDimension
 13
2080.64846153211
 23
2444.165800066479
 33
0.0
 14
2080.64846153211
 24
2564.165800066479
 34
0.0
 50
90.0
100
AcDbRotatedDimension
  0
LWPOLYLINE
  5
220
330
17
100
AcDbEntity
  8
DIM
100
AcDbPolyline
 90
3
 70
0
 10
319.1255202571863
 20
2479.4173000664787
 10
385.3770202571863
 20
2421.165800066479
 10
548.3770202571864
 20
2421.165800066479
  0
CIRCLE
  5
221
330
17
100
AcDbEntity
  8
DIM
100
AcDbCircle
 10
319.1255202571863
 20
2479.4173000664787
 30
0.0
 40
2.4
  0
TEXT
  5
222
330
17
100
AcDbEntity
  8
DIM
100
AcDbText
 10
389.3770202571863
 20
2424.3658000664786
 30
0.0
 40
10.0
  1
O 根部铰点 Ø40H8（焊后镗）
  7
CJK
 11
389.3770202571863
 21
2424.3658000664786
 31
0.0
100
AcDbText
 73
1
  0
LWPOLYLINE
  5
223
330
17
100
AcDbEntity
  8
DIM
100
AcDbPolyline
 90
3
 70
0
 10
2112.46796153211
 20
2472.3463000664788
 10
2181.64846153211
 20
2411.165800066479
 10
2344.64846153211
 20
2411.165800066479
  0
CIRCLE
  5
224
330
17
100
AcDbEntity
  8
DIM
100
AcDbCircle
 10
2112.46796153211
 20
2472.3463000664788
 30
0.0
 40
2.4
  0
TEXT
  5
225
330
17
100
AcDbEntity
  8
DIM
100
AcDbText
 10
2185.64846153211
 20
2414.3658000664786
 30
0.0
 40
10.0
  1
A 斗杆铰点 Ø35H9（焊后镗）
  7
CJK
 11
2185.64846153211
 21
2414.3658000664786
 31
0.0
100
AcDbText
 73
1
  0
LWPOLYLINE
  5
226
330
17
100
AcDbEntity
  8
DIM
100
AcDbPolyline
 90
3
 70
0
 10
1306.3977202571864
 20
2713.145100066479
 10
1367.3770202571864
 20
2660.165800066479
 10
1485.3770202571864
 20
2660.165800066479
  0
CIRCLE
  5
227
330
17
100
AcDbEntity
  8
DIM
100
AcDbCircle
 10
1306.3977202571864
 20
2713.145100066479
 30
0.0
 40
2.4
  0
TEXT
  5
228
330
17
100
AcDbEntity
  8
DIM
100
AcDbText
 10
1371.3770202571864
 20
2663.3658000664786
 30
0.0
 40
10.0
  1
M 动臂缸杆 Ø35H9
  7
CJK
 11
1371.3770202571864
 21
2663.3658000664786
 31
0.0
100
AcDbText
 73
1
  0
LWPOLYLINE
  5
229
330
17
100
AcDbEntity
  8
DIM
100
AcDbPolyline
 90
3
 70
0
 10
1306.3977202571864
 20
3186.186500066479
 10
1367.3770202571864
 20
3239.165800066479
 10
1485.3770202571864
 20
3239.165800066479
  0
CIRCLE
  5
22A
330
17
100
AcDbEntity
  8
DIM
100
AcDbCircle
 10
1306.3977202571864
 20
3186.186500066479
 30
0.0
 40
2.4
  0
TEXT
  5
22B
330
17
100
AcDbEntity
  8
DIM
100
AcDbText
 10
1371.3770202571864
 20
3242.365800066479
 30
0.0
 40
10.0
  1
N 斗杆缸底 Ø35H9
  7
CJK
 11
1371.3770202571864
 21
3242.365800066479
 31
0.0
100
AcDbText
 73
1
  0
TEXT
  5
22C
330
17
100
AcDbEntity
  8
DIM
100
AcDbText
 10
1235.1983744670051
 20
2862.435946783245
 30
0.0
 40
10.0
  1
K：膝部中心线交点（构造点）
  7
CJK
 72
2
 11
1235.1983744670051
 21
2862.435946783245
 31
0.0
100
AcDbText
 73
1
  0
TEXT
  5
22D
330
17
100
AcDbEntity
  8
TEXT
100
AcDbText
 10
1177.525604469934
 20
3267.156695156695
 30
0.0
 40
20.0
  1
主视图
  7
CJK
 72
1
 11
1177.525604469934
 21
3267.156695156695
 31
0.0
100
AcDbText
 73
1
  0
LWPOLYLINE
  5
22E
330
17
100
AcDbEntity
  8
OUTLINE
100
AcDbPolyline
 90
2
 70
0
 10
2568.809430193079
 20
2576.8488084713217
 10
2578.809430193079
 20
2576.8488084713217
  0
LWPOLYLINE
  5
22F
330
17
100
AcDbEntity
  8
OUTLINE
100
AcDbPolyline
 90
2
 70
0
 10
2568.809430193079
 20
2576.8488084713217
 10
2568.809430193079
 20
2424.165800066479
  0
LWPOLYLINE
  5
230
330
17
100
AcDbEntity
  8
OUTLINE
100
AcDbPolyline
 90
2
 70
0
 10
2578.809430193079
 20
2576.8488084713217
 10
2578.809430193079
 20
2424.165800066479
  0
LWPOLYLINE
  5
231
330
17
100
AcDbEntity
  8
OUTLINE
100
AcDbPolyline
 90
2
 70
0
 10
2578.809430193079
 20
3030.1059249669224
 10
2578.809430193079
 20
2576.8488084713217
  0
LWPOLYLINE
  5
232
330
17
100
AcDbEntity
  8
OUTLINE
100
AcDbPolyline
 90
2
 70
0
 10
2578.809430193079
 20
3033.3985711847427
 10
2578.809430193079
 20
3030.1059249669224
  0
LWPOLYLINE
  5
233
330
17
100
AcDbEntity
  8
OUTLINE
100
AcDbPolyline
 90
2
 70
0
 10
2590.809430193079
 20
2549.165800066479
 10
2590.809430193079
 20
2459.165800066479
  0
LWPOLYLINE
  5
234
330
17
100
AcDbEntity
  8
OUTLINE
100
AcDbPolyline
 90
2
 70
0
 10
2471.809430193079
 20
2441.1034679851223
 10
2568.809430193079
 20
2441.1034679851223
  0
LWPOLYLINE
  5
235
330
17
100
AcDbEntity
  8
OUTLINE
100
AcDbPolyline
 90
2
 70
0
 10
2471.809430193079
 20
2429.9748211472356
 10
2568.809430193079
 20
2429.9748211472356
  0
LWPOLYLINE
  5
236
330
17
100
AcDbEntity
  8
OUTLINE
100
AcDbPolyline
 90
2
 70
0
 10
2471.809430193079
 20
2576.8488084713217
 10
2471.809430193079
 20
2424.165800066479
  0
LWPOLYLINE
  5
237
330
17
100
AcDbEntity
  8
OUTLINE
100
AcDbPolyline
 90
2
 70
0
 10
2449.809430193079
 20
2549.165800066479
 10
2449.809430193079
 20
2459.165800066479
  0
LWPOLYLINE
  5
238
330
17
100
AcDbEntity
  8
OUTLINE
100
AcDbPolyline
 90
2
 70
0
 10
2471.809430193079
 20
2565.9463572105956
 10
2568.809430193079
 20
2565.9463572105956
  0
LWPOLYLINE
  5
239
330
17
100
AcDbEntity
  8
OUTLINE
100
AcDbPolyline
 90
2
 70
0
 10
2461.809430193079
 20
2576.8488084713217
 10
2471.809430193079
 20
2576.8488084713217
  0
LWPOLYLINE
  5
23A
330
17
100
AcDbEntity
  8
OUTLINE
100
AcDbPolyline
 90
2
 70
0
 10
2461.809430193079
 20
2576.8488084713217
 10
2461.809430193079
 20
2424.165800066479
  0
LWPOLYLINE
  5
23B
330
17
100
AcDbEntity
  8
OUTLINE
100
AcDbPolyline
 90
2
 70
0
 10
2471.809430193079
 20
2576.8488084713217
 10
2568.809430193079
 20
2576.8488084713217
  0
LWPOLYLINE
  5
23C
330
17
100
AcDbEntity
  8
OUTLINE
100
AcDbPolyline
 90
2
 70
0
 10
2461.809430193079
 20
3030.1059249669224
 10
2461.809430193079
 20
2576.8488084713217
  0
LWPOLYLINE
  5
23D
330
17
100
AcDbEntity
  8
OUTLINE
100
AcDbPolyline
 90
2
 70
0
 10
2461.809430193079
 20
3033.3985711847427
 10
2461.809430193079
 20
3030.1059249669224
  0
LWPOLYLINE
  5
23E
330
17
100
AcDbEntity
  8
OUTLINE
100
AcDbPolyline
 90
2
 70
0
 10
2468.309430193079
 20
3030.1059249669224
 10
2461.809430193079
 20
3030.1059249669224
  0
LWPOLYLINE
  5
23F
330
17
100
AcDbEntity
  8
OUTLINE
100
AcDbPolyline
 90
2
 70
0
 10
2468.309430193079
 20
3183.578206750631
 10
2468.309430193079
 20
3015.293614927025
  0
LWPOLYLINE
  5
240
330
17
100
AcDbEntity
  8
OUTLINE
100
AcDbPolyline
 90
2
 70
0
 10
2468.309430193079
 20
3219.165800066479
 10
2468.309430193079
 20
3183.578206750631
  0
LWPOLYLINE
  5
241
330
17
100
AcDbEntity
  8
OUTLINE
100
AcDbPolyline
 90
2
 70
0
 10
2484.309430193079
 20
3183.578206750631
 10
2484.309430193079
 20
3015.293614927025
  0
LWPOLYLINE
  5
242
330
17
100
AcDbEntity
  8
OUTLINE
100
AcDbPolyline
 90
2
 70
0
 10
2484.309430193079
 20
3219.165800066479
 10
2484.309430193079
 20
3183.578206750631
  0
LWPOLYLINE
  5
243
330
17
100
AcDbEntity
  8
OUTLINE
100
AcDbPolyline
 90
2
 70
0
 10
2556.309430193079
 20
3030.1059249669224
 10
2484.309430193079
 20
3030.1059249669224
  0
LWPOLYLINE
  5
244
330
17
100
AcDbEntity
  8
OUTLINE
100
AcDbPolyline
 90
2
 70
0
 10
2556.309430193079
 20
3183.578206750631
 10
2556.309430193079
 20
3015.293614927025
  0
LWPOLYLINE
  5
245
330
17
100
AcDbEntity
  8
OUTLINE
100
AcDbPolyline
 90
2
 70
0
 10
2556.309430193079
 20
3219.165800066479
 10
2556.309430193079
 20
3183.578206750631
  0
LWPOLYLINE
  5
246
330
17
100
AcDbEntity
  8
OUTLINE
100
AcDbPolyline
 90
2
 70
0
 10
2572.309430193079
 20
3183.578206750631
 10
2572.309430193079
 20
3015.293614927025
  0
LWPOLYLINE
  5
247
330
17
100
AcDbEntity
  8
OUTLINE
100
AcDbPolyline
 90
2
 70
0
 10
2572.309430193079
 20
3219.165800066479
 10
2572.309430193079
 20
3183.578206750631
  0
LWPOLYLINE
  5
248
330
17
100
AcDbEntity
  8
OUTLINE
100
AcDbPolyline
 90
2
 70
0
 10
2556.309430193079
 20
3015.293614927025
 10
2572.309430193079
 20
3015.293614927025
  0
LWPOLYLINE
  5
249
330
17
100
AcDbEntity
  8
OUTLINE
100
AcDbPolyline
 90
2
 70
0
 10
2468.309430193079
 20
3015.293614927025
 10
2484.309430193079
 20
3015.293614927025
  0
LWPOLYLINE
  5
24A
330
17
100
AcDbEntity
  8
OUTLINE
100
AcDbPolyline
 90
2
 70
0
 10
2578.809430193079
 20
3030.1059249669224
 10
2572.309430193079
 20
3030.1059249669224
  0
LWPOLYLINE
  5
24B
330
17
100
AcDbEntity
  8
OUTLINE
100
AcDbPolyline
 90
2
 70
0
 10
2578.809430193079
 20
2424.165800066479
 10
2568.809430193079
 20
2424.165800066479
  0
LWPOLYLINE
  5
24C
330
17
100
AcDbEntity
  8
OUTLINE
100
AcDbPolyline
 90
2
 70
0
 10
2590.809430193079
 20
2549.165800066479
 10
2578.809430193079
 20
2549.165800066479
  0
LWPOLYLINE
  5
24D
330
17
100
AcDbEntity
  8
OUTLINE
100
AcDbPolyline
 90
2
 70
0
 10
2590.809430193079
 20
2459.165800066479
 10
2578.809430193079
 20
2459.165800066479
  0
LWPOLYLINE
  5
24E
330
17
100
AcDbEntity
  8
OUTLINE
100
AcDbPolyline
 90
2
 70
0
 10
2461.809430193079
 20
2549.165800066479
 10
2449.809430193079
 20
2549.165800066479
  0
LWPOLYLINE
  5
24F
330
17
100
AcDbEntity
  8
OUTLINE
100
AcDbPolyline
 90
2
 70
0
 10
2461.809430193079
 20
2459.165800066479
 10
2449.809430193079
 20
2459.165800066479
  0
LWPOLYLINE
  5
250
330
17
100
AcDbEntity
  8
OUTLINE
100
AcDbPolyline
 90
2
 70
0
 10
2471.809430193079
 20
2424.165800066479
 10
2461.809430193079
 20
2424.165800066479
  0
LWPOLYLINE
  5
251
330
17
100
AcDbEntity
  8
OUTLINE
100
AcDbPolyline
 90
2
 70
0
 10
2468.309430193079
 20
3033.3985711847427
 10
2461.809430193079
 20
3033.3985711847427
  0
LWPOLYLINE
  5
252
330
17
100
AcDbEntity
  8
OUTLINE
100
AcDbPolyline
 90
2
 70
0
 10
2556.309430193079
 20
3033.3985711847427
 10
2484.309430193079
 20
3033.3985711847427
  0
LWPOLYLINE
  5
253
330
17
100
AcDbEntity
  8
OUTLINE
100
AcDbPolyline
 90
2
 70
0
 10
2572.309430193079
 20
3219.165800066479
 10
2556.309430193079
 20
3219.165800066479
  0
LWPOLYLINE
  5
254
330
17
100
AcDbEntity
  8
OUTLINE
100
AcDbPolyline
 90
2
 70
0
 10
2484.309430193079
 20
3219.165800066479
 10
2468.309430193079
 20
3219.165800066479
  0
LWPOLYLINE
  5
255
330
17
100
AcDbEntity
  8
OUTLINE
100
AcDbPolyline
 90
2
 70
0
 10
2578.809430193079
 20
3033.3985711847427
 10
2572.309430193079
 20
3033.3985711847427
  0
LWPOLYLINE
  5
256
330
17
100
AcDbEntity
  8
OUTLINE
100
AcDbPolyline
 90
2
 70
0
 10
2568.809430193079
 20
2539.165800066479
 10
2471.809430193079
 20
2539.165800066479
  0
LWPOLYLINE
  5
257
330
17
100
AcDbEntity
  8
OUTLINE
100
AcDbPolyline
 90
2
 70
0
 10
2568.809430193079
 20
2469.165800066479
 10
2471.809430193079
 20
2469.165800066479
  0
LINE
  5
258
330
17
100
AcDbEntity
  8
CENTER
100
AcDbLine
 10
2435.309430193079
 20
2504.165800066479
 30
0.0
 11
2605.309430193079
 21
2504.165800066479
 31
0.0
  0
LINE
  5
259
330
17
100
AcDbEntity
  8
CENTER
100
AcDbLine
 10
2435.309430193079
 20
2504.165800066479
 30
0.0
 11
2605.309430193079
 21
2504.165800066479
 31
0.0
  0
LINE
  5
25A
330
17
100
AcDbEntity
  8
CENTER
100
AcDbLine
 10
2435.309430193079
 20
2725.165800066479
 30
0.0
 11
2605.309430193079
 21
2725.165800066479
 31
0.0
  0
LINE
  5
25B
330
17
100
AcDbEntity
  8
CENTER
100
AcDbLine
 10
2435.309430193079
 20
3174.165800066479
 30
0.0
 11
2605.309430193079
 21
3174.165800066479
 31
0.0
  0
DIMENSION
  5
25C
330
17
100
AcDbEntity
  8
DIM
100
AcDbDimension
280
0
  2
*D19
  3
GB
 10
2461.809430193079
 20
2384.165800066479
 30
0.0
 11
2520.309430193079
 21
2392.3658000664786
 31
0.0
 70
32
 71
5
  1
<>
100
AcDbAlignedDimension
 13
2461.809430193079
 23
2424.165800066479
 33
0.0
 14
2578.809430193079
 24
2424.165800066479
 34
0.0
 50
0.0
100
AcDbRotatedDimension
  0
DIMENSION
  5
26B
330
17
100
AcDbEntity
  8
DIM
100
AcDbDimension
280
0
  2
*D20
  3
GB
 10
2449.809430193079
 20
2356.165800066479
 30
0.0
 11
2520.309430193079
 21
2364.3658000664786
 31
0.0
 70
32
 71
5
  1
<>
100
AcDbAlignedDimension
 13
2449.809430193079
 23
2504.165800066479
 33
0.0
 14
2590.809430193079
 24
2504.165800066479
 34
0.0
 50
0.0
100
AcDbRotatedDimension
  0
DIMENSION
  5
27A
330
17
100
AcDbEntity
  8
DIM
100
AcDbDimension
280
0
  2
*D21
  3
GB
 10
2484.309430193079
 20
2328.165800066479
 30
0.0
 11
2520.309430193079
 21
2336.3658000664786
 31
0.0
 70
32
 71
5
  1
<>
100
AcDbAlignedDimension
 13
2484.309430193079
 23
3174.165800066479
 33
0.0
 14
2556.309430193079
 24
3174.165800066479
 34
0.0
 50
0.0
100
AcDbRotatedDimension
  0
DIMENSION
  5
289
330
17
100
AcDbEntity
  8
DIM
100
AcDbDimension
280
0
  2
*D22
  3
GB
 10
2468.309430193079
 20
2300.165800066479
 30
0.0
 11
2520.309430193079
 21
2308.3658000664786
 31
0.0
 70
32
 71
5
  1
<>
100
AcDbAlignedDimension
 13
2468.309430193079
 23
3174.165800066479
 33
0.0
 14
2572.309430193079
 24
3174.165800066479
 34
0.0
 50
0.0
100
AcDbRotatedDimension
  0
DIMENSION
  5
298
330
17
100
AcDbEntity
  8
DIM
100
AcDbDimension
280
0
  2
*D23
  3
GB
 10
2630.809430193079
 20
2424.165800066479
 30
0.0
 11
2622.6094301930793
 21
2821.665800066479
 31
0.0
 70
32
 71
5
  1
<>
100
AcDbAlignedDimension
 13
2578.809430193079
 23
2424.165800066479
 33
0.0
 14
2572.309430193079
 24
3219.165800066479
 34
0.0
 50
90.0
100
AcDbRotatedDimension
  0
TEXT
  5
2A7
330
17
100
AcDbEntity
  8
TEXT
100
AcDbText
 10
2520.309430193079
 20
3267.165800066479
 30
0.0
 40
20.0
  1
左视图
  7
CJK
 72
1
 11
2520.309430193079
 21
3267.165800066479
 31
0.0
100
AcDbText
 73
1
  0
LWPOLYLINE
  5
2A8
330
17
100
AcDbEntity
  8
OUTLINE
100
AcDbPolyline
 90
2
 70
0
 10
260.9527732316883
 20
2102.356373703076
 10
260.9527732316883
 20
2092.356373703076
  0
LWPOLYLINE
  5
2A9
330
17
100
AcDbEntity
  8
OUTLINE
100
AcDbPolyline
 90
2
 70
0
 10
260.9527732316883
 20
2102.356373703076
 10
214.3770202571863
 20
2102.356373703076
  0
LWPOLYLINE
  5
2AA
330
17
100
AcDbEntity
  8
OUTLINE
100
AcDbPolyline
 90
2
 70
0
 10
260.9527732316883
 20
2092.356373703076
 10
214.3770202571863
 20
2092.356373703076
  0
LWPOLYLINE
  5
2AB
330
17
100
AcDbEntity
  8
OUTLINE
100
AcDbPolyline
 90
2
 70
0
 10
1246.587267336311
 20
2092.356373703076
 10
260.95277323168835
 20
2092.356373703076
  0
LWPOLYLINE
  5
2AC
330
17
100
AcDbEntity
  8
OUTLINE
100
AcDbPolyline
 90
2
 70
0
 10
1279.420400681781
 20
2092.356373703076
 10
1246.587267336311
 20
2092.356373703076
  0
LWPOLYLINE
  5
2AD
330
17
100
AcDbEntity
  8
OUTLINE
100
AcDbPolyline
 90
2
 70
0
 10
2110.3021651721033
 20
2092.356373703076
 10
1279.420400681781
 20
2092.356373703076
  0
LWPOLYLINE
  5
2AE
330
17
100
AcDbEntity
  8
OUTLINE
100
AcDbPolyline
 90
2
 70
0
 10
2140.64846153211
 20
2092.356373703076
 10
2110.3021651721033
 20
2092.356373703076
  0
LWPOLYLINE
  5
2AF
330
17
100
AcDbEntity
  8
OUTLINE
100
AcDbPolyline
 90
2
 70
0
 10
2125.64846153211
 20
2092.356373703076
 10
2125.64846153211
 20
2080.356373703076
  0
LWPOLYLINE
  5
2B0
330
17
100
AcDbEntity
  8
OUTLINE
100
AcDbPolyline
 90
2
 70
0
 10
2125.64846153211
 20
2080.356373703076
 10
2035.6484615321103
 20
2080.356373703076
  0
LWPOLYLINE
  5
2B1
330
17
100
AcDbEntity
  8
OUTLINE
100
AcDbPolyline
 90
2
 70
0
 10
2110.3021651721033
 20
2102.356373703076
 10
2110.3021651721033
 20
2092.356373703076
  0
LWPOLYLINE
  5
2B2
330
17
100
AcDbEntity
  8
OUTLINE
100
AcDbPolyline
 90
2
 70
0
 10
2140.64846153211
 20
2102.356373703076
 10
2110.3021651721033
 20
2102.356373703076
  0
LWPOLYLINE
  5
2B3
330
17
100
AcDbEntity
  8
OUTLINE
100
AcDbPolyline
 90
2
 70
0
 10
260.9527732316883
 20
2199.356373703076
 10
214.3770202571863
 20
2199.356373703076
  0
LWPOLYLINE
  5
2B4
330
17
100
AcDbEntity
  8
OUTLINE
100
AcDbPolyline
 90
2
 70
0
 10
2140.64846153211
 20
2199.356373703076
 10
2110.3021651721033
 20
2199.356373703076
  0
LWPOLYLINE
  5
2B5
330
17
100
AcDbEntity
  8
OUTLINE
100
AcDbPolyline
 90
2
 70
0
 10
2125.64846153211
 20
2221.356373703076
 10
2035.6484615321103
 20
2221.356373703076
  0
LWPOLYLINE
  5
2B6
330
17
100
AcDbEntity
  8
OUTLINE
100
AcDbPolyline
 90
2
 70
0
 10
2125.64846153211
 20
2221.356373703076
 10
2125.64846153211
 20
2209.356373703076
  0
LWPOLYLINE
  5
2B7
330
17
100
AcDbEntity
  8
OUTLINE
100
AcDbPolyline
 90
2
 70
0
 10
2110.3021651721033
 20
2199.356373703076
 10
2110.3021651721033
 20
2102.356373703076
  0
LWPOLYLINE
  5
2B8
330
17
100
AcDbEntity
  8
OUTLINE
100
AcDbPolyline
 90
2
 70
0
 10
260.9527732316883
 20
2209.356373703076
 10
260.9527732316883
 20
2199.356373703076
  0
LWPOLYLINE
  5
2B9
330
17
100
AcDbEntity
  8
OUTLINE
100
AcDbPolyline
 90
2
 70
0
 10
260.9527732316883
 20
2209.356373703076
 10
214.3770202571863
 20
2209.356373703076
  0
LWPOLYLINE
  5
2BA
330
17
100
AcDbEntity
  8
OUTLINE
100
AcDbPolyline
 90
2
 70
0
 10
260.9527732316883
 20
2199.356373703076
 10
260.9527732316883
 20
2102.356373703076
  0
LWPOLYLINE
  5
2BB
330
17
100
AcDbEntity
  8
OUTLINE
100
AcDbPolyline
 90
2
 70
0
 10
2110.3021651721033
 20
2209.356373703076
 10
2110.3021651721033
 20
2199.356373703076
  0
LWPOLYLINE
  5
2BC
330
17
100
AcDbEntity
  8
OUTLINE
100
AcDbPolyline
 90
2
 70
0
 10
2140.64846153211
 20
2209.356373703076
 10
2110.3021651721033
 20
2209.356373703076
  0
LWPOLYLINE
  5
2BD
330
17
100
AcDbEntity
  8
OUTLINE
100
AcDbPolyline
 90
2
 70
0
 10
1246.587267336311
 20
2209.356373703076
 10
260.95277323168835
 20
2209.356373703076
  0
LWPOLYLINE
  5
2BE
330
17
100
AcDbEntity
  8
OUTLINE
100
AcDbPolyline
 90
2
 70
0
 10
1279.420400681781
 20
2209.356373703076
 10
1246.587267336311
 20
2209.356373703076
  0
LWPOLYLINE
  5
2BF
330
17
100
AcDbEntity
  8
OUTLINE
100
AcDbPolyline
 90
2
 70
0
 10
2110.3021651721033
 20
2209.356373703076
 10
1279.420400681781
 20
2209.356373703076
  0
LWPOLYLINE
  5
2C0
330
17
100
AcDbEntity
  8
OUTLINE
100
AcDbPolyline
 90
2
 70
0
 10
1279.420400681781
 20
2202.856373703076
 10
1279.420400681781
 20
2209.356373703076
  0
LWPOLYLINE
  5
2C1
330
17
100
AcDbEntity
  8
OUTLINE
100
AcDbPolyline
 90
2
 70
0
 10
1246.587267336311
 20
2202.856373703076
 10
1246.587267336311
 20
2209.356373703076
  0
LWPOLYLINE
  5
2C2
330
17
100
AcDbEntity
  8
OUTLINE
100
AcDbPolyline
 90
2
 70
0
 10
1250.3724000405305
 20
2202.856373703076
 10
1214.3770202571864
 20
2202.856373703076
  0
LWPOLYLINE
  5
2C3
330
17
100
AcDbEntity
  8
OUTLINE
100
AcDbPolyline
 90
2
 70
0
 10
1338.7246185033869
 20
2202.856373703076
 10
1250.3724000405305
 20
2202.856373703076
  0
LWPOLYLINE
  5
2C4
330
17
100
AcDbEntity
  8
OUTLINE
100
AcDbPolyline
 90
2
 70
0
 10
1374.3770202571864
 20
2202.856373703076
 10
1338.7246185033869
 20
2202.856373703076
  0
LWPOLYLINE
  5
2C5
330
17
100
AcDbEntity
  8
OUTLINE
100
AcDbPolyline
 90
2
 70
0
 10
1250.3724000405305
 20
2186.856373703076
 10
1214.3770202571864
 20
2186.856373703076
  0
LWPOLYLINE
  5
2C6
330
17
100
AcDbEntity
  8
OUTLINE
100
AcDbPolyline
 90
2
 70
0
 10
1338.7246185033869
 20
2186.856373703076
 10
1250.3724000405305
 20
2186.856373703076
  0
LWPOLYLINE
  5
2C7
330
17
100
AcDbEntity
  8
OUTLINE
100
AcDbPolyline
 90
2
 70
0
 10
1374.3770202571864
 20
2186.856373703076
 10
1338.7246185033869
 20
2186.856373703076
  0
LWPOLYLINE
  5
2C8
330
17
100
AcDbEntity
  8
OUTLINE
100
AcDbPolyline
 90
2
 70
0
 10
1279.420400681781
 20
2114.856373703076
 10
1279.420400681781
 20
2186.856373703076
  0
LWPOLYLINE
  5
2C9
330
17
100
AcDbEntity
  8
OUTLINE
100
AcDbPolyline
 90
2
 70
0
 10
1246.587267336311
 20
2114.856373703076
 10
1246.587267336311
 20
2186.856373703076
  0
LWPOLYLINE
  5
2CA
330
17
100
AcDbEntity
  8
OUTLINE
100
AcDbPolyline
 90
2
 70
0
 10
1250.3724000405305
 20
2114.856373703076
 10
1214.3770202571864
 20
2114.856373703076
  0
LWPOLYLINE
  5
2CB
330
17
100
AcDbEntity
  8
OUTLINE
100
AcDbPolyline
 90
2
 70
0
 10
1338.7246185033869
 20
2114.856373703076
 10
1250.3724000405305
 20
2114.856373703076
  0
LWPOLYLINE
  5
2CC
330
17
100
AcDbEntity
  8
OUTLINE
100
AcDbPolyline
 90
2
 70
0
 10
1374.3770202571864
 20
2114.856373703076
 10
1338.7246185033869
 20
2114.856373703076
  0
LWPOLYLINE
  5
2CD
330
17
100
AcDbEntity
  8
OUTLINE
100
AcDbPolyline
 90
2
 70
0
 10
1250.3724000405305
 20
2098.856373703076
 10
1214.3770202571864
 20
2098.856373703076
  0
LWPOLYLINE
  5
2CE
330
17
100
AcDbEntity
  8
OUTLINE
100
AcDbPolyline
 90
2
 70
0
 10
1338.7246185033869
 20
2098.856373703076
 10
1250.3724000405305
 20
2098.856373703076
  0
LWPOLYLINE
  5
2CF
330
17
100
AcDbEntity
  8
OUTLINE
100
AcDbPolyline
 90
2
 70
0
 10
1374.3770202571864
 20
2098.856373703076
 10
1338.7246185033869
 20
2098.856373703076
  0
LWPOLYLINE
  5
2D0
330
17
100
AcDbEntity
  8
OUTLINE
100
AcDbPolyline
 90
2
 70
0
 10
1374.3770202571864
 20
2114.856373703076
 10
1374.3770202571864
 20
2098.856373703076
  0
LWPOLYLINE
  5
2D1
330
17
100
AcDbEntity
  8
OUTLINE
100
AcDbPolyline
 90
2
 70
0
 10
1214.3770202571864
 20
2114.856373703076
 10
1214.3770202571864
 20
2098.856373703076
  0
LWPOLYLINE
  5
2D2
330
17
100
AcDbEntity
  8
OUTLINE
100
AcDbPolyline
 90
2
 70
0
 10
1374.3770202571864
 20
2202.856373703076
 10
1374.3770202571864
 20
2186.856373703076
  0
LWPOLYLINE
  5
2D3
330
17
100
AcDbEntity
  8
OUTLINE
100
AcDbPolyline
 90
2
 70
0
 10
1214.3770202571864
 20
2202.856373703076
 10
1214.3770202571864
 20
2186.856373703076
  0
LWPOLYLINE
  5
2D4
330
17
100
AcDbEntity
  8
OUTLINE
100
AcDbPolyline
 90
2
 70
0
 10
1279.420400681781
 20
2092.356373703076
 10
1279.420400681781
 20
2098.856373703076
  0
LWPOLYLINE
  5
2D5
330
17
100
AcDbEntity
  8
OUTLINE
100
AcDbPolyline
 90
2
 70
0
 10
1246.587267336311
 20
2092.356373703076
 10
1246.587267336311
 20
2098.856373703076
  0
LWPOLYLINE
  5
2D6
330
17
100
AcDbEntity
  8
OUTLINE
100
AcDbPolyline
 90
2
 70
0
 10
214.3770202571863
 20
2092.356373703076
 10
214.3770202571863
 20
2102.356373703076
  0
LWPOLYLINE
  5
2D7
330
17
100
AcDbEntity
  8
OUTLINE
100
AcDbPolyline
 90
2
 70
0
 10
2035.6484615321103
 20
2080.356373703076
 10
2035.6484615321103
 20
2092.356373703076
  0
LWPOLYLINE
  5
2D8
330
17
100
AcDbEntity
  8
OUTLINE
100
AcDbPolyline
 90
2
 70
0
 10
2140.64846153211
 20
2092.356373703076
 10
2140.64846153211
 20
2102.356373703076
  0
LWPOLYLINE
  5
2D9
330
17
100
AcDbEntity
  8
OUTLINE
100
AcDbPolyline
 90
2
 70
0
 10
2035.6484615321103
 20
2209.356373703076
 10
2035.6484615321103
 20
2221.356373703076
  0
LWPOLYLINE
  5
2DA
330
17
100
AcDbEntity
  8
OUTLINE
100
AcDbPolyline
 90
2
 70
0
 10
214.3770202571863
 20
2199.356373703076
 10
214.3770202571863
 20
2209.356373703076
  0
LWPOLYLINE
  5
2DB
330
17
100
AcDbEntity
  8
OUTLINE
100
AcDbPolyline
 90
2
 70
0
 10
2140.64846153211
 20
2199.356373703076
 10
2140.64846153211
 20
2209.356373703076
  0
LWPOLYLINE
  5
2DC
330
17
100
AcDbEntity
  8
OUTLINE
100
AcDbPolyline
 90
2
 70
0
 10
259.3770202571863
 20
2102.356373703076
 10
259.3770202571863
 20
2199.356373703076
  0
LINE
  5
2DD
330
17
100
AcDbEntity
  8
CENTER
100
AcDbLine
 10
294.3770202571863
 20
2065.856373703076
 30
0.0
 11
294.3770202571863
 21
2235.856373703076
 31
0.0
  0
LINE
  5
2DE
330
17
100
AcDbEntity
  8
CENTER
100
AcDbLine
 10
2080.64846153211
 20
2065.856373703076
 30
0.0
 11
2080.64846153211
 21
2235.856373703076
 31
0.0
  0
LINE
  5
2DF
330
17
100
AcDbEntity
  8
CENTER
100
AcDbLine
 10
1294.3770202571864
 20
2065.856373703076
 30
0.0
 11
1294.3770202571864
 21
2235.856373703076
 31
0.0
  0
LINE
  5
2E0
330
17
100
AcDbEntity
  8
CENTER
100
AcDbLine
 10
1294.3770202571864
 20
2065.856373703076
 30
0.0
 11
1294.3770202571864
 21
2235.856373703076
 31
0.0
  0
DIMENSION
  5
2E1
330
17
100
AcDbEntity
  8
DIM
100
AcDbDimension
280
0
  2
*D24
  3
GB
 10
174.3770202571863
 20
2092.356373703076
 30
0.0
 11
166.1770202571863
 21
2150.856373703076
 31
0.0
 70
32
 71
5
  1
<>
100
AcDbAlignedDimension
 13
294.3770202571863
 23
2092.356373703076
 33
0.0
 14
294.3770202571863
 24
2209.356373703076
 34
0.0
 50
90.0
100
AcDbRotatedDimension
  0
DIMENSION
  5
2F0
330
17
100
AcDbEntity
  8
DIM
100
AcDbDimension
280
0
  2
*D25
  3
GB
 10
2180.64846153211
 20
2080.356373703076
 30
0.0
 11
2172.4484615321103
 21
2150.856373703076
 31
0.0
 70
32
 71
5
  1
<>
100
AcDbAlignedDimension
 13
2080.64846153211
 23
2080.356373703076
 33
0.0
 14
2080.64846153211
 24
2221.356373703076
 34
0.0
 50
90.0
100
AcDbRotatedDimension
  0
DIMENSION
  5
2FF
330
17
100
AcDbEntity
  8
DIM
100
AcDbDimension
280
0
  2
*D26
  3
GB
 10
2208.64846153211
 20
2092.356373703076
 30
0.0
 11
2200.4484615321103
 21
2150.856373703076
 31
0.0
 70
32
 71
5
  1
<>
100
AcDbAlignedDimension
 13
2020.6484615321103
 23
2092.356373703076
 33
0.0
 14
2020.6484615321103
 24
2209.356373703076
 34
0.0
 50
90.0
100
AcDbRotatedDimension
  0
DIMENSION
  5
30E
330
17
100
AcDbEntity
  8
DIM
100
AcDbDimension
280
0
  2
*D27
  3
GB
 10
1434.3770202571864
 20
2114.856373703076
 30
0.0
 11
1426.1770202571863
 21
2150.856373703076
 31
0.0
 70
32
 71
5
  1
<>
100
AcDbAlignedDimension
 13
1294.3770202571864
 23
2114.856373703076
 33
0.0
 14
1294.3770202571864
 24
2186.856373703076
 34
0.0
 50
90.0
100
AcDbRotatedDimension
  0
DIMENSION
  5
31D
330
17
100
AcDbEntity
  8
DIM
100
AcDbDimension
280
0
  2
*D28
  3
GB
 10
1462.3770202571864
 20
2098.856373703076
 30
0.0
 11
1454.1770202571863
 21
2150.856373703076
 31
0.0
 70
32
 71
5
  1
<>
100
AcDbAlignedDimension
 13
1294.3770202571864
 23
2098.856373703076
 33
0.0
 14
1294.3770202571864
 24
2202.856373703076
 34
0.0
 50
90.0
100
AcDbRotatedDimension
  0
DIMENSION
  5
32C
330
17
100
AcDbEntity
  8
DIM
100
AcDbDimension
280
0
  2
*D29
  3
GB
 10
214.3770202571863
 20
2040.3563737030759
 30
0.0
 11
1177.5127408946482
 21
2048.5563737030757
 31
0.0
 70
32
 71
5
  1
<>
100
AcDbAlignedDimension
 13
214.3770202571863
 23
2209.356373703076
 33
0.0
 14
2140.64846153211
 24
2221.356373703076
 34
0.0
 50
0.0
100
AcDbRotatedDimension
  0
TEXT
  5
33B
330
17
100
AcDbEntity
  8
TEXT
100
AcDbText
 10
1177.5127408946482
 20
2269.356373703076
 30
0.0
 40
20.0
  1
俯视图
  7
CJK
 72
1
 11
1177.5127408946482
 21
2269.356373703076
 31
0.0
100
AcDbText
 73
1
  0
LWPOLYLINE
  5
33C
330
17
100
AcDbEntity
  8
OUTLINE
100
AcDbPolyline
 90
8
 70
1
 10
256.9865783982537
 20
1444.4163320179484
 42
0.9764803803457459
 10
320.3390503461292
 20
1297.542344693862
 10
1241.9784873432063
 20
1669.326526134655
 42
-0.20321443998288105
 10
1260.7105130525997
 20
1668.9979374320837
 10
2052.2983711169754
 20
1316.9115611801012
 42
0.9519535154518559
 10
2106.3359703386686
 20
1423.8932494224032
 10
1275.4542058483464
 20
1896.2620502169482
 42
0.24153220187767527
 10
1242.6210725028764
 20
1897.673448513549
  0
CIRCLE
  5
33D
330
17
100
AcDbEntity
  8
OUTLINE
100
AcDbCircle
 10
290.4108254237517
 20
1371.7333236131053
 30
0.0
 40
35.25
  0
LINE
  5
33E
330
17
100
AcDbEntity
  8
CENTER
100
AcDbLine
 10
243.1608254237517
 20
1371.7333236131053
 30
0.0
 11
337.6608254237517
 21
1371.7333236131053
 31
0.0
  0
LINE
  5
33F
330
17
100
AcDbEntity
  8
CENTER
100
AcDbLine
 10
290.4108254237517
 20
1324.4833236131053
 30
0.0
 11
290.4108254237517
 21
1418.9833236131053
 31
0.0
  0
CIRCLE
  5
340
330
17
100
AcDbEntity
  8
OUTLINE
100
AcDbCircle
 10
2076.6822666986754
 20
1371.7333236131053
 30
0.0
 40
16.5
  0
LINE
  5
341
330
17
100
AcDbEntity
  8
CENTER
100
AcDbLine
 10
2048.1822666986754
 20
1371.7333236131053
 30
0.0
 11
2105.1822666986754
 21
1371.7333236131053
 31
0.0
  0
LINE
  5
342
330
17
100
AcDbEntity
  8
CENTER
100
AcDbLine
 10
2076.6822666986754
 20
1343.2333236131053
 30
0.0
 11
2076.6822666986754
 21
1400.2333236131053
 31
0.0
  0
DIMENSION
  5
343
330
17
100
AcDbEntity
  8
DIM
100
AcDbDimension
280
0
  2
*D30
  3
GB
 10
210.4108262108262
 20
1255.7333251552895
 30
0.0
 11
250.41082581728895
 21
1263.9333251552896
 31
0.0
 70
32
 71
5
  1
<>
100
AcDbAlignedDimension
 13
210.4108262108262
 23
1291.7333251552895
 33
0.0
 14
290.4108254237517
 24
1371.7333236131053
 34
0.0
 50
0.0
100
AcDbRotatedDimension
  0
DIMENSION
  5
352
330
17
100
AcDbEntity
  8
DIM
100
AcDbDimension
280
0
  2
*D31
  3
GB
 10
290.4108254237517
 20
1255.7333251552895
 30
0.0
 11
1183.5465460612136
 21
1263.9333251552896
 31
0.0
 70
32
 71
5
  1
<>
100
AcDbAlignedDimension
 13
290.4108254237517
 23
1371.7333236131053
 33
0.0
 14
2076.6822666986754
 24
1371.7333236131053
 34
0.0
 50
0.0
100
AcDbRotatedDimension
  0
DIMENSION
  5
361
330
17
100
AcDbEntity
  8
DIM
100
AcDbDimension
280
0
  2
*D32
  3
GB
 10
2076.6822666986754
 20
1255.7333251552895
 30
0.0
 11
2106.68226168837
 21
1263.9333251552896
 31
0.0
 70
32
 71
5
  1
<>
100
AcDbAlignedDimension
 13
2076.6822666986754
 23
1371.7333236131053
 33
0.0
 14
2136.6822566780647
 24
1291.7333251552895
 34
0.0
 50
0.0
100
AcDbRotatedDimension
  0
DIMENSION
  5
370
330
17
100
AcDbEntity
  8
DIM
100
AcDbDimension
280
0
  2
*D33
  3
GB
 10
210.4108262108262
 20
1227.7333251552895
 30
0.0
 11
1173.5465414444454
 21
1235.9333251552896
 31
0.0
 70
32
 71
5
  1
<>
100
AcDbAlignedDimension
 13
210.4108262108262
 23
1291.7333251552895
 33
0.0
 14
2136.6822566780647
 24
1291.7333251552895
 34
0.0
 50
0.0
100
AcDbRotatedDimension
  0
DIMENSION
  5
37F
330
17
100
AcDbEntity
  8
DIM
100
AcDbDimension
280
0
  2
*D34
  3
GB
 10
174.4108262108262
 20
1291.7333251552895
 30
0.0
 11
166.2108262108262
 21
1331.7333243841974
 31
0.0
 70
32
 71
5
  1
<>
100
AcDbAlignedDimension
 13
210.4108262108262
 23
1291.7333251552895
 33
0.0
 14
290.4108254237517
 24
1371.7333236131053
 34
0.0
 50
90.0
100
AcDbRotatedDimension
  0
DIMENSION
  5
38E
330
17
100
AcDbEntity
  8
DIM
100
AcDbDimension
280
0
  2
*D35
  3
GB
 10
174.4108262108262
 20
1371.7333236131053
 30
0.0
 11
166.2108262108262
 21
1636.3496919629338
 31
0.0
 70
32
 71
5
  1
<>
100
AcDbAlignedDimension
 13
290.4108254237517
 23
1371.7333236131053
 33
0.0
 14
210.4108262108262
 24
1900.9660603127625
 34
0.0
 50
90.0
100
AcDbRotatedDimension
  0
DIMENSION
  5
39D
330
17
100
AcDbEntity
  8
DIM
100
AcDbDimension
280
0
  2
*D36
  3
GB
 10
146.4108262108262
 20
1291.7333251552895
 30
0.0
 11
138.2108262108262
 21
1596.3496927340261
 31
0.0
 70
32
 71
5
  1
<>
100
AcDbAlignedDimension
 13
210.4108262108262
 23
1291.7333251552895
 33
0.0
 14
210.4108262108262
 24
1900.9660603127625
 34
0.0
 50
90.0
100
AcDbRotatedDimension
  0
TEXT
  5
3AC
330
17
100
AcDbEntity
  8
DIM
100
AcDbText
 10
335.6608254237517
 20
1371.7333236131053
 30
0.0
 40
10.0
  1
Ø70.5 装根部轴套
  7
CJK
 11
335.6608254237517
 21
1371.7333236131053
 31
0.0
100
AcDbText
 73
2
  0
TEXT
  5
3AD
330
17
100
AcDbEntity
  8
DIM
100
AcDbText
 10
2050.1822666986754
 20
1371.7333236131053
 30
0.0
 40
10.0
  1
Ø33 焊后镗Ø35H9
  7
CJK
 72
2
 11
2050.1822666986754
 21
1371.7333236131053
 31
0.0
100
AcDbText
 73
2
  0
DIMENSION
  5
3AE
330
17
100
AcDbEntity
  8
DIM
100
AcDbDimension
280
0
  2
*D37
  3
GB
 10
290.41082542375165
 20
1371.7333236131053
 30
0.0
 11
216.99304157081775
 21
1476.5847852820962
 31
0.0
 70
164
 71
5
  1
<>
100
AcDbRadialDimension
 15
244.52471051566792
 25
1437.2654871562247
 35
0.0
  0
DIMENSION
  5
3B9
330
17
100
AcDbEntity
  8
DIM
100
AcDbDimension
280
0
  2
*D38
  3
GB
 10
1250.9569548199197
 20
1647.0692324588822
 30
0.0
 11
1252.2197519076367
 21
1719.058157603763
 31
0.0
 70
164
 71
5
  1
<>
100
AcDbRadialDimension
 15
1251.377887182492
 25
1671.0655408405091
 35
0.0
  0
DIMENSION
  5
3C4
330
17
100
AcDbEntity
  8
DIM
100
AcDbDimension
280
0
  2
*D39
  3
GB
 10
2076.6822666986754
 20
1371.7333236131053
 30
0.0
 11
2173.08252874125
 21
1323.0405163606674
 31
0.0
 70
164
 71
5
  1
<>
100
AcDbRadialDimension
 15
2130.2379678334387
 25
1344.6817640284178
 35
0.0
  0
DIMENSION
  5
3CF
330
17
100
AcDbEntity
  8
DIM
100
AcDbDimension
280
0
  2
*D40
  3
GB
 10
1257.6619836643506
 20
1864.9660947313694
 30
0.0
 11
1261.2695610186477
 21
1948.8885910338076
 31
0.0
 70
164
 71
5
  1
<>
100
AcDbRadialDimension
 15
1259.2080882447635
 25
1900.9328788609857
 35
0.0
  0
CIRCLE
  5
3DA
330
17
100
AcDbEntity
  8
THIN
100
AcDbCircle
 10
256.9865783982537
 20
1444.4163320179484
 30
0.0
 40
3.2
  0
TEXT
  5
3DB
330
17
100
AcDbEntity
  8
DIM
100
AcDbText
 10
241.18576486627487
 20
1441.8995301330885
 30
0.0
 40
8.8
  1
T1
  7
CJK
 72
1
 11
241.18576486627487
 21
1441.8995301330885
 31
0.0
100
AcDbText
 73
2
  0
CIRCLE
  5
3DC
330
17
100
AcDbEntity
  8
THIN
100
AcDbCircle
 10
320.3390503461292
 20
1297.542344693862
 30
0.0
 40
3.2
  0
TEXT
  5
3DD
330
17
100
AcDbEntity
  8
DIM
100
AcDbText
 10
305.2219703550908
 20
1292.300790292299
 30
0.0
 40
8.8
  1
T2
  7
CJK
 72
1
 11
305.2219703550908
 21
1292.300790292299
 31
0.0
100
AcDbText
 73
2
  0
CIRCLE
  5
3DE
330
17
100
AcDbEntity
  8
THIN
100
AcDbCircle
 10
1241.9784873432063
 20
1669.326526134655
 30
0.0
 40
3.2
  0
TEXT
  5
3DF
330
17
100
AcDbEntity
  8
DIM
100
AcDbText
 10
1253.483083328801
 20
1680.446070694044
 30
0.0
 40
8.8
  1
T3
  7
CJK
 72
1
 11
1253.483083328801
 21
1680.446070694044
 31
0.0
100
AcDbText
 73
2
  0
CIRCLE
  5
3E0
330
17
100
AcDbEntity
  8
THIN
100
AcDbCircle
 10
1260.7105130525997
 20
1668.9979374320837
 30
0.0
 40
3.2
  0
TEXT
  5
3E1
330
17
100
AcDbEntity
  8
DIM
100
AcDbText
 10
1273.2804070122029
 20
1678.8973195261508
 30
0.0
 40
8.8
  1
T4
  7
CJK
 72
1
 11
1273.2804070122029
 21
1678.8973195261508
 31
0.0
100
AcDbText
 73
2
  0
CIRCLE
  5
3E2
330
17
100
AcDbEntity
  8
THIN
100
AcDbCircle
 10
2052.2983711169754
 20
1316.9115611801012
 30
0.0
 40
3.2
  0
TEXT
  5
3E3
330
17
100
AcDbEntity
  8
DIM
100
AcDbText
 10
2067.6112752120534
 20
1312.2731381533665
 30
0.0
 40
8.8
  1
T5
  7
CJK
 72
1
 11
2067.6112752120534
 21
1312.2731381533665
 31
0.0
100
AcDbText
 73
2
  0
CIRCLE
  5
3E4
330
17
100
AcDbEntity
  8
THIN
100
AcDbCircle
 10
2106.3359703386686
 20
1423.8932494224032
 30
0.0
 40
3.2
  0
TEXT
  5
3E5
330
17
100
AcDbEntity
  8
DIM
100
AcDbText
 10
2122.102105896559
 20
1421.1676358088807
 30
0.0
 40
8.8
  1
T6
  7
CJK
 72
1
 11
2122.102105896559
 21
1421.1676358088807
 31
0.0
100
AcDbText
 73
2
  0
CIRCLE
  5
3E6
330
17
100
AcDbEntity
  8
THIN
100
AcDbCircle
 10
1275.4542058483464
 20
1896.2620502169482
 30
0.0
 40
3.2
  0
TEXT
  5
3E7
330
17
100
AcDbEntity
  8
DIM
100
AcDbText
 10
1281.161075366012
 20
1911.2096801397265
 30
0.0
 40
8.8
  1
T7
  7
CJK
 72
1
 11
1281.161075366012
 21
1911.2096801397265
 31
0.0
100
AcDbText
 73
2
  0
CIRCLE
  5
3E8
330
17
100
AcDbEntity
  8
THIN
100
AcDbCircle
 10
1242.6210725028764
 20
1897.673448513549
 30
0.0
 40
3.2
  0
TEXT
  5
3E9
330
17
100
AcDbEntity
  8
DIM
100
AcDbText
 10
1246.8501586435318
 20
1913.1044183604158
 30
0.0
 40
8.8
  1
T8
  7
CJK
 72
1
 11
1246.8501586435318
 21
1913.1044183604158
 31
0.0
100
AcDbText
 73
2
  0
TEXT
  5
3EA
330
17
100
AcDbEntity
  8
TEXT
100
AcDbText
 10
210.4108262108262
 20
1960.9660603127625
 30
0.0
 40
14.0
  1
B1 动臂侧板  t10 ×2  Q355B  28.09kg/件
  7
CJK
 11
210.4108262108262
 21
1960.9660603127625
 31
0.0
100
AcDbText
 73
1
  0
TEXT
  5
3EB
330
17
100
AcDbEntity
  8
TEXT
100
AcDbText
 10
2328.6822566780647
 20
1906.9660603127625
 30
0.0
 40
10.0
  1
坐标表（原点 Ø70.5孔中心，单位mm）
  7
CJK
 11
2328.6822566780647
 21
1906.9660603127625
 31
0.0
100
AcDbText
 73
1
  0
LINE
  5
3EC
330
17
100
AcDbEntity
  8
THIN
100
AcDbLine
 10
2328.6822566780647
 20
1900.9660603127625
 30
0.0
 11
2676.6822566780647
 21
1900.9660603127625
 31
0.0
  0
TEXT
  5
3ED
330
17
100
AcDbEntity
  8
TEXT
100
AcDbText
 10
2333.482256678065
 20
1889.9660603127625
 30
0.0
 40
10.0
  1
点
  7
CJK
 11
2333.482256678065
 21
1889.9660603127625
 31
0.0
100
AcDbText
 73
2
  0
TEXT
  5
3EE
330
17
100
AcDbEntity
  8
TEXT
100
AcDbText
 10
2369.482256678065
 20
1889.9660603127625
 30
0.0
 40
10.0
  1
X
  7
CJK
 11
2369.482256678065
 21
1889.9660603127625
 31
0.0
100
AcDbText
 73
2
  0
TEXT
  5
3EF
330
17
100
AcDbEntity
  8
TEXT
100
AcDbText
 10
2437.482256678065
 20
1889.9660603127625
 30
0.0
 40
10.0
  1
Y
  7
CJK
 11
2437.482256678065
 21
1889.9660603127625
 31
0.0
100
AcDbText
 73
2
  0
TEXT
  5
3F0
330
17
100
AcDbEntity
  8
TEXT
100
AcDbText
 10
2505.482256678065
 20
1889.9660603127625
 30
0.0
 40
10.0
  1
说明
  7
CJK
 11
2505.482256678065
 21
1889.9660603127625
 31
0.0
100
AcDbText
 73
2
  0
LINE
  5
3F1
330
17
100
AcDbEntity
  8
THIN
100
AcDbLine
 10
2328.6822566780647
 20
1878.9660603127625
 30
0.0
 11
2676.6822566780647
 21
1878.9660603127625
 31
0.0
  0
TEXT
  5
3F2
330
17
100
AcDbEntity
  8
TEXT
100
AcDbText
 10
2333.482256678065
 20
1867.9660603127625
 30
0.0
 40
10.0
  1
T1
  7
CJK
 11
2333.482256678065
 21
1867.9660603127625
 31
0.0
100
AcDbText
 73
2
  0
TEXT
  5
3F3
330
17
100
AcDbEntity
  8
TEXT
100
AcDbText
 10
2369.482256678065
 20
1867.9660603127625
 30
0.0
 40
10.0
  1
-33.4
  7
CJK
 11
2369.482256678065
 21
1867.9660603127625
 31
0.0
100
AcDbText
 73
2
  0
TEXT
  5
3F4
330
17
100
AcDbEntity
  8
TEXT
100
AcDbText
 10
2437.482256678065
 20
1867.9660603127625
 30
0.0
 40
10.0
  1
72.7
  7
CJK
 11
2437.482256678065
 21
1867.9660603127625
 31
0.0
100
AcDbText
 73
2
  0
TEXT
  5
3F5
330
17
100
AcDbEntity
  8
TEXT
100
AcDbText
 10
2505.482256678065
 20
1867.9660603127625
 30
0.0
 40
10.0
  1
切点/交点
  7
CJK
 11
2505.482256678065
 21
1867.9660603127625
 31
0.0
100
AcDbText
 73
2
  0
LINE
  5
3F6
330
17
100
AcDbEntity
  8
THIN
100
AcDbLine
 10
2328.6822566780647
 20
1856.9660603127625
 30
0.0
 11
2676.6822566780647
 21
1856.9660603127625
 31
0.0
  0
TEXT
  5
3F7
330
17
100
AcDbEntity
  8
TEXT
100
AcDbText
 10
2333.482256678065
 20
1845.9660603127625
 30
0.0
 40
10.0
  1
T2
  7
CJK
 11
2333.482256678065
 21
1845.9660603127625
 31
0.0
100
AcDbText
 73
2
  0
TEXT
  5
3F8
330
17
100
AcDbEntity
  8
TEXT
100
AcDbText
 10
2369.482256678065
 20
1845.9660603127625
 30
0.0
 40
10.0
  1
29.9
  7
CJK
 11
2369.482256678065
 21
1845.9660603127625
 31
0.0
100
AcDbText
 73
2
  0
TEXT
  5
3F9
330
17
100
AcDbEntity
  8
TEXT
100
AcDbText
 10
2437.482256678065
 20
1845.9660603127625
 30
0.0
 40
10.0
  1
-74.2
  7
CJK
 11
2437.482256678065
 21
1845.9660603127625
 31
0.0
100
AcDbText
 73
2
  0
TEXT
  5
3FA
330
17
100
AcDbEntity
  8
TEXT
100
AcDbText
 10
2505.482256678065
 20
1845.9660603127625
 30
0.0
 40
10.0
  1
切点/交点
  7
CJK
 11
2505.482256678065
 21
1845.9660603127625
 31
0.0
100
AcDbText
 73
2
  0
LINE
  5
3FB
330
17
100
AcDbEntity
  8
THIN
100
AcDbLine
 10
2328.6822566780647
 20
1834.9660603127625
 30
0.0
 11
2676.6822566780647
 21
1834.9660603127625
 31
0.0
  0
TEXT
  5
3FC
330
17
100
AcDbEntity
  8
TEXT
100
AcDbText
 10
2333.482256678065
 20
1823.9660603127625
 30
0.0
 40
10.0
  1
T3
  7
CJK
 11
2333.482256678065
 21
1823.9660603127625
 31
0.0
100
AcDbText
 73
2
  0
TEXT
  5
3FD
330
17
100
AcDbEntity
  8
TEXT
100
AcDbText
 10
2369.482256678065
 20
1823.9660603127625
 30
0.0
 40
10.0
  1
951.6
  7
CJK
 11
2369.482256678065
 21
1823.9660603127625
 31
0.0
100
AcDbText
 73
2
  0
TEXT
  5
3FE
330
17
100
AcDbEntity
  8
TEXT
100
AcDbText
 10
2437.482256678065
 20
1823.9660603127625
 30
0.0
 40
10.0
  1
297.6
  7
CJK
 11
2437.482256678065
 21
1823.9660603127625
 31
0.0
100
AcDbText
 73
2
  0
TEXT
  5
3FF
330
17
100
AcDbEntity
  8
TEXT
100
AcDbText
 10
2505.482256678065
 20
1823.9660603127625
 30
0.0
 40
10.0
  1
切点/交点
  7
CJK
 11
2505.482256678065
 21
1823.9660603127625
 31
0.0
100
AcDbText
 73
2
  0
LINE
  5
400
330
17
100
AcDbEntity
  8
THIN
100
AcDbLine
 10
2328.6822566780647
 20
1812.9660603127625
 30
0.0
 11
2676.6822566780647
 21
1812.9660603127625
 31
0.0
  0
TEXT
  5
401
330
17
100
AcDbEntity
  8
TEXT
100
AcDbText
 10
2333.482256678065
 20
1801.9660603127625
 30
0.0
 40
10.0
  1
T4
  7
CJK
 11
2333.482256678065
 21
1801.9660603127625
 31
0.0
100
AcDbText
 73
2
  0
TEXT
  5
402
330
17
100
AcDbEntity
  8
TEXT
100
AcDbText
 10
2369.482256678065
 20
1801.9660603127625
 30
0.0
 40
10.0
  1
970.3
  7
CJK
 11
2369.482256678065
 21
1801.9660603127625
 31
0.0
100
AcDbText
 73
2
  0
TEXT
  5
403
330
17
100
AcDbEntity
  8
TEXT
100
AcDbText
 10
2437.482256678065
 20
1801.9660603127625
 30
0.0
 40
10.0
  1
297.3
  7
CJK
 11
2437.482256678065
 21
1801.9660603127625
 31
0.0
100
AcDbText
 73
2
  0
TEXT
  5
404
330
17
100
AcDbEntity
  8
TEXT
100
AcDbText
 10
2505.482256678065
 20
1801.9660603127625
 30
0.0
 40
10.0
  1
切点/交点
  7
CJK
 11
2505.482256678065
 21
1801.9660603127625
 31
0.0
100
AcDbText
 73
2
  0
LINE
  5
405
330
17
100
AcDbEntity
  8
THIN
100
AcDbLine
 10
2328.6822566780647
 20
1790.9660603127625
 30
0.0
 11
2676.6822566780647
 21
1790.9660603127625
 31
0.0
  0
TEXT
  5
406
330
17
100
AcDbEntity
  8
TEXT
100
AcDbText
 10
2333.482256678065
 20
1779.9660603127625
 30
0.0
 40
10.0
  1
T5
  7
CJK
 11
2333.482256678065
 21
1779.9660603127625
 31
0.0
100
AcDbText
 73
2
  0
TEXT
  5
407
330
17
100
AcDbEntity
  8
TEXT
100
AcDbText
 10
2369.482256678065
 20
1779.9660603127625
 30
0.0
 40
10.0
  1
1761.9
  7
CJK
 11
2369.482256678065
 21
1779.9660603127625
 31
0.0
100
AcDbText
 73
2
  0
TEXT
  5
408
330
17
100
AcDbEntity
  8
TEXT
100
AcDbText
 10
2437.482256678065
 20
1779.9660603127625
 30
0.0
 40
10.0
  1
-54.8
  7
CJK
 11
2437.482256678065
 21
1779.9660603127625
 31
0.0
100
AcDbText
 73
2
  0
TEXT
  5
409
330
17
100
AcDbEntity
  8
TEXT
100
AcDbText
 10
2505.482256678065
 20
1779.9660603127625
 30
0.0
 40
10.0
  1
切点/交点
  7
CJK
 11
2505.482256678065
 21
1779.9660603127625
 31
0.0
100
AcDbText
 73
2
  0
LINE
  5
40A
330
17
100
AcDbEntity
  8
THIN
100
AcDbLine
 10
2328.6822566780647
 20
1768.9660603127625
 30
0.0
 11
2676.6822566780647
 21
1768.9660603127625
 31
0.0
  0
TEXT
  5
40B
330
17
100
AcDbEntity
  8
TEXT
100
AcDbText
 10
2333.482256678065
 20
1757.9660603127625
 30
0.0
 40
10.0
  1
T6
  7
CJK
 11
2333.482256678065
 21
1757.9660603127625
 31
0.0
100
AcDbText
 73
2
  0
TEXT
  5
40C
330
17
100
AcDbEntity
  8
TEXT
100
AcDbText
 10
2369.482256678065
 20
1757.9660603127625
 30
0.0
 40
10.0
  1
1815.9
  7
CJK
 11
2369.482256678065
 21
1757.9660603127625
 31
0.0
100
AcDbText
 73
2
  0
TEXT
  5
40D
330
17
100
AcDbEntity
  8
TEXT
100
AcDbText
 10
2437.482256678065
 20
1757.9660603127625
 30
0.0
 40
10.0
  1
52.2
  7
CJK
 11
2437.482256678065
 21
1757.9660603127625
 31
0.0
100
AcDbText
 73
2
  0
TEXT
  5
40E
330
17
100
AcDbEntity
  8
TEXT
100
AcDbText
 10
2505.482256678065
 20
1757.9660603127625
 30
0.0
 40
10.0
  1
切点/交点
  7
CJK
 11
2505.482256678065
 21
1757.9660603127625
 31
0.0
100
AcDbText
 73
2
  0
LINE
  5
40F
330
17
100
AcDbEntity
  8
THIN
100
AcDbLine
 10
2328.6822566780647
 20
1746.9660603127625
 30
0.0
 11
2676.6822566780647
 21
1746.9660603127625
 31
0.0
  0
TEXT
  5
410
330
17
100
AcDbEntity
  8
TEXT
100
AcDbText
 10
2333.482256678065
 20
1735.9660603127625
 30
0.0
 40
10.0
  1
T7
  7
CJK
 11
2333.482256678065
 21
1735.9660603127625
 31
0.0
100
AcDbText
 73
2
  0
TEXT
  5
411
330
17
100
AcDbEntity
  8
TEXT
100
AcDbText
 10
2369.482256678065
 20
1735.9660603127625
 30
0.0
 40
10.0
  1
985
  7
CJK
 11
2369.482256678065
 21
1735.9660603127625
 31
0.0
100
AcDbText
 73
2
  0
TEXT
  5
412
330
17
100
AcDbEntity
  8
TEXT
100
AcDbText
 10
2437.482256678065
 20
1735.9660603127625
 30
0.0
 40
10.0
  1
524.5
  7
CJK
 11
2437.482256678065
 21
1735.9660603127625
 31
0.0
100
AcDbText
 73
2
  0
TEXT
  5
413
330
17
100
AcDbEntity
  8
TEXT
100
AcDbText
 10
2505.482256678065
 20
1735.9660603127625
 30
0.0
 40
10.0
  1
切点/交点
  7
CJK
 11
2505.482256678065
 21
1735.9660603127625
 31
0.0
100
AcDbText
 73
2
  0
LINE
  5
414
330
17
100
AcDbEntity
  8
THIN
100
AcDbLine
 10
2328.6822566780647
 20
1724.9660603127625
 30
0.0
 11
2676.6822566780647
 21
1724.9660603127625
 31
0.0
  0
TEXT
  5
415
330
17
100
AcDbEntity
  8
TEXT
100
AcDbText
 10
2333.482256678065
 20
1713.9660603127625
 30
0.0
 40
10.0
  1
T8
  7
CJK
 11
2333.482256678065
 21
1713.9660603127625
 31
0.0
100
AcDbText
 73
2
  0
TEXT
  5
416
330
17
100
AcDbEntity
  8
TEXT
100
AcDbText
 10
2369.482256678065
 20
1713.9660603127625
 30
0.0
 40
10.0
  1
952.2
  7
CJK
 11
2369.482256678065
 21
1713.9660603127625
 31
0.0
100
AcDbText
 73
2
  0
TEXT
  5
417
330
17
100
AcDbEntity
  8
TEXT
100
AcDbText
 10
2437.482256678065
 20
1713.9660603127625
 30
0.0
 40
10.0
  1
525.9
  7
CJK
 11
2437.482256678065
 21
1713.9660603127625
 31
0.0
100
AcDbText
 73
2
  0
TEXT
  5
418
330
17
100
AcDbEntity
  8
TEXT
100
AcDbText
 10
2505.482256678065
 20
1713.9660603127625
 30
0.0
 40
10.0
  1
切点/交点
  7
CJK
 11
2505.482256678065
 21
1713.9660603127625
 31
0.0
100
AcDbText
 73
2
  0
LINE
  5
419
330
17
100
AcDbEntity
  8
THIN
100
AcDbLine
 10
2328.6822566780647
 20
1702.9660603127625
 30
0.0
 11
2676.6822566780647
 21
1702.9660603127625
 31
0.0
  0
LINE
  5
41A
330
17
100
AcDbEntity
  8
THIN
100
AcDbLine
 10
2328.6822566780647
 20
1900.9660603127625
 30
0.0
 11
2328.6822566780647
 21
1702.9660603127625
 31
0.0
  0
LINE
  5
41B
330
17
100
AcDbEntity
  8
THIN
100
AcDbLine
 10
2364.6822566780647
 20
1900.9660603127625
 30
0.0
 11
2364.6822566780647
 21
1702.9660603127625
 31
0.0
  0
LINE
  5
41C
330
17
100
AcDbEntity
  8
THIN
100
AcDbLine
 10
2432.6822566780647
 20
1900.9660603127625
 30
0.0
 11
2432.6822566780647
 21
1702.9660603127625
 31
0.0
  0
LINE
  5
41D
330
17
100
AcDbEntity
  8
THIN
100
AcDbLine
 10
2500.6822566780647
 20
1900.9660603127625
 30
0.0
 11
2500.6822566780647
 21
1702.9660603127625
 31
0.0
  0
LINE
  5
41E
330
17
100
AcDbEntity
  8
THIN
100
AcDbLine
 10
2676.6822566780647
 20
1900.9660603127625
 30
0.0
 11
2676.6822566780647
 21
1702.9660603127625
 31
0.0
  0
LWPOLYLINE
  5
41F
330
17
100
AcDbEntity
  8
OUTLINE
100
AcDbPolyline
 90
4
 70
1
 10
182.4108262108262
 20
993.7430117649761
 10
2250.340932199853
 20
993.7430117649761
 10
2250.340932199853
 20
1090.743011764976
 10
182.4108262108262
 20
1090.743011764976
  0
LINE
  5
420
330
17
100
AcDbEntity
  8
MARK
100
AcDbLine
 10
1138.1810865383945
 20
993.7430117649761
 30
0.0
 11
1138.1810865383945
 21
1090.743011764976
 31
0.0
  0
LINE
  5
421
330
17
100
AcDbEntity
  8
MARK
100
AcDbLine
 10
1165.4827066133105
 20
993.7430117649761
 30
0.0
 11
1165.4827066133105
 21
1090.743011764976
 31
0.0
  0
DIMENSION
  5
422
330
17
100
AcDbEntity
  8
DIM
100
AcDbDimension
280
0
  2
*D41
  3
GB
 10
182.4108262108262
 20
957.7430117649761
 30
0.0
 11
660.2959563746103
 21
965.9430117649762
 31
0.0
 70
32
 71
5
  1
<>
100
AcDbAlignedDimension
 13
182.4108262108262
 23
993.7430117649761
 33
0.0
 14
1138.1810865383945
 24
993.7430117649761
 34
0.0
 50
0.0
100
AcDbRotatedDimension
  0
DIMENSION
  5
431
330
17
100
AcDbEntity
  8
DIM
100
AcDbDimension
280
0
  2
*D42
  3
GB
 10
1138.1810865383945
 20
957.7430117649761
 30
0.0
 11
1151.8318965758526
 21
971.9430117649762
 31
0.0
 70
32
 71
5
  1
<>
100
AcDbAlignedDimension
 13
1138.1810865383945
 23
993.7430117649761
 33
0.0
 14
1165.4827066133105
 24
993.7430117649761
 34
0.0
 50
0.0
100
AcDbRotatedDimension
  0
DIMENSION
  5
440
330
17
100
AcDbEntity
  8
DIM
100
AcDbDimension
280
0
  2
*D43
  3
GB
 10
1165.4827066133105
 20
957.7430117649761
 30
0.0
 11
1707.9118194065818
 21
965.9430117649762
 31
0.0
 70
32
 71
5
  1
<>
100
AcDbAlignedDimension
 13
1165.4827066133105
 23
993.7430117649761
 33
0.0
 14
2250.340932199853
 24
993.7430117649761
 34
0.0
 50
0.0
100
AcDbRotatedDimension
  0
DIMENSION
  5
44F
330
17
100
AcDbEntity
  8
DIM
100
AcDbDimension
280
0
  2
*D44
  3
GB
 10
182.4108262108262
 20
929.7430117649761
 30
0.0
 11
1216.3758792053395
 21
937.9430117649762
 31
0.0
 70
32
 71
5
  1
<>
100
AcDbAlignedDimension
 13
182.4108262108262
 23
993.7430117649761
 33
0.0
 14
2250.340932199853
 24
993.7430117649761
 34
0.0
 50
0.0
100
AcDbRotatedDimension
  0
DIMENSION
  5
45E
330
17
100
AcDbEntity
  8
DIM
100
AcDbDimension
280
0
  2
*D45
  3
GB
 10
146.4108262108262
 20
993.7430117649761
 30
0.0
 11
138.2108262108262
 21
1042.243011764976
 31
0.0
 70
32
 71
5
  1
<>
100
AcDbAlignedDimension
 13
1138.1810865383945
 23
993.7430117649761
 33
0.0
 14
182.4108262108262
 24
1090.743011764976
 34
0.0
 50
90.0
100
AcDbRotatedDimension
  0
TEXT
  5
46D
330
17
100
AcDbEntity
  8
TEXT
100
AcDbText
 10
182.4108262108262
 20
1110.743011764976
 30
0.0
 40
10.0
  1
展开料，压弯后与侧板顶边对合
  7
CJK
 11
182.4108262108262
 21
1110.743011764976
 31
0.0
100
AcDbText
 73
1
  0
TEXT
  5
46E
330
17
100
AcDbEntity
  8
TEXT
100
AcDbText
 10
182.4108262108262
 20
1127.5430117649762
 30
0.0
 40
10.0
  1
两点划线之间压弯 54.3°，内 R24，K=0.4
  7
CJK
 11
182.4108262108262
 21
1127.5430117649762
 31
0.0
100
AcDbText
 73
1
  0
TEXT
  5
46F
330
17
100
AcDbEntity
  8
TEXT
100
AcDbText
 10
182.4108262108262
 20
1148.3430117649762
 30
0.0
 40
14.0
  1
B2 动臂顶板  t12 ×1  Q355B  18.90kg/件
  7
CJK
 11
182.4108262108262
 21
1148.3430117649762
 31
0.0
100
AcDbText
 73
1
  0
LWPOLYLINE
  5
470
330
17
100
AcDbEntity
  8
OUTLINE
100
AcDbPolyline
 90
4
 70
1
 10
2356.751758410679
 20
993.7430117649761
 10
4240.007707159402
 20
993.7430117649761
 10
4240.007707159402
 20
1090.743011764976
 10
2356.751758410679
 20
1090.743011764976
  0
LINE
  5
471
330
17
100
AcDbEntity
  8
MARK
100
AcDbLine
 10
3350.5539164873708
 20
993.7430117649761
 30
0.0
 11
3350.5539164873708
 21
1090.743011764976
 31
0.0
  0
LINE
  5
472
330
17
100
AcDbEntity
  8
MARK
100
AcDbLine
 10
3373.6497249273466
 20
993.7430117649761
 30
0.0
 11
3373.6497249273466
 21
1090.743011764976
 31
0.0
  0
DIMENSION
  5
473
330
17
100
AcDbEntity
  8
DIM
100
AcDbDimension
280
0
  2
*D46
  3
GB
 10
2356.751758410679
 20
957.7430117649761
 30
0.0
 11
2853.652837449025
 21
965.9430117649762
 31
0.0
 70
32
 71
5
  1
<>
100
AcDbAlignedDimension
 13
2356.751758410679
 23
993.7430117649761
 33
0.0
 14
3350.5539164873708
 24
993.7430117649761
 34
0.0
 50
0.0
100
AcDbRotatedDimension
  0
DIMENSION
  5
482
330
17
100
AcDbEntity
  8
DIM
100
AcDbDimension
280
0
  2
*D47
  3
GB
 10
3350.5539164873708
 20
957.7430117649761
 30
0.0
 11
3362.1018207073585
 21
971.9430117649762
 31
0.0
 70
32
 71
5
  1
<>
100
AcDbAlignedDimension
 13
3350.5539164873708
 23
993.7430117649761
 33
0.0
 14
3373.6497249273466
 24
993.7430117649761
 34
0.0
 50
0.0
100
AcDbRotatedDimension
  0
DIMENSION
  5
493
330
17
100
AcDbEntity
  8
DIM
100
AcDbDimension
280
0
  2
*D48
  3
GB
 10
3373.6497249273466
 20
957.7430117649761
 30
0.0
 11
3806.8287160433747
 21
965.9430117649762
 31
0.0
 70
32
 71
5
  1
<>
100
AcDbAlignedDimension
 13
3373.6497249273466
 23
993.7430117649761
 33
0.0
 14
4240.007707159402
 24
993.7430117649761
 34
0.0
 50
0.0
100
AcDbRotatedDimension
  0
DIMENSION
  5
4A2
330
17
100
AcDbEntity
  8
DIM
100
AcDbDimension
280
0
  2
*D49
  3
GB
 10
2356.751758410679
 20
929.7430117649761
 30
0.0
 11
3298.3797327850407
 21
937.9430117649762
 31
0.0
 70
32
 71
5
  1
<>
100
AcDbAlignedDimension
 13
2356.751758410679
 23
993.7430117649761
 33
0.0
 14
4240.007707159402
 24
993.7430117649761
 34
0.0
 50
0.0
100
AcDbRotatedDimension
  0
DIMENSION
  5
4B1
330
17
100
AcDbEntity
  8
DIM
100
AcDbDimension
280
0
  2
*D50
  3
GB
 10
2320.751758410679
 20
993.7430117649761
 30
0.0
 11
2312.551758410679
 21
1042.243011764976
 31
0.0
 70
32
 71
5
  1
<>
100
AcDbAlignedDimension
 13
3350.5539164873708
 23
993.7430117649761
 33
0.0
 14
2356.751758410679
 24
1090.743011764976
 34
0.0
 50
90.0
100
AcDbRotatedDimension
  0
TEXT
  5
4C0
330
17
100
AcDbEntity
  8
TEXT
100
AcDbText
 10
2356.751758410679
 20
1110.743011764976
 30
0.0
 40
10.0
  1
展开料，压弯后与侧板腹边对合
  7
CJK
 11
2356.751758410679
 21
1110.743011764976
 31
0.0
100
AcDbText
 73
1
  0
TEXT
  5
4C1
330
17
100
AcDbEntity
  8
TEXT
100
AcDbText
 10
2356.751758410679
 20
1127.5430117649762
 30
0.0
 40
10.0
  1
两点划线之间压弯 45.9°，内 R24，K=0.4（外表面为弯曲内侧）
  7
CJK
 11
2356.751758410679
 21
1127.5430117649762
 31
0.0
100
AcDbText
 73
1
  0
TEXT
  5
4C2
330
17
100
AcDbEntity
  8
TEXT
100
AcDbText
 10
2356.751758410679
 20
1148.3430117649762
 30
0.0
 40
14.0
  1
B3 动臂底板(腹板)  t12 ×1  Q355B  17.21kg/件
  7
CJK
 11
2356.751758410679
 21
1148.3430117649762
 31
0.0
100
AcDbText
 73
1
  0
LWPOLYLINE
  5
4C3
330
17
100
AcDbEntity
  8
OUTLINE
100
AcDbPolyline
 90
6
 70
1
 10
370.41082621082626
 20
722.6883700555346
 10
260.7105138396744
 20
771.4814194473158
 42
0.20321443998288105
 10
241.978488130281
 20
771.8100081498872
 10
210.41082621082626
 20
759.0757903250033
 10
249.7346380517414
 20
675.9697872398511
 42
0.5530031364773429
 10
325.4284831975307
 20
666.9543977485846
  0
CIRCLE
  5
4C4
330
17
100
AcDbEntity
  8
OUTLINE
100
AcDbCircle
 10
290.41082621082626
 20
695.2168056283374
 30
0.0
 40
16.5
  0
LINE
  5
4C5
330
17
100
AcDbEntity
  8
CENTER
100
AcDbLine
 10
261.91082621082626
 20
695.2168056283374
 30
0.0
 11
318.91082621082626
 21
695.2168056283374
 31
0.0
  0
LINE
  5
4C6
330
17
100
AcDbEntity
  8
CENTER
100
AcDbLine
 10
290.41082621082626
 20
666.7168056283374
 30
0.0
 11
290.41082621082626
 21
723.7168056283374
 31
0.0
  0
DIMENSION
  5
4C7
330
17
100
AcDbEntity
  8
DIM
100
AcDbDimension
280
0
  2
*D51
  3
GB
 10
210.41082621082626
 20
614.2168223678736
 30
0.0
 11
250.41082621082626
 21
622.4168223678737
 31
0.0
 70
32
 71
5
  1
<>
100
AcDbAlignedDimension
 13
210.41082621082626
 23
759.0757903250033
 33
0.0
 14
290.41082621082626
 24
695.2168056283374
 34
0.0
 50
0.0
100
AcDbRotatedDimension
  0
DIMENSION
  5
4D6
330
17
100
AcDbEntity
  8
DIM
100
AcDbDimension
280
0
  2
*D52
  3
GB
 10
290.41082621082626
 20
614.2168223678736
 30
0.0
 11
330.41082621082626
 21
622.4168223678737
 31
0.0
 70
32
 71
5
  1
<>
100
AcDbAlignedDimension
 13
290.41082621082626
 23
695.2168056283374
 33
0.0
 14
370.41082621082626
 24
722.6883700555346
 34
0.0
 50
0.0
100
AcDbRotatedDimension
  0
DIMENSION
  5
4E5
330
17
100
AcDbEntity
  8
DIM
100
AcDbDimension
280
0
  2
*D53
  3
GB
 10
210.41082621082626
 20
586.2168223678736
 30
0.0
 11
290.41082621082626
 21
594.4168223678737
 31
0.0
 70
32
 71
5
  1
<>
100
AcDbAlignedDimension
 13
210.41082621082626
 23
759.0757903250033
 33
0.0
 14
370.41082621082626
 24
722.6883700555346
 34
0.0
 50
0.0
100
AcDbRotatedDimension
  0
DIMENSION
  5
4F4
330
17
100
AcDbEntity
  8
DIM
100
AcDbDimension
280
0
  2
*D54
  3
GB
 10
174.41082621082626
 20
650.2168223678736
 30
0.0
 11
166.21082621082627
 21
672.7168139981055
 31
0.0
 70
32
 71
5
  1
<>
100
AcDbAlignedDimension
 13
210.41082621082626
 23
650.2168223678736
 33
0.0
 14
290.41082621082626
 24
695.2168056283374
 34
0.0
 50
90.0
100
AcDbRotatedDimension
  0
DIMENSION
  5
503
330
17
100
AcDbEntity
  8
DIM
100
AcDbDimension
280
0
  2
*D55
  3
GB
 10
174.41082621082626
 20
695.2168056283374
 30
0.0
 11
166.21082621082627
 21
734.3847520015
 31
0.0
 70
32
 71
5
  1
<>
100
AcDbAlignedDimension
 13
290.41082621082626
 23
695.2168056283374
 33
0.0
 14
210.41082621082626
 24
773.5526983746627
 34
0.0
 50
90.0
100
AcDbRotatedDimension
  0
DIMENSION
  5
512
330
17
100
AcDbEntity
  8
DIM
100
AcDbDimension
280
0
  2
*D56
  3
GB
 10
146.41082621082626
 20
650.2168223678736
 30
0.0
 11
138.21082621082627
 21
711.8847603712682
 31
0.0
 70
32
 71
5
  1
<>
100
AcDbAlignedDimension
 13
210.41082621082626
 23
650.2168223678736
 33
0.0
 14
210.41082621082626
 24
773.5526983746627
 34
0.0
 50
90.0
100
AcDbRotatedDimension
  0
TEXT
  5
521
330
17
100
AcDbEntity
  8
DIM
100
AcDbText
 10
290.41082621082626
 20
721.7168056283374
 30
0.0
 40
10.0
  1
Ø33 焊后镗Ø35H9
  7
CJK
 72
1
 11
290.41082621082626
 21
721.7168056283374
 31
0.0
100
AcDbText
 73
1
  0
CIRCLE
  5
522
330
17
100
AcDbEntity
  8
THIN
100
AcDbCircle
 10
290.41082621082626
 20
695.2168056283374
 30
0.0
 40
3.2
  0
TEXT
  5
523
330
17
100
AcDbEntity
  8
DIM
100
AcDbText
 10
294.42649150301645
 20
679.7289254550826
 30
0.0
 40
8.8
  1
C
  7
CJK
 72
1
 11
294.42649150301645
 21
679.7289254550826
 31
0.0
100
AcDbText
 73
2
  0
CIRCLE
  5
524
330
17
100
AcDbEntity
  8
THIN
100
AcDbCircle
 10
249.7346380517414
 20
675.9697872398511
 30
0.0
 40
3.2
  0
TEXT
  5
525
330
17
100
AcDbEntity
  8
DIM
100
AcDbText
 10
238.9348125437333
 20
664.1645439557601
 30
0.0
 40
8.8
  1
T1
  7
CJK
 72
1
 11
238.9348125437333
 21
664.1645439557601
 31
0.0
100
AcDbText
 73
2
  0
CIRCLE
  5
526
330
17
100
AcDbEntity
  8
THIN
100
AcDbCircle
 10
325.4284831975307
 20
666.9543977485846
 30
0.0
 40
3.2
  0
TEXT
  5
527
330
17
100
AcDbEntity
  8
DIM
100
AcDbText
 10
335.6996473988637
 20
654.6864237532888
 30
0.0
 40
8.8
  1
T2
  7
CJK
 72
1
 11
335.6996473988637
 21
654.6864237532888
 31
0.0
100
AcDbText
 73
2
  0
CIRCLE
  5
528
330
17
100
AcDbEntity
  8
THIN
100
AcDbCircle
 10
210.41082621082626
 20
759.0757903250033
 30
0.0
 40
3.2
  0
TEXT
  5
529
330
17
100
AcDbEntity
  8
DIM
100
AcDbText
 10
196.6318879445363
 20
767.2084934582654
 30
0.0
 40
8.8
  1
E1
  7
CJK
 72
1
 11
196.6318879445363
 21
767.2084934582654
 31
0.0
100
AcDbText
 73
2
  0
CIRCLE
  5
52A
330
17
100
AcDbEntity
  8
THIN
100
AcDbCircle
 10
370.41082621082626
 20
722.6883700555346
 30
0.0
 40
3.2
  0
TEXT
  5
52B
330
17
100
AcDbEntity
  8
DIM
100
AcDbText
 10
386.3436201351341
 20
724.1533198040047
 30
0.0
 40
8.8
  1
E2
  7
CJK
 72
1
 11
386.3436201351341
 21
724.1533198040047
 31
0.0
100
AcDbText
 73
2
  0
DIMENSION
  5
52C
330
17
100
AcDbEntity
  8
DIM
100
AcDbDimension
280
0
  2
*D57
  3
GB
 10
290.41082621082626
 20
695.2168056283374
 30
0.0
 11
258.60295288153907
 21
607.8253918952479
 31
0.0
 70
164
 71
5
  1
<>
100
AcDbRadialDimension
 15
275.0199197611712
 25
652.9306376929716
 35
0.0
  0
TEXT
  5
537
330
17
100
AcDbEntity
  8
TEXT
100
AcDbText
 10
210.41082621082626
 20
829.5526983746627
 30
0.0
 40
10.0
  1
上边随动臂腹板轮廓（含膝部 R24）；两耳内距 72
  7
CJK
 11
210.41082621082626
 21
829.5526983746627
 31
0.0
100
AcDbText
 73
1
  0
TEXT
  5
538
330
17
100
AcDbEntity
  8
TEXT
100
AcDbText
 10
210.41082621082626
 20
850.3526983746627
 30
0.0
 40
14.0
  1
B4 动臂缸耳板  t16 ×2  Q355B  1.33kg/件
  7
CJK
 11
210.41082621082626
 21
850.3526983746627
 31
0.0
100
AcDbText
 73
1
  0
TEXT
  5
539
330
17
100
AcDbEntity
  8
TEXT
100
AcDbText
 10
562.4108262108263
 20
779.5526983746627
 30
0.0
 40
10.0
  1
坐标表（原点 Ø33孔中心，单位mm）
  7
CJK
 11
562.4108262108263
 21
779.5526983746627
 31
0.0
100
AcDbText
 73
1
  0
LINE
  5
53A
330
17
100
AcDbEntity
  8
THIN
100
AcDbLine
 10
562.4108262108263
 20
773.5526983746627
 30
0.0
 11
910.4108262108263
 21
773.5526983746627
 31
0.0
  0
TEXT
  5
53B
330
17
100
AcDbEntity
  8
TEXT
100
AcDbText
 10
567.2108262108262
 20
762.5526983746627
 30
0.0
 40
10.0
  1
点
  7
CJK
 11
567.2108262108262
 21
762.5526983746627
 31
0.0
100
AcDbText
 73
2
  0
TEXT
  5
53C
330
17
100
AcDbEntity
  8
TEXT
100
AcDbText
 10
603.2108262108262
 20
762.5526983746627
 30
0.0
 40
10.0
  1
X
  7
CJK
 11
603.2108262108262
 21
762.5526983746627
 31
0.0
100
AcDbText
 73
2
  0
TEXT
  5
53D
330
17
100
AcDbEntity
  8
TEXT
100
AcDbText
 10
671.2108262108262
 20
762.5526983746627
 30
0.0
 40
10.0
  1
Y
  7
CJK
 11
671.2108262108262
 21
762.5526983746627
 31
0.0
100
AcDbText
 73
2
  0
TEXT
  5
53E
330
17
100
AcDbEntity
  8
TEXT
100
AcDbText
 10
739.2108262108262
 20
762.5526983746627
 30
0.0
 40
10.0
  1
说明
  7
CJK
 11
739.2108262108262
 21
762.5526983746627
 31
0.0
100
AcDbText
 73
2
  0
LINE
  5
53F
330
17
100
AcDbEntity
  8
THIN
100
AcDbLine
 10
562.4108262108263
 20
751.5526983746627
 30
0.0
 11
910.4108262108263
 21
751.5526983746627
 31
0.0
  0
TEXT
  5
540
330
17
100
AcDbEntity
  8
TEXT
100
AcDbText
 10
567.2108262108262
 20
740.5526983746627
 30
0.0
 40
10.0
  1
C
  7
CJK
 11
567.2108262108262
 21
740.5526983746627
 31
0.0
100
AcDbText
 73
2
  0
TEXT
  5
541
330
17
100
AcDbEntity
  8
TEXT
100
AcDbText
 10
603.2108262108262
 20
740.5526983746627
 30
0.0
 40
10.0
  1
0
  7
CJK
 11
603.2108262108262
 21
740.5526983746627
 31
0.0
100
AcDbText
 73
2
  0
TEXT
  5
542
330
17
100
AcDbEntity
  8
TEXT
100
AcDbText
 10
671.2108262108262
 20
740.5526983746627
 30
0.0
 40
10.0
  1
0
  7
CJK
 11
671.2108262108262
 21
740.5526983746627
 31
0.0
100
AcDbText
 73
2
  0
TEXT
  5
543
330
17
100
AcDbEntity
  8
TEXT
100
AcDbText
 10
739.2108262108262
 20
740.5526983746627
 30
0.0
 40
10.0
  1
孔心 / R45 圆心
  7
CJK
 11
739.2108262108262
 21
740.5526983746627
 31
0.0
100
AcDbText
 73
2
  0
LINE
  5
544
330
17
100
AcDbEntity
  8
THIN
100
AcDbLine
 10
562.4108262108263
 20
729.5526983746627
 30
0.0
 11
910.4108262108263
 21
729.5526983746627
 31
0.0
  0
TEXT
  5
545
330
17
100
AcDbEntity
  8
TEXT
100
AcDbText
 10
567.2108262108262
 20
718.5526983746627
 30
0.0
 40
10.0
  1
T1
  7
CJK
 11
567.2108262108262
 21
718.5526983746627
 31
0.0
100
AcDbText
 73
2
  0
TEXT
  5
546
330
17
100
AcDbEntity
  8
TEXT
100
AcDbText
 10
603.2108262108262
 20
718.5526983746627
 30
0.0
 40
10.0
  1
-40.7
  7
CJK
 11
603.2108262108262
 21
718.5526983746627
 31
0.0
100
AcDbText
 73
2
  0
TEXT
  5
547
330
17
100
AcDbEntity
  8
TEXT
100
AcDbText
 10
671.2108262108262
 20
718.5526983746627
 30
0.0
 40
10.0
  1
-19.2
  7
CJK
 11
671.2108262108262
 21
718.5526983746627
 31
0.0
100
AcDbText
 73
2
  0
TEXT
  5
548
330
17
100
AcDbEntity
  8
TEXT
100
AcDbText
 10
739.2108262108262
 20
718.5526983746627
 30
0.0
 40
10.0
  1
R弧切点
  7
CJK
 11
739.2108262108262
 21
718.5526983746627
 31
0.0
100
AcDbText
 73
2
  0
LINE
  5
549
330
17
100
AcDbEntity
  8
THIN
100
AcDbLine
 10
562.4108262108263
 20
707.5526983746627
 30
0.0
 11
910.4108262108263
 21
707.5526983746627
 31
0.0
  0
TEXT
  5
54A
330
17
100
AcDbEntity
  8
TEXT
100
AcDbText
 10
567.2108262108262
 20
696.5526983746627
 30
0.0
 40
10.0
  1
T2
  7
CJK
 11
567.2108262108262
 21
696.5526983746627
 31
0.0
100
AcDbText
 73
2
  0
TEXT
  5
54B
330
17
100
AcDbEntity
  8
TEXT
100
AcDbText
 10
603.2108262108262
 20
696.5526983746627
 30
0.0
 40
10.0
  1
35
  7
CJK
 11
603.2108262108262
 21
696.5526983746627
 31
0.0
100
AcDbText
 73
2
  0
TEXT
  5
54C
330
17
100
AcDbEntity
  8
TEXT
100
AcDbText
 10
671.2108262108262
 20
696.5526983746627
 30
0.0
 40
10.0
  1
-28.3
  7
CJK
 11
671.2108262108262
 21
696.5526983746627
 31
0.0
100
AcDbText
 73
2
  0
TEXT
  5
54D
330
17
100
AcDbEntity
  8
TEXT
100
AcDbText
 10
739.2108262108262
 20
696.5526983746627
 30
0.0
 40
10.0
  1
R弧切点
  7
CJK
 11
739.2108262108262
 21
696.5526983746627
 31
0.0
100
AcDbText
 73
2
  0
LINE
  5
54E
330
17
100
AcDbEntity
  8
THIN
100
AcDbLine
 10
562.4108262108263
 20
685.5526983746627
 30
0.0
 11
910.4108262108263
 21
685.5526983746627
 31
0.0
  0
TEXT
  5
54F
330
17
100
AcDbEntity
  8
TEXT
100
AcDbText
 10
567.2108262108262
 20
674.5526983746627
 30
0.0
 40
10.0
  1
E1
  7
CJK
 11
567.2108262108262
 21
674.5526983746627
 31
0.0
100
AcDbText
 73
2
  0
TEXT
  5
550
330
17
100
AcDbEntity
  8
TEXT
100
AcDbText
 10
603.2108262108262
 20
674.5526983746627
 30
0.0
 40
10.0
  1
-80
  7
CJK
 11
603.2108262108262
 21
674.5526983746627
 31
0.0
100
AcDbText
 73
2
  0
TEXT
  5
551
330
17
100
AcDbEntity
  8
TEXT
100
AcDbText
 10
671.2108262108262
 20
674.5526983746627
 30
0.0
 40
10.0
  1
63.9
  7
CJK
 11
671.2108262108262
 21
674.5526983746627
 31
0.0
100
AcDbText
 73
2
  0
TEXT
  5
552
330
17
100
AcDbEntity
  8
TEXT
100
AcDbText
 10
739.2108262108262
 20
674.5526983746627
 30
0.0
 40
10.0
  1
底边端点
  7
CJK
 11
739.2108262108262
 21
674.5526983746627
 31
0.0
100
AcDbText
 73
2
  0
LINE
  5
553
330
17
100
AcDbEntity
  8
THIN
100
AcDbLine
 10
562.4108262108263
 20
663.5526983746627
 30
0.0
 11
910.4108262108263
 21
663.5526983746627
 31
0.0
  0
TEXT
  5
554
330
17
100
AcDbEntity
  8
TEXT
100
AcDbText
 10
567.2108262108262
 20
652.5526983746627
 30
0.0
 40
10.0
  1
E2
  7
CJK
 11
567.2108262108262
 21
652.5526983746627
 31
0.0
100
AcDbText
 73
2
  0
TEXT
  5
555
330
17
100
AcDbEntity
  8
TEXT
100
AcDbText
 10
603.2108262108262
 20
652.5526983746627
 30
0.0
 40
10.0
  1
80
  7
CJK
 11
603.2108262108262
 21
652.5526983746627
 31
0.0
100
AcDbText
 73
2
  0
TEXT
  5
556
330
17
100
AcDbEntity
  8
TEXT
100
AcDbText
 10
671.2108262108262
 20
652.5526983746627
 30
0.0
 40
10.0
  1
27.5
  7
CJK
 11
671.2108262108262
 21
652.5526983746627
 31
0.0
100
AcDbText
 73
2
  0
TEXT
  5
557
330
17
100
AcDbEntity
  8
TEXT
100
AcDbText
 10
739.2108262108262
 20
652.5526983746627
 30
0.0
 40
10.0
  1
底边端点
  7
CJK
 11
739.2108262108262
 21
652.5526983746627
 31
0.0
100
AcDbText
 73
2
  0
LINE
  5
558
330
17
100
AcDbEntity
  8
THIN
100
AcDbLine
 10
562.4108262108263
 20
641.5526983746627
 30
0.0
 11
910.4108262108263
 21
641.5526983746627
 31
0.0
  0
LINE
  5
559
330
17
100
AcDbEntity
  8
THIN
100
AcDbLine
 10
562.4108262108263
 20
773.5526983746627
 30
0.0
 11
562.4108262108263
 21
641.5526983746627
 31
0.0
  0
LINE
  5
55A
330
17
100
AcDbEntity
  8
THIN
100
AcDbLine
 10
598.4108262108263
 20
773.5526983746627
 30
0.0
 11
598.4108262108263
 21
641.5526983746627
 31
0.0
  0
LINE
  5
55B
330
17
100
AcDbEntity
  8
THIN
100
AcDbLine
 10
666.4108262108263
 20
773.5526983746627
 30
0.0
 11
666.4108262108263
 21
641.5526983746627
 31
0.0
  0
LINE
  5
55C
330
17
100
AcDbEntity
  8
THIN
100
AcDbLine
 10
734.4108262108263
 20
773.5526983746627
 30
0.0
 11
734.4108262108263
 21
641.5526983746627
 31
0.0
  0
LINE
  5
55D
330
17
100
AcDbEntity
  8
THIN
100
AcDbLine
 10
910.4108262108263
 20
773.5526983746627
 30
0.0
 11
910.4108262108263
 21
641.5526983746627
 31
0.0
  0
LWPOLYLINE
  5
55E
330
17
100
AcDbEntity
  8
OUTLINE
100
AcDbPolyline
 90
6
 70
1
 10
1044.8216524216525
 20
569.6805348662144
 10
1077.0318995007774
 20
584.4928449061116
 42
-0.24153220187767527
 10
1109.8650328462472
 20
583.081446609511
 10
1204.8216524216525
 20
529.0971778082182
 10
1169.169250667853
 20
736.1875435002619
 42
0.825497777764899
 10
1080.8170322049966
 20
737.9651266898204
  0
CIRCLE
  5
55F
330
17
100
AcDbEntity
  8
OUTLINE
100
AcDbCircle
 10
1124.8216524216525
 20
728.5527200056681
 30
0.0
 40
16.5
  0
LINE
  5
560
330
17
100
AcDbEntity
  8
CENTER
100
AcDbLine
 10
1096.3216524216525
 20
728.5527200056681
 30
0.0
 11
1153.3216524216525
 21
728.5527200056681
 31
0.0
  0
LINE
  5
561
330
17
100
AcDbEntity
  8
CENTER
100
AcDbLine
 10
1124.8216524216525
 20
700.0527200056681
 30
0.0
 11
1124.8216524216525
 21
757.0527200056681
 31
0.0
  0
DIMENSION
  5
562
330
17
100
AcDbEntity
  8
DIM
100
AcDbDimension
280
0
  2
*D58
  3
GB
 10
1044.8216524216525
 20
493.0971778082182
 30
0.0
 11
1084.8216524216525
 21
501.2971778082182
 31
0.0
 70
32
 71
5
  1
<>
100
AcDbAlignedDimension
 13
1044.8216524216525
 23
569.6805348662144
 33
0.0
 14
1124.8216524216525
 24
728.5527200056681
 34
0.0
 50
0.0
100
AcDbRotatedDimension
  0
DIMENSION
  5
571
330
17
100
AcDbEntity
  8
DIM
100
AcDbDimension
280
0
  2
*D59
  3
GB
 10
1124.8216524216525
 20
493.0971778082182
 30
0.0
 11
1164.8216524216525
 21
501.2971778082182
 31
0.0
 70
32
 71
5
  1
<>
100
AcDbAlignedDimension
 13
1124.8216524216525
 23
728.5527200056681
 33
0.0
 14
1204.8216524216525
 24
529.0971778082182
 34
0.0
 50
0.0
100
AcDbRotatedDimension
  0
DIMENSION
  5
580
330
17
100
AcDbEntity
  8
DIM
100
AcDbDimension
280
0
  2
*D60
  3
GB
 10
1044.8216524216525
 20
465.0971778082182
 30
0.0
 11
1124.8216524216525
 21
473.2971778082182
 31
0.0
 70
32
 71
5
  1
<>
100
AcDbAlignedDimension
 13
1044.8216524216525
 23
569.6805348662144
 33
0.0
 14
1204.8216524216525
 24
529.0971778082182
 34
0.0
 50
0.0
100
AcDbRotatedDimension
  0
DIMENSION
  5
58F
330
17
100
AcDbEntity
  8
DIM
100
AcDbDimension
280
0
  2
*D61
  3
GB
 10
1008.8216524216525
 20
529.0971778082182
 30
0.0
 11
1000.6216524216525
 21
628.8249489069432
 31
0.0
 70
32
 71
5
  1
<>
100
AcDbAlignedDimension
 13
1204.8216524216525
 23
529.0971778082182
 33
0.0
 14
1124.8216524216525
 24
728.5527200056681
 34
0.0
 50
90.0
100
AcDbRotatedDimension
  0
DIMENSION
  5
59E
330
17
100
AcDbEntity
  8
DIM
100
AcDbDimension
280
0
  2
*D62
  3
GB
 10
1008.8216524216525
 20
728.5527200056681
 30
0.0
 11
1000.6216524216525
 21
751.0527091901654
 31
0.0
 70
32
 71
5
  1
<>
100
AcDbAlignedDimension
 13
1124.8216524216525
 23
728.5527200056681
 33
0.0
 14
1044.8216524216525
 24
773.5526983746628
 34
0.0
 50
90.0
100
AcDbRotatedDimension
  0
DIMENSION
  5
5AD
330
17
100
AcDbEntity
  8
DIM
100
AcDbDimension
280
0
  2
*D63
  3
GB
 10
980.8216524216525
 20
529.0971778082182
 30
0.0
 11
972.6216524216525
 21
651.3249380914406
 31
0.0
 70
32
 71
5
  1
<>
100
AcDbAlignedDimension
 13
1204.8216524216525
 23
529.0971778082182
 33
0.0
 14
1044.8216524216525
 24
773.5526983746628
 34
0.0
 50
90.0
100
AcDbRotatedDimension
  0
TEXT
  5
5BC
330
17
100
AcDbEntity
  8
DIM
100
AcDbText
 10
1124.8216524216525
 20
692.0527200056681
 30
0.0
 40
10.0
  1
Ø33 焊后镗Ø35H9
  7
CJK
 72
1
 11
1124.8216524216525
 21
692.0527200056681
 31
0.0
100
AcDbText
 73
1
  0
CIRCLE
  5
5BD
330
17
100
AcDbEntity
  8
THIN
100
AcDbCircle
 10
1124.8216524216525
 20
728.5527200056681
 30
0.0
 40
3.2
  0
TEXT
  5
5BE
330
17
100
AcDbEntity
  8
DIM
100
AcDbText
 10
1124.2131495527242
 20
744.541144701632
 30
0.0
 40
8.8
  1
C
  7
CJK
 72
1
 11
1124.2131495527242
 21
744.541144701632
 31
0.0
100
AcDbText
 73
2
  0
CIRCLE
  5
5BF
330
17
100
AcDbEntity
  8
THIN
100
AcDbCircle
 10
1169.169250667853
 20
736.1875435002619
 30
0.0
 40
3.2
  0
TEXT
  5
5C0
330
17
100
AcDbEntity
  8
DIM
100
AcDbText
 10
1176.2356492190374
 20
750.5425430305934
 30
0.0
 40
8.8
  1
T1
  7
CJK
 72
1
 11
1176.2356492190374
 21
750.5425430305934
 31
0.0
100
AcDbText
 73
2
  0
CIRCLE
  5
5C1
330
17
100
AcDbEntity
  8
THIN
100
AcDbCircle
 10
1080.8170322049966
 20
737.9651266898204
 30
0.0
 40
3.2
  0
TEXT
  5
5C2
330
17
100
AcDbEntity
  8
DIM
100
AcDbText
 10
1073.1508858893092
 20
752.0089937023804
 30
0.0
 40
8.8
  1
T2
  7
CJK
 72
1
 11
1073.1508858893092
 21
752.0089937023804
 31
0.0
100
AcDbText
 73
2
  0
CIRCLE
  5
5C3
330
17
100
AcDbEntity
  8
THIN
100
AcDbCircle
 10
1044.8216524216525
 20
569.6805348662144
 30
0.0
 40
3.2
  0
TEXT
  5
5C4
330
17
100
AcDbEntity
  8
DIM
100
AcDbText
 10
1033.468429366735
 20
558.4064794172957
 30
0.0
 40
8.8
  1
E1
  7
CJK
 72
1
 11
1033.468429366735
 21
558.4064794172957
 31
0.0
100
AcDbText
 73
2
  0
CIRCLE
  5
5C5
330
17
100
AcDbEntity
  8
THIN
100
AcDbCircle
 10
1204.8216524216525
 20
529.0971778082182
 30
0.0
 40
3.2
  0
TEXT
  5
5C6
330
17
100
AcDbEntity
  8
DIM
100
AcDbText
 10
1213.322499857712
 20
515.5422675219477
 30
0.0
 40
8.8
  1
E2
  7
CJK
 72
1
 11
1213.322499857712
 21
515.5422675219477
 31
0.0
100
AcDbText
 73
2
  0
DIMENSION
  5
5C7
330
17
100
AcDbEntity
  8
DIM
100
AcDbDimension
280
0
  2
*D64
  3
GB
 10
1124.8216524216525
 20
728.5527200056681
 30
0.0
 11
1214.6527542665358
 21
752.6228912002025
 31
0.0
 70
164
 71
5
  1
<>
100
AcDbRadialDimension
 15
1168.2883146046606
 25
740.1995770352815
 35
0.0
  0
TEXT
  5
5D2
330
17
100
AcDbEntity
  8
TEXT
100
AcDbText
 10
1044.8216524216525
 20
829.5526983746628
 30
0.0
 40
10.0
  1
底边随动臂顶板轮廓（含膝部 R36）；两耳内距 72
  7
CJK
 11
1044.8216524216525
 21
829.5526983746628
 31
0.0
100
AcDbText
 73
1
  0
TEXT
  5
5D3
330
17
100
AcDbEntity
  8
TEXT
100
AcDbText
 10
1044.8216524216525
 20
850.3526983746627
 30
0.0
 40
14.0
  1
B5 臂缸耳板  t16 ×2  Q355B  2.78kg/件
  7
CJK
 11
1044.8216524216525
 21
850.3526983746627
 31
0.0
100
AcDbText
 73
1
  0
TEXT
  5
5D4
330
17
100
AcDbEntity
  8
TEXT
100
AcDbText
 10
1396.8216524216525
 20
779.5526983746628
 30
0.0
 40
10.0
  1
坐标表（原点 Ø33孔中心，单位mm）
  7
CJK
 11
1396.8216524216525
 21
779.5526983746628
 31
0.0
100
AcDbText
 73
1
  0
LINE
  5
5D5
330
17
100
AcDbEntity
  8
THIN
100
AcDbLine
 10
1396.8216524216525
 20
773.5526983746628
 30
0.0
 11
1744.8216524216525
 21
773.5526983746628
 31
0.0
  0
TEXT
  5
5D6
330
17
100
AcDbEntity
  8
TEXT
100
AcDbText
 10
1401.6216524216525
 20
762.5526983746628
 30
0.0
 40
10.0
  1
点
  7
CJK
 11
1401.6216524216525
 21
762.5526983746628
 31
0.0
100
AcDbText
 73
2
  0
TEXT
  5
5D7
330
17
100
AcDbEntity
  8
TEXT
100
AcDbText
 10
1437.6216524216525
 20
762.5526983746628
 30
0.0
 40
10.0
  1
X
  7
CJK
 11
1437.6216524216525
 21
762.5526983746628
 31
0.0
100
AcDbText
 73
2
  0
TEXT
  5
5D8
330
17
100
AcDbEntity
  8
TEXT
100
AcDbText
 10
1505.6216524216525
 20
762.5526983746628
 30
0.0
 40
10.0
  1
Y
  7
CJK
 11
1505.6216524216525
 21
762.5526983746628
 31
0.0
100
AcDbText
 73
2
  0
TEXT
  5
5D9
330
17
100
AcDbEntity
  8
TEXT
100
AcDbText
 10
1573.6216524216525
 20
762.5526983746628
 30
0.0
 40
10.0
  1
说明
  7
CJK
 11
1573.6216524216525
 21
762.5526983746628
 31
0.0
100
AcDbText
 73
2
  0
LINE
  5
5DA
330
17
100
AcDbEntity
  8
THIN
100
AcDbLine
 10
1396.8216524216525
 20
751.5526983746628
 30
0.0
 11
1744.8216524216525
 21
751.5526983746628
 31
0.0
  0
TEXT
  5
5DB
330
17
100
AcDbEntity
  8
TEXT
100
AcDbText
 10
1401.6216524216525
 20
740.5526983746628
 30
0.0
 40
10.0
  1
C
  7
CJK
 11
1401.6216524216525
 21
740.5526983746628
 31
0.0
100
AcDbText
 73
2
  0
TEXT
  5
5DC
330
17
100
AcDbEntity
  8
TEXT
100
AcDbText
 10
1437.6216524216525
 20
740.5526983746628
 30
0.0
 40
10.0
  1
0
  7
CJK
 11
1437.6216524216525
 21
740.5526983746628
 31
0.0
100
AcDbText
 73
2
  0
TEXT
  5
5DD
330
17
100
AcDbEntity
  8
TEXT
100
AcDbText
 10
1505.6216524216525
 20
740.5526983746628
 30
0.0
 40
10.0
  1
0
  7
CJK
 11
1505.6216524216525
 21
740.5526983746628
 31
0.0
100
AcDbText
 73
2
  0
TEXT
  5
5DE
330
17
100
AcDbEntity
  8
TEXT
100
AcDbText
 10
1573.6216524216525
 20
740.5526983746628
 30
0.0
 40
10.0
  1
孔心 / R45 圆心
  7
CJK
 11
1573.6216524216525
 21
740.5526983746628
 31
0.0
100
AcDbText
 73
2
  0
LINE
  5
5DF
330
17
100
AcDbEntity
  8
THIN
100
AcDbLine
 10
1396.8216524216525
 20
729.5526983746628
 30
0.0
 11
1744.8216524216525
 21
729.5526983746628
 31
0.0
  0
TEXT
  5
5E0
330
17
100
AcDbEntity
  8
TEXT
100
AcDbText
 10
1401.6216524216525
 20
718.5526983746628
 30
0.0
 40
10.0
  1
T1
  7
CJK
 11
1401.6216524216525
 21
718.5526983746628
 31
0.0
100
AcDbText
 73
2
  0
TEXT
  5
5E1
330
17
100
AcDbEntity
  8
TEXT
100
AcDbText
 10
1437.6216524216525
 20
718.5526983746628
 30
0.0
 40
10.0
  1
44.3
  7
CJK
 11
1437.6216524216525
 21
718.5526983746628
 31
0.0
100
AcDbText
 73
2
  0
TEXT
  5
5E2
330
17
100
AcDbEntity
  8
TEXT
100
AcDbText
 10
1505.6216524216525
 20
718.5526983746628
 30
0.0
 40
10.0
  1
7.6
  7
CJK
 11
1505.6216524216525
 21
718.5526983746628
 31
0.0
100
AcDbText
 73
2
  0
TEXT
  5
5E3
330
17
100
AcDbEntity
  8
TEXT
100
AcDbText
 10
1573.6216524216525
 20
718.5526983746628
 30
0.0
 40
10.0
  1
R弧切点
  7
CJK
 11
1573.6216524216525
 21
718.5526983746628
 31
0.0
100
AcDbText
 73
2
  0
LINE
  5
5E4
330
17
100
AcDbEntity
  8
THIN
100
AcDbLine
 10
1396.8216524216525
 20
707.5526983746628
 30
0.0
 11
1744.8216524216525
 21
707.5526983746628
 31
0.0
  0
TEXT
  5
5E5
330
17
100
AcDbEntity
  8
TEXT
100
AcDbText
 10
1401.6216524216525
 20
696.5526983746628
 30
0.0
 40
10.0
  1
T2
  7
CJK
 11
1401.6216524216525
 21
696.5526983746628
 31
0.0
100
AcDbText
 73
2
  0
TEXT
  5
5E6
330
17
100
AcDbEntity
  8
TEXT
100
AcDbText
 10
1437.6216524216525
 20
696.5526983746628
 30
0.0
 40
10.0
  1
-44
  7
CJK
 11
1437.6216524216525
 21
696.5526983746628
 31
0.0
100
AcDbText
 73
2
  0
TEXT
  5
5E7
330
17
100
AcDbEntity
  8
TEXT
100
AcDbText
 10
1505.6216524216525
 20
696.5526983746628
 30
0.0
 40
10.0
  1
9.4
  7
CJK
 11
1505.6216524216525
 21
696.5526983746628
 31
0.0
100
AcDbText
 73
2
  0
TEXT
  5
5E8
330
17
100
AcDbEntity
  8
TEXT
100
AcDbText
 10
1573.6216524216525
 20
696.5526983746628
 30
0.0
 40
10.0
  1
R弧切点
  7
CJK
 11
1573.6216524216525
 21
696.5526983746628
 31
0.0
100
AcDbText
 73
2
  0
LINE
  5
5E9
330
17
100
AcDbEntity
  8
THIN
100
AcDbLine
 10
1396.8216524216525
 20
685.5526983746628
 30
0.0
 11
1744.8216524216525
 21
685.5526983746628
 31
0.0
  0
TEXT
  5
5EA
330
17
100
AcDbEntity
  8
TEXT
100
AcDbText
 10
1401.6216524216525
 20
674.5526983746628
 30
0.0
 40
10.0
  1
E1
  7
CJK
 11
1401.6216524216525
 21
674.5526983746628
 31
0.0
100
AcDbText
 73
2
  0
TEXT
  5
5EB
330
17
100
AcDbEntity
  8
TEXT
100
AcDbText
 10
1437.6216524216525
 20
674.5526983746628
 30
0.0
 40
10.0
  1
-80
  7
CJK
 11
1437.6216524216525
 21
674.5526983746628
 31
0.0
100
AcDbText
 73
2
  0
TEXT
  5
5EC
330
17
100
AcDbEntity
  8
TEXT
100
AcDbText
 10
1505.6216524216525
 20
674.5526983746628
 30
0.0
 40
10.0
  1
-158.9
  7
CJK
 11
1505.6216524216525
 21
674.5526983746628
 31
0.0
100
AcDbText
 73
2
  0
TEXT
  5
5ED
330
17
100
AcDbEntity
  8
TEXT
100
AcDbText
 10
1573.6216524216525
 20
674.5526983746628
 30
0.0
 40
10.0
  1
底边端点
  7
CJK
 11
1573.6216524216525
 21
674.5526983746628
 31
0.0
100
AcDbText
 73
2
  0
LINE
  5
5EE
330
17
100
AcDbEntity
  8
THIN
100
AcDbLine
 10
1396.8216524216525
 20
663.5526983746628
 30
0.0
 11
1744.8216524216525
 21
663.5526983746628
 31
0.0
  0
TEXT
  5
5EF
330
17
100
AcDbEntity
  8
TEXT
100
AcDbText
 10
1401.6216524216525
 20
652.5526983746628
 30
0.0
 40
10.0
  1
E2
  7
CJK
 11
1401.6216524216525
 21
652.5526983746628
 31
0.0
100
AcDbText
 73
2
  0
TEXT
  5
5F0
330
17
100
AcDbEntity
  8
TEXT
100
AcDbText
 10
1437.6216524216525
 20
652.5526983746628
 30
0.0
 40
10.0
  1
80
  7
CJK
 11
1437.6216524216525
 21
652.5526983746628
 31
0.0
100
AcDbText
 73
2
  0
TEXT
  5
5F1
330
17
100
AcDbEntity
  8
TEXT
100
AcDbText
 10
1505.6216524216525
 20
652.5526983746628
 30
0.0
 40
10.0
  1
-199.5
  7
CJK
 11
1505.6216524216525
 21
652.5526983746628
 31
0.0
100
AcDbText
 73
2
  0
TEXT
  5
5F2
330
17
100
AcDbEntity
  8
TEXT
100
AcDbText
 10
1573.6216524216525
 20
652.5526983746628
 30
0.0
 40
10.0
  1
底边端点
  7
CJK
 11
1573.6216524216525
 21
652.5526983746628
 31
0.0
100
AcDbText
 73
2
  0
LINE
  5
5F3
330
17
100
AcDbEntity
  8
THIN
100
AcDbLine
 10
1396.8216524216525
 20
641.5526983746628
 30
0.0
 11
1744.8216524216525
 21
641.5526983746628
 31
0.0
  0
LINE
  5
5F4
330
17
100
AcDbEntity
  8
THIN
100
AcDbLine
 10
1396.8216524216525
 20
773.5526983746628
 30
0.0
 11
1396.8216524216525
 21
641.5526983746628
 31
0.0
  0
LINE
  5
5F5
330
17
100
AcDbEntity
  8
THIN
100
AcDbLine
 10
1432.8216524216525
 20
773.5526983746628
 30
0.0
 11
1432.8216524216525
 21
641.5526983746628
 31
0.0
  0
LINE
  5
5F6
330
17
100
AcDbEntity
  8
THIN
100
AcDbLine
 10
1500.8216524216525
 20
773.5526983746628
 30
0.0
 11
1500.8216524216525
 21
641.5526983746628
 31
0.0
  0
LINE
  5
5F7
330
17
100
AcDbEntity
  8
THIN
100
AcDbLine
 10
1568.8216524216525
 20
773.5526983746628
 30
0.0
 11
1568.8216524216525
 21
641.5526983746628
 31
0.0
  0
LINE
  5
5F8
330
17
100
AcDbEntity
  8
THIN
100
AcDbLine
 10
1744.8216524216525
 20
773.5526983746628
 30
0.0
 11
1744.8216524216525
 21
641.5526983746628
 31
0.0
  0
LWPOLYLINE
  5
5F9
330
17
100
AcDbEntity
  8
OUTLINE
100
AcDbPolyline
 90
2
 70
1
 10
1838.1583469031875
 20
757.3526983746627
 42
1.0
 10
1928.1583469031875
 20
757.3526983746627
 42
1.0
  0
CIRCLE
  5
5FA
330
17
100
AcDbEntity
  8
OUTLINE
100
AcDbCircle
 10
1883.1583469031875
 20
757.3526983746627
 30
0.0
 40
16.5
  0
LINE
  5
5FB
330
17
100
AcDbEntity
  8
CENTER
100
AcDbLine
 10
1854.6583469031875
 20
757.3526983746627
 30
0.0
 11
1911.6583469031875
 21
757.3526983746627
 31
0.0
  0
LINE
  5
5FC
330
17
100
AcDbEntity
  8
CENTER
100
AcDbLine
 10
1883.1583469031875
 20
728.8526983746627
 30
0.0
 11
1883.1583469031875
 21
785.8526983746627
 31
0.0
  0
DIMENSION
  5
5FD
330
17
100
AcDbEntity
  8
DIM
100
AcDbDimension
280
0
  2
*D65
  3
GB
 10
1922.1294900734872
 20
779.8526983746627
 30
0.0
 11
1815.6652873461667
 21
727.8541066856951
 31
0.0
 70
35
 71
5
  1
<>
100
AcDbDiametricDimension
 15
1844.1872037328878
 25
734.8526983746627
 35
0.0
1001
ACAD
1000
DSTYLE
1002
{
1070
172
1070
1
1002
}
  0
DIMENSION
  5
60A
330
17
100
AcDbEntity
  8
DIM
100
AcDbDimension
280
0
  2
*D66
  3
GB
 10
1866.6583469031875
 20
676.3526983746627
 30
0.0
 11
1883.1583469031875
 21
690.5526983746628
 31
0.0
 70
32
 71
5
  1
Ø33 随侧板镗Ø35H9
100
AcDbAlignedDimension
 13
1866.6583469031875
 23
757.3526983746627
 33
0.0
 14
1899.6583469031875
 24
757.3526983746627
 34
0.0
 50
0.0
100
AcDbRotatedDimension
  0
TEXT
  5
619
330
17
100
AcDbEntity
  8
TEXT
100
AcDbText
 10
1838.1583469031875
 20
850.3526983746627
 30
0.0
 40
14.0
  1
B6 臂销端环板  t12 ×2  Q355B  0.52kg/件
  7
CJK
 11
1838.1583469031875
 21
850.3526983746627
 31
0.0
100
AcDbText
 73
1
  0
LINE
  5
61A
330
17
100
AcDbEntity
  8
THIN
100
AcDbLine
 10
3996.0
 20
200.0
 30
0.0
 11
4716.0
 21
200.0
 31
0.0
  0
TEXT
  5
61B
330
17
100
AcDbEntity
  8
TEXT
100
AcDbText
 10
4002.0
 20
184.0
 30
0.0
 40
12.0
  1
图名
  7
CJK
 11
4002.0
 21
184.0
 31
0.0
100
AcDbText
 73
2
  0
TEXT
  5
61C
330
17
100
AcDbEntity
  8
TEXT
100
AcDbText
 10
4102.0
 20
184.0
 30
0.0
 40
14.0
  1
动臂焊接总成
  7
CJK
 11
4102.0
 21
184.0
 31
0.0
100
AcDbText
 73
2
  0
TEXT
  5
61D
330
17
100
AcDbEntity
  8
TEXT
100
AcDbText
 10
4322.0
 20
184.0
 30
0.0
 40
12.0
  1
图号
  7
CJK
 11
4322.0
 21
184.0
 31
0.0
100
AcDbText
 73
2
  0
TEXT
  5
61E
330
17
100
AcDbEntity
  8
TEXT
100
AcDbText
 10
4422.0
 20
184.0
 30
0.0
 40
14.0
  1
U17C-03
  7
CJK
 11
4422.0
 21
184.0
 31
0.0
100
AcDbText
 73
2
  0
LINE
  5
61F
330
17
100
AcDbEntity
  8
THIN
100
AcDbLine
 10
3996.0
 20
168.0
 30
0.0
 11
4716.0
 21
168.0
 31
0.0
  0
TEXT
  5
620
330
17
100
AcDbEntity
  8
TEXT
100
AcDbText
 10
4002.0
 20
152.0
 30
0.0
 40
12.0
  1
材料
  7
CJK
 11
4002.0
 21
152.0
 31
0.0
100
AcDbText
 73
2
  0
TEXT
  5
621
330
17
100
AcDbEntity
  8
TEXT
100
AcDbText
 10
4102.0
 20
152.0
 30
0.0
 40
14.0
  1
Q355B（刃板 NM400）
  7
CJK
 11
4102.0
 21
152.0
 31
0.0
100
AcDbText
 73
2
  0
TEXT
  5
622
330
17
100
AcDbEntity
  8
TEXT
100
AcDbText
 10
4322.0
 20
152.0
 30
0.0
 40
12.0
  1
比例
  7
CJK
 11
4322.0
 21
152.0
 31
0.0
100
AcDbText
 73
2
  0
TEXT
  5
623
330
17
100
AcDbEntity
  8
TEXT
100
AcDbText
 10
4422.0
 20
152.0
 30
0.0
 40
14.0
  1
1:4
  7
CJK
 11
4422.0
 21
152.0
 31
0.0
100
AcDbText
 73
2
  0
LINE
  5
624
330
17
100
AcDbEntity
  8
THIN
100
AcDbLine
 10
3996.0
 20
136.0
 30
0.0
 11
4716.0
 21
136.0
 31
0.0
  0
TEXT
  5
625
330
17
100
AcDbEntity
  8
TEXT
100
AcDbText
 10
4002.0
 20
120.0
 30
0.0
 40
12.0
  1
焊接件重
  7
CJK
 11
4002.0
 21
120.0
 31
0.0
100
AcDbText
 73
2
  0
TEXT
  5
626
330
17
100
AcDbEntity
  8
TEXT
100
AcDbText
 10
4102.0
 20
120.0
 30
0.0
 40
14.0
  1
103.9 kg（不含外购件）
  7
CJK
 11
4102.0
 21
120.0
 31
0.0
100
AcDbText
 73
2
  0
TEXT
  5
627
330
17
100
AcDbEntity
  8
TEXT
100
AcDbText
 10
4322.0
 20
120.0
 30
0.0
 40
12.0
  1
图幅
  7
CJK
 11
4322.0
 21
120.0
 31
0.0
100
AcDbText
 73
2
  0
TEXT
  5
628
330
17
100
AcDbEntity
  8
TEXT
100
AcDbText
 10
4422.0
 20
120.0
 30
0.0
 40
14.0
  1
A0
  7
CJK
 11
4422.0
 21
120.0
 31
0.0
100
AcDbText
 73
2
  0
LINE
  5
629
330
17
100
AcDbEntity
  8
THIN
100
AcDbLine
 10
3996.0
 20
104.0
 30
0.0
 11
4716.0
 21
104.0
 31
0.0
  0
TEXT
  5
62A
330
17
100
AcDbEntity
  8
TEXT
100
AcDbText
 10
4002.0
 20
88.0
 30
0.0
 40
12.0
  1
设计
  7
CJK
 11
4002.0
 21
88.0
 31
0.0
100
AcDbText
 73
2
  0
TEXT
  5
62B
330
17
100
AcDbEntity
  8
TEXT
100
AcDbText
 10
4102.0
 20
88.0
 30
0.0
 40
14.0
  1
Claude 自主设计
  7
CJK
 11
4102.0
 21
88.0
 31
0.0
100
AcDbText
 73
2
  0
TEXT
  5
62C
330
17
100
AcDbEntity
  8
TEXT
100
AcDbText
 10
4322.0
 20
88.0
 30
0.0
 40
12.0
  1
日期
  7
CJK
 11
4322.0
 21
88.0
 31
0.0
100
AcDbText
 73
2
  0
TEXT
  5
62D
330
17
100
AcDbEntity
  8
TEXT
100
AcDbText
 10
4422.0
 20
88.0
 30
0.0
 40
14.0
  1
2026-09-24
  7
CJK
 11
4422.0
 21
88.0
 31
0.0
100
AcDbText
 73
2
  0
LINE
  5
62E
330
17
100
AcDbEntity
  8
THIN
100
AcDbLine
 10
3996.0
 20
72.0
 30
0.0
 11
4716.0
 21
72.0
 31
0.0
  0
TEXT
  5
62F
330
17
100
AcDbEntity
  8
TEXT
100
AcDbText
 10
4002.0
 20
56.0
 30
0.0
 40
12.0
  1
投影
  7
CJK
 11
4002.0
 21
56.0
 31
0.0
100
AcDbText
 73
2
  0
TEXT
  5
630
330
17
100
AcDbEntity
  8
TEXT
100
AcDbText
 10
4102.0
 20
56.0
 30
0.0
 40
14.0
  1
第一角画法
  7
CJK
 11
4102.0
 21
56.0
 31
0.0
100
AcDbText
 73
2
  0
TEXT
  5
631
330
17
100
AcDbEntity
  8
TEXT
100
AcDbText
 10
4322.0
 20
56.0
 30
0.0
 40
12.0
  1
张次
  7
CJK
 11
4322.0
 21
56.0
 31
0.0
100
AcDbText
 73
2
  0
TEXT
  5
632
330
17
100
AcDbEntity
  8
TEXT
100
AcDbText
 10
4422.0
 20
56.0
 30
0.0
 40
14.0
  1
第 3 张 共 3 张
  7
CJK
 11
4422.0
 21
56.0
 31
0.0
100
AcDbText
 73
2
  0
LINE
  5
633
330
17
100
AcDbEntity
  8
THIN
100
AcDbLine
 10
3996.0
 20
200.0
 30
0.0
 11
3996.0
 21
40.0
 31
0.0
  0
LINE
  5
634
330
17
100
AcDbEntity
  8
THIN
100
AcDbLine
 10
4096.0
 20
200.0
 30
0.0
 11
4096.0
 21
40.0
 31
0.0
  0
LINE
  5
635
330
17
100
AcDbEntity
  8
THIN
100
AcDbLine
 10
4316.0
 20
200.0
 30
0.0
 11
4316.0
 21
40.0
 31
0.0
  0
LINE
  5
636
330
17
100
AcDbEntity
  8
THIN
100
AcDbLine
 10
4416.0
 20
200.0
 30
0.0
 11
4416.0
 21
40.0
 31
0.0
  0
LINE
  5
637
330
17
100
AcDbEntity
  8
THIN
100
AcDbLine
 10
4716.0
 20
200.0
 30
0.0
 11
4716.0
 21
40.0
 31
0.0
  0
LWPOLYLINE
  5
638
330
17
100
AcDbEntity
  8
FRAME
100
AcDbPolyline
 90
4
 70
1
 10
3996.0
 20
40.0
 10
4716.0
 20
40.0
 10
4716.0
 20
200.0
 10
3996.0
 20
200.0
  0
LINE
  5
639
330
17
100
AcDbEntity
  8
THIN
100
AcDbLine
 10
3260.0
 20
248.0
 30
0.0
 11
3972.0
 21
248.0
 31
0.0
  0
TEXT
  5
63A
330
17
100
AcDbEntity
  8
TEXT
100
AcDbText
 10
3264.0
 20
235.0
 30
0.0
 40
10.0
  1
7
  7
CJK
 11
3264.0
 21
235.0
 31
0.0
100
AcDbText
 73
2
  0
TEXT
  5
63B
330
17
100
AcDbEntity
  8
TEXT
100
AcDbText
 10
3300.0
 20
235.0
 30
0.0
 40
10.0
  1
BT1
  7
CJK
 11
3300.0
 21
235.0
 31
0.0
100
AcDbText
 73
2
  0
TEXT
  5
63C
330
17
100
AcDbEntity
  8
TEXT
100
AcDbText
 10
3348.0
 20
235.0
 30
0.0
 40
10.0
  1
根部轴套 Ø70×117
  7
CJK
 11
3348.0
 21
235.0
 31
0.0
100
AcDbText
 73
2
  0
TEXT
  5
63D
330
17
100
AcDbEntity
  8
TEXT
100
AcDbText
 10
3492.0
 20
235.0
 30
0.0
 40
10.0
  1
1
  7
CJK
 11
3492.0
 21
235.0
 31
0.0
100
AcDbText
 73
2
  0
TEXT
  5
63E
330
17
100
AcDbEntity
  8
TEXT
100
AcDbText
 10
3528.0
 20
235.0
 30
0.0
 40
10.0
  1
45#无缝管
  7
CJK
 11
3528.0
 21
235.0
 31
0.0
100
AcDbText
 73
2
  0
TEXT
  5
63F
330
17
100
AcDbEntity
  8
TEXT
100
AcDbText
 10
3632.0
 20
235.0
 30
0.0
 40
10.0
  1
OD70 L117
  7
CJK
 11
3632.0
 21
235.0
 31
0.0
100
AcDbText
 73
2
  0
TEXT
  5
640
330
17
100
AcDbEntity
  8
TEXT
100
AcDbText
 10
3712.0
 20
235.0
 30
0.0
 40
10.0
  1
2.38
  7
CJK
 11
3712.0
 21
235.0
 31
0.0
100
AcDbText
 73
2
  0
TEXT
  5
641
330
17
100
AcDbEntity
  8
TEXT
100
AcDbText
 10
3772.0
 20
235.0
 30
0.0
 40
10.0
  1
2.38
  7
CJK
 11
3772.0
 21
235.0
 31
0.0
100
AcDbText
 73
2
  0
TEXT
  5
642
330
17
100
AcDbEntity
  8
TEXT
100
AcDbText
 10
3832.0
 20
235.0
 30
0.0
 40
10.0
  1
焊后镗Ø40H8
  7
CJK
 11
3832.0
 21
235.0
 31
0.0
100
AcDbText
 73
2
  0
LINE
  5
643
330
17
100
AcDbEntity
  8
THIN
100
AcDbLine
 10
3260.0
 20
222.0
 30
0.0
 11
3972.0
 21
222.0
 31
0.0
  0
TEXT
  5
644
330
17
100
AcDbEntity
  8
TEXT
100
AcDbText
 10
3264.0
 20
209.0
 30
0.0
 40
10.0
  1
6
  7
CJK
 11
3264.0
 21
209.0
 31
0.0
100
AcDbText
 73
2
  0
TEXT
  5
645
330
17
100
AcDbEntity
  8
TEXT
100
AcDbText
 10
3300.0
 20
209.0
 30
0.0
 40
10.0
  1
B6
  7
CJK
 11
3300.0
 21
209.0
 31
0.0
100
AcDbText
 73
2
  0
TEXT
  5
646
330
17
100
AcDbEntity
  8
TEXT
100
AcDbText
 10
3348.0
 20
209.0
 30
0.0
 40
10.0
  1
臂销端环板
  7
CJK
 11
3348.0
 21
209.0
 31
0.0
100
AcDbText
 73
2
  0
TEXT
  5
647
330
17
100
AcDbEntity
  8
TEXT
100
AcDbText
 10
3492.0
 20
209.0
 30
0.0
 40
10.0
  1
2
  7
CJK
 11
3492.0
 21
209.0
 31
0.0
100
AcDbText
 73
2
  0
TEXT
  5
648
330
17
100
AcDbEntity
  8
TEXT
100
AcDbText
 10
3528.0
 20
209.0
 30
0.0
 40
10.0
  1
Q355B
  7
CJK
 11
3528.0
 21
209.0
 31
0.0
100
AcDbText
 73
2
  0
TEXT
  5
649
330
17
100
AcDbEntity
  8
TEXT
100
AcDbText
 10
3632.0
 20
209.0
 30
0.0
 40
10.0
  1
t12
  7
CJK
 11
3632.0
 21
209.0
 31
0.0
100
AcDbText
 73
2
  0
TEXT
  5
64A
330
17
100
AcDbEntity
  8
TEXT
100
AcDbText
 10
3712.0
 20
209.0
 30
0.0
 40
10.0
  1
0.52
  7
CJK
 11
3712.0
 21
209.0
 31
0.0
100
AcDbText
 73
2
  0
TEXT
  5
64B
330
17
100
AcDbEntity
  8
TEXT
100
AcDbText
 10
3772.0
 20
209.0
 30
0.0
 40
10.0
  1
1.04
  7
CJK
 11
3772.0
 21
209.0
 31
0.0
100
AcDbText
 73
2
  0
TEXT
  5
64C
330
17
100
AcDbEntity
  8
TEXT
100
AcDbText
 10
3832.0
 20
209.0
 30
0.0
 40
10.0
  1
激光切割
  7
CJK
 11
3832.0
 21
209.0
 31
0.0
100
AcDbText
 73
2
  0
LINE
  5
64D
330
17
100
AcDbEntity
  8
THIN
100
AcDbLine
 10
3260.0
 20
196.0
 30
0.0
 11
3972.0
 21
196.0
 31
0.0
  0
TEXT
  5
64E
330
17
100
AcDbEntity
  8
TEXT
100
AcDbText
 10
3264.0
 20
183.0
 30
0.0
 40
10.0
  1
5
  7
CJK
 11
3264.0
 21
183.0
 31
0.0
100
AcDbText
 73
2
  0
TEXT
  5
64F
330
17
100
AcDbEntity
  8
TEXT
100
AcDbText
 10
3300.0
 20
183.0
 30
0.0
 40
10.0
  1
B5
  7
CJK
 11
3300.0
 21
183.0
 31
0.0
100
AcDbText
 73
2
  0
TEXT
  5
650
330
17
100
AcDbEntity
  8
TEXT
100
AcDbText
 10
3348.0
 20
183.0
 30
0.0
 40
10.0
  1
臂缸耳板
  7
CJK
 11
3348.0
 21
183.0
 31
0.0
100
AcDbText
 73
2
  0
TEXT
  5
651
330
17
100
AcDbEntity
  8
TEXT
100
AcDbText
 10
3492.0
 20
183.0
 30
0.0
 40
10.0
  1
2
  7
CJK
 11
3492.0
 21
183.0
 31
0.0
100
AcDbText
 73
2
  0
TEXT
  5
652
330
17
100
AcDbEntity
  8
TEXT
100
AcDbText
 10
3528.0
 20
183.0
 30
0.0
 40
10.0
  1
Q355B
  7
CJK
 11
3528.0
 21
183.0
 31
0.0
100
AcDbText
 73
2
  0
TEXT
  5
653
330
17
100
AcDbEntity
  8
TEXT
100
AcDbText
 10
3632.0
 20
183.0
 30
0.0
 40
10.0
  1
t16
  7
CJK
 11
3632.0
 21
183.0
 31
0.0
100
AcDbText
 73
2
  0
TEXT
  5
654
330
17
100
AcDbEntity
  8
TEXT
100
AcDbText
 10
3712.0
 20
183.0
 30
0.0
 40
10.0
  1
2.78
  7
CJK
 11
3712.0
 21
183.0
 31
0.0
100
AcDbText
 73
2
  0
TEXT
  5
655
330
17
100
AcDbEntity
  8
TEXT
100
AcDbText
 10
3772.0
 20
183.0
 30
0.0
 40
10.0
  1
5.56
  7
CJK
 11
3772.0
 21
183.0
 31
0.0
100
AcDbText
 73
2
  0
TEXT
  5
656
330
17
100
AcDbEntity
  8
TEXT
100
AcDbText
 10
3832.0
 20
183.0
 30
0.0
 40
10.0
  1
激光切割
  7
CJK
 11
3832.0
 21
183.0
 31
0.0
100
AcDbText
 73
2
  0
LINE
  5
657
330
17
100
AcDbEntity
  8
THIN
100
AcDbLine
 10
3260.0
 20
170.0
 30
0.0
 11
3972.0
 21
170.0
 31
0.0
  0
TEXT
  5
658
330
17
100
AcDbEntity
  8
TEXT
100
AcDbText
 10
3264.0
 20
157.0
 30
0.0
 40
10.0
  1
4
  7
CJK
 11
3264.0
 21
157.0
 31
0.0
100
AcDbText
 73
2
  0
TEXT
  5
659
330
17
100
AcDbEntity
  8
TEXT
100
AcDbText
 10
3300.0
 20
157.0
 30
0.0
 40
10.0
  1
B4
  7
CJK
 11
3300.0
 21
157.0
 31
0.0
100
AcDbText
 73
2
  0
TEXT
  5
65A
330
17
100
AcDbEntity
  8
TEXT
100
AcDbText
 10
3348.0
 20
157.0
 30
0.0
 40
10.0
  1
动臂缸耳板
  7
CJK
 11
3348.0
 21
157.0
 31
0.0
100
AcDbText
 73
2
  0
TEXT
  5
65B
330
17
100
AcDbEntity
  8
TEXT
100
AcDbText
 10
3492.0
 20
157.0
 30
0.0
 40
10.0
  1
2
  7
CJK
 11
3492.0
 21
157.0
 31
0.0
100
AcDbText
 73
2
  0
TEXT
  5
65C
330
17
100
AcDbEntity
  8
TEXT
100
AcDbText
 10
3528.0
 20
157.0
 30
0.0
 40
10.0
  1
Q355B
  7
CJK
 11
3528.0
 21
157.0
 31
0.0
100
AcDbText
 73
2
  0
TEXT
  5
65D
330
17
100
AcDbEntity
  8
TEXT
100
AcDbText
 10
3632.0
 20
157.0
 30
0.0
 40
10.0
  1
t16
  7
CJK
 11
3632.0
 21
157.0
 31
0.0
100
AcDbText
 73
2
  0
TEXT
  5
65E
330
17
100
AcDbEntity
  8
TEXT
100
AcDbText
 10
3712.0
 20
157.0
 30
0.0
 40
10.0
  1
1.33
  7
CJK
 11
3712.0
 21
157.0
 31
0.0
100
AcDbText
 73
2
  0
TEXT
  5
65F
330
17
100
AcDbEntity
  8
TEXT
100
AcDbText
 10
3772.0
 20
157.0
 30
0.0
 40
10.0
  1
2.66
  7
CJK
 11
3772.0
 21
157.0
 31
0.0
100
AcDbText
 73
2
  0
TEXT
  5
660
330
17
100
AcDbEntity
  8
TEXT
100
AcDbText
 10
3832.0
 20
157.0
 30
0.0
 40
10.0
  1
激光切割
  7
CJK
 11
3832.0
 21
157.0
 31
0.0
100
AcDbText
 73
2
  0
LINE
  5
661
330
17
100
AcDbEntity
  8
THIN
100
AcDbLine
 10
3260.0
 20
144.0
 30
0.0
 11
3972.0
 21
144.0
 31
0.0
  0
TEXT
  5
662
330
17
100
AcDbEntity
  8
TEXT
100
AcDbText
 10
3264.0
 20
131.0
 30
0.0
 40
10.0
  1
3
  7
CJK
 11
3264.0
 21
131.0
 31
0.0
100
AcDbText
 73
2
  0
TEXT
  5
663
330
17
100
AcDbEntity
  8
TEXT
100
AcDbText
 10
3300.0
 20
131.0
 30
0.0
 40
10.0
  1
B3
  7
CJK
 11
3300.0
 21
131.0
 31
0.0
100
AcDbText
 73
2
  0
TEXT
  5
664
330
17
100
AcDbEntity
  8
TEXT
100
AcDbText
 10
3348.0
 20
131.0
 30
0.0
 40
10.0
  1
动臂底板(腹板)
  7
CJK
 11
3348.0
 21
131.0
 31
0.0
100
AcDbText
 73
2
  0
TEXT
  5
665
330
17
100
AcDbEntity
  8
TEXT
100
AcDbText
 10
3492.0
 20
131.0
 30
0.0
 40
10.0
  1
1
  7
CJK
 11
3492.0
 21
131.0
 31
0.0
100
AcDbText
 73
2
  0
TEXT
  5
666
330
17
100
AcDbEntity
  8
TEXT
100
AcDbText
 10
3528.0
 20
131.0
 30
0.0
 40
10.0
  1
Q355B
  7
CJK
 11
3528.0
 21
131.0
 31
0.0
100
AcDbText
 73
2
  0
TEXT
  5
667
330
17
100
AcDbEntity
  8
TEXT
100
AcDbText
 10
3632.0
 20
131.0
 30
0.0
 40
10.0
  1
t12
  7
CJK
 11
3632.0
 21
131.0
 31
0.0
100
AcDbText
 73
2
  0
TEXT
  5
668
330
17
100
AcDbEntity
  8
TEXT
100
AcDbText
 10
3712.0
 20
131.0
 30
0.0
 40
10.0
  1
17.21
  7
CJK
 11
3712.0
 21
131.0
 31
0.0
100
AcDbText
 73
2
  0
TEXT
  5
669
330
17
100
AcDbEntity
  8
TEXT
100
AcDbText
 10
3772.0
 20
131.0
 30
0.0
 40
10.0
  1
17.21
  7
CJK
 11
3772.0
 21
131.0
 31
0.0
100
AcDbText
 73
2
  0
TEXT
  5
66A
330
17
100
AcDbEntity
  8
TEXT
100
AcDbText
 10
3832.0
 20
131.0
 30
0.0
 40
10.0
  1
激光切割
  7
CJK
 11
3832.0
 21
131.0
 31
0.0
100
AcDbText
 73
2
  0
LINE
  5
66B
330
17
100
AcDbEntity
  8
THIN
100
AcDbLine
 10
3260.0
 20
118.0
 30
0.0
 11
3972.0
 21
118.0
 31
0.0
  0
TEXT
  5
66C
330
17
100
AcDbEntity
  8
TEXT
100
AcDbText
 10
3264.0
 20
105.0
 30
0.0
 40
10.0
  1
2
  7
CJK
 11
3264.0
 21
105.0
 31
0.0
100
AcDbText
 73
2
  0
TEXT
  5
66D
330
17
100
AcDbEntity
  8
TEXT
100
AcDbText
 10
3300.0
 20
105.0
 30
0.0
 40
10.0
  1
B2
  7
CJK
 11
3300.0
 21
105.0
 31
0.0
100
AcDbText
 73
2
  0
TEXT
  5
66E
330
17
100
AcDbEntity
  8
TEXT
100
AcDbText
 10
3348.0
 20
105.0
 30
0.0
 40
10.0
  1
动臂顶板
  7
CJK
 11
3348.0
 21
105.0
 31
0.0
100
AcDbText
 73
2
  0
TEXT
  5
66F
330
17
100
AcDbEntity
  8
TEXT
100
AcDbText
 10
3492.0
 20
105.0
 30
0.0
 40
10.0
  1
1
  7
CJK
 11
3492.0
 21
105.0
 31
0.0
100
AcDbText
 73
2
  0
TEXT
  5
670
330
17
100
AcDbEntity
  8
TEXT
100
AcDbText
 10
3528.0
 20
105.0
 30
0.0
 40
10.0
  1
Q355B
  7
CJK
 11
3528.0
 21
105.0
 31
0.0
100
AcDbText
 73
2
  0
TEXT
  5
671
330
17
100
AcDbEntity
  8
TEXT
100
AcDbText
 10
3632.0
 20
105.0
 30
0.0
 40
10.0
  1
t12
  7
CJK
 11
3632.0
 21
105.0
 31
0.0
100
AcDbText
 73
2
  0
TEXT
  5
672
330
17
100
AcDbEntity
  8
TEXT
100
AcDbText
 10
3712.0
 20
105.0
 30
0.0
 40
10.0
  1
18.90
  7
CJK
 11
3712.0
 21
105.0
 31
0.0
100
AcDbText
 73
2
  0
TEXT
  5
673
330
17
100
AcDbEntity
  8
TEXT
100
AcDbText
 10
3772.0
 20
105.0
 30
0.0
 40
10.0
  1
18.90
  7
CJK
 11
3772.0
 21
105.0
 31
0.0
100
AcDbText
 73
2
  0
TEXT
  5
674
330
17
100
AcDbEntity
  8
TEXT
100
AcDbText
 10
3832.0
 20
105.0
 30
0.0
 40
10.0
  1
激光切割
  7
CJK
 11
3832.0
 21
105.0
 31
0.0
100
AcDbText
 73
2
  0
LINE
  5
675
330
17
100
AcDbEntity
  8
THIN
100
AcDbLine
 10
3260.0
 20
92.0
 30
0.0
 11
3972.0
 21
92.0
 31
0.0
  0
TEXT
  5
676
330
17
100
AcDbEntity
  8
TEXT
100
AcDbText
 10
3264.0
 20
79.0
 30
0.0
 40
10.0
  1
1
  7
CJK
 11
3264.0
 21
79.0
 31
0.0
100
AcDbText
 73
2
  0
TEXT
  5
677
330
17
100
AcDbEntity
  8
TEXT
100
AcDbText
 10
3300.0
 20
79.0
 30
0.0
 40
10.0
  1
B1
  7
CJK
 11
3300.0
 21
79.0
 31
0.0
100
AcDbText
 73
2
  0
TEXT
  5
678
330
17
100
AcDbEntity
  8
TEXT
100
AcDbText
 10
3348.0
 20
79.0
 30
0.0
 40
10.0
  1
动臂侧板
  7
CJK
 11
3348.0
 21
79.0
 31
0.0
100
AcDbText
 73
2
  0
TEXT
  5
679
330
17
100
AcDbEntity
  8
TEXT
100
AcDbText
 10
3492.0
 20
79.0
 30
0.0
 40
10.0
  1
2
  7
CJK
 11
3492.0
 21
79.0
 31
0.0
100
AcDbText
 73
2
  0
TEXT
  5
67A
330
17
100
AcDbEntity
  8
TEXT
100
AcDbText
 10
3528.0
 20
79.0
 30
0.0
 40
10.0
  1
Q355B
  7
CJK
 11
3528.0
 21
79.0
 31
0.0
100
AcDbText
 73
2
  0
TEXT
  5
67B
330
17
100
AcDbEntity
  8
TEXT
100
AcDbText
 10
3632.0
 20
79.0
 30
0.0
 40
10.0
  1
t10
  7
CJK
 11
3632.0
 21
79.0
 31
0.0
100
AcDbText
 73
2
  0
TEXT
  5
67C
330
17
100
AcDbEntity
  8
TEXT
100
AcDbText
 10
3712.0
 20
79.0
 30
0.0
 40
10.0
  1
28.09
  7
CJK
 11
3712.0
 21
79.0
 31
0.0
100
AcDbText
 73
2
  0
TEXT
  5
67D
330
17
100
AcDbEntity
  8
TEXT
100
AcDbText
 10
3772.0
 20
79.0
 30
0.0
 40
10.0
  1
56.18
  7
CJK
 11
3772.0
 21
79.0
 31
0.0
100
AcDbText
 73
2
  0
TEXT
  5
67E
330
17
100
AcDbEntity
  8
TEXT
100
AcDbText
 10
3832.0
 20
79.0
 30
0.0
 40
10.0
  1
激光切割
  7
CJK
 11
3832.0
 21
79.0
 31
0.0
100
AcDbText
 73
2
  0
LINE
  5
67F
330
17
100
AcDbEntity
  8
THIN
100
AcDbLine
 10
3260.0
 20
66.0
 30
0.0
 11
3972.0
 21
66.0
 31
0.0
  0
TEXT
  5
680
330
17
100
AcDbEntity
  8
TEXT
100
AcDbText
 10
3264.0
 20
53.0
 30
0.0
 40
10.0
  1
序号
  7
CJK
 11
3264.0
 21
53.0
 31
0.0
100
AcDbText
 73
2
  0
TEXT
  5
681
330
17
100
AcDbEntity
  8
TEXT
100
AcDbText
 10
3300.0
 20
53.0
 30
0.0
 40
10.0
  1
代号
  7
CJK
 11
3300.0
 21
53.0
 31
0.0
100
AcDbText
 73
2
  0
TEXT
  5
682
330
17
100
AcDbEntity
  8
TEXT
100
AcDbText
 10
3348.0
 20
53.0
 30
0.0
 40
10.0
  1
名称
  7
CJK
 11
3348.0
 21
53.0
 31
0.0
100
AcDbText
 73
2
  0
TEXT
  5
683
330
17
100
AcDbEntity
  8
TEXT
100
AcDbText
 10
3492.0
 20
53.0
 30
0.0
 40
10.0
  1
数量
  7
CJK
 11
3492.0
 21
53.0
 31
0.0
100
AcDbText
 73
2
  0
TEXT
  5
684
330
17
100
AcDbEntity
  8
TEXT
100
AcDbText
 10
3528.0
 20
53.0
 30
0.0
 40
10.0
  1
材料
  7
CJK
 11
3528.0
 21
53.0
 31
0.0
100
AcDbText
 73
2
  0
TEXT
  5
685
330
17
100
AcDbEntity
  8
TEXT
100
AcDbText
 10
3632.0
 20
53.0
 30
0.0
 40
10.0
  1
厚度
  7
CJK
 11
3632.0
 21
53.0
 31
0.0
100
AcDbText
 73
2
  0
TEXT
  5
686
330
17
100
AcDbEntity
  8
TEXT
100
AcDbText
 10
3712.0
 20
53.0
 30
0.0
 40
10.0
  1
单重kg
  7
CJK
 11
3712.0
 21
53.0
 31
0.0
100
AcDbText
 73
2
  0
TEXT
  5
687
330
17
100
AcDbEntity
  8
TEXT
100
AcDbText
 10
3772.0
 20
53.0
 30
0.0
 40
10.0
  1
总重kg
  7
CJK
 11
3772.0
 21
53.0
 31
0.0
100
AcDbText
 73
2
  0
TEXT
  5
688
330
17
100
AcDbEntity
  8
TEXT
100
AcDbText
 10
3832.0
 20
53.0
 30
0.0
 40
10.0
  1
备注
  7
CJK
 11
3832.0
 21
53.0
 31
0.0
100
AcDbText
 73
2
  0
LINE
  5
689
330
17
100
AcDbEntity
  8
THIN
100
AcDbLine
 10
3260.0
 20
40.0
 30
0.0
 11
3972.0
 21
40.0
 31
0.0
  0
LINE
  5
68A
330
17
100
AcDbEntity
  8
THIN
100
AcDbLine
 10
3260.0
 20
248.0
 30
0.0
 11
3260.0
 21
40.0
 31
0.0
  0
LINE
  5
68B
330
17
100
AcDbEntity
  8
THIN
100
AcDbLine
 10
3296.0
 20
248.0
 30
0.0
 11
3296.0
 21
40.0
 31
0.0
  0
LINE
  5
68C
330
17
100
AcDbEntity
  8
THIN
100
AcDbLine
 10
3344.0
 20
248.0
 30
0.0
 11
3344.0
 21
40.0
 31
0.0
  0
LINE
  5
68D
330
17
100
AcDbEntity
  8
THIN
100
AcDbLine
 10
3488.0
 20
248.0
 30
0.0
 11
3488.0
 21
40.0
 31
0.0
  0
LINE
  5
68E
330
17
100
AcDbEntity
  8
THIN
100
AcDbLine
 10
3524.0
 20
248.0
 30
0.0
 11
3524.0
 21
40.0
 31
0.0
  0
LINE
  5
68F
330
17
100
AcDbEntity
  8
THIN
100
AcDbLine
 10
3628.0
 20
248.0
 30
0.0
 11
3628.0
 21
40.0
 31
0.0
  0
LINE
  5
690
330
17
100
AcDbEntity
  8
THIN
100
AcDbLine
 10
3708.0
 20
248.0
 30
0.0
 11
3708.0
 21
40.0
 31
0.0
  0
LINE
  5
691
330
17
100
AcDbEntity
  8
THIN
100
AcDbLine
 10
3768.0
 20
248.0
 30
0.0
 11
3768.0
 21
40.0
 31
0.0
  0
LINE
  5
692
330
17
100
AcDbEntity
  8
THIN
100
AcDbLine
 10
3828.0
 20
248.0
 30
0.0
 11
3828.0
 21
40.0
 31
0.0
  0
LINE
  5
693
330
17
100
AcDbEntity
  8
THIN
100
AcDbLine
 10
3972.0
 20
248.0
 30
0.0
 11
3972.0
 21
40.0
 31
0.0
  0
TEXT
  5
694
330
17
100
AcDbEntity
  8
TEXT
100
AcDbText
 10
3260.0
 20
254.0
 30
0.0
 40
14.0
  1
明细栏
  7
CJK
 11
3260.0
 21
254.0
 31
0.0
100
AcDbText
 73
1
  0
TEXT
  5
695
330
17
100
AcDbEntity
  8
TEXT
100
AcDbText
 10
132.0
 20
251.2
 30
0.0
 40
12.8
  1
技术要求：
  7
CJK
 11
132.0
 21
251.2
 31
0.0
100
AcDbText
 73
1
  0
TEXT
  5
696
330
17
100
AcDbEntity
  8
TEXT
100
AcDbText
 10
132.0
 20
230.4
 30
0.0
 40
11.2
  1
1. 材料 Q355B（刃板推荐 NM400）；激光切割，切割面去毛刺、锐边倒钝 C1。
  7
CJK
 11
132.0
 21
230.4
 31
0.0
100
AcDbText
 73
1
  0
TEXT
  5
697
330
17
100
AcDbEntity
  8
TEXT
100
AcDbText
 10
132.0
 20
209.6
 30
0.0
 40
11.2
  1
2. 组焊前先点焊定位，检查销孔同轴、两侧板平行后再满焊；焊脚高 ≥ 0.7×较薄板厚，连续焊，无咬边气孔。
  7
CJK
 11
132.0
 21
209.6
 31
0.0
100
AcDbText
 73
1
  0
TEXT
  5
698
330
17
100
AcDbEntity
  8
TEXT
100
AcDbText
 10
132.0
 20
188.8
 30
0.0
 40
11.2
  1
3. 所有销孔（标注“焊后镗”者）预留余量，整体焊接、消应力后一次线镗至图示精度，保证两侧同轴。
  7
CJK
 11
132.0
 21
188.8
 31
0.0
100
AcDbText
 73
1
  0
TEXT
  5
699
330
17
100
AcDbEntity
  8
TEXT
100
AcDbText
 10
132.0
 20
168.0
 30
0.0
 40
11.2
  1
4. 未注线性尺寸公差按 GB/T 1804-m；未注形位公差按 GB/T 1184-K。
  7
CJK
 11
132.0
 21
168.0
 31
0.0
100
AcDbText
 73
1
  0
TEXT
  5
69A
330
17
100
AcDbEntity
  8
TEXT
100
AcDbText
 10
132.0
 20
147.2
 30
0.0
 40
11.2
  1
5. 本图为按公开参数推算的自主设计，非原厂图纸；承力件上机前须由结构工程师复核强度与焊缝。
  7
CJK
 11
132.0
 21
147.2
 31
0.0
100
AcDbText
 73
1
  0
TEXT
  5
69B
330
17
100
AcDbEntity
  8
TEXT
100
AcDbText
 10
132.0
 20
126.4
 30
0.0
 40
11.2
  1
6. 顶板 B2、底板 B3 为整板压弯（顶 54.3°、底 45.9°，内 R24），压弯后与侧板对合再施焊。
  7
CJK
 11
132.0
 21
126.4
 31
0.0
100
AcDbText
 73
1
  0
ENDSEC
  0
SECTION
  2
OBJECTS
  0
DICTIONARY
  5
A
330
0
100
AcDbDictionary
281
1
  3
ACAD_COLOR
350
B
  3
ACAD_GROUP
350
C
  3
ACAD_LAYOUT
350
D
  3
ACAD_MATERIAL
350
E
  3
ACAD_MLEADERSTYLE
350
F
  3
ACAD_MLINESTYLE
350
10
  3
ACAD_PLOTSETTINGS
350
11
  3
ACAD_PLOTSTYLENAME
350
12
  3
ACAD_SCALELIST
350
14
  3
ACAD_TABLESTYLE
350
15
  3
ACAD_VISUALSTYLE
350
16
  3
EZDXF_META
350
2D
  0
DICTIONARY
  5
B
330
A
100
AcDbDictionary
281
1
  0
DICTIONARY
  5
C
330
A
100
AcDbDictionary
281
1
  0
DICTIONARY
  5
D
330
A
100
AcDbDictionary
281
1
  3
Model
350
1A
  3
Layout1
350
1E
  0
DICTIONARY
  5
E
330
A
100
AcDbDictionary
281
1
  3
ByBlock
350
1F
  3
ByLayer
350
20
  3
Global
350
21
  0
DICTIONARY
  5
F
330
A
100
AcDbDictionary
281
1
  3
Standard
350
2C
  0
DICTIONARY
  5
10
330
A
100
AcDbDictionary
281
1
  3
Standard
350
22
  0
DICTIONARY
  5
11
330
A
100
AcDbDictionary
281
1
  0
ACDBDICTIONARYWDFLT
  5
12
330
A
100
AcDbDictionary
281
1
  3
Normal
350
13
100
AcDbDictionaryWithDefault
340
13
  0
ACDBPLACEHOLDER
  5
13
330
12
  0
DICTIONARY
  5
14
330
A
100
AcDbDictionary
281
1
  0
DICTIONARY
  5
15
330
A
100
AcDbDictionary
281
1
  0
DICTIONARY
  5
16
330
A
100
AcDbDictionary
281
1
  3
2dWireframe
350
5A
  3
Basic
350
5B
  3
Brighten
350
5C
  3
ColorChange
350
5D
  3
Conceptual
350
5E
  3
Dim
350
5F
  3
EdgeColorOff
350
60
  3
Facepattern
350
61
  3
Flat
350
62
  3
FlatWithEdges
350
63
  3
Gouraud
350
64
  3
GouraudWithEdges
350
65
  3
Hidden
350
66
  3
JitterOff
350
67
  3
Linepattern
350
68
  3
Modeling
350
69
  3
OverhangOff
350
6A
  3
Realistic
350
6B
  3
Shaded
350
6C
  3
Shaded with edges
350
6D
  3
Shades of Gray
350
6E
  3
Sketchy
350
6F
  3
Thicken
350
70
  3
Wireframe
350
71
  3
X-Ray
350
72
  0
LAYOUT
  5
1A
330
D
100
AcDbPlotSettings
  1

  4
A3
  6

 40
7.5
 41
20.0
 42
7.5
 43
20.0
 44
420.0
 45
297.0
 46
0.0
 47
0.0
 48
0.0
 49
0.0
140
0.0
141
0.0
142
1.0
143
1.0
 70
1024
 72
1
 73
0
 74
5
  7

 75
16
 76
0
 77
2
 78
300
147
1.0
148
0.0
149
0.0
100
AcDbLayout
  1
Model
 70
1
 71
0
 10
0.0
 20
0.0
 11
420.0
 21
297.0
 12
0.0
 22
0.0
 32
0.0
 14
1e+20
 24
1e+20
 34
1e+20
 15
-1e+20
 25
-1e+20
 35
-1e+20
146
0.0
 13
0.0
 23
0.0
 33
0.0
 16
1.0
 26
0.0
 36
0.0
 17
0.0
 27
1.0
 37
0.0
 76
1
330
17
  0
LAYOUT
  5
1E
330
D
100
AcDbPlotSettings
  1

  4
A3
  6

 40
7.5
 41
20.0
 42
7.5
 43
20.0
 44
420.0
 45
297.0
 46
0.0
 47
0.0
 48
0.0
 49
0.0
140
0.0
141
0.0
142
1.0
143
1.0
 70
0
 72
1
 73
0
 74
5
  7

 75
16
 76
0
 77
2
 78
300
147
1.0
148
0.0
149
0.0
100
AcDbLayout
  1
Layout1
 70
1
 71
1
 10
0.0
 20
0.0
 11
420.0
 21
297.0
 12
0.0
 22
0.0
 32
0.0
 14
1e+20
 24
1e+20
 34
1e+20
 15
-1e+20
 25
-1e+20
 35
-1e+20
146
0.0
 13
0.0
 23
0.0
 33
0.0
 16
1.0
 26
0.0
 36
0.0
 17
0.0
 27
1.0
 37
0.0
 76
1
330
1B
  0
MATERIAL
  5
1F
102
{ACAD_REACTORS
330
E
102
}
330
E
100
AcDbMaterial
  1
ByBlock
  2

 70
0
 40
1.0
 71
1
 41
1.0
 91
-1023410177
 42
1.0
 72
1
  3

 73
1
 74
1
 75
1
 44
0.5
 73
0
 45
1.0
 46
1.0
 77
1
  4

 78
1
 79
1
170
1
 48
1.0
171
1
  6

172
1
173
1
174
1
140
1.0
141
1.0
175
1
  7

176
1
177
1
178
1
143
1.0
179
1
  8

270
1
271
1
272
1
145
1.0
146
1.0
273
1
  9

274
1
275
1
276
1
 42
1.0
 72
1
  3

 73
1
 74
1
 75
1
 94
63
  0
MATERIAL
  5
20
102
{ACAD_REACTORS
330
E
102
}
330
E
100
AcDbMaterial
  1
ByLayer
  2

 70
0
 40
1.0
 71
1
 41
1.0
 91
-1023410177
 42
1.0
 72
1
  3

 73
1
 74
1
 75
1
 44
0.5
 73
0
 45
1.0
 46
1.0
 77
1
  4

 78
1
 79
1
170
1
 48
1.0
171
1
  6

172
1
173
1
174
1
140
1.0
141
1.0
175
1
  7

176
1
177
1
178
1
143
1.0
179
1
  8

270
1
271
1
272
1
145
1.0
146
1.0
273
1
  9

274
1
275
1
276
1
 42
1.0
 72
1
  3

 73
1
 74
1
 75
1
 94
63
  0
MATERIAL
  5
21
102
{ACAD_REACTORS
330
E
102
}
330
E
100
AcDbMaterial
  1
Global
  2

 70
0
 40
1.0
 71
1
 41
1.0
 91
-1023410177
 42
1.0
 72
1
  3

 73
1
 74
1
 75
1
 44
0.5
 73
0
 45
1.0
 46
1.0
 77
1
  4

 78
1
 79
1
170
1
 48
1.0
171
1
  6

172
1
173
1
174
1
140
1.0
141
1.0
175
1
  7

176
1
177
1
178
1
143
1.0
179
1
  8

270
1
271
1
272
1
145
1.0
146
1.0
273
1
  9

274
1
275
1
276
1
 42
1.0
 72
1
  3

 73
1
 74
1
 75
1
 94
63
  0
MLINESTYLE
  5
22
102
{ACAD_REACTORS
330
10
102
}
330
10
100
AcDbMlineStyle
  2
Standard
 70
0
  3

 62
256
 51
90.0
 52
90.0
 71
2
 49
0.5
 62
256
  6
BYLAYER
 49
-0.5
 62
256
  6
BYLAYER
  0
MLEADERSTYLE
  5
2C
102
{ACAD_REACTORS
330
F
102
}
330
F
100
AcDbMLeaderStyle
179
2
170
2
171
1
172
0
 90
2
 40
0.0
 41
0.0
173
1
 91
-1056964608
 92
-2
290
1
 42
2.0
291
1
 43
8.0
  3
Standard
 44
4.0
300

342
29
174
1
175
1
176
0
178
1
 93
-1056964608
 45
4.0
292
0
297
0
 46
4.0
 94
-1056964608
 47
1.0
 49
1.0
140
1.0
294
1
141
0.0
177
0
142
1.0
295
0
296
0
143
3.75
271
0
272
9
273
9
  0
DICTIONARY
  5
2D
330
A
100
AcDbDictionary
280
1
281
1
  3
CREATED_BY_EZDXF
350
2E
  3
WRITTEN_BY_EZDXF
350
69E
  0
DICTIONARYVAR
  5
2E
330
2D
100
DictionaryVariables
280
0
  1
1.4.4 @ 2026-09-24T23:08:23.299268+00:00
  0
VISUALSTYLE
  5
5A
102
{ACAD_REACTORS
330
16
102
}
330
16
100
AcDbVisualStyle
  2
2dWireframe
 70
4
 90
0
 40
0.6
 62
7
290
0
291
0
  0
VISUALSTYLE
  5
5B
102
{ACAD_REACTORS
330
16
102
}
330
16
100
AcDbVisualStyle
  2
Basic
 70
7
 90
1
 40
0.6
 62
7
290
0
291
1
  0
VISUALSTYLE
  5
5C
102
{ACAD_REACTORS
330
16
102
}
330
16
100
AcDbVisualStyle
  2
Brighten
 70
12
 90
2
 40
0.6
 62
7
290
0
291
1
  0
VISUALSTYLE
  5
5D
102
{ACAD_REACTORS
330
16
102
}
330
16
100
AcDbVisualStyle
  2
ColorChange
 70
16
 90
2
 40
0.6
 62
8
290
0
291
1
  0
VISUALSTYLE
  5
5E
102
{ACAD_REACTORS
330
16
102
}
330
16
100
AcDbVisualStyle
  2
Conceptual
 70
9
 90
3
 40
0.6
 62
7
290
0
291
0
  0
VISUALSTYLE
  5
5F
102
{ACAD_REACTORS
330
16
102
}
330
16
100
AcDbVisualStyle
  2
Dim
 70
11
 90
2
 40
0.6
 62
7
290
0
291
1
  0
VISUALSTYLE
  5
60
102
{ACAD_REACTORS
330
16
102
}
330
16
100
AcDbVisualStyle
  2
EdgeColorOff
 70
22
 90
2
 40
0.6
 62
7
290
0
291
1
  0
VISUALSTYLE
  5
61
102
{ACAD_REACTORS
330
16
102
}
330
16
100
AcDbVisualStyle
  2
Facepattern
 70
15
 90
2
 40
0.6
 62
7
290
0
291
1
  0
VISUALSTYLE
  5
62
102
{ACAD_REACTORS
330
16
102
}
330
16
100
AcDbVisualStyle
  2
Flat
 70
0
 90
2
 40
0.6
 62
7
290
0
291
1
  0
VISUALSTYLE
  5
63
102
{ACAD_REACTORS
330
16
102
}
330
16
100
AcDbVisualStyle
  2
FlatWithEdges
 70
1
 90
2
 40
0.6
 62
7
290
0
291
1
  0
VISUALSTYLE
  5
64
102
{ACAD_REACTORS
330
16
102
}
330
16
100
AcDbVisualStyle
  2
Gouraud
 70
2
 90
2
 40
0.6
 62
7
290
0
291
1
  0
VISUALSTYLE
  5
65
102
{ACAD_REACTORS
330
16
102
}
330
16
100
AcDbVisualStyle
  2
GouraudWithEdges
 70
3
 90
2
 40
0.6
 62
7
290
0
291
1
  0
VISUALSTYLE
  5
66
102
{ACAD_REACTORS
330
16
102
}
330
16
100
AcDbVisualStyle
  2
Hidden
 70
6
 90
1
 40
0.6
 62
7
290
0
291
0
  0
VISUALSTYLE
  5
67
102
{ACAD_REACTORS
330
16
102
}
330
16
100
AcDbVisualStyle
  2
JitterOff
 70
20
 90
2
 40
0.6
 62
7
290
0
291
1
  0
VISUALSTYLE
  5
68
102
{ACAD_REACTORS
330
16
102
}
330
16
100
AcDbVisualStyle
  2
Linepattern
 70
14
 90
2
 40
0.6
 62
7
290
0
291
1
  0
VISUALSTYLE
  5
69
102
{ACAD_REACTORS
330
16
102
}
330
16
100
AcDbVisualStyle
  2
Modeling
 70
10
 90
2
 40
0.6
 62
7
290
0
291
0
  0
VISUALSTYLE
  5
6A
102
{ACAD_REACTORS
330
16
102
}
330
16
100
AcDbVisualStyle
  2
OverhangOff
 70
21
 90
2
 40
0.6
 62
7
290
0
291
1
  0
VISUALSTYLE
  5
6B
102
{ACAD_REACTORS
330
16
102
}
330
16
100
AcDbVisualStyle
  2
Realistic
 70
8
 90
2
 40
0.6
 62
7
290
0
291
0
  0
VISUALSTYLE
  5
6C
102
{ACAD_REACTORS
330
16
102
}
330
16
100
AcDbVisualStyle
  2
Shaded
 70
27
 90
2
 40
0.6
 62
7
290
0
291
0
  0
VISUALSTYLE
  5
6D
102
{ACAD_REACTORS
330
16
102
}
330
16
100
AcDbVisualStyle
  2
Shaded with edges
 70
26
 90
2
 40
0.6
 62
7
290
0
291
0
  0
VISUALSTYLE
  5
6E
102
{ACAD_REACTORS
330
16
102
}
330
16
100
AcDbVisualStyle
  2
Shades of Gray
 70
23
 90
2
 40
0.6
 62
7
290
0
291
0
  0
VISUALSTYLE
  5
6F
102
{ACAD_REACTORS
330
16
102
}
330
16
100
AcDbVisualStyle
  2
Sketchy
 70
24
 90
1
 40
0.6
 62
7
290
0
291
0
  0
VISUALSTYLE
  5
70
102
{ACAD_REACTORS
330
16
102
}
330
16
100
AcDbVisualStyle
  2
Thicken
 70
13
 90
2
 40
0.6
 62
7
290
0
291
1
  0
VISUALSTYLE
  5
71
102
{ACAD_REACTORS
330
16
102
}
330
16
100
AcDbVisualStyle
  2
Wireframe
 70
5
 90
0
 40
0.6
 62
7
290
0
291
0
  0
VISUALSTYLE
  5
72
102
{ACAD_REACTORS
330
16
102
}
330
16
100
AcDbVisualStyle
  2
X-Ray
 70
25
 90
2
 40
0.5
 62
7
290
0
291
0
  0
DICTIONARYVAR
  5
69E
330
2D
100
DictionaryVariables
280
0
  1
1.4.4 @ 2026-09-24T23:08:23.441249+00:00
  0
ENDSEC
  0
EOF
